/eos/project/f/foundational-model-dataset/samples/pu200_ryliu/tt0123j_5f_ckm_LO_MLM_hadronic-2000-20001
workdir: /pool/condor/dir_1251507
args: tt0123j_5f_ckm_LO_MLM_hadronic 2000 20001 /eos/project/f/foundational-model-dataset/samples/pu200_ryliu /afs/cern.ch/user/r/ryliu/public/simulation True
************************************************************
*                                                          *
*                     W E L C O M E to                     *
*              M A D G R A P H 5 _ a M C @ N L O           *
*                                                          *
*                                                          *
*                 *                       *                *
*                   *        * *        *                  *
*                     * * * * 5 * * * *                    *
*                   *        * *        *                  *
*                 *                       *                *
*                                                          *
*         VERSION 3.5.3                 2023-12-23         *
*                                                          *
*    The MadGraph5_aMC@NLO Development Team - Find us at   *
*              http://madgraph.phys.ucl.ac.be/             *
*                            and                           *
*            http://amcatnlo.web.cern.ch/amcatnlo/         *
*                                                          *
*               Type 'help' for in-line help.              *
*           Type 'tutorial' to learn how MG5 works         *
*    Type 'tutorial aMCatNLO' to learn how aMC@NLO works   *
*    Type 'tutorial MadLoop' to learn how MadLoop works    *
*                                                          *
************************************************************
load MG5 configuration from ../../../usr/local/MG5_aMC_v3_5_3/input/mg5_configuration.txt 
set fastjet to fastjet-config
eMELA-config does not seem to correspond to a valid eMELA-config executable.
 Please set the 'fastjet'variable to the full (absolute) /PATH/TO/eMELA-config (including eMELA-config).
 MG5_aMC> set eMELA /PATH/TO/eMELA-config

set ninja to /usr/local/MG5_aMC_v3_5_3/HEPTools/lib
set lhapdf to lhapdf-config
set lhapdf to lhapdf-config
No valid eps viewer found. Please set in ./input/mg5_configuration.txt
No valid web browser found. Please set in ./input/mg5_configuration.txt
import /eos/project/f/foundational-model-dataset/samples/pu200_ryliu/tt0123j_5f_ckm_LO_MLM_hadronic-2000-20001/proc_card.dat
The import format was not given, so we guess it as command
import model sm-ckm_no_b_mass
INFO: Restrict model sm-ckm_no_b_mass with file ../../../usr/local/MG5_aMC_v3_5_3/models/sm/restrict_ckm_no_b_mass.dat . 
INFO: Run "set stdout_level DEBUG" before import for more information. 
INFO: Change particles name to pass to MG5 convention 
Defined multiparticle p = g u c d s u~ c~ d~ s~
Defined multiparticle j = g u c d s u~ c~ d~ s~
Defined multiparticle l+ = e+ mu+
Defined multiparticle l- = e- mu-
Defined multiparticle vl = ve vm vt
Defined multiparticle vl~ = ve~ vm~ vt~
[1;34mPass the definition of 'j' and 'p' to 5 flavour scheme.[0m
Defined multiparticle all = g u c d s b u~ c~ d~ s~ b~ a ve vm vt e- mu- ve~ vm~ vt~ e+ mu+ t t~ z w+ h w- ta- ta+
define l+ = e+ mu+ ta+
Defined multiparticle l+ = e+ mu+ ta+
define l- = e- mu- ta-
Defined multiparticle l- = e- mu- ta-
define q = u c d s b u~ c~ d~ s~ b~
Defined multiparticle q = u c d s b u~ c~ d~ s~ b~
generate p p > t t~ QED=0, (t > W+ b, W+ > q q), (t~ > w- b~, W- > q q) @0
p p > t t~ QED=0, (t > W+ b, W+ > q q), (t~ > w- b~, W- > q q) 
INFO: Trying process: g g > t t~ QED=0  
INFO: Process has 3 diagrams 
INFO: Trying process: u u~ > t t~ QED=0  
INFO: Process has 1 diagrams 
INFO: Trying process: u c~ > t t~ QED=0  
INFO: Trying process: c u~ > t t~ QED=0  
INFO: Trying process: c c~ > t t~ QED=0  
INFO: Process has 1 diagrams 
INFO: Trying process: d d~ > t t~ QED=0  
INFO: Process has 1 diagrams 
INFO: Trying process: d s~ > t t~ QED=0  
INFO: Trying process: d b~ > t t~ QED=0  
INFO: Trying process: s d~ > t t~ QED=0  
INFO: Trying process: s s~ > t t~ QED=0  
INFO: Process has 1 diagrams 
INFO: Trying process: s b~ > t t~ QED=0  
INFO: Process u~ u > t t~ added to mirror process u u~ > t t~ 
INFO: Process c~ c > t t~ added to mirror process c c~ > t t~ 
INFO: Process d~ d > t t~ added to mirror process d d~ > t t~ 
INFO: Trying process: d~ b > t t~ QED=0  
INFO: Process s~ s > t t~ added to mirror process s s~ > t t~ 
INFO: Trying process: s~ b > t t~ QED=0  
INFO: Trying process: b b~ > t t~ QED=0  
INFO: Process has 1 diagrams 
INFO: Process b~ b > t t~ added to mirror process b b~ > t t~ 
INFO: Checking for minimal orders which gives processes. 
INFO: Please specify coupling orders to bypass this step. 
INFO: Trying process: t > w+ b WEIGHTED<=2  
INFO: Process has 1 diagrams 
INFO: Checking for minimal orders which gives processes. 
INFO: Please specify coupling orders to bypass this step. 
INFO: Trying process: w+ > u d~ WEIGHTED<=2  
INFO: Process has 1 diagrams 
INFO: Trying process: w+ > u s~ WEIGHTED<=2  
INFO: Process has 1 diagrams 
INFO: Trying process: w+ > u b~ WEIGHTED<=2  
INFO: Process has 1 diagrams 
INFO: Trying process: w+ > c d~ WEIGHTED<=2  
INFO: Process has 1 diagrams 
INFO: Trying process: w+ > c s~ WEIGHTED<=2  
INFO: Process has 1 diagrams 
INFO: Trying process: w+ > c b~ WEIGHTED<=2  
INFO: Process has 1 diagrams 
INFO: Checking for minimal orders which gives processes. 
INFO: Please specify coupling orders to bypass this step. 
INFO: Trying process: t~ > w- b~ WEIGHTED<=2  
INFO: Process has 1 diagrams 
INFO: Checking for minimal orders which gives processes. 
INFO: Please specify coupling orders to bypass this step. 
INFO: Trying process: w- > d u~ WEIGHTED<=2  
INFO: Process has 1 diagrams 
INFO: Trying process: w- > d c~ WEIGHTED<=2  
INFO: Process has 1 diagrams 
INFO: Trying process: w- > s u~ WEIGHTED<=2  
INFO: Process has 1 diagrams 
INFO: Trying process: w- > s c~ WEIGHTED<=2  
INFO: Process has 1 diagrams 
INFO: Trying process: w- > b u~ WEIGHTED<=2  
INFO: Process has 1 diagrams 
INFO: Trying process: w- > b c~ WEIGHTED<=2  
INFO: Process has 1 diagrams 
1 processes with 22 diagrams generated in 0.068 s
Total: 1 processes with 22 diagrams
add process p p > t t~ j QED=0, (t > W+ b, W+ > q q), (t~ > w- b~, W- > q q) @1
p p > t t~ j QED=0, (t > W+ b, W+ > q q), (t~ > w- b~, W- > q q) 
INFO: Trying process: g g > t t~ g QED=0 @1  
INFO: Process has 16 diagrams 
INFO: Trying process: g u > t t~ u QED=0 @1  
INFO: Process has 5 diagrams 
INFO: Trying process: g u > t t~ c QED=0 @1  
INFO: Trying process: g c > t t~ u QED=0 @1  
INFO: Trying process: g c > t t~ c QED=0 @1  
INFO: Process has 5 diagrams 
INFO: Trying process: g d > t t~ d QED=0 @1  
INFO: Process has 5 diagrams 
INFO: Trying process: g d > t t~ s QED=0 @1  
INFO: Trying process: g d > t t~ b QED=0 @1  
INFO: Trying process: g s > t t~ d QED=0 @1  
INFO: Trying process: g s > t t~ s QED=0 @1  
INFO: Process has 5 diagrams 
INFO: Trying process: g s > t t~ b QED=0 @1  
INFO: Crossed process found for g u~ > t t~ u~, reuse diagrams. 
INFO: Crossed process found for g c~ > t t~ c~, reuse diagrams. 
INFO: Crossed process found for g d~ > t t~ d~, reuse diagrams. 
INFO: Trying process: g d~ > t t~ b~ QED=0 @1  
INFO: Crossed process found for g s~ > t t~ s~, reuse diagrams. 
INFO: Trying process: g s~ > t t~ b~ QED=0 @1  
INFO: Trying process: g b > t t~ b QED=0 @1  
INFO: Process has 5 diagrams 
INFO: Crossed process found for g b~ > t t~ b~, reuse diagrams. 
INFO: Process u g > t t~ u added to mirror process g u > t t~ u 
INFO: Crossed process found for u u~ > t t~ g, reuse diagrams. 
INFO: Process c g > t t~ c added to mirror process g c > t t~ c 
INFO: Crossed process found for c c~ > t t~ g, reuse diagrams. 
INFO: Process d g > t t~ d added to mirror process g d > t t~ d 
INFO: Crossed process found for d d~ > t t~ g, reuse diagrams. 
INFO: Process s g > t t~ s added to mirror process g s > t t~ s 
INFO: Crossed process found for s s~ > t t~ g, reuse diagrams. 
INFO: Process u~ g > t t~ u~ added to mirror process g u~ > t t~ u~ 
INFO: Process u~ u > t t~ g added to mirror process u u~ > t t~ g 
INFO: Process c~ g > t t~ c~ added to mirror process g c~ > t t~ c~ 
INFO: Process c~ c > t t~ g added to mirror process c c~ > t t~ g 
INFO: Process d~ g > t t~ d~ added to mirror process g d~ > t t~ d~ 
INFO: Process d~ d > t t~ g added to mirror process d d~ > t t~ g 
INFO: Process s~ g > t t~ s~ added to mirror process g s~ > t t~ s~ 
INFO: Process s~ s > t t~ g added to mirror process s s~ > t t~ g 
INFO: Process b g > t t~ b added to mirror process g b > t t~ b 
INFO: Crossed process found for b b~ > t t~ g, reuse diagrams. 
INFO: Process b~ g > t t~ b~ added to mirror process g b~ > t t~ b~ 
INFO: Process b~ b > t t~ g added to mirror process b b~ > t t~ g 
INFO: Checking for minimal orders which gives processes. 
INFO: Please specify coupling orders to bypass this step. 
INFO: Trying process: t > w+ b WEIGHTED<=2  
INFO: Process has 1 diagrams 
INFO: Checking for minimal orders which gives processes. 
INFO: Please specify coupling orders to bypass this step. 
INFO: Trying process: w+ > u d~ WEIGHTED<=2  
INFO: Process has 1 diagrams 
INFO: Trying process: w+ > u s~ WEIGHTED<=2  
INFO: Process has 1 diagrams 
INFO: Trying process: w+ > u b~ WEIGHTED<=2  
INFO: Process has 1 diagrams 
INFO: Trying process: w+ > c d~ WEIGHTED<=2  
INFO: Process has 1 diagrams 
INFO: Trying process: w+ > c s~ WEIGHTED<=2  
INFO: Process has 1 diagrams 
INFO: Trying process: w+ > c b~ WEIGHTED<=2  
INFO: Process has 1 diagrams 
INFO: Checking for minimal orders which gives processes. 
INFO: Please specify coupling orders to bypass this step. 
INFO: Trying process: t~ > w- b~ WEIGHTED<=2  
INFO: Process has 1 diagrams 
INFO: Checking for minimal orders which gives processes. 
INFO: Please specify coupling orders to bypass this step. 
INFO: Trying process: w- > d u~ WEIGHTED<=2  
INFO: Process has 1 diagrams 
INFO: Trying process: w- > d c~ WEIGHTED<=2  
INFO: Process has 1 diagrams 
INFO: Trying process: w- > s u~ WEIGHTED<=2  
INFO: Process has 1 diagrams 
INFO: Trying process: w- > s c~ WEIGHTED<=2  
INFO: Process has 1 diagrams 
INFO: Trying process: w- > b u~ WEIGHTED<=2  
INFO: Process has 1 diagrams 
INFO: Trying process: w- > b c~ WEIGHTED<=2  
INFO: Process has 1 diagrams 
1 processes with 105 diagrams generated in 0.221 s
Total: 2 processes with 127 diagrams
add process p p > t t~ j j QED=0, (t > W+ b, W+ > q q), (t~ > w- b~, W- > q q) @2
p p > t t~ j j QED=0, (t > W+ b, W+ > q q), (t~ > w- b~, W- > q q) 
INFO: Trying process: g g > t t~ g g QED=0 @2  
INFO: Process has 123 diagrams 
INFO: Trying process: g g > t t~ u u~ QED=0 @2  
INFO: Process has 36 diagrams 
INFO: Trying process: g g > t t~ u c~ QED=0 @2  
INFO: Trying process: g g > t t~ c u~ QED=0 @2  
INFO: Trying process: g g > t t~ c c~ QED=0 @2  
INFO: Process has 36 diagrams 
INFO: Trying process: g g > t t~ d d~ QED=0 @2  
INFO: Process has 36 diagrams 
INFO: Trying process: g g > t t~ d s~ QED=0 @2  
INFO: Trying process: g g > t t~ d b~ QED=0 @2  
INFO: Trying process: g g > t t~ s d~ QED=0 @2  
INFO: Trying process: g g > t t~ s s~ QED=0 @2  
INFO: Process has 36 diagrams 
INFO: Trying process: g g > t t~ s b~ QED=0 @2  
INFO: Trying process: g g > t t~ b d~ QED=0 @2  
INFO: Trying process: g g > t t~ b s~ QED=0 @2  
INFO: Trying process: g g > t t~ b b~ QED=0 @2  
INFO: Process has 36 diagrams 
INFO: Crossed process found for g u > t t~ g u, reuse diagrams. 
INFO: Crossed process found for g c > t t~ g c, reuse diagrams. 
INFO: Crossed process found for g d > t t~ g d, reuse diagrams. 
INFO: Crossed process found for g s > t t~ g s, reuse diagrams. 
INFO: Crossed process found for g u~ > t t~ g u~, reuse diagrams. 
INFO: Crossed process found for g c~ > t t~ g c~, reuse diagrams. 
INFO: Crossed process found for g d~ > t t~ g d~, reuse diagrams. 
INFO: Crossed process found for g s~ > t t~ g s~, reuse diagrams. 
INFO: Crossed process found for g b > t t~ g b, reuse diagrams. 
INFO: Crossed process found for g b~ > t t~ g b~, reuse diagrams. 
INFO: Process u g > t t~ g u added to mirror process g u > t t~ g u 
INFO: Trying process: u u > t t~ u u QED=0 @2  
INFO: Process has 14 diagrams 
INFO: Trying process: u u > t t~ u c QED=0 @2  
INFO: Trying process: u u > t t~ c c QED=0 @2  
INFO: Trying process: u c > t t~ u u QED=0 @2  
INFO: Trying process: u c > t t~ u c QED=0 @2  
INFO: Process has 7 diagrams 
INFO: Trying process: u c > t t~ c c QED=0 @2  
INFO: Trying process: u d > t t~ u d QED=0 @2  
INFO: Process has 7 diagrams 
INFO: Trying process: u d > t t~ u s QED=0 @2  
INFO: Trying process: u d > t t~ u b QED=0 @2  
INFO: Trying process: u d > t t~ c d QED=0 @2  
INFO: Trying process: u d > t t~ c s QED=0 @2  
INFO: Trying process: u d > t t~ c b QED=0 @2  
INFO: Trying process: u s > t t~ u d QED=0 @2  
INFO: Trying process: u s > t t~ u s QED=0 @2  
INFO: Process has 7 diagrams 
INFO: Trying process: u s > t t~ u b QED=0 @2  
INFO: Trying process: u s > t t~ c d QED=0 @2  
INFO: Trying process: u s > t t~ c s QED=0 @2  
INFO: Trying process: u s > t t~ c b QED=0 @2  
INFO: Crossed process found for u u~ > t t~ g g, reuse diagrams. 
INFO: Crossed process found for u u~ > t t~ u u~, reuse diagrams. 
INFO: Crossed process found for u u~ > t t~ c c~, reuse diagrams. 
INFO: Crossed process found for u u~ > t t~ d d~, reuse diagrams. 
INFO: Trying process: u u~ > t t~ d b~ QED=0 @2  
INFO: Crossed process found for u u~ > t t~ s s~, reuse diagrams. 
INFO: Trying process: u u~ > t t~ s b~ QED=0 @2  
INFO: Trying process: u u~ > t t~ b b~ QED=0 @2  
INFO: Process has 7 diagrams 
INFO: Crossed process found for u c~ > t t~ u c~, reuse diagrams. 
INFO: Trying process: u c~ > t t~ d b~ QED=0 @2  
INFO: Trying process: u c~ > t t~ s b~ QED=0 @2  
INFO: Trying process: u c~ > t t~ b b~ QED=0 @2  
INFO: Crossed process found for u d~ > t t~ u d~, reuse diagrams. 
INFO: Crossed process found for u s~ > t t~ u s~, reuse diagrams. 
INFO: Crossed process found for u b > t t~ u b, reuse diagrams. 
INFO: Crossed process found for u b~ > t t~ u b~, reuse diagrams. 
INFO: Process c g > t t~ g c added to mirror process g c > t t~ g c 
INFO: Process c u > t t~ u c added to mirror process u c > t t~ u c 
INFO: Trying process: c c > t t~ u u QED=0 @2  
INFO: Trying process: c c > t t~ u c QED=0 @2  
INFO: Trying process: c c > t t~ c c QED=0 @2  
INFO: Process has 14 diagrams 
INFO: Trying process: c d > t t~ u d QED=0 @2  
INFO: Trying process: c d > t t~ u s QED=0 @2  
INFO: Trying process: c d > t t~ u b QED=0 @2  
INFO: Trying process: c d > t t~ c d QED=0 @2  
INFO: Process has 7 diagrams 
INFO: Trying process: c d > t t~ c s QED=0 @2  
INFO: Trying process: c d > t t~ c b QED=0 @2  
INFO: Trying process: c s > t t~ u d QED=0 @2  
INFO: Trying process: c s > t t~ u s QED=0 @2  
INFO: Trying process: c s > t t~ u b QED=0 @2  
INFO: Trying process: c s > t t~ c d QED=0 @2  
INFO: Trying process: c s > t t~ c s QED=0 @2  
INFO: Process has 7 diagrams 
INFO: Trying process: c s > t t~ c b QED=0 @2  
INFO: Crossed process found for c u~ > t t~ c u~, reuse diagrams. 
INFO: Trying process: c u~ > t t~ d b~ QED=0 @2  
INFO: Trying process: c u~ > t t~ s b~ QED=0 @2  
INFO: Trying process: c u~ > t t~ b b~ QED=0 @2  
INFO: Crossed process found for c c~ > t t~ g g, reuse diagrams. 
INFO: Crossed process found for c c~ > t t~ u u~, reuse diagrams. 
INFO: Crossed process found for c c~ > t t~ c c~, reuse diagrams. 
INFO: Crossed process found for c c~ > t t~ d d~, reuse diagrams. 
INFO: Trying process: c c~ > t t~ d b~ QED=0 @2  
INFO: Crossed process found for c c~ > t t~ s s~, reuse diagrams. 
INFO: Trying process: c c~ > t t~ s b~ QED=0 @2  
INFO: Trying process: c c~ > t t~ b b~ QED=0 @2  
INFO: Process has 7 diagrams 
INFO: Crossed process found for c d~ > t t~ c d~, reuse diagrams. 
INFO: Crossed process found for c s~ > t t~ c s~, reuse diagrams. 
INFO: Crossed process found for c b > t t~ c b, reuse diagrams. 
INFO: Crossed process found for c b~ > t t~ c b~, reuse diagrams. 
INFO: Process d g > t t~ g d added to mirror process g d > t t~ g d 
INFO: Process d u > t t~ u d added to mirror process u d > t t~ u d 
INFO: Process d c > t t~ c d added to mirror process c d > t t~ c d 
INFO: Trying process: d d > t t~ d d QED=0 @2  
INFO: Process has 14 diagrams 
INFO: Trying process: d d > t t~ d s QED=0 @2  
INFO: Trying process: d d > t t~ d b QED=0 @2  
INFO: Trying process: d d > t t~ s s QED=0 @2  
INFO: Trying process: d d > t t~ s b QED=0 @2  
INFO: Trying process: d d > t t~ b b QED=0 @2  
INFO: Trying process: d s > t t~ d d QED=0 @2  
INFO: Trying process: d s > t t~ d s QED=0 @2  
INFO: Process has 7 diagrams 
INFO: Trying process: d s > t t~ d b QED=0 @2  
INFO: Trying process: d s > t t~ s s QED=0 @2  
INFO: Trying process: d s > t t~ s b QED=0 @2  
INFO: Trying process: d s > t t~ b b QED=0 @2  
INFO: Crossed process found for d u~ > t t~ d u~, reuse diagrams. 
INFO: Crossed process found for d c~ > t t~ d c~, reuse diagrams. 
INFO: Crossed process found for d d~ > t t~ g g, reuse diagrams. 
INFO: Crossed process found for d d~ > t t~ u u~, reuse diagrams. 
INFO: Crossed process found for d d~ > t t~ c c~, reuse diagrams. 
INFO: Crossed process found for d d~ > t t~ d d~, reuse diagrams. 
INFO: Trying process: d d~ > t t~ d b~ QED=0 @2  
INFO: Crossed process found for d d~ > t t~ s s~, reuse diagrams. 
INFO: Trying process: d d~ > t t~ s b~ QED=0 @2  
INFO: Trying process: d d~ > t t~ b b~ QED=0 @2  
INFO: Process has 7 diagrams 
INFO: Crossed process found for d s~ > t t~ d s~, reuse diagrams. 
INFO: Trying process: d s~ > t t~ s b~ QED=0 @2  
INFO: Trying process: d s~ > t t~ b b~ QED=0 @2  
INFO: Crossed process found for d b > t t~ d b, reuse diagrams. 
INFO: Trying process: d b > t t~ b b QED=0 @2  
INFO: Crossed process found for d b~ > t t~ d b~, reuse diagrams. 
INFO: Process s g > t t~ g s added to mirror process g s > t t~ g s 
INFO: Process s u > t t~ u s added to mirror process u s > t t~ u s 
INFO: Process s c > t t~ c s added to mirror process c s > t t~ c s 
INFO: Process s d > t t~ d s added to mirror process d s > t t~ d s 
INFO: Trying process: s s > t t~ d d QED=0 @2  
INFO: Trying process: s s > t t~ d s QED=0 @2  
INFO: Trying process: s s > t t~ d b QED=0 @2  
INFO: Trying process: s s > t t~ s s QED=0 @2  
INFO: Process has 14 diagrams 
INFO: Trying process: s s > t t~ s b QED=0 @2  
INFO: Trying process: s s > t t~ b b QED=0 @2  
INFO: Crossed process found for s u~ > t t~ s u~, reuse diagrams. 
INFO: Crossed process found for s c~ > t t~ s c~, reuse diagrams. 
INFO: Trying process: s d~ > t t~ d b~ QED=0 @2  
INFO: Crossed process found for s d~ > t t~ s d~, reuse diagrams. 
INFO: Trying process: s d~ > t t~ s b~ QED=0 @2  
INFO: Trying process: s d~ > t t~ b b~ QED=0 @2  
INFO: Crossed process found for s s~ > t t~ g g, reuse diagrams. 
INFO: Crossed process found for s s~ > t t~ u u~, reuse diagrams. 
INFO: Crossed process found for s s~ > t t~ c c~, reuse diagrams. 
INFO: Crossed process found for s s~ > t t~ d d~, reuse diagrams. 
INFO: Crossed process found for s s~ > t t~ s s~, reuse diagrams. 
INFO: Trying process: s s~ > t t~ s b~ QED=0 @2  
INFO: Trying process: s s~ > t t~ b b~ QED=0 @2  
INFO: Process has 7 diagrams 
INFO: Crossed process found for s b > t t~ s b, reuse diagrams. 
INFO: Trying process: s b > t t~ b b QED=0 @2  
INFO: Crossed process found for s b~ > t t~ s b~, reuse diagrams. 
INFO: Process u~ g > t t~ g u~ added to mirror process g u~ > t t~ g u~ 
INFO: Process u~ u > t t~ g g added to mirror process u u~ > t t~ g g 
INFO: Process u~ u > t t~ u u~ added to mirror process u u~ > t t~ u u~ 
INFO: Process u~ u > t t~ c c~ added to mirror process u u~ > t t~ c c~ 
INFO: Process u~ u > t t~ d d~ added to mirror process u u~ > t t~ d d~ 
INFO: Process u~ u > t t~ s s~ added to mirror process u u~ > t t~ s s~ 
INFO: Process u~ u > t t~ b b~ added to mirror process u u~ > t t~ b b~ 
INFO: Process u~ c > t t~ c u~ added to mirror process c u~ > t t~ c u~ 
INFO: Process u~ d > t t~ d u~ added to mirror process d u~ > t t~ d u~ 
INFO: Process u~ s > t t~ s u~ added to mirror process s u~ > t t~ s u~ 
INFO: Crossed process found for u~ u~ > t t~ u~ u~, reuse diagrams. 
INFO: Crossed process found for u~ c~ > t t~ u~ c~, reuse diagrams. 
INFO: Crossed process found for u~ d~ > t t~ u~ d~, reuse diagrams. 
INFO: Crossed process found for u~ s~ > t t~ u~ s~, reuse diagrams. 
INFO: Crossed process found for u~ b > t t~ b u~, reuse diagrams. 
INFO: Crossed process found for u~ b~ > t t~ u~ b~, reuse diagrams. 
INFO: Process c~ g > t t~ g c~ added to mirror process g c~ > t t~ g c~ 
INFO: Process c~ u > t t~ u c~ added to mirror process u c~ > t t~ u c~ 
INFO: Process c~ c > t t~ g g added to mirror process c c~ > t t~ g g 
INFO: Process c~ c > t t~ u u~ added to mirror process c c~ > t t~ u u~ 
INFO: Process c~ c > t t~ c c~ added to mirror process c c~ > t t~ c c~ 
INFO: Process c~ c > t t~ d d~ added to mirror process c c~ > t t~ d d~ 
INFO: Process c~ c > t t~ s s~ added to mirror process c c~ > t t~ s s~ 
INFO: Process c~ c > t t~ b b~ added to mirror process c c~ > t t~ b b~ 
INFO: Process c~ d > t t~ d c~ added to mirror process d c~ > t t~ d c~ 
INFO: Process c~ s > t t~ s c~ added to mirror process s c~ > t t~ s c~ 
INFO: Process c~ u~ > t t~ u~ c~ added to mirror process u~ c~ > t t~ u~ c~ 
INFO: Crossed process found for c~ c~ > t t~ c~ c~, reuse diagrams. 
INFO: Crossed process found for c~ d~ > t t~ c~ d~, reuse diagrams. 
INFO: Crossed process found for c~ s~ > t t~ c~ s~, reuse diagrams. 
INFO: Crossed process found for c~ b > t t~ b c~, reuse diagrams. 
INFO: Crossed process found for c~ b~ > t t~ c~ b~, reuse diagrams. 
INFO: Process d~ g > t t~ g d~ added to mirror process g d~ > t t~ g d~ 
INFO: Process d~ u > t t~ u d~ added to mirror process u d~ > t t~ u d~ 
INFO: Process d~ c > t t~ c d~ added to mirror process c d~ > t t~ c d~ 
INFO: Process d~ d > t t~ g g added to mirror process d d~ > t t~ g g 
INFO: Process d~ d > t t~ u u~ added to mirror process d d~ > t t~ u u~ 
INFO: Process d~ d > t t~ c c~ added to mirror process d d~ > t t~ c c~ 
INFO: Process d~ d > t t~ d d~ added to mirror process d d~ > t t~ d d~ 
INFO: Process d~ d > t t~ s s~ added to mirror process d d~ > t t~ s s~ 
INFO: Process d~ d > t t~ b b~ added to mirror process d d~ > t t~ b b~ 
INFO: Process d~ s > t t~ s d~ added to mirror process s d~ > t t~ s d~ 
INFO: Process d~ u~ > t t~ u~ d~ added to mirror process u~ d~ > t t~ u~ d~ 
INFO: Process d~ c~ > t t~ c~ d~ added to mirror process c~ d~ > t t~ c~ d~ 
INFO: Crossed process found for d~ d~ > t t~ d~ d~, reuse diagrams. 
INFO: Trying process: d~ d~ > t t~ b~ b~ QED=0 @2  
INFO: Crossed process found for d~ s~ > t t~ d~ s~, reuse diagrams. 
INFO: Trying process: d~ s~ > t t~ b~ b~ QED=0 @2  
INFO: Crossed process found for d~ b > t t~ b d~, reuse diagrams. 
INFO: Trying process: d~ b > t t~ b b~ QED=0 @2  
INFO: Crossed process found for d~ b~ > t t~ d~ b~, reuse diagrams. 
INFO: Process s~ g > t t~ g s~ added to mirror process g s~ > t t~ g s~ 
INFO: Process s~ u > t t~ u s~ added to mirror process u s~ > t t~ u s~ 
INFO: Process s~ c > t t~ c s~ added to mirror process c s~ > t t~ c s~ 
INFO: Process s~ d > t t~ d s~ added to mirror process d s~ > t t~ d s~ 
INFO: Process s~ s > t t~ g g added to mirror process s s~ > t t~ g g 
INFO: Process s~ s > t t~ u u~ added to mirror process s s~ > t t~ u u~ 
INFO: Process s~ s > t t~ c c~ added to mirror process s s~ > t t~ c c~ 
INFO: Process s~ s > t t~ d d~ added to mirror process s s~ > t t~ d d~ 
INFO: Process s~ s > t t~ s s~ added to mirror process s s~ > t t~ s s~ 
INFO: Process s~ s > t t~ b b~ added to mirror process s s~ > t t~ b b~ 
INFO: Process s~ u~ > t t~ u~ s~ added to mirror process u~ s~ > t t~ u~ s~ 
INFO: Process s~ c~ > t t~ c~ s~ added to mirror process c~ s~ > t t~ c~ s~ 
INFO: Process s~ d~ > t t~ d~ s~ added to mirror process d~ s~ > t t~ d~ s~ 
INFO: Crossed process found for s~ s~ > t t~ s~ s~, reuse diagrams. 
INFO: Trying process: s~ s~ > t t~ b~ b~ QED=0 @2  
INFO: Crossed process found for s~ b > t t~ b s~, reuse diagrams. 
INFO: Trying process: s~ b > t t~ b b~ QED=0 @2  
INFO: Crossed process found for s~ b~ > t t~ s~ b~, reuse diagrams. 
INFO: Process b g > t t~ g b added to mirror process g b > t t~ g b 
INFO: Process b u > t t~ u b added to mirror process u b > t t~ u b 
INFO: Process b c > t t~ c b added to mirror process c b > t t~ c b 
INFO: Process b d > t t~ d b added to mirror process d b > t t~ d b 
INFO: Process b s > t t~ s b added to mirror process s b > t t~ s b 
INFO: Process b u~ > t t~ b u~ added to mirror process u~ b > t t~ b u~ 
INFO: Process b c~ > t t~ b c~ added to mirror process c~ b > t t~ b c~ 
INFO: Process b d~ > t t~ b d~ added to mirror process d~ b > t t~ b d~ 
INFO: Process b s~ > t t~ b s~ added to mirror process s~ b > t t~ b s~ 
INFO: Trying process: b b > t t~ b b QED=0 @2  
INFO: Process has 14 diagrams 
INFO: Crossed process found for b b~ > t t~ g g, reuse diagrams. 
INFO: Crossed process found for b b~ > t t~ u u~, reuse diagrams. 
INFO: Crossed process found for b b~ > t t~ c c~, reuse diagrams. 
INFO: Crossed process found for b b~ > t t~ d d~, reuse diagrams. 
INFO: Crossed process found for b b~ > t t~ s s~, reuse diagrams. 
INFO: Crossed process found for b b~ > t t~ b b~, reuse diagrams. 
INFO: Process b~ g > t t~ g b~ added to mirror process g b~ > t t~ g b~ 
INFO: Process b~ u > t t~ u b~ added to mirror process u b~ > t t~ u b~ 
INFO: Process b~ c > t t~ c b~ added to mirror process c b~ > t t~ c b~ 
INFO: Process b~ d > t t~ d b~ added to mirror process d b~ > t t~ d b~ 
INFO: Process b~ s > t t~ s b~ added to mirror process s b~ > t t~ s b~ 
INFO: Process b~ u~ > t t~ u~ b~ added to mirror process u~ b~ > t t~ u~ b~ 
INFO: Process b~ c~ > t t~ c~ b~ added to mirror process c~ b~ > t t~ c~ b~ 
INFO: Process b~ d~ > t t~ d~ b~ added to mirror process d~ b~ > t t~ d~ b~ 
INFO: Process b~ s~ > t t~ s~ b~ added to mirror process s~ b~ > t t~ s~ b~ 
INFO: Process b~ b > t t~ g g added to mirror process b b~ > t t~ g g 
INFO: Process b~ b > t t~ u u~ added to mirror process b b~ > t t~ u u~ 
INFO: Process b~ b > t t~ c c~ added to mirror process b b~ > t t~ c c~ 
INFO: Process b~ b > t t~ d d~ added to mirror process b b~ > t t~ d d~ 
INFO: Process b~ b > t t~ s s~ added to mirror process b b~ > t t~ s s~ 
INFO: Process b~ b > t t~ b b~ added to mirror process b b~ > t t~ b b~ 
INFO: Crossed process found for b~ b~ > t t~ b~ b~, reuse diagrams. 
INFO: Checking for minimal orders which gives processes. 
INFO: Please specify coupling orders to bypass this step. 
INFO: Trying process: t > w+ b WEIGHTED<=2  
INFO: Process has 1 diagrams 
INFO: Checking for minimal orders which gives processes. 
INFO: Please specify coupling orders to bypass this step. 
INFO: Trying process: w+ > u d~ WEIGHTED<=2  
INFO: Process has 1 diagrams 
INFO: Trying process: w+ > u s~ WEIGHTED<=2  
INFO: Process has 1 diagrams 
INFO: Trying process: w+ > u b~ WEIGHTED<=2  
INFO: Process has 1 diagrams 
INFO: Trying process: w+ > c d~ WEIGHTED<=2  
INFO: Process has 1 diagrams 
INFO: Trying process: w+ > c s~ WEIGHTED<=2  
INFO: Process has 1 diagrams 
INFO: Trying process: w+ > c b~ WEIGHTED<=2  
INFO: Process has 1 diagrams 
INFO: Checking for minimal orders which gives processes. 
INFO: Please specify coupling orders to bypass this step. 
INFO: Trying process: t~ > w- b~ WEIGHTED<=2  
INFO: Process has 1 diagrams 
INFO: Checking for minimal orders which gives processes. 
INFO: Please specify coupling orders to bypass this step. 
INFO: Trying process: w- > d u~ WEIGHTED<=2  
INFO: Process has 1 diagrams 
INFO: Trying process: w- > d c~ WEIGHTED<=2  
INFO: Process has 1 diagrams 
INFO: Trying process: w- > s u~ WEIGHTED<=2  
INFO: Process has 1 diagrams 
INFO: Trying process: w- > s c~ WEIGHTED<=2  
INFO: Process has 1 diagrams 
INFO: Trying process: w- > b u~ WEIGHTED<=2  
INFO: Process has 1 diagrams 
INFO: Trying process: w- > b c~ WEIGHTED<=2  
INFO: Process has 1 diagrams 
1 processes with 1487 diagrams generated in 2.150 s
Total: 3 processes with 1614 diagrams
output /eos/project/f/foundational-model-dataset/samples/pu200_ryliu/tt0123j_5f_ckm_LO_MLM_hadronic-2000-20001
INFO: directory /eos/project/f/foundational-model-dataset/samples/pu200_ryliu/tt0123j_5f_ckm_LO_MLM_hadronic-2000-20001 already exists.
If you continue this directory will be deleted and replaced.
Do you want to continue? [[4my[0m, n]
[1mThe answer to the previous question is not set in your input file[0m
[1mUse y value[0m
INFO: initialize a new directory: tt0123j_5f_ckm_LO_MLM_hadronic-2000-20001 
INFO: remove old information in tt0123j_5f_ckm_LO_MLM_hadronic-2000-20001 
INFO: Organizing processes into subprocess groups 
INFO: Organizing processes into subprocess groups 
INFO: Organizing processes into subprocess groups 
INFO: Generating Helas calls for process: g g > t t~ g g QED=0 @2 
INFO: Generating Helas calls for process: g g > t t~ u u~ QED=0 @2 
INFO: Combined process g g > t t~ c c~ QED=0 @2 with process g g > t t~ u u~ QED=0 @2 
INFO: Combined process g g > t t~ d d~ QED=0 @2 with process g g > t t~ u u~ QED=0 @2 
INFO: Combined process g g > t t~ s s~ QED=0 @2 with process g g > t t~ u u~ QED=0 @2 
INFO: Combined process g g > t t~ b b~ QED=0 @2 with process g g > t t~ u u~ QED=0 @2 
INFO: Generating Helas calls for process: g u > t t~ g u QED=0 @2 
INFO: Combined process g c > t t~ g c QED=0 @2 with process g u > t t~ g u QED=0 @2 
INFO: Combined process g d > t t~ g d QED=0 @2 with process g u > t t~ g u QED=0 @2 
INFO: Combined process g s > t t~ g s QED=0 @2 with process g u > t t~ g u QED=0 @2 
INFO: Generating Helas calls for process: g u~ > t t~ g u~ QED=0 @2 
INFO: Combined process g c~ > t t~ g c~ QED=0 @2 with process g u~ > t t~ g u~ QED=0 @2 
INFO: Combined process g d~ > t t~ g d~ QED=0 @2 with process g u~ > t t~ g u~ QED=0 @2 
INFO: Combined process g s~ > t t~ g s~ QED=0 @2 with process g u~ > t t~ g u~ QED=0 @2 
INFO: Combined process g b > t t~ g b QED=0 @2 with process g u > t t~ g u QED=0 @2 
INFO: Combined process g b~ > t t~ g b~ QED=0 @2 with process g u~ > t t~ g u~ QED=0 @2 
INFO: Generating Helas calls for process: u u > t t~ u u QED=0 @2 
INFO: Generating Helas calls for process: u c > t t~ u c QED=0 @2 
INFO: Combined process u d > t t~ u d QED=0 @2 with process u c > t t~ u c QED=0 @2 
INFO: Combined process u s > t t~ u s QED=0 @2 with process u c > t t~ u c QED=0 @2 
INFO: Generating Helas calls for process: u u~ > t t~ g g QED=0 @2 
INFO: Generating Helas calls for process: u u~ > t t~ u u~ QED=0 @2 
INFO: Generating Helas calls for process: u u~ > t t~ c c~ QED=0 @2 
INFO: Combined process u u~ > t t~ d d~ QED=0 @2 with process u u~ > t t~ c c~ QED=0 @2 
INFO: Combined process u u~ > t t~ s s~ QED=0 @2 with process u u~ > t t~ c c~ QED=0 @2 
INFO: Combined process u u~ > t t~ b b~ QED=0 @2 with process u u~ > t t~ c c~ QED=0 @2 
INFO: Generating Helas calls for process: u c~ > t t~ u c~ QED=0 @2 
INFO: Combined process u d~ > t t~ u d~ QED=0 @2 with process u c~ > t t~ u c~ QED=0 @2 
INFO: Combined process u s~ > t t~ u s~ QED=0 @2 with process u c~ > t t~ u c~ QED=0 @2 
INFO: Combined process u b > t t~ u b QED=0 @2 with process u c > t t~ u c QED=0 @2 
INFO: Combined process u b~ > t t~ u b~ QED=0 @2 with process u c~ > t t~ u c~ QED=0 @2 
INFO: Combined process c c > t t~ c c QED=0 @2 with process u u > t t~ u u QED=0 @2 
INFO: Combined process c d > t t~ c d QED=0 @2 with process u c > t t~ u c QED=0 @2 
INFO: Combined process c s > t t~ c s QED=0 @2 with process u c > t t~ u c QED=0 @2 
INFO: Combined process c u~ > t t~ c u~ QED=0 @2 with process u c~ > t t~ u c~ QED=0 @2 
INFO: Combined process c c~ > t t~ g g QED=0 @2 with process u u~ > t t~ g g QED=0 @2 
INFO: Combined process c c~ > t t~ u u~ QED=0 @2 with process u u~ > t t~ c c~ QED=0 @2 
INFO: Combined process c c~ > t t~ c c~ QED=0 @2 with process u u~ > t t~ u u~ QED=0 @2 
INFO: Combined process c c~ > t t~ d d~ QED=0 @2 with process u u~ > t t~ c c~ QED=0 @2 
INFO: Combined process c c~ > t t~ s s~ QED=0 @2 with process u u~ > t t~ c c~ QED=0 @2 
INFO: Combined process c c~ > t t~ b b~ QED=0 @2 with process u u~ > t t~ c c~ QED=0 @2 
INFO: Combined process c d~ > t t~ c d~ QED=0 @2 with process u c~ > t t~ u c~ QED=0 @2 
INFO: Combined process c s~ > t t~ c s~ QED=0 @2 with process u c~ > t t~ u c~ QED=0 @2 
INFO: Combined process c b > t t~ c b QED=0 @2 with process u c > t t~ u c QED=0 @2 
INFO: Combined process c b~ > t t~ c b~ QED=0 @2 with process u c~ > t t~ u c~ QED=0 @2 
INFO: Combined process d d > t t~ d d QED=0 @2 with process u u > t t~ u u QED=0 @2 
INFO: Combined process d s > t t~ d s QED=0 @2 with process u c > t t~ u c QED=0 @2 
INFO: Combined process d u~ > t t~ d u~ QED=0 @2 with process u c~ > t t~ u c~ QED=0 @2 
INFO: Combined process d c~ > t t~ d c~ QED=0 @2 with process u c~ > t t~ u c~ QED=0 @2 
INFO: Combined process d d~ > t t~ g g QED=0 @2 with process u u~ > t t~ g g QED=0 @2 
INFO: Combined process d d~ > t t~ u u~ QED=0 @2 with process u u~ > t t~ c c~ QED=0 @2 
INFO: Combined process d d~ > t t~ c c~ QED=0 @2 with process u u~ > t t~ c c~ QED=0 @2 
INFO: Combined process d d~ > t t~ d d~ QED=0 @2 with process u u~ > t t~ u u~ QED=0 @2 
INFO: Combined process d d~ > t t~ s s~ QED=0 @2 with process u u~ > t t~ c c~ QED=0 @2 
INFO: Combined process d d~ > t t~ b b~ QED=0 @2 with process u u~ > t t~ c c~ QED=0 @2 
INFO: Combined process d s~ > t t~ d s~ QED=0 @2 with process u c~ > t t~ u c~ QED=0 @2 
INFO: Combined process d b > t t~ d b QED=0 @2 with process u c > t t~ u c QED=0 @2 
INFO: Combined process d b~ > t t~ d b~ QED=0 @2 with process u c~ > t t~ u c~ QED=0 @2 
INFO: Combined process s s > t t~ s s QED=0 @2 with process u u > t t~ u u QED=0 @2 
INFO: Combined process s u~ > t t~ s u~ QED=0 @2 with process u c~ > t t~ u c~ QED=0 @2 
INFO: Combined process s c~ > t t~ s c~ QED=0 @2 with process u c~ > t t~ u c~ QED=0 @2 
INFO: Combined process s d~ > t t~ s d~ QED=0 @2 with process u c~ > t t~ u c~ QED=0 @2 
INFO: Combined process s s~ > t t~ g g QED=0 @2 with process u u~ > t t~ g g QED=0 @2 
INFO: Combined process s s~ > t t~ u u~ QED=0 @2 with process u u~ > t t~ c c~ QED=0 @2 
INFO: Combined process s s~ > t t~ c c~ QED=0 @2 with process u u~ > t t~ c c~ QED=0 @2 
INFO: Combined process s s~ > t t~ d d~ QED=0 @2 with process u u~ > t t~ c c~ QED=0 @2 
INFO: Combined process s s~ > t t~ s s~ QED=0 @2 with process u u~ > t t~ u u~ QED=0 @2 
INFO: Combined process s s~ > t t~ b b~ QED=0 @2 with process u u~ > t t~ c c~ QED=0 @2 
INFO: Combined process s b > t t~ s b QED=0 @2 with process u c > t t~ u c QED=0 @2 
INFO: Combined process s b~ > t t~ s b~ QED=0 @2 with process u c~ > t t~ u c~ QED=0 @2 
INFO: Generating Helas calls for process: u~ u~ > t t~ u~ u~ QED=0 @2 
INFO: Generating Helas calls for process: u~ c~ > t t~ u~ c~ QED=0 @2 
INFO: Combined process u~ d~ > t t~ u~ d~ QED=0 @2 with process u~ c~ > t t~ u~ c~ QED=0 @2 
INFO: Combined process u~ s~ > t t~ u~ s~ QED=0 @2 with process u~ c~ > t t~ u~ c~ QED=0 @2 
INFO: Generating Helas calls for process: u~ b > t t~ b u~ QED=0 @2 
INFO: Combined process u~ b~ > t t~ u~ b~ QED=0 @2 with process u~ c~ > t t~ u~ c~ QED=0 @2 
INFO: Combined process c~ c~ > t t~ c~ c~ QED=0 @2 with process u~ u~ > t t~ u~ u~ QED=0 @2 
INFO: Combined process c~ d~ > t t~ c~ d~ QED=0 @2 with process u~ c~ > t t~ u~ c~ QED=0 @2 
INFO: Combined process c~ s~ > t t~ c~ s~ QED=0 @2 with process u~ c~ > t t~ u~ c~ QED=0 @2 
INFO: Combined process c~ b > t t~ b c~ QED=0 @2 with process u~ b > t t~ b u~ QED=0 @2 
INFO: Combined process c~ b~ > t t~ c~ b~ QED=0 @2 with process u~ c~ > t t~ u~ c~ QED=0 @2 
INFO: Combined process d~ d~ > t t~ d~ d~ QED=0 @2 with process u~ u~ > t t~ u~ u~ QED=0 @2 
INFO: Combined process d~ s~ > t t~ d~ s~ QED=0 @2 with process u~ c~ > t t~ u~ c~ QED=0 @2 
INFO: Combined process d~ b > t t~ b d~ QED=0 @2 with process u~ b > t t~ b u~ QED=0 @2 
INFO: Combined process d~ b~ > t t~ d~ b~ QED=0 @2 with process u~ c~ > t t~ u~ c~ QED=0 @2 
INFO: Combined process s~ s~ > t t~ s~ s~ QED=0 @2 with process u~ u~ > t t~ u~ u~ QED=0 @2 
INFO: Combined process s~ b > t t~ b s~ QED=0 @2 with process u~ b > t t~ b u~ QED=0 @2 
INFO: Combined process s~ b~ > t t~ s~ b~ QED=0 @2 with process u~ c~ > t t~ u~ c~ QED=0 @2 
INFO: Combined process b b > t t~ b b QED=0 @2 with process u u > t t~ u u QED=0 @2 
INFO: Combined process b b~ > t t~ g g QED=0 @2 with process u u~ > t t~ g g QED=0 @2 
INFO: Combined process b b~ > t t~ u u~ QED=0 @2 with process u u~ > t t~ c c~ QED=0 @2 
INFO: Combined process b b~ > t t~ c c~ QED=0 @2 with process u u~ > t t~ c c~ QED=0 @2 
INFO: Combined process b b~ > t t~ d d~ QED=0 @2 with process u u~ > t t~ c c~ QED=0 @2 
INFO: Combined process b b~ > t t~ s s~ QED=0 @2 with process u u~ > t t~ c c~ QED=0 @2 
INFO: Combined process b b~ > t t~ b b~ QED=0 @2 with process u u~ > t t~ u u~ QED=0 @2 
INFO: Combined process b~ b~ > t t~ b~ b~ QED=0 @2 with process u~ u~ > t t~ u~ u~ QED=0 @2 
INFO: Generating Helas calls for process: t > w+ b WEIGHTED<=2 
INFO: Generating Helas calls for process: w+ > u d~ WEIGHTED<=2 
INFO: Generating Helas calls for process: w+ > u s~ WEIGHTED<=2 
INFO: Generating Helas calls for process: w+ > u b~ WEIGHTED<=2 
INFO: Generating Helas calls for process: w+ > c d~ WEIGHTED<=2 
INFO: Generating Helas calls for process: w+ > c s~ WEIGHTED<=2 
INFO: Generating Helas calls for process: w+ > c b~ WEIGHTED<=2 
INFO: Generating Helas calls for process: t~ > w- b~ WEIGHTED<=2 
INFO: Generating Helas calls for process: w- > d u~ WEIGHTED<=2 
INFO: Generating Helas calls for process: w- > d c~ WEIGHTED<=2 
INFO: Generating Helas calls for process: w- > s u~ WEIGHTED<=2 
INFO: Generating Helas calls for process: w- > s c~ WEIGHTED<=2 
INFO: Generating Helas calls for process: w- > b u~ WEIGHTED<=2 
INFO: Generating Helas calls for process: w- > b c~ WEIGHTED<=2 
INFO: Combine t > w+ b WEIGHTED<=2 with decays w+ > u d~ WEIGHTED<=2 
INFO: Combine t > w+ b WEIGHTED<=2 with decays w+ > u s~ WEIGHTED<=2 
INFO: Combine t > w+ b WEIGHTED<=2 with decays w+ > u b~ WEIGHTED<=2 
INFO: Combine t > w+ b WEIGHTED<=2 with decays w+ > c d~ WEIGHTED<=2 
INFO: Combine t > w+ b WEIGHTED<=2 with decays w+ > c s~ WEIGHTED<=2 
INFO: Combine t > w+ b WEIGHTED<=2 with decays w+ > c b~ WEIGHTED<=2 
INFO: Combine t~ > w- b~ WEIGHTED<=2 with decays w- > d u~ WEIGHTED<=2 
INFO: Combine t~ > w- b~ WEIGHTED<=2 with decays w- > d c~ WEIGHTED<=2 
INFO: Combine t~ > w- b~ WEIGHTED<=2 with decays w- > s u~ WEIGHTED<=2 
INFO: Combine t~ > w- b~ WEIGHTED<=2 with decays w- > s c~ WEIGHTED<=2 
INFO: Combine t~ > w- b~ WEIGHTED<=2 with decays w- > b u~ WEIGHTED<=2 
INFO: Combine t~ > w- b~ WEIGHTED<=2 with decays w- > b c~ WEIGHTED<=2 
INFO: Combine g g > t t~ g g QED=0 @2 with decays t~ > w- b~ WEIGHTED<=2
  Decay: w- > d u~ WEIGHTED<=2, t > w+ b WEIGHTED<=2
  Decay: w+ > u d~ WEIGHTED<=2 
INFO: Combine g g > t t~ g g QED=0 @2 with decays t~ > w- b~ WEIGHTED<=2
  Decay: w- > d u~ WEIGHTED<=2, t > w+ b WEIGHTED<=2
  Decay: w+ > u s~ WEIGHTED<=2 
INFO: Combine g g > t t~ g g QED=0 @2 with decays t~ > w- b~ WEIGHTED<=2
  Decay: w- > d u~ WEIGHTED<=2, t > w+ b WEIGHTED<=2
  Decay: w+ > u b~ WEIGHTED<=2 
INFO: Combine g g > t t~ g g QED=0 @2 with decays t~ > w- b~ WEIGHTED<=2
  Decay: w- > d u~ WEIGHTED<=2, t > w+ b WEIGHTED<=2
  Decay: w+ > c d~ WEIGHTED<=2 
INFO: Combine g g > t t~ g g QED=0 @2 with decays t~ > w- b~ WEIGHTED<=2
  Decay: w- > d u~ WEIGHTED<=2, t > w+ b WEIGHTED<=2
  Decay: w+ > c s~ WEIGHTED<=2 
INFO: Combining process with g g > t t~ g g QED=0 @2
  Decay: t > w+ b WEIGHTED<=2
    Decay: w+ > u d~ WEIGHTED<=2
  Decay: t~ > w- b~ WEIGHTED<=2
    Decay: w- > d u~ WEIGHTED<=2 
INFO: Combine g g > t t~ g g QED=0 @2 with decays t~ > w- b~ WEIGHTED<=2
  Decay: w- > d u~ WEIGHTED<=2, t > w+ b WEIGHTED<=2
  Decay: w+ > c b~ WEIGHTED<=2 
INFO: Combine g g > t t~ g g QED=0 @2 with decays t~ > w- b~ WEIGHTED<=2
  Decay: w- > d c~ WEIGHTED<=2, t > w+ b WEIGHTED<=2
  Decay: w+ > u d~ WEIGHTED<=2 
INFO: Combine g g > t t~ g g QED=0 @2 with decays t~ > w- b~ WEIGHTED<=2
  Decay: w- > d c~ WEIGHTED<=2, t > w+ b WEIGHTED<=2
  Decay: w+ > u s~ WEIGHTED<=2 
INFO: Combine g g > t t~ g g QED=0 @2 with decays t~ > w- b~ WEIGHTED<=2
  Decay: w- > d c~ WEIGHTED<=2, t > w+ b WEIGHTED<=2
  Decay: w+ > u b~ WEIGHTED<=2 
INFO: Combine g g > t t~ g g QED=0 @2 with decays t~ > w- b~ WEIGHTED<=2
  Decay: w- > d c~ WEIGHTED<=2, t > w+ b WEIGHTED<=2
  Decay: w+ > c d~ WEIGHTED<=2 
INFO: Combine g g > t t~ g g QED=0 @2 with decays t~ > w- b~ WEIGHTED<=2
  Decay: w- > d c~ WEIGHTED<=2, t > w+ b WEIGHTED<=2
  Decay: w+ > c s~ WEIGHTED<=2 
INFO: Combining process with g g > t t~ g g QED=0 @2
  Decay: t > w+ b WEIGHTED<=2
    Decay: w+ > u d~ WEIGHTED<=2
  Decay: t~ > w- b~ WEIGHTED<=2
    Decay: w- > d c~ WEIGHTED<=2 
INFO: Combine g g > t t~ g g QED=0 @2 with decays t~ > w- b~ WEIGHTED<=2
  Decay: w- > d c~ WEIGHTED<=2, t > w+ b WEIGHTED<=2
  Decay: w+ > c b~ WEIGHTED<=2 
INFO: Combine g g > t t~ g g QED=0 @2 with decays t~ > w- b~ WEIGHTED<=2
  Decay: w- > s u~ WEIGHTED<=2, t > w+ b WEIGHTED<=2
  Decay: w+ > u d~ WEIGHTED<=2 
INFO: Combine g g > t t~ g g QED=0 @2 with decays t~ > w- b~ WEIGHTED<=2
  Decay: w- > s u~ WEIGHTED<=2, t > w+ b WEIGHTED<=2
  Decay: w+ > u s~ WEIGHTED<=2 
INFO: Combine g g > t t~ g g QED=0 @2 with decays t~ > w- b~ WEIGHTED<=2
  Decay: w- > s u~ WEIGHTED<=2, t > w+ b WEIGHTED<=2
  Decay: w+ > u b~ WEIGHTED<=2 
INFO: Combine g g > t t~ g g QED=0 @2 with decays t~ > w- b~ WEIGHTED<=2
  Decay: w- > s u~ WEIGHTED<=2, t > w+ b WEIGHTED<=2
  Decay: w+ > c d~ WEIGHTED<=2 
INFO: Combine g g > t t~ g g QED=0 @2 with decays t~ > w- b~ WEIGHTED<=2
  Decay: w- > s u~ WEIGHTED<=2, t > w+ b WEIGHTED<=2
  Decay: w+ > c s~ WEIGHTED<=2 
INFO: Combining process with g g > t t~ g g QED=0 @2
  Decay: t > w+ b WEIGHTED<=2
    Decay: w+ > u d~ WEIGHTED<=2
  Decay: t~ > w- b~ WEIGHTED<=2
    Decay: w- > s u~ WEIGHTED<=2 
INFO: Combine g g > t t~ g g QED=0 @2 with decays t~ > w- b~ WEIGHTED<=2
  Decay: w- > s u~ WEIGHTED<=2, t > w+ b WEIGHTED<=2
  Decay: w+ > c b~ WEIGHTED<=2 
INFO: Combine g g > t t~ g g QED=0 @2 with decays t~ > w- b~ WEIGHTED<=2
  Decay: w- > s c~ WEIGHTED<=2, t > w+ b WEIGHTED<=2
  Decay: w+ > u d~ WEIGHTED<=2 
INFO: Combining process with g g > t t~ g g QED=0 @2
  Decay: t > w+ b WEIGHTED<=2
    Decay: w+ > u d~ WEIGHTED<=2
  Decay: t~ > w- b~ WEIGHTED<=2
    Decay: w- > d u~ WEIGHTED<=2 
INFO: Combine g g > t t~ g g QED=0 @2 with decays t~ > w- b~ WEIGHTED<=2
  Decay: w- > s c~ WEIGHTED<=2, t > w+ b WEIGHTED<=2
  Decay: w+ > u s~ WEIGHTED<=2 
INFO: Combining process with g g > t t~ g g QED=0 @2
  Decay: t > w+ b WEIGHTED<=2
    Decay: w+ > u s~ WEIGHTED<=2
  Decay: t~ > w- b~ WEIGHTED<=2
    Decay: w- > d u~ WEIGHTED<=2 
INFO: Combine g g > t t~ g g QED=0 @2 with decays t~ > w- b~ WEIGHTED<=2
  Decay: w- > s c~ WEIGHTED<=2, t > w+ b WEIGHTED<=2
  Decay: w+ > u b~ WEIGHTED<=2 
INFO: Combining process with g g > t t~ g g QED=0 @2
  Decay: t > w+ b WEIGHTED<=2
    Decay: w+ > u b~ WEIGHTED<=2
  Decay: t~ > w- b~ WEIGHTED<=2
    Decay: w- > d u~ WEIGHTED<=2 
INFO: Combine g g > t t~ g g QED=0 @2 with decays t~ > w- b~ WEIGHTED<=2
  Decay: w- > s c~ WEIGHTED<=2, t > w+ b WEIGHTED<=2
  Decay: w+ > c d~ WEIGHTED<=2 
INFO: Combining process with g g > t t~ g g QED=0 @2
  Decay: t > w+ b WEIGHTED<=2
    Decay: w+ > c d~ WEIGHTED<=2
  Decay: t~ > w- b~ WEIGHTED<=2
    Decay: w- > d u~ WEIGHTED<=2 
INFO: Combine g g > t t~ g g QED=0 @2 with decays t~ > w- b~ WEIGHTED<=2
  Decay: w- > s c~ WEIGHTED<=2, t > w+ b WEIGHTED<=2
  Decay: w+ > c s~ WEIGHTED<=2 
INFO: Combining process with g g > t t~ g g QED=0 @2
  Decay: t > w+ b WEIGHTED<=2
    Decay: w+ > u d~ WEIGHTED<=2
  Decay: t~ > w- b~ WEIGHTED<=2
    Decay: w- > d u~ WEIGHTED<=2 
INFO: Combine g g > t t~ g g QED=0 @2 with decays t~ > w- b~ WEIGHTED<=2
  Decay: w- > s c~ WEIGHTED<=2, t > w+ b WEIGHTED<=2
  Decay: w+ > c b~ WEIGHTED<=2 
INFO: Combining process with g g > t t~ g g QED=0 @2
  Decay: t > w+ b WEIGHTED<=2
    Decay: w+ > c b~ WEIGHTED<=2
  Decay: t~ > w- b~ WEIGHTED<=2
    Decay: w- > d u~ WEIGHTED<=2 
INFO: Combine g g > t t~ g g QED=0 @2 with decays t~ > w- b~ WEIGHTED<=2
  Decay: w- > b u~ WEIGHTED<=2, t > w+ b WEIGHTED<=2
  Decay: w+ > u d~ WEIGHTED<=2 
INFO: Combine g g > t t~ g g QED=0 @2 with decays t~ > w- b~ WEIGHTED<=2
  Decay: w- > b u~ WEIGHTED<=2, t > w+ b WEIGHTED<=2
  Decay: w+ > u s~ WEIGHTED<=2 
INFO: Combine g g > t t~ g g QED=0 @2 with decays t~ > w- b~ WEIGHTED<=2
  Decay: w- > b u~ WEIGHTED<=2, t > w+ b WEIGHTED<=2
  Decay: w+ > u b~ WEIGHTED<=2 
INFO: Combine g g > t t~ g g QED=0 @2 with decays t~ > w- b~ WEIGHTED<=2
  Decay: w- > b u~ WEIGHTED<=2, t > w+ b WEIGHTED<=2
  Decay: w+ > c d~ WEIGHTED<=2 
INFO: Combine g g > t t~ g g QED=0 @2 with decays t~ > w- b~ WEIGHTED<=2
  Decay: w- > b u~ WEIGHTED<=2, t > w+ b WEIGHTED<=2
  Decay: w+ > c s~ WEIGHTED<=2 
INFO: Combining process with g g > t t~ g g QED=0 @2
  Decay: t > w+ b WEIGHTED<=2
    Decay: w+ > u d~ WEIGHTED<=2
  Decay: t~ > w- b~ WEIGHTED<=2
    Decay: w- > b u~ WEIGHTED<=2 
INFO: Combine g g > t t~ g g QED=0 @2 with decays t~ > w- b~ WEIGHTED<=2
  Decay: w- > b u~ WEIGHTED<=2, t > w+ b WEIGHTED<=2
  Decay: w+ > c b~ WEIGHTED<=2 
INFO: Combine g g > t t~ g g QED=0 @2 with decays t~ > w- b~ WEIGHTED<=2
  Decay: w- > b c~ WEIGHTED<=2, t > w+ b WEIGHTED<=2
  Decay: w+ > u d~ WEIGHTED<=2 
INFO: Combine g g > t t~ g g QED=0 @2 with decays t~ > w- b~ WEIGHTED<=2
  Decay: w- > b c~ WEIGHTED<=2, t > w+ b WEIGHTED<=2
  Decay: w+ > u s~ WEIGHTED<=2 
INFO: Combine g g > t t~ g g QED=0 @2 with decays t~ > w- b~ WEIGHTED<=2
  Decay: w- > b c~ WEIGHTED<=2, t > w+ b WEIGHTED<=2
  Decay: w+ > u b~ WEIGHTED<=2 
INFO: Combine g g > t t~ g g QED=0 @2 with decays t~ > w- b~ WEIGHTED<=2
  Decay: w- > b c~ WEIGHTED<=2, t > w+ b WEIGHTED<=2
  Decay: w+ > c d~ WEIGHTED<=2 
INFO: Combine g g > t t~ g g QED=0 @2 with decays t~ > w- b~ WEIGHTED<=2
  Decay: w- > b c~ WEIGHTED<=2, t > w+ b WEIGHTED<=2
  Decay: w+ > c s~ WEIGHTED<=2 
INFO: Combining process with g g > t t~ g g QED=0 @2
  Decay: t > w+ b WEIGHTED<=2
    Decay: w+ > u d~ WEIGHTED<=2
  Decay: t~ > w- b~ WEIGHTED<=2
    Decay: w- > b c~ WEIGHTED<=2 
INFO: Combine g g > t t~ g g QED=0 @2 with decays t~ > w- b~ WEIGHTED<=2
  Decay: w- > b c~ WEIGHTED<=2, t > w+ b WEIGHTED<=2
  Decay: w+ > c b~ WEIGHTED<=2 
INFO: Combine g g > t t~ u u~ QED=0 @2 with decays t~ > w- b~ WEIGHTED<=2
  Decay: w- > d u~ WEIGHTED<=2, t > w+ b WEIGHTED<=2
  Decay: w+ > u d~ WEIGHTED<=2 
INFO: Combine g g > t t~ u u~ QED=0 @2 with decays t~ > w- b~ WEIGHTED<=2
  Decay: w- > d u~ WEIGHTED<=2, t > w+ b WEIGHTED<=2
  Decay: w+ > u s~ WEIGHTED<=2 
INFO: Combine g g > t t~ u u~ QED=0 @2 with decays t~ > w- b~ WEIGHTED<=2
  Decay: w- > d u~ WEIGHTED<=2, t > w+ b WEIGHTED<=2
  Decay: w+ > u b~ WEIGHTED<=2 
INFO: Combine g g > t t~ u u~ QED=0 @2 with decays t~ > w- b~ WEIGHTED<=2
  Decay: w- > d u~ WEIGHTED<=2, t > w+ b WEIGHTED<=2
  Decay: w+ > c d~ WEIGHTED<=2 
INFO: Combine g g > t t~ u u~ QED=0 @2 with decays t~ > w- b~ WEIGHTED<=2
  Decay: w- > d u~ WEIGHTED<=2, t > w+ b WEIGHTED<=2
  Decay: w+ > c s~ WEIGHTED<=2 
INFO: Combine g g > t t~ u u~ QED=0 @2 with decays t~ > w- b~ WEIGHTED<=2
  Decay: w- > d u~ WEIGHTED<=2, t > w+ b WEIGHTED<=2
  Decay: w+ > c b~ WEIGHTED<=2 
INFO: Combine g g > t t~ u u~ QED=0 @2 with decays t~ > w- b~ WEIGHTED<=2
  Decay: w- > d c~ WEIGHTED<=2, t > w+ b WEIGHTED<=2
  Decay: w+ > u d~ WEIGHTED<=2 
INFO: Combine g g > t t~ u u~ QED=0 @2 with decays t~ > w- b~ WEIGHTED<=2
  Decay: w- > d c~ WEIGHTED<=2, t > w+ b WEIGHTED<=2
  Decay: w+ > u s~ WEIGHTED<=2 
INFO: Combine g g > t t~ u u~ QED=0 @2 with decays t~ > w- b~ WEIGHTED<=2
  Decay: w- > d c~ WEIGHTED<=2, t > w+ b WEIGHTED<=2
  Decay: w+ > u b~ WEIGHTED<=2 
INFO: Combine g g > t t~ u u~ QED=0 @2 with decays t~ > w- b~ WEIGHTED<=2
  Decay: w- > d c~ WEIGHTED<=2, t > w+ b WEIGHTED<=2
  Decay: w+ > c d~ WEIGHTED<=2 
INFO: Combine g g > t t~ u u~ QED=0 @2 with decays t~ > w- b~ WEIGHTED<=2
  Decay: w- > d c~ WEIGHTED<=2, t > w+ b WEIGHTED<=2
  Decay: w+ > c s~ WEIGHTED<=2 
INFO: Combine g g > t t~ u u~ QED=0 @2 with decays t~ > w- b~ WEIGHTED<=2
  Decay: w- > d c~ WEIGHTED<=2, t > w+ b WEIGHTED<=2
  Decay: w+ > c b~ WEIGHTED<=2 
INFO: Combine g g > t t~ u u~ QED=0 @2 with decays t~ > w- b~ WEIGHTED<=2
  Decay: w- > s u~ WEIGHTED<=2, t > w+ b WEIGHTED<=2
  Decay: w+ > u d~ WEIGHTED<=2 
INFO: Combine g g > t t~ u u~ QED=0 @2 with decays t~ > w- b~ WEIGHTED<=2
  Decay: w- > s u~ WEIGHTED<=2, t > w+ b WEIGHTED<=2
  Decay: w+ > u s~ WEIGHTED<=2 
INFO: Combine g g > t t~ u u~ QED=0 @2 with decays t~ > w- b~ WEIGHTED<=2
  Decay: w- > s u~ WEIGHTED<=2, t > w+ b WEIGHTED<=2
  Decay: w+ > u b~ WEIGHTED<=2 
INFO: Combine g g > t t~ u u~ QED=0 @2 with decays t~ > w- b~ WEIGHTED<=2
  Decay: w- > s u~ WEIGHTED<=2, t > w+ b WEIGHTED<=2
  Decay: w+ > c d~ WEIGHTED<=2 
INFO: Combine g g > t t~ u u~ QED=0 @2 with decays t~ > w- b~ WEIGHTED<=2
  Decay: w- > s u~ WEIGHTED<=2, t > w+ b WEIGHTED<=2
  Decay: w+ > c s~ WEIGHTED<=2 
INFO: Combine g g > t t~ u u~ QED=0 @2 with decays t~ > w- b~ WEIGHTED<=2
  Decay: w- > s u~ WEIGHTED<=2, t > w+ b WEIGHTED<=2
  Decay: w+ > c b~ WEIGHTED<=2 
INFO: Combine g g > t t~ u u~ QED=0 @2 with decays t~ > w- b~ WEIGHTED<=2
  Decay: w- > s c~ WEIGHTED<=2, t > w+ b WEIGHTED<=2
  Decay: w+ > u d~ WEIGHTED<=2 
INFO: Combine g g > t t~ u u~ QED=0 @2 with decays t~ > w- b~ WEIGHTED<=2
  Decay: w- > s c~ WEIGHTED<=2, t > w+ b WEIGHTED<=2
  Decay: w+ > u s~ WEIGHTED<=2 
INFO: Combine g g > t t~ u u~ QED=0 @2 with decays t~ > w- b~ WEIGHTED<=2
  Decay: w- > s c~ WEIGHTED<=2, t > w+ b WEIGHTED<=2
  Decay: w+ > u b~ WEIGHTED<=2 
INFO: Combine g g > t t~ u u~ QED=0 @2 with decays t~ > w- b~ WEIGHTED<=2
  Decay: w- > s c~ WEIGHTED<=2, t > w+ b WEIGHTED<=2
  Decay: w+ > c d~ WEIGHTED<=2 
INFO: Combine g g > t t~ u u~ QED=0 @2 with decays t~ > w- b~ WEIGHTED<=2
  Decay: w- > s c~ WEIGHTED<=2, t > w+ b WEIGHTED<=2
  Decay: w+ > c s~ WEIGHTED<=2 
INFO: Combine g g > t t~ u u~ QED=0 @2 with decays t~ > w- b~ WEIGHTED<=2
  Decay: w- > s c~ WEIGHTED<=2, t > w+ b WEIGHTED<=2
  Decay: w+ > c b~ WEIGHTED<=2 
INFO: Combine g g > t t~ u u~ QED=0 @2 with decays t~ > w- b~ WEIGHTED<=2
  Decay: w- > b u~ WEIGHTED<=2, t > w+ b WEIGHTED<=2
  Decay: w+ > u d~ WEIGHTED<=2 
INFO: Combine g g > t t~ u u~ QED=0 @2 with decays t~ > w- b~ WEIGHTED<=2
  Decay: w- > b u~ WEIGHTED<=2, t > w+ b WEIGHTED<=2
  Decay: w+ > u s~ WEIGHTED<=2 
INFO: Combine g g > t t~ u u~ QED=0 @2 with decays t~ > w- b~ WEIGHTED<=2
  Decay: w- > b u~ WEIGHTED<=2, t > w+ b WEIGHTED<=2
  Decay: w+ > u b~ WEIGHTED<=2 
INFO: Combine g g > t t~ u u~ QED=0 @2 with decays t~ > w- b~ WEIGHTED<=2
  Decay: w- > b u~ WEIGHTED<=2, t > w+ b WEIGHTED<=2
  Decay: w+ > c d~ WEIGHTED<=2 
INFO: Combine g g > t t~ u u~ QED=0 @2 with decays t~ > w- b~ WEIGHTED<=2
  Decay: w- > b u~ WEIGHTED<=2, t > w+ b WEIGHTED<=2
  Decay: w+ > c s~ WEIGHTED<=2 
INFO: Combine g g > t t~ u u~ QED=0 @2 with decays t~ > w- b~ WEIGHTED<=2
  Decay: w- > b u~ WEIGHTED<=2, t > w+ b WEIGHTED<=2
  Decay: w+ > c b~ WEIGHTED<=2 
INFO: Combine g g > t t~ u u~ QED=0 @2 with decays t~ > w- b~ WEIGHTED<=2
  Decay: w- > b c~ WEIGHTED<=2, t > w+ b WEIGHTED<=2
  Decay: w+ > u d~ WEIGHTED<=2 
INFO: Combine g g > t t~ u u~ QED=0 @2 with decays t~ > w- b~ WEIGHTED<=2
  Decay: w- > b c~ WEIGHTED<=2, t > w+ b WEIGHTED<=2
  Decay: w+ > u s~ WEIGHTED<=2 
INFO: Combine g g > t t~ u u~ QED=0 @2 with decays t~ > w- b~ WEIGHTED<=2
  Decay: w- > b c~ WEIGHTED<=2, t > w+ b WEIGHTED<=2
  Decay: w+ > u b~ WEIGHTED<=2 
INFO: Combine g g > t t~ u u~ QED=0 @2 with decays t~ > w- b~ WEIGHTED<=2
  Decay: w- > b c~ WEIGHTED<=2, t > w+ b WEIGHTED<=2
  Decay: w+ > c d~ WEIGHTED<=2 
INFO: Combine g g > t t~ u u~ QED=0 @2 with decays t~ > w- b~ WEIGHTED<=2
  Decay: w- > b c~ WEIGHTED<=2, t > w+ b WEIGHTED<=2
  Decay: w+ > c s~ WEIGHTED<=2 
INFO: Combine g g > t t~ u u~ QED=0 @2 with decays t~ > w- b~ WEIGHTED<=2
  Decay: w- > b c~ WEIGHTED<=2, t > w+ b WEIGHTED<=2
  Decay: w+ > c b~ WEIGHTED<=2 
INFO: Combine g u > t t~ g u QED=0 @2 with decays t~ > w- b~ WEIGHTED<=2
  Decay: w- > d u~ WEIGHTED<=2, t > w+ b WEIGHTED<=2
  Decay: w+ > u d~ WEIGHTED<=2 
INFO: Combine g u > t t~ g u QED=0 @2 with decays t~ > w- b~ WEIGHTED<=2
  Decay: w- > d u~ WEIGHTED<=2, t > w+ b WEIGHTED<=2
  Decay: w+ > u s~ WEIGHTED<=2 
INFO: Combine g u > t t~ g u QED=0 @2 with decays t~ > w- b~ WEIGHTED<=2
  Decay: w- > d u~ WEIGHTED<=2, t > w+ b WEIGHTED<=2
  Decay: w+ > u b~ WEIGHTED<=2 
INFO: Combine g u > t t~ g u QED=0 @2 with decays t~ > w- b~ WEIGHTED<=2
  Decay: w- > d u~ WEIGHTED<=2, t > w+ b WEIGHTED<=2
  Decay: w+ > c d~ WEIGHTED<=2 
INFO: Combine g u > t t~ g u QED=0 @2 with decays t~ > w- b~ WEIGHTED<=2
  Decay: w- > d u~ WEIGHTED<=2, t > w+ b WEIGHTED<=2
  Decay: w+ > c s~ WEIGHTED<=2 
INFO: Combine g u > t t~ g u QED=0 @2 with decays t~ > w- b~ WEIGHTED<=2
  Decay: w- > d u~ WEIGHTED<=2, t > w+ b WEIGHTED<=2
  Decay: w+ > c b~ WEIGHTED<=2 
INFO: Combine g u > t t~ g u QED=0 @2 with decays t~ > w- b~ WEIGHTED<=2
  Decay: w- > d c~ WEIGHTED<=2, t > w+ b WEIGHTED<=2
  Decay: w+ > u d~ WEIGHTED<=2 
INFO: Combine g u > t t~ g u QED=0 @2 with decays t~ > w- b~ WEIGHTED<=2
  Decay: w- > d c~ WEIGHTED<=2, t > w+ b WEIGHTED<=2
  Decay: w+ > u s~ WEIGHTED<=2 
INFO: Combine g u > t t~ g u QED=0 @2 with decays t~ > w- b~ WEIGHTED<=2
  Decay: w- > d c~ WEIGHTED<=2, t > w+ b WEIGHTED<=2
  Decay: w+ > u b~ WEIGHTED<=2 
INFO: Combine g u > t t~ g u QED=0 @2 with decays t~ > w- b~ WEIGHTED<=2
  Decay: w- > d c~ WEIGHTED<=2, t > w+ b WEIGHTED<=2
  Decay: w+ > c d~ WEIGHTED<=2 
INFO: Combine g u > t t~ g u QED=0 @2 with decays t~ > w- b~ WEIGHTED<=2
  Decay: w- > d c~ WEIGHTED<=2, t > w+ b WEIGHTED<=2
  Decay: w+ > c s~ WEIGHTED<=2 
INFO: Combine g u > t t~ g u QED=0 @2 with decays t~ > w- b~ WEIGHTED<=2
  Decay: w- > d c~ WEIGHTED<=2, t > w+ b WEIGHTED<=2
  Decay: w+ > c b~ WEIGHTED<=2 
INFO: Combine g u > t t~ g u QED=0 @2 with decays t~ > w- b~ WEIGHTED<=2
  Decay: w- > s u~ WEIGHTED<=2, t > w+ b WEIGHTED<=2
  Decay: w+ > u d~ WEIGHTED<=2 
INFO: Combine g u > t t~ g u QED=0 @2 with decays t~ > w- b~ WEIGHTED<=2
  Decay: w- > s u~ WEIGHTED<=2, t > w+ b WEIGHTED<=2
  Decay: w+ > u s~ WEIGHTED<=2 
INFO: Combine g u > t t~ g u QED=0 @2 with decays t~ > w- b~ WEIGHTED<=2
  Decay: w- > s u~ WEIGHTED<=2, t > w+ b WEIGHTED<=2
  Decay: w+ > u b~ WEIGHTED<=2 
INFO: Combine g u > t t~ g u QED=0 @2 with decays t~ > w- b~ WEIGHTED<=2
  Decay: w- > s u~ WEIGHTED<=2, t > w+ b WEIGHTED<=2
  Decay: w+ > c d~ WEIGHTED<=2 
INFO: Combine g u > t t~ g u QED=0 @2 with decays t~ > w- b~ WEIGHTED<=2
  Decay: w- > s u~ WEIGHTED<=2, t > w+ b WEIGHTED<=2
  Decay: w+ > c s~ WEIGHTED<=2 
INFO: Combine g u > t t~ g u QED=0 @2 with decays t~ > w- b~ WEIGHTED<=2
  Decay: w- > s u~ WEIGHTED<=2, t > w+ b WEIGHTED<=2
  Decay: w+ > c b~ WEIGHTED<=2 
INFO: Combine g u > t t~ g u QED=0 @2 with decays t~ > w- b~ WEIGHTED<=2
  Decay: w- > s c~ WEIGHTED<=2, t > w+ b WEIGHTED<=2
  Decay: w+ > u d~ WEIGHTED<=2 
INFO: Combining process with g u > t t~ g u QED=0 @2
  Decay: t > w+ b WEIGHTED<=2
    Decay: w+ > u d~ WEIGHTED<=2
  Decay: t~ > w- b~ WEIGHTED<=2
    Decay: w- > d u~ WEIGHTED<=2 
INFO: Combine g u > t t~ g u QED=0 @2 with decays t~ > w- b~ WEIGHTED<=2
  Decay: w- > s c~ WEIGHTED<=2, t > w+ b WEIGHTED<=2
  Decay: w+ > u s~ WEIGHTED<=2 
INFO: Combining process with g u > t t~ g u QED=0 @2
  Decay: t > w+ b WEIGHTED<=2
    Decay: w+ > u s~ WEIGHTED<=2
  Decay: t~ > w- b~ WEIGHTED<=2
    Decay: w- > d u~ WEIGHTED<=2 
INFO: Combine g u > t t~ g u QED=0 @2 with decays t~ > w- b~ WEIGHTED<=2
  Decay: w- > s c~ WEIGHTED<=2, t > w+ b WEIGHTED<=2
  Decay: w+ > u b~ WEIGHTED<=2 
INFO: Combining process with g u > t t~ g u QED=0 @2
  Decay: t > w+ b WEIGHTED<=2
    Decay: w+ > u b~ WEIGHTED<=2
  Decay: t~ > w- b~ WEIGHTED<=2
    Decay: w- > d u~ WEIGHTED<=2 
INFO: Combine g u > t t~ g u QED=0 @2 with decays t~ > w- b~ WEIGHTED<=2
  Decay: w- > s c~ WEIGHTED<=2, t > w+ b WEIGHTED<=2
  Decay: w+ > c d~ WEIGHTED<=2 
INFO: Combining process with g u > t t~ g u QED=0 @2
  Decay: t > w+ b WEIGHTED<=2
    Decay: w+ > c d~ WEIGHTED<=2
  Decay: t~ > w- b~ WEIGHTED<=2
    Decay: w- > d u~ WEIGHTED<=2 
INFO: Combine g u > t t~ g u QED=0 @2 with decays t~ > w- b~ WEIGHTED<=2
  Decay: w- > s c~ WEIGHTED<=2, t > w+ b WEIGHTED<=2
  Decay: w+ > c s~ WEIGHTED<=2 
INFO: Combining process with g u > t t~ g u QED=0 @2
  Decay: t > w+ b WEIGHTED<=2
    Decay: w+ > c s~ WEIGHTED<=2
  Decay: t~ > w- b~ WEIGHTED<=2
    Decay: w- > d u~ WEIGHTED<=2 
INFO: Combine g u > t t~ g u QED=0 @2 with decays t~ > w- b~ WEIGHTED<=2
  Decay: w- > s c~ WEIGHTED<=2, t > w+ b WEIGHTED<=2
  Decay: w+ > c b~ WEIGHTED<=2 
INFO: Combining process with g u > t t~ g u QED=0 @2
  Decay: t > w+ b WEIGHTED<=2
    Decay: w+ > c b~ WEIGHTED<=2
  Decay: t~ > w- b~ WEIGHTED<=2
    Decay: w- > d u~ WEIGHTED<=2 
INFO: Combine g u > t t~ g u QED=0 @2 with decays t~ > w- b~ WEIGHTED<=2
  Decay: w- > b u~ WEIGHTED<=2, t > w+ b WEIGHTED<=2
  Decay: w+ > u d~ WEIGHTED<=2 
INFO: Combine g u > t t~ g u QED=0 @2 with decays t~ > w- b~ WEIGHTED<=2
  Decay: w- > b u~ WEIGHTED<=2, t > w+ b WEIGHTED<=2
  Decay: w+ > u s~ WEIGHTED<=2 
INFO: Combine g u > t t~ g u QED=0 @2 with decays t~ > w- b~ WEIGHTED<=2
  Decay: w- > b u~ WEIGHTED<=2, t > w+ b WEIGHTED<=2
  Decay: w+ > u b~ WEIGHTED<=2 
INFO: Combine g u > t t~ g u QED=0 @2 with decays t~ > w- b~ WEIGHTED<=2
  Decay: w- > b u~ WEIGHTED<=2, t > w+ b WEIGHTED<=2
  Decay: w+ > c d~ WEIGHTED<=2 
INFO: Combine g u > t t~ g u QED=0 @2 with decays t~ > w- b~ WEIGHTED<=2
  Decay: w- > b u~ WEIGHTED<=2, t > w+ b WEIGHTED<=2
  Decay: w+ > c s~ WEIGHTED<=2 
INFO: Combine g u > t t~ g u QED=0 @2 with decays t~ > w- b~ WEIGHTED<=2
  Decay: w- > b u~ WEIGHTED<=2, t > w+ b WEIGHTED<=2
  Decay: w+ > c b~ WEIGHTED<=2 
INFO: Combine g u > t t~ g u QED=0 @2 with decays t~ > w- b~ WEIGHTED<=2
  Decay: w- > b c~ WEIGHTED<=2, t > w+ b WEIGHTED<=2
  Decay: w+ > u d~ WEIGHTED<=2 
INFO: Combine g u > t t~ g u QED=0 @2 with decays t~ > w- b~ WEIGHTED<=2
  Decay: w- > b c~ WEIGHTED<=2, t > w+ b WEIGHTED<=2
  Decay: w+ > u s~ WEIGHTED<=2 
INFO: Combine g u > t t~ g u QED=0 @2 with decays t~ > w- b~ WEIGHTED<=2
  Decay: w- > b c~ WEIGHTED<=2, t > w+ b WEIGHTED<=2
  Decay: w+ > u b~ WEIGHTED<=2 
INFO: Combine g u > t t~ g u QED=0 @2 with decays t~ > w- b~ WEIGHTED<=2
  Decay: w- > b c~ WEIGHTED<=2, t > w+ b WEIGHTED<=2
  Decay: w+ > c d~ WEIGHTED<=2 
INFO: Combine g u > t t~ g u QED=0 @2 with decays t~ > w- b~ WEIGHTED<=2
  Decay: w- > b c~ WEIGHTED<=2, t > w+ b WEIGHTED<=2
  Decay: w+ > c s~ WEIGHTED<=2 
INFO: Combine g u > t t~ g u QED=0 @2 with decays t~ > w- b~ WEIGHTED<=2
  Decay: w- > b c~ WEIGHTED<=2, t > w+ b WEIGHTED<=2
  Decay: w+ > c b~ WEIGHTED<=2 
INFO: Combine g u~ > t t~ g u~ QED=0 @2 with decays t~ > w- b~ WEIGHTED<=2
  Decay: w- > d u~ WEIGHTED<=2, t > w+ b WEIGHTED<=2
  Decay: w+ > u d~ WEIGHTED<=2 
INFO: Combine g u~ > t t~ g u~ QED=0 @2 with decays t~ > w- b~ WEIGHTED<=2
  Decay: w- > d u~ WEIGHTED<=2, t > w+ b WEIGHTED<=2
  Decay: w+ > u s~ WEIGHTED<=2 
INFO: Combine g u~ > t t~ g u~ QED=0 @2 with decays t~ > w- b~ WEIGHTED<=2
  Decay: w- > d u~ WEIGHTED<=2, t > w+ b WEIGHTED<=2
  Decay: w+ > u b~ WEIGHTED<=2 
INFO: Combine g u~ > t t~ g u~ QED=0 @2 with decays t~ > w- b~ WEIGHTED<=2
  Decay: w- > d u~ WEIGHTED<=2, t > w+ b WEIGHTED<=2
  Decay: w+ > c d~ WEIGHTED<=2 
INFO: Combine g u~ > t t~ g u~ QED=0 @2 with decays t~ > w- b~ WEIGHTED<=2
  Decay: w- > d u~ WEIGHTED<=2, t > w+ b WEIGHTED<=2
  Decay: w+ > c s~ WEIGHTED<=2 
INFO: Combining process with g u~ > t t~ g u~ QED=0 @2
  Decay: t > w+ b WEIGHTED<=2
    Decay: w+ > u d~ WEIGHTED<=2
  Decay: t~ > w- b~ WEIGHTED<=2
    Decay: w- > d u~ WEIGHTED<=2 
INFO: Combine g u~ > t t~ g u~ QED=0 @2 with decays t~ > w- b~ WEIGHTED<=2
  Decay: w- > d u~ WEIGHTED<=2, t > w+ b WEIGHTED<=2
  Decay: w+ > c b~ WEIGHTED<=2 
INFO: Combine g u~ > t t~ g u~ QED=0 @2 with decays t~ > w- b~ WEIGHTED<=2
  Decay: w- > d c~ WEIGHTED<=2, t > w+ b WEIGHTED<=2
  Decay: w+ > u d~ WEIGHTED<=2 
INFO: Combine g u~ > t t~ g u~ QED=0 @2 with decays t~ > w- b~ WEIGHTED<=2
  Decay: w- > d c~ WEIGHTED<=2, t > w+ b WEIGHTED<=2
  Decay: w+ > u s~ WEIGHTED<=2 
INFO: Combine g u~ > t t~ g u~ QED=0 @2 with decays t~ > w- b~ WEIGHTED<=2
  Decay: w- > d c~ WEIGHTED<=2, t > w+ b WEIGHTED<=2
  Decay: w+ > u b~ WEIGHTED<=2 
INFO: Combine g u~ > t t~ g u~ QED=0 @2 with decays t~ > w- b~ WEIGHTED<=2
  Decay: w- > d c~ WEIGHTED<=2, t > w+ b WEIGHTED<=2
  Decay: w+ > c d~ WEIGHTED<=2 
INFO: Combine g u~ > t t~ g u~ QED=0 @2 with decays t~ > w- b~ WEIGHTED<=2
  Decay: w- > d c~ WEIGHTED<=2, t > w+ b WEIGHTED<=2
  Decay: w+ > c s~ WEIGHTED<=2 
INFO: Combining process with g u~ > t t~ g u~ QED=0 @2
  Decay: t > w+ b WEIGHTED<=2
    Decay: w+ > u d~ WEIGHTED<=2
  Decay: t~ > w- b~ WEIGHTED<=2
    Decay: w- > d c~ WEIGHTED<=2 
INFO: Combine g u~ > t t~ g u~ QED=0 @2 with decays t~ > w- b~ WEIGHTED<=2
  Decay: w- > d c~ WEIGHTED<=2, t > w+ b WEIGHTED<=2
  Decay: w+ > c b~ WEIGHTED<=2 
INFO: Combine g u~ > t t~ g u~ QED=0 @2 with decays t~ > w- b~ WEIGHTED<=2
  Decay: w- > s u~ WEIGHTED<=2, t > w+ b WEIGHTED<=2
  Decay: w+ > u d~ WEIGHTED<=2 
INFO: Combine g u~ > t t~ g u~ QED=0 @2 with decays t~ > w- b~ WEIGHTED<=2
  Decay: w- > s u~ WEIGHTED<=2, t > w+ b WEIGHTED<=2
  Decay: w+ > u s~ WEIGHTED<=2 
INFO: Combine g u~ > t t~ g u~ QED=0 @2 with decays t~ > w- b~ WEIGHTED<=2
  Decay: w- > s u~ WEIGHTED<=2, t > w+ b WEIGHTED<=2
  Decay: w+ > u b~ WEIGHTED<=2 
INFO: Combine g u~ > t t~ g u~ QED=0 @2 with decays t~ > w- b~ WEIGHTED<=2
  Decay: w- > s u~ WEIGHTED<=2, t > w+ b WEIGHTED<=2
  Decay: w+ > c d~ WEIGHTED<=2 
INFO: Combine g u~ > t t~ g u~ QED=0 @2 with decays t~ > w- b~ WEIGHTED<=2
  Decay: w- > s u~ WEIGHTED<=2, t > w+ b WEIGHTED<=2
  Decay: w+ > c s~ WEIGHTED<=2 
INFO: Combining process with g u~ > t t~ g u~ QED=0 @2
  Decay: t > w+ b WEIGHTED<=2
    Decay: w+ > u d~ WEIGHTED<=2
  Decay: t~ > w- b~ WEIGHTED<=2
    Decay: w- > s u~ WEIGHTED<=2 
INFO: Combine g u~ > t t~ g u~ QED=0 @2 with decays t~ > w- b~ WEIGHTED<=2
  Decay: w- > s u~ WEIGHTED<=2, t > w+ b WEIGHTED<=2
  Decay: w+ > c b~ WEIGHTED<=2 
INFO: Combine g u~ > t t~ g u~ QED=0 @2 with decays t~ > w- b~ WEIGHTED<=2
  Decay: w- > s c~ WEIGHTED<=2, t > w+ b WEIGHTED<=2
  Decay: w+ > u d~ WEIGHTED<=2 
INFO: Combine g u~ > t t~ g u~ QED=0 @2 with decays t~ > w- b~ WEIGHTED<=2
  Decay: w- > s c~ WEIGHTED<=2, t > w+ b WEIGHTED<=2
  Decay: w+ > u s~ WEIGHTED<=2 
INFO: Combine g u~ > t t~ g u~ QED=0 @2 with decays t~ > w- b~ WEIGHTED<=2
  Decay: w- > s c~ WEIGHTED<=2, t > w+ b WEIGHTED<=2
  Decay: w+ > u b~ WEIGHTED<=2 
INFO: Combine g u~ > t t~ g u~ QED=0 @2 with decays t~ > w- b~ WEIGHTED<=2
  Decay: w- > s c~ WEIGHTED<=2, t > w+ b WEIGHTED<=2
  Decay: w+ > c d~ WEIGHTED<=2 
INFO: Combine g u~ > t t~ g u~ QED=0 @2 with decays t~ > w- b~ WEIGHTED<=2
  Decay: w- > s c~ WEIGHTED<=2, t > w+ b WEIGHTED<=2
  Decay: w+ > c s~ WEIGHTED<=2 
INFO: Combining process with g u~ > t t~ g u~ QED=0 @2
  Decay: t > w+ b WEIGHTED<=2
    Decay: w+ > u d~ WEIGHTED<=2
  Decay: t~ > w- b~ WEIGHTED<=2
    Decay: w- > s c~ WEIGHTED<=2 
INFO: Combine g u~ > t t~ g u~ QED=0 @2 with decays t~ > w- b~ WEIGHTED<=2
  Decay: w- > s c~ WEIGHTED<=2, t > w+ b WEIGHTED<=2
  Decay: w+ > c b~ WEIGHTED<=2 
INFO: Combine g u~ > t t~ g u~ QED=0 @2 with decays t~ > w- b~ WEIGHTED<=2
  Decay: w- > b u~ WEIGHTED<=2, t > w+ b WEIGHTED<=2
  Decay: w+ > u d~ WEIGHTED<=2 
INFO: Combine g u~ > t t~ g u~ QED=0 @2 with decays t~ > w- b~ WEIGHTED<=2
  Decay: w- > b u~ WEIGHTED<=2, t > w+ b WEIGHTED<=2
  Decay: w+ > u s~ WEIGHTED<=2 
INFO: Combine g u~ > t t~ g u~ QED=0 @2 with decays t~ > w- b~ WEIGHTED<=2
  Decay: w- > b u~ WEIGHTED<=2, t > w+ b WEIGHTED<=2
  Decay: w+ > u b~ WEIGHTED<=2 
INFO: Combine g u~ > t t~ g u~ QED=0 @2 with decays t~ > w- b~ WEIGHTED<=2
  Decay: w- > b u~ WEIGHTED<=2, t > w+ b WEIGHTED<=2
  Decay: w+ > c d~ WEIGHTED<=2 
INFO: Combine g u~ > t t~ g u~ QED=0 @2 with decays t~ > w- b~ WEIGHTED<=2
  Decay: w- > b u~ WEIGHTED<=2, t > w+ b WEIGHTED<=2
  Decay: w+ > c s~ WEIGHTED<=2 
INFO: Combining process with g u~ > t t~ g u~ QED=0 @2
  Decay: t > w+ b WEIGHTED<=2
    Decay: w+ > u d~ WEIGHTED<=2
  Decay: t~ > w- b~ WEIGHTED<=2
    Decay: w- > b u~ WEIGHTED<=2 
INFO: Combine g u~ > t t~ g u~ QED=0 @2 with decays t~ > w- b~ WEIGHTED<=2
  Decay: w- > b u~ WEIGHTED<=2, t > w+ b WEIGHTED<=2
  Decay: w+ > c b~ WEIGHTED<=2 
INFO: Combine g u~ > t t~ g u~ QED=0 @2 with decays t~ > w- b~ WEIGHTED<=2
  Decay: w- > b c~ WEIGHTED<=2, t > w+ b WEIGHTED<=2
  Decay: w+ > u d~ WEIGHTED<=2 
INFO: Combine g u~ > t t~ g u~ QED=0 @2 with decays t~ > w- b~ WEIGHTED<=2
  Decay: w- > b c~ WEIGHTED<=2, t > w+ b WEIGHTED<=2
  Decay: w+ > u s~ WEIGHTED<=2 
INFO: Combine g u~ > t t~ g u~ QED=0 @2 with decays t~ > w- b~ WEIGHTED<=2
  Decay: w- > b c~ WEIGHTED<=2, t > w+ b WEIGHTED<=2
  Decay: w+ > u b~ WEIGHTED<=2 
INFO: Combine g u~ > t t~ g u~ QED=0 @2 with decays t~ > w- b~ WEIGHTED<=2
  Decay: w- > b c~ WEIGHTED<=2, t > w+ b WEIGHTED<=2
  Decay: w+ > c d~ WEIGHTED<=2 
INFO: Combine g u~ > t t~ g u~ QED=0 @2 with decays t~ > w- b~ WEIGHTED<=2
  Decay: w- > b c~ WEIGHTED<=2, t > w+ b WEIGHTED<=2
  Decay: w+ > c s~ WEIGHTED<=2 
INFO: Combining process with g u~ > t t~ g u~ QED=0 @2
  Decay: t > w+ b WEIGHTED<=2
    Decay: w+ > u d~ WEIGHTED<=2
  Decay: t~ > w- b~ WEIGHTED<=2
    Decay: w- > b c~ WEIGHTED<=2 
INFO: Combine g u~ > t t~ g u~ QED=0 @2 with decays t~ > w- b~ WEIGHTED<=2
  Decay: w- > b c~ WEIGHTED<=2, t > w+ b WEIGHTED<=2
  Decay: w+ > c b~ WEIGHTED<=2 
INFO: Combine u u > t t~ u u QED=0 @2 with decays t~ > w- b~ WEIGHTED<=2
  Decay: w- > d u~ WEIGHTED<=2, t > w+ b WEIGHTED<=2
  Decay: w+ > u d~ WEIGHTED<=2 
INFO: Combine u u > t t~ u u QED=0 @2 with decays t~ > w- b~ WEIGHTED<=2
  Decay: w- > d u~ WEIGHTED<=2, t > w+ b WEIGHTED<=2
  Decay: w+ > u s~ WEIGHTED<=2 
INFO: Combine u u > t t~ u u QED=0 @2 with decays t~ > w- b~ WEIGHTED<=2
  Decay: w- > d u~ WEIGHTED<=2, t > w+ b WEIGHTED<=2
  Decay: w+ > u b~ WEIGHTED<=2 
INFO: Combine u u > t t~ u u QED=0 @2 with decays t~ > w- b~ WEIGHTED<=2
  Decay: w- > d u~ WEIGHTED<=2, t > w+ b WEIGHTED<=2
  Decay: w+ > c d~ WEIGHTED<=2 
INFO: Combine u u > t t~ u u QED=0 @2 with decays t~ > w- b~ WEIGHTED<=2
  Decay: w- > d u~ WEIGHTED<=2, t > w+ b WEIGHTED<=2
  Decay: w+ > c s~ WEIGHTED<=2 
INFO: Combine u u > t t~ u u QED=0 @2 with decays t~ > w- b~ WEIGHTED<=2
  Decay: w- > d u~ WEIGHTED<=2, t > w+ b WEIGHTED<=2
  Decay: w+ > c b~ WEIGHTED<=2 
INFO: Combine u u > t t~ u u QED=0 @2 with decays t~ > w- b~ WEIGHTED<=2
  Decay: w- > d c~ WEIGHTED<=2, t > w+ b WEIGHTED<=2
  Decay: w+ > u d~ WEIGHTED<=2 
INFO: Combine u u > t t~ u u QED=0 @2 with decays t~ > w- b~ WEIGHTED<=2
  Decay: w- > d c~ WEIGHTED<=2, t > w+ b WEIGHTED<=2
  Decay: w+ > u s~ WEIGHTED<=2 
INFO: Combine u u > t t~ u u QED=0 @2 with decays t~ > w- b~ WEIGHTED<=2
  Decay: w- > d c~ WEIGHTED<=2, t > w+ b WEIGHTED<=2
  Decay: w+ > u b~ WEIGHTED<=2 
INFO: Combine u u > t t~ u u QED=0 @2 with decays t~ > w- b~ WEIGHTED<=2
  Decay: w- > d c~ WEIGHTED<=2, t > w+ b WEIGHTED<=2
  Decay: w+ > c d~ WEIGHTED<=2 
INFO: Combine u u > t t~ u u QED=0 @2 with decays t~ > w- b~ WEIGHTED<=2
  Decay: w- > d c~ WEIGHTED<=2, t > w+ b WEIGHTED<=2
  Decay: w+ > c s~ WEIGHTED<=2 
INFO: Combine u u > t t~ u u QED=0 @2 with decays t~ > w- b~ WEIGHTED<=2
  Decay: w- > d c~ WEIGHTED<=2, t > w+ b WEIGHTED<=2
  Decay: w+ > c b~ WEIGHTED<=2 
INFO: Combine u u > t t~ u u QED=0 @2 with decays t~ > w- b~ WEIGHTED<=2
  Decay: w- > s u~ WEIGHTED<=2, t > w+ b WEIGHTED<=2
  Decay: w+ > u d~ WEIGHTED<=2 
INFO: Combine u u > t t~ u u QED=0 @2 with decays t~ > w- b~ WEIGHTED<=2
  Decay: w- > s u~ WEIGHTED<=2, t > w+ b WEIGHTED<=2
  Decay: w+ > u s~ WEIGHTED<=2 
INFO: Combine u u > t t~ u u QED=0 @2 with decays t~ > w- b~ WEIGHTED<=2
  Decay: w- > s u~ WEIGHTED<=2, t > w+ b WEIGHTED<=2
  Decay: w+ > u b~ WEIGHTED<=2 
INFO: Combine u u > t t~ u u QED=0 @2 with decays t~ > w- b~ WEIGHTED<=2
  Decay: w- > s u~ WEIGHTED<=2, t > w+ b WEIGHTED<=2
  Decay: w+ > c d~ WEIGHTED<=2 
INFO: Combine u u > t t~ u u QED=0 @2 with decays t~ > w- b~ WEIGHTED<=2
  Decay: w- > s u~ WEIGHTED<=2, t > w+ b WEIGHTED<=2
  Decay: w+ > c s~ WEIGHTED<=2 
INFO: Combine u u > t t~ u u QED=0 @2 with decays t~ > w- b~ WEIGHTED<=2
  Decay: w- > s u~ WEIGHTED<=2, t > w+ b WEIGHTED<=2
  Decay: w+ > c b~ WEIGHTED<=2 
INFO: Combine u u > t t~ u u QED=0 @2 with decays t~ > w- b~ WEIGHTED<=2
  Decay: w- > s c~ WEIGHTED<=2, t > w+ b WEIGHTED<=2
  Decay: w+ > u d~ WEIGHTED<=2 
INFO: Combining process with u u > t t~ u u QED=0 @2
  Decay: t > w+ b WEIGHTED<=2
    Decay: w+ > u d~ WEIGHTED<=2
  Decay: t~ > w- b~ WEIGHTED<=2
    Decay: w- > d u~ WEIGHTED<=2 
INFO: Combine u u > t t~ u u QED=0 @2 with decays t~ > w- b~ WEIGHTED<=2
  Decay: w- > s c~ WEIGHTED<=2, t > w+ b WEIGHTED<=2
  Decay: w+ > u s~ WEIGHTED<=2 
INFO: Combining process with u u > t t~ u u QED=0 @2
  Decay: t > w+ b WEIGHTED<=2
    Decay: w+ > u s~ WEIGHTED<=2
  Decay: t~ > w- b~ WEIGHTED<=2
    Decay: w- > d u~ WEIGHTED<=2 
INFO: Combine u u > t t~ u u QED=0 @2 with decays t~ > w- b~ WEIGHTED<=2
  Decay: w- > s c~ WEIGHTED<=2, t > w+ b WEIGHTED<=2
  Decay: w+ > u b~ WEIGHTED<=2 
INFO: Combining process with u u > t t~ u u QED=0 @2
  Decay: t > w+ b WEIGHTED<=2
    Decay: w+ > u b~ WEIGHTED<=2
  Decay: t~ > w- b~ WEIGHTED<=2
    Decay: w- > d u~ WEIGHTED<=2 
INFO: Combine u u > t t~ u u QED=0 @2 with decays t~ > w- b~ WEIGHTED<=2
  Decay: w- > s c~ WEIGHTED<=2, t > w+ b WEIGHTED<=2
  Decay: w+ > c d~ WEIGHTED<=2 
INFO: Combining process with u u > t t~ u u QED=0 @2
  Decay: t > w+ b WEIGHTED<=2
    Decay: w+ > c d~ WEIGHTED<=2
  Decay: t~ > w- b~ WEIGHTED<=2
    Decay: w- > d u~ WEIGHTED<=2 
INFO: Combine u u > t t~ u u QED=0 @2 with decays t~ > w- b~ WEIGHTED<=2
  Decay: w- > s c~ WEIGHTED<=2, t > w+ b WEIGHTED<=2
  Decay: w+ > c s~ WEIGHTED<=2 
INFO: Combining process with u u > t t~ u u QED=0 @2
  Decay: t > w+ b WEIGHTED<=2
    Decay: w+ > c s~ WEIGHTED<=2
  Decay: t~ > w- b~ WEIGHTED<=2
    Decay: w- > d u~ WEIGHTED<=2 
INFO: Combine u u > t t~ u u QED=0 @2 with decays t~ > w- b~ WEIGHTED<=2
  Decay: w- > s c~ WEIGHTED<=2, t > w+ b WEIGHTED<=2
  Decay: w+ > c b~ WEIGHTED<=2 
INFO: Combining process with u u > t t~ u u QED=0 @2
  Decay: t > w+ b WEIGHTED<=2
    Decay: w+ > c b~ WEIGHTED<=2
  Decay: t~ > w- b~ WEIGHTED<=2
    Decay: w- > d u~ WEIGHTED<=2 
INFO: Combine u u > t t~ u u QED=0 @2 with decays t~ > w- b~ WEIGHTED<=2
  Decay: w- > b u~ WEIGHTED<=2, t > w+ b WEIGHTED<=2
  Decay: w+ > u d~ WEIGHTED<=2 
INFO: Combine u u > t t~ u u QED=0 @2 with decays t~ > w- b~ WEIGHTED<=2
  Decay: w- > b u~ WEIGHTED<=2, t > w+ b WEIGHTED<=2
  Decay: w+ > u s~ WEIGHTED<=2 
INFO: Combine u u > t t~ u u QED=0 @2 with decays t~ > w- b~ WEIGHTED<=2
  Decay: w- > b u~ WEIGHTED<=2, t > w+ b WEIGHTED<=2
  Decay: w+ > u b~ WEIGHTED<=2 
INFO: Combine u u > t t~ u u QED=0 @2 with decays t~ > w- b~ WEIGHTED<=2
  Decay: w- > b u~ WEIGHTED<=2, t > w+ b WEIGHTED<=2
  Decay: w+ > c d~ WEIGHTED<=2 
INFO: Combine u u > t t~ u u QED=0 @2 with decays t~ > w- b~ WEIGHTED<=2
  Decay: w- > b u~ WEIGHTED<=2, t > w+ b WEIGHTED<=2
  Decay: w+ > c s~ WEIGHTED<=2 
INFO: Combine u u > t t~ u u QED=0 @2 with decays t~ > w- b~ WEIGHTED<=2
  Decay: w- > b u~ WEIGHTED<=2, t > w+ b WEIGHTED<=2
  Decay: w+ > c b~ WEIGHTED<=2 
INFO: Combine u u > t t~ u u QED=0 @2 with decays t~ > w- b~ WEIGHTED<=2
  Decay: w- > b c~ WEIGHTED<=2, t > w+ b WEIGHTED<=2
  Decay: w+ > u d~ WEIGHTED<=2 
INFO: Combine u u > t t~ u u QED=0 @2 with decays t~ > w- b~ WEIGHTED<=2
  Decay: w- > b c~ WEIGHTED<=2, t > w+ b WEIGHTED<=2
  Decay: w+ > u s~ WEIGHTED<=2 
INFO: Combine u u > t t~ u u QED=0 @2 with decays t~ > w- b~ WEIGHTED<=2
  Decay: w- > b c~ WEIGHTED<=2, t > w+ b WEIGHTED<=2
  Decay: w+ > u b~ WEIGHTED<=2 
INFO: Combine u u > t t~ u u QED=0 @2 with decays t~ > w- b~ WEIGHTED<=2
  Decay: w- > b c~ WEIGHTED<=2, t > w+ b WEIGHTED<=2
  Decay: w+ > c d~ WEIGHTED<=2 
INFO: Combine u u > t t~ u u QED=0 @2 with decays t~ > w- b~ WEIGHTED<=2
  Decay: w- > b c~ WEIGHTED<=2, t > w+ b WEIGHTED<=2
  Decay: w+ > c s~ WEIGHTED<=2 
INFO: Combine u u > t t~ u u QED=0 @2 with decays t~ > w- b~ WEIGHTED<=2
  Decay: w- > b c~ WEIGHTED<=2, t > w+ b WEIGHTED<=2
  Decay: w+ > c b~ WEIGHTED<=2 
INFO: Combine u c > t t~ u c QED=0 @2 with decays t~ > w- b~ WEIGHTED<=2
  Decay: w- > d u~ WEIGHTED<=2, t > w+ b WEIGHTED<=2
  Decay: w+ > u d~ WEIGHTED<=2 
INFO: Combine u c > t t~ u c QED=0 @2 with decays t~ > w- b~ WEIGHTED<=2
  Decay: w- > d u~ WEIGHTED<=2, t > w+ b WEIGHTED<=2
  Decay: w+ > u s~ WEIGHTED<=2 
INFO: Combine u c > t t~ u c QED=0 @2 with decays t~ > w- b~ WEIGHTED<=2
  Decay: w- > d u~ WEIGHTED<=2, t > w+ b WEIGHTED<=2
  Decay: w+ > u b~ WEIGHTED<=2 
INFO: Combine u c > t t~ u c QED=0 @2 with decays t~ > w- b~ WEIGHTED<=2
  Decay: w- > d u~ WEIGHTED<=2, t > w+ b WEIGHTED<=2
  Decay: w+ > c d~ WEIGHTED<=2 
INFO: Combine u c > t t~ u c QED=0 @2 with decays t~ > w- b~ WEIGHTED<=2
  Decay: w- > d u~ WEIGHTED<=2, t > w+ b WEIGHTED<=2
  Decay: w+ > c s~ WEIGHTED<=2 
INFO: Combine u c > t t~ u c QED=0 @2 with decays t~ > w- b~ WEIGHTED<=2
  Decay: w- > d u~ WEIGHTED<=2, t > w+ b WEIGHTED<=2
  Decay: w+ > c b~ WEIGHTED<=2 
INFO: Combine u c > t t~ u c QED=0 @2 with decays t~ > w- b~ WEIGHTED<=2
  Decay: w- > d c~ WEIGHTED<=2, t > w+ b WEIGHTED<=2
  Decay: w+ > u d~ WEIGHTED<=2 
INFO: Combine u c > t t~ u c QED=0 @2 with decays t~ > w- b~ WEIGHTED<=2
  Decay: w- > d c~ WEIGHTED<=2, t > w+ b WEIGHTED<=2
  Decay: w+ > u s~ WEIGHTED<=2 
INFO: Combine u c > t t~ u c QED=0 @2 with decays t~ > w- b~ WEIGHTED<=2
  Decay: w- > d c~ WEIGHTED<=2, t > w+ b WEIGHTED<=2
  Decay: w+ > u b~ WEIGHTED<=2 
INFO: Combine u c > t t~ u c QED=0 @2 with decays t~ > w- b~ WEIGHTED<=2
  Decay: w- > d c~ WEIGHTED<=2, t > w+ b WEIGHTED<=2
  Decay: w+ > c d~ WEIGHTED<=2 
INFO: Combine u c > t t~ u c QED=0 @2 with decays t~ > w- b~ WEIGHTED<=2
  Decay: w- > d c~ WEIGHTED<=2, t > w+ b WEIGHTED<=2
  Decay: w+ > c s~ WEIGHTED<=2 
INFO: Combine u c > t t~ u c QED=0 @2 with decays t~ > w- b~ WEIGHTED<=2
  Decay: w- > d c~ WEIGHTED<=2, t > w+ b WEIGHTED<=2
  Decay: w+ > c b~ WEIGHTED<=2 
INFO: Combine u c > t t~ u c QED=0 @2 with decays t~ > w- b~ WEIGHTED<=2
  Decay: w- > s u~ WEIGHTED<=2, t > w+ b WEIGHTED<=2
  Decay: w+ > u d~ WEIGHTED<=2 
INFO: Combine u c > t t~ u c QED=0 @2 with decays t~ > w- b~ WEIGHTED<=2
  Decay: w- > s u~ WEIGHTED<=2, t > w+ b WEIGHTED<=2
  Decay: w+ > u s~ WEIGHTED<=2 
INFO: Combine u c > t t~ u c QED=0 @2 with decays t~ > w- b~ WEIGHTED<=2
  Decay: w- > s u~ WEIGHTED<=2, t > w+ b WEIGHTED<=2
  Decay: w+ > u b~ WEIGHTED<=2 
INFO: Combine u c > t t~ u c QED=0 @2 with decays t~ > w- b~ WEIGHTED<=2
  Decay: w- > s u~ WEIGHTED<=2, t > w+ b WEIGHTED<=2
  Decay: w+ > c d~ WEIGHTED<=2 
INFO: Combine u c > t t~ u c QED=0 @2 with decays t~ > w- b~ WEIGHTED<=2
  Decay: w- > s u~ WEIGHTED<=2, t > w+ b WEIGHTED<=2
  Decay: w+ > c s~ WEIGHTED<=2 
INFO: Combine u c > t t~ u c QED=0 @2 with decays t~ > w- b~ WEIGHTED<=2
  Decay: w- > s u~ WEIGHTED<=2, t > w+ b WEIGHTED<=2
  Decay: w+ > c b~ WEIGHTED<=2 
INFO: Combine u c > t t~ u c QED=0 @2 with decays t~ > w- b~ WEIGHTED<=2
  Decay: w- > s c~ WEIGHTED<=2, t > w+ b WEIGHTED<=2
  Decay: w+ > u d~ WEIGHTED<=2 
INFO: Combining process with u c > t t~ u c QED=0 @2
  Decay: t > w+ b WEIGHTED<=2
    Decay: w+ > u d~ WEIGHTED<=2
  Decay: t~ > w- b~ WEIGHTED<=2
    Decay: w- > d u~ WEIGHTED<=2 
INFO: Combine u c > t t~ u c QED=0 @2 with decays t~ > w- b~ WEIGHTED<=2
  Decay: w- > s c~ WEIGHTED<=2, t > w+ b WEIGHTED<=2
  Decay: w+ > u s~ WEIGHTED<=2 
INFO: Combining process with u c > t t~ u c QED=0 @2
  Decay: t > w+ b WEIGHTED<=2
    Decay: w+ > u s~ WEIGHTED<=2
  Decay: t~ > w- b~ WEIGHTED<=2
    Decay: w- > d u~ WEIGHTED<=2 
INFO: Combine u c > t t~ u c QED=0 @2 with decays t~ > w- b~ WEIGHTED<=2
  Decay: w- > s c~ WEIGHTED<=2, t > w+ b WEIGHTED<=2
  Decay: w+ > u b~ WEIGHTED<=2 
INFO: Combining process with u c > t t~ u c QED=0 @2
  Decay: t > w+ b WEIGHTED<=2
    Decay: w+ > u b~ WEIGHTED<=2
  Decay: t~ > w- b~ WEIGHTED<=2
    Decay: w- > d u~ WEIGHTED<=2 
INFO: Combine u c > t t~ u c QED=0 @2 with decays t~ > w- b~ WEIGHTED<=2
  Decay: w- > s c~ WEIGHTED<=2, t > w+ b WEIGHTED<=2
  Decay: w+ > c d~ WEIGHTED<=2 
INFO: Combining process with u c > t t~ u c QED=0 @2
  Decay: t > w+ b WEIGHTED<=2
    Decay: w+ > c d~ WEIGHTED<=2
  Decay: t~ > w- b~ WEIGHTED<=2
    Decay: w- > d u~ WEIGHTED<=2 
INFO: Combine u c > t t~ u c QED=0 @2 with decays t~ > w- b~ WEIGHTED<=2
  Decay: w- > s c~ WEIGHTED<=2, t > w+ b WEIGHTED<=2
  Decay: w+ > c s~ WEIGHTED<=2 
INFO: Combining process with u c > t t~ u c QED=0 @2
  Decay: t > w+ b WEIGHTED<=2
    Decay: w+ > c s~ WEIGHTED<=2
  Decay: t~ > w- b~ WEIGHTED<=2
    Decay: w- > d u~ WEIGHTED<=2 
INFO: Combine u c > t t~ u c QED=0 @2 with decays t~ > w- b~ WEIGHTED<=2
  Decay: w- > s c~ WEIGHTED<=2, t > w+ b WEIGHTED<=2
  Decay: w+ > c b~ WEIGHTED<=2 
INFO: Combining process with u c > t t~ u c QED=0 @2
  Decay: t > w+ b WEIGHTED<=2
    Decay: w+ > c b~ WEIGHTED<=2
  Decay: t~ > w- b~ WEIGHTED<=2
    Decay: w- > d u~ WEIGHTED<=2 
INFO: Combine u c > t t~ u c QED=0 @2 with decays t~ > w- b~ WEIGHTED<=2
  Decay: w- > b u~ WEIGHTED<=2, t > w+ b WEIGHTED<=2
  Decay: w+ > u d~ WEIGHTED<=2 
INFO: Combine u c > t t~ u c QED=0 @2 with decays t~ > w- b~ WEIGHTED<=2
  Decay: w- > b u~ WEIGHTED<=2, t > w+ b WEIGHTED<=2
  Decay: w+ > u s~ WEIGHTED<=2 
INFO: Combine u c > t t~ u c QED=0 @2 with decays t~ > w- b~ WEIGHTED<=2
  Decay: w- > b u~ WEIGHTED<=2, t > w+ b WEIGHTED<=2
  Decay: w+ > u b~ WEIGHTED<=2 
INFO: Combine u c > t t~ u c QED=0 @2 with decays t~ > w- b~ WEIGHTED<=2
  Decay: w- > b u~ WEIGHTED<=2, t > w+ b WEIGHTED<=2
  Decay: w+ > c d~ WEIGHTED<=2 
INFO: Combine u c > t t~ u c QED=0 @2 with decays t~ > w- b~ WEIGHTED<=2
  Decay: w- > b u~ WEIGHTED<=2, t > w+ b WEIGHTED<=2
  Decay: w+ > c s~ WEIGHTED<=2 
INFO: Combine u c > t t~ u c QED=0 @2 with decays t~ > w- b~ WEIGHTED<=2
  Decay: w- > b u~ WEIGHTED<=2, t > w+ b WEIGHTED<=2
  Decay: w+ > c b~ WEIGHTED<=2 
INFO: Combine u c > t t~ u c QED=0 @2 with decays t~ > w- b~ WEIGHTED<=2
  Decay: w- > b c~ WEIGHTED<=2, t > w+ b WEIGHTED<=2
  Decay: w+ > u d~ WEIGHTED<=2 
INFO: Combine u c > t t~ u c QED=0 @2 with decays t~ > w- b~ WEIGHTED<=2
  Decay: w- > b c~ WEIGHTED<=2, t > w+ b WEIGHTED<=2
  Decay: w+ > u s~ WEIGHTED<=2 
INFO: Combine u c > t t~ u c QED=0 @2 with decays t~ > w- b~ WEIGHTED<=2
  Decay: w- > b c~ WEIGHTED<=2, t > w+ b WEIGHTED<=2
  Decay: w+ > u b~ WEIGHTED<=2 
INFO: Combine u c > t t~ u c QED=0 @2 with decays t~ > w- b~ WEIGHTED<=2
  Decay: w- > b c~ WEIGHTED<=2, t > w+ b WEIGHTED<=2
  Decay: w+ > c d~ WEIGHTED<=2 
INFO: Combine u c > t t~ u c QED=0 @2 with decays t~ > w- b~ WEIGHTED<=2
  Decay: w- > b c~ WEIGHTED<=2, t > w+ b WEIGHTED<=2
  Decay: w+ > c s~ WEIGHTED<=2 
INFO: Combine u c > t t~ u c QED=0 @2 with decays t~ > w- b~ WEIGHTED<=2
  Decay: w- > b c~ WEIGHTED<=2, t > w+ b WEIGHTED<=2
  Decay: w+ > c b~ WEIGHTED<=2 
INFO: Combine u u~ > t t~ g g QED=0 @2 with decays t~ > w- b~ WEIGHTED<=2
  Decay: w- > d u~ WEIGHTED<=2, t > w+ b WEIGHTED<=2
  Decay: w+ > u d~ WEIGHTED<=2 
INFO: Combine u u~ > t t~ g g QED=0 @2 with decays t~ > w- b~ WEIGHTED<=2
  Decay: w- > d u~ WEIGHTED<=2, t > w+ b WEIGHTED<=2
  Decay: w+ > u s~ WEIGHTED<=2 
INFO: Combine u u~ > t t~ g g QED=0 @2 with decays t~ > w- b~ WEIGHTED<=2
  Decay: w- > d u~ WEIGHTED<=2, t > w+ b WEIGHTED<=2
  Decay: w+ > u b~ WEIGHTED<=2 
INFO: Combine u u~ > t t~ g g QED=0 @2 with decays t~ > w- b~ WEIGHTED<=2
  Decay: w- > d u~ WEIGHTED<=2, t > w+ b WEIGHTED<=2
  Decay: w+ > c d~ WEIGHTED<=2 
INFO: Combine u u~ > t t~ g g QED=0 @2 with decays t~ > w- b~ WEIGHTED<=2
  Decay: w- > d u~ WEIGHTED<=2, t > w+ b WEIGHTED<=2
  Decay: w+ > c s~ WEIGHTED<=2 
INFO: Combining process with u u~ > t t~ g g QED=0 @2
  Decay: t > w+ b WEIGHTED<=2
    Decay: w+ > u d~ WEIGHTED<=2
  Decay: t~ > w- b~ WEIGHTED<=2
    Decay: w- > d u~ WEIGHTED<=2 
INFO: Combine u u~ > t t~ g g QED=0 @2 with decays t~ > w- b~ WEIGHTED<=2
  Decay: w- > d u~ WEIGHTED<=2, t > w+ b WEIGHTED<=2
  Decay: w+ > c b~ WEIGHTED<=2 
INFO: Combine u u~ > t t~ g g QED=0 @2 with decays t~ > w- b~ WEIGHTED<=2
  Decay: w- > d c~ WEIGHTED<=2, t > w+ b WEIGHTED<=2
  Decay: w+ > u d~ WEIGHTED<=2 
INFO: Combine u u~ > t t~ g g QED=0 @2 with decays t~ > w- b~ WEIGHTED<=2
  Decay: w- > d c~ WEIGHTED<=2, t > w+ b WEIGHTED<=2
  Decay: w+ > u s~ WEIGHTED<=2 
INFO: Combine u u~ > t t~ g g QED=0 @2 with decays t~ > w- b~ WEIGHTED<=2
  Decay: w- > d c~ WEIGHTED<=2, t > w+ b WEIGHTED<=2
  Decay: w+ > u b~ WEIGHTED<=2 
INFO: Combine u u~ > t t~ g g QED=0 @2 with decays t~ > w- b~ WEIGHTED<=2
  Decay: w- > d c~ WEIGHTED<=2, t > w+ b WEIGHTED<=2
  Decay: w+ > c d~ WEIGHTED<=2 
INFO: Combine u u~ > t t~ g g QED=0 @2 with decays t~ > w- b~ WEIGHTED<=2
  Decay: w- > d c~ WEIGHTED<=2, t > w+ b WEIGHTED<=2
  Decay: w+ > c s~ WEIGHTED<=2 
INFO: Combining process with u u~ > t t~ g g QED=0 @2
  Decay: t > w+ b WEIGHTED<=2
    Decay: w+ > u d~ WEIGHTED<=2
  Decay: t~ > w- b~ WEIGHTED<=2
    Decay: w- > d c~ WEIGHTED<=2 
INFO: Combine u u~ > t t~ g g QED=0 @2 with decays t~ > w- b~ WEIGHTED<=2
  Decay: w- > d c~ WEIGHTED<=2, t > w+ b WEIGHTED<=2
  Decay: w+ > c b~ WEIGHTED<=2 
INFO: Combine u u~ > t t~ g g QED=0 @2 with decays t~ > w- b~ WEIGHTED<=2
  Decay: w- > s u~ WEIGHTED<=2, t > w+ b WEIGHTED<=2
  Decay: w+ > u d~ WEIGHTED<=2 
INFO: Combine u u~ > t t~ g g QED=0 @2 with decays t~ > w- b~ WEIGHTED<=2
  Decay: w- > s u~ WEIGHTED<=2, t > w+ b WEIGHTED<=2
  Decay: w+ > u s~ WEIGHTED<=2 
INFO: Combine u u~ > t t~ g g QED=0 @2 with decays t~ > w- b~ WEIGHTED<=2
  Decay: w- > s u~ WEIGHTED<=2, t > w+ b WEIGHTED<=2
  Decay: w+ > u b~ WEIGHTED<=2 
INFO: Combine u u~ > t t~ g g QED=0 @2 with decays t~ > w- b~ WEIGHTED<=2
  Decay: w- > s u~ WEIGHTED<=2, t > w+ b WEIGHTED<=2
  Decay: w+ > c d~ WEIGHTED<=2 
INFO: Combine u u~ > t t~ g g QED=0 @2 with decays t~ > w- b~ WEIGHTED<=2
  Decay: w- > s u~ WEIGHTED<=2, t > w+ b WEIGHTED<=2
  Decay: w+ > c s~ WEIGHTED<=2 
INFO: Combining process with u u~ > t t~ g g QED=0 @2
  Decay: t > w+ b WEIGHTED<=2
    Decay: w+ > u d~ WEIGHTED<=2
  Decay: t~ > w- b~ WEIGHTED<=2
    Decay: w- > s u~ WEIGHTED<=2 
INFO: Combine u u~ > t t~ g g QED=0 @2 with decays t~ > w- b~ WEIGHTED<=2
  Decay: w- > s u~ WEIGHTED<=2, t > w+ b WEIGHTED<=2
  Decay: w+ > c b~ WEIGHTED<=2 
INFO: Combine u u~ > t t~ g g QED=0 @2 with decays t~ > w- b~ WEIGHTED<=2
  Decay: w- > s c~ WEIGHTED<=2, t > w+ b WEIGHTED<=2
  Decay: w+ > u d~ WEIGHTED<=2 
INFO: Combining process with u u~ > t t~ g g QED=0 @2
  Decay: t > w+ b WEIGHTED<=2
    Decay: w+ > u d~ WEIGHTED<=2
  Decay: t~ > w- b~ WEIGHTED<=2
    Decay: w- > d u~ WEIGHTED<=2 
INFO: Combine u u~ > t t~ g g QED=0 @2 with decays t~ > w- b~ WEIGHTED<=2
  Decay: w- > s c~ WEIGHTED<=2, t > w+ b WEIGHTED<=2
  Decay: w+ > u s~ WEIGHTED<=2 
INFO: Combining process with u u~ > t t~ g g QED=0 @2
  Decay: t > w+ b WEIGHTED<=2
    Decay: w+ > u s~ WEIGHTED<=2
  Decay: t~ > w- b~ WEIGHTED<=2
    Decay: w- > d u~ WEIGHTED<=2 
INFO: Combine u u~ > t t~ g g QED=0 @2 with decays t~ > w- b~ WEIGHTED<=2
  Decay: w- > s c~ WEIGHTED<=2, t > w+ b WEIGHTED<=2
  Decay: w+ > u b~ WEIGHTED<=2 
INFO: Combining process with u u~ > t t~ g g QED=0 @2
  Decay: t > w+ b WEIGHTED<=2
    Decay: w+ > u b~ WEIGHTED<=2
  Decay: t~ > w- b~ WEIGHTED<=2
    Decay: w- > d u~ WEIGHTED<=2 
INFO: Combine u u~ > t t~ g g QED=0 @2 with decays t~ > w- b~ WEIGHTED<=2
  Decay: w- > s c~ WEIGHTED<=2, t > w+ b WEIGHTED<=2
  Decay: w+ > c d~ WEIGHTED<=2 
INFO: Combining process with u u~ > t t~ g g QED=0 @2
  Decay: t > w+ b WEIGHTED<=2
    Decay: w+ > c d~ WEIGHTED<=2
  Decay: t~ > w- b~ WEIGHTED<=2
    Decay: w- > d u~ WEIGHTED<=2 
INFO: Combine u u~ > t t~ g g QED=0 @2 with decays t~ > w- b~ WEIGHTED<=2
  Decay: w- > s c~ WEIGHTED<=2, t > w+ b WEIGHTED<=2
  Decay: w+ > c s~ WEIGHTED<=2 
INFO: Combining process with u u~ > t t~ g g QED=0 @2
  Decay: t > w+ b WEIGHTED<=2
    Decay: w+ > u d~ WEIGHTED<=2
  Decay: t~ > w- b~ WEIGHTED<=2
    Decay: w- > d u~ WEIGHTED<=2 
INFO: Combine u u~ > t t~ g g QED=0 @2 with decays t~ > w- b~ WEIGHTED<=2
  Decay: w- > s c~ WEIGHTED<=2, t > w+ b WEIGHTED<=2
  Decay: w+ > c b~ WEIGHTED<=2 
INFO: Combining process with u u~ > t t~ g g QED=0 @2
  Decay: t > w+ b WEIGHTED<=2
    Decay: w+ > c b~ WEIGHTED<=2
  Decay: t~ > w- b~ WEIGHTED<=2
    Decay: w- > d u~ WEIGHTED<=2 
INFO: Combine u u~ > t t~ g g QED=0 @2 with decays t~ > w- b~ WEIGHTED<=2
  Decay: w- > b u~ WEIGHTED<=2, t > w+ b WEIGHTED<=2
  Decay: w+ > u d~ WEIGHTED<=2 
INFO: Combine u u~ > t t~ g g QED=0 @2 with decays t~ > w- b~ WEIGHTED<=2
  Decay: w- > b u~ WEIGHTED<=2, t > w+ b WEIGHTED<=2
  Decay: w+ > u s~ WEIGHTED<=2 
INFO: Combine u u~ > t t~ g g QED=0 @2 with decays t~ > w- b~ WEIGHTED<=2
  Decay: w- > b u~ WEIGHTED<=2, t > w+ b WEIGHTED<=2
  Decay: w+ > u b~ WEIGHTED<=2 
INFO: Combine u u~ > t t~ g g QED=0 @2 with decays t~ > w- b~ WEIGHTED<=2
  Decay: w- > b u~ WEIGHTED<=2, t > w+ b WEIGHTED<=2
  Decay: w+ > c d~ WEIGHTED<=2 
INFO: Combine u u~ > t t~ g g QED=0 @2 with decays t~ > w- b~ WEIGHTED<=2
  Decay: w- > b u~ WEIGHTED<=2, t > w+ b WEIGHTED<=2
  Decay: w+ > c s~ WEIGHTED<=2 
INFO: Combining process with u u~ > t t~ g g QED=0 @2
  Decay: t > w+ b WEIGHTED<=2
    Decay: w+ > u d~ WEIGHTED<=2
  Decay: t~ > w- b~ WEIGHTED<=2
    Decay: w- > b u~ WEIGHTED<=2 
INFO: Combine u u~ > t t~ g g QED=0 @2 with decays t~ > w- b~ WEIGHTED<=2
  Decay: w- > b u~ WEIGHTED<=2, t > w+ b WEIGHTED<=2
  Decay: w+ > c b~ WEIGHTED<=2 
INFO: Combine u u~ > t t~ g g QED=0 @2 with decays t~ > w- b~ WEIGHTED<=2
  Decay: w- > b c~ WEIGHTED<=2, t > w+ b WEIGHTED<=2
  Decay: w+ > u d~ WEIGHTED<=2 
INFO: Combine u u~ > t t~ g g QED=0 @2 with decays t~ > w- b~ WEIGHTED<=2
  Decay: w- > b c~ WEIGHTED<=2, t > w+ b WEIGHTED<=2
  Decay: w+ > u s~ WEIGHTED<=2 
INFO: Combine u u~ > t t~ g g QED=0 @2 with decays t~ > w- b~ WEIGHTED<=2
  Decay: w- > b c~ WEIGHTED<=2, t > w+ b WEIGHTED<=2
  Decay: w+ > u b~ WEIGHTED<=2 
INFO: Combine u u~ > t t~ g g QED=0 @2 with decays t~ > w- b~ WEIGHTED<=2
  Decay: w- > b c~ WEIGHTED<=2, t > w+ b WEIGHTED<=2
  Decay: w+ > c d~ WEIGHTED<=2 
INFO: Combine u u~ > t t~ g g QED=0 @2 with decays t~ > w- b~ WEIGHTED<=2
  Decay: w- > b c~ WEIGHTED<=2, t > w+ b WEIGHTED<=2
  Decay: w+ > c s~ WEIGHTED<=2 
INFO: Combining process with u u~ > t t~ g g QED=0 @2
  Decay: t > w+ b WEIGHTED<=2
    Decay: w+ > u d~ WEIGHTED<=2
  Decay: t~ > w- b~ WEIGHTED<=2
    Decay: w- > b c~ WEIGHTED<=2 
INFO: Combine u u~ > t t~ g g QED=0 @2 with decays t~ > w- b~ WEIGHTED<=2
  Decay: w- > b c~ WEIGHTED<=2, t > w+ b WEIGHTED<=2
  Decay: w+ > c b~ WEIGHTED<=2 
INFO: Combine u u~ > t t~ u u~ QED=0 @2 with decays t~ > w- b~ WEIGHTED<=2
  Decay: w- > d u~ WEIGHTED<=2, t > w+ b WEIGHTED<=2
  Decay: w+ > u d~ WEIGHTED<=2 
INFO: Combine u u~ > t t~ u u~ QED=0 @2 with decays t~ > w- b~ WEIGHTED<=2
  Decay: w- > d u~ WEIGHTED<=2, t > w+ b WEIGHTED<=2
  Decay: w+ > u s~ WEIGHTED<=2 
INFO: Combine u u~ > t t~ u u~ QED=0 @2 with decays t~ > w- b~ WEIGHTED<=2
  Decay: w- > d u~ WEIGHTED<=2, t > w+ b WEIGHTED<=2
  Decay: w+ > u b~ WEIGHTED<=2 
INFO: Combine u u~ > t t~ u u~ QED=0 @2 with decays t~ > w- b~ WEIGHTED<=2
  Decay: w- > d u~ WEIGHTED<=2, t > w+ b WEIGHTED<=2
  Decay: w+ > c d~ WEIGHTED<=2 
INFO: Combine u u~ > t t~ u u~ QED=0 @2 with decays t~ > w- b~ WEIGHTED<=2
  Decay: w- > d u~ WEIGHTED<=2, t > w+ b WEIGHTED<=2
  Decay: w+ > c s~ WEIGHTED<=2 
INFO: Combine u u~ > t t~ u u~ QED=0 @2 with decays t~ > w- b~ WEIGHTED<=2
  Decay: w- > d u~ WEIGHTED<=2, t > w+ b WEIGHTED<=2
  Decay: w+ > c b~ WEIGHTED<=2 
INFO: Combine u u~ > t t~ u u~ QED=0 @2 with decays t~ > w- b~ WEIGHTED<=2
  Decay: w- > d c~ WEIGHTED<=2, t > w+ b WEIGHTED<=2
  Decay: w+ > u d~ WEIGHTED<=2 
INFO: Combine u u~ > t t~ u u~ QED=0 @2 with decays t~ > w- b~ WEIGHTED<=2
  Decay: w- > d c~ WEIGHTED<=2, t > w+ b WEIGHTED<=2
  Decay: w+ > u s~ WEIGHTED<=2 
INFO: Combine u u~ > t t~ u u~ QED=0 @2 with decays t~ > w- b~ WEIGHTED<=2
  Decay: w- > d c~ WEIGHTED<=2, t > w+ b WEIGHTED<=2
  Decay: w+ > u b~ WEIGHTED<=2 
INFO: Combine u u~ > t t~ u u~ QED=0 @2 with decays t~ > w- b~ WEIGHTED<=2
  Decay: w- > d c~ WEIGHTED<=2, t > w+ b WEIGHTED<=2
  Decay: w+ > c d~ WEIGHTED<=2 
INFO: Combine u u~ > t t~ u u~ QED=0 @2 with decays t~ > w- b~ WEIGHTED<=2
  Decay: w- > d c~ WEIGHTED<=2, t > w+ b WEIGHTED<=2
  Decay: w+ > c s~ WEIGHTED<=2 
INFO: Combine u u~ > t t~ u u~ QED=0 @2 with decays t~ > w- b~ WEIGHTED<=2
  Decay: w- > d c~ WEIGHTED<=2, t > w+ b WEIGHTED<=2
  Decay: w+ > c b~ WEIGHTED<=2 
INFO: Combine u u~ > t t~ u u~ QED=0 @2 with decays t~ > w- b~ WEIGHTED<=2
  Decay: w- > s u~ WEIGHTED<=2, t > w+ b WEIGHTED<=2
  Decay: w+ > u d~ WEIGHTED<=2 
INFO: Combine u u~ > t t~ u u~ QED=0 @2 with decays t~ > w- b~ WEIGHTED<=2
  Decay: w- > s u~ WEIGHTED<=2, t > w+ b WEIGHTED<=2
  Decay: w+ > u s~ WEIGHTED<=2 
INFO: Combine u u~ > t t~ u u~ QED=0 @2 with decays t~ > w- b~ WEIGHTED<=2
  Decay: w- > s u~ WEIGHTED<=2, t > w+ b WEIGHTED<=2
  Decay: w+ > u b~ WEIGHTED<=2 
INFO: Combine u u~ > t t~ u u~ QED=0 @2 with decays t~ > w- b~ WEIGHTED<=2
  Decay: w- > s u~ WEIGHTED<=2, t > w+ b WEIGHTED<=2
  Decay: w+ > c d~ WEIGHTED<=2 
INFO: Combine u u~ > t t~ u u~ QED=0 @2 with decays t~ > w- b~ WEIGHTED<=2
  Decay: w- > s u~ WEIGHTED<=2, t > w+ b WEIGHTED<=2
  Decay: w+ > c s~ WEIGHTED<=2 
INFO: Combine u u~ > t t~ u u~ QED=0 @2 with decays t~ > w- b~ WEIGHTED<=2
  Decay: w- > s u~ WEIGHTED<=2, t > w+ b WEIGHTED<=2
  Decay: w+ > c b~ WEIGHTED<=2 
INFO: Combine u u~ > t t~ u u~ QED=0 @2 with decays t~ > w- b~ WEIGHTED<=2
  Decay: w- > s c~ WEIGHTED<=2, t > w+ b WEIGHTED<=2
  Decay: w+ > u d~ WEIGHTED<=2 
INFO: Combine u u~ > t t~ u u~ QED=0 @2 with decays t~ > w- b~ WEIGHTED<=2
  Decay: w- > s c~ WEIGHTED<=2, t > w+ b WEIGHTED<=2
  Decay: w+ > u s~ WEIGHTED<=2 
INFO: Combine u u~ > t t~ u u~ QED=0 @2 with decays t~ > w- b~ WEIGHTED<=2
  Decay: w- > s c~ WEIGHTED<=2, t > w+ b WEIGHTED<=2
  Decay: w+ > u b~ WEIGHTED<=2 
INFO: Combine u u~ > t t~ u u~ QED=0 @2 with decays t~ > w- b~ WEIGHTED<=2
  Decay: w- > s c~ WEIGHTED<=2, t > w+ b WEIGHTED<=2
  Decay: w+ > c d~ WEIGHTED<=2 
INFO: Combine u u~ > t t~ u u~ QED=0 @2 with decays t~ > w- b~ WEIGHTED<=2
  Decay: w- > s c~ WEIGHTED<=2, t > w+ b WEIGHTED<=2
  Decay: w+ > c s~ WEIGHTED<=2 
INFO: Combine u u~ > t t~ u u~ QED=0 @2 with decays t~ > w- b~ WEIGHTED<=2
  Decay: w- > s c~ WEIGHTED<=2, t > w+ b WEIGHTED<=2
  Decay: w+ > c b~ WEIGHTED<=2 
INFO: Combine u u~ > t t~ u u~ QED=0 @2 with decays t~ > w- b~ WEIGHTED<=2
  Decay: w- > b u~ WEIGHTED<=2, t > w+ b WEIGHTED<=2
  Decay: w+ > u d~ WEIGHTED<=2 
INFO: Combine u u~ > t t~ u u~ QED=0 @2 with decays t~ > w- b~ WEIGHTED<=2
  Decay: w- > b u~ WEIGHTED<=2, t > w+ b WEIGHTED<=2
  Decay: w+ > u s~ WEIGHTED<=2 
INFO: Combine u u~ > t t~ u u~ QED=0 @2 with decays t~ > w- b~ WEIGHTED<=2
  Decay: w- > b u~ WEIGHTED<=2, t > w+ b WEIGHTED<=2
  Decay: w+ > u b~ WEIGHTED<=2 
INFO: Combine u u~ > t t~ u u~ QED=0 @2 with decays t~ > w- b~ WEIGHTED<=2
  Decay: w- > b u~ WEIGHTED<=2, t > w+ b WEIGHTED<=2
  Decay: w+ > c d~ WEIGHTED<=2 
INFO: Combine u u~ > t t~ u u~ QED=0 @2 with decays t~ > w- b~ WEIGHTED<=2
  Decay: w- > b u~ WEIGHTED<=2, t > w+ b WEIGHTED<=2
  Decay: w+ > c s~ WEIGHTED<=2 
INFO: Combine u u~ > t t~ u u~ QED=0 @2 with decays t~ > w- b~ WEIGHTED<=2
  Decay: w- > b u~ WEIGHTED<=2, t > w+ b WEIGHTED<=2
  Decay: w+ > c b~ WEIGHTED<=2 
INFO: Combine u u~ > t t~ u u~ QED=0 @2 with decays t~ > w- b~ WEIGHTED<=2
  Decay: w- > b c~ WEIGHTED<=2, t > w+ b WEIGHTED<=2
  Decay: w+ > u d~ WEIGHTED<=2 
INFO: Combine u u~ > t t~ u u~ QED=0 @2 with decays t~ > w- b~ WEIGHTED<=2
  Decay: w- > b c~ WEIGHTED<=2, t > w+ b WEIGHTED<=2
  Decay: w+ > u s~ WEIGHTED<=2 
INFO: Combine u u~ > t t~ u u~ QED=0 @2 with decays t~ > w- b~ WEIGHTED<=2
  Decay: w- > b c~ WEIGHTED<=2, t > w+ b WEIGHTED<=2
  Decay: w+ > u b~ WEIGHTED<=2 
INFO: Combine u u~ > t t~ u u~ QED=0 @2 with decays t~ > w- b~ WEIGHTED<=2
  Decay: w- > b c~ WEIGHTED<=2, t > w+ b WEIGHTED<=2
  Decay: w+ > c d~ WEIGHTED<=2 
INFO: Combine u u~ > t t~ u u~ QED=0 @2 with decays t~ > w- b~ WEIGHTED<=2
  Decay: w- > b c~ WEIGHTED<=2, t > w+ b WEIGHTED<=2
  Decay: w+ > c s~ WEIGHTED<=2 
INFO: Combine u u~ > t t~ u u~ QED=0 @2 with decays t~ > w- b~ WEIGHTED<=2
  Decay: w- > b c~ WEIGHTED<=2, t > w+ b WEIGHTED<=2
  Decay: w+ > c b~ WEIGHTED<=2 
INFO: Combine u u~ > t t~ c c~ QED=0 @2 with decays t~ > w- b~ WEIGHTED<=2
  Decay: w- > d u~ WEIGHTED<=2, t > w+ b WEIGHTED<=2
  Decay: w+ > u d~ WEIGHTED<=2 
INFO: Combine u u~ > t t~ c c~ QED=0 @2 with decays t~ > w- b~ WEIGHTED<=2
  Decay: w- > d u~ WEIGHTED<=2, t > w+ b WEIGHTED<=2
  Decay: w+ > u s~ WEIGHTED<=2 
INFO: Combine u u~ > t t~ c c~ QED=0 @2 with decays t~ > w- b~ WEIGHTED<=2
  Decay: w- > d u~ WEIGHTED<=2, t > w+ b WEIGHTED<=2
  Decay: w+ > u b~ WEIGHTED<=2 
INFO: Combine u u~ > t t~ c c~ QED=0 @2 with decays t~ > w- b~ WEIGHTED<=2
  Decay: w- > d u~ WEIGHTED<=2, t > w+ b WEIGHTED<=2
  Decay: w+ > c d~ WEIGHTED<=2 
INFO: Combine u u~ > t t~ c c~ QED=0 @2 with decays t~ > w- b~ WEIGHTED<=2
  Decay: w- > d u~ WEIGHTED<=2, t > w+ b WEIGHTED<=2
  Decay: w+ > c s~ WEIGHTED<=2 
INFO: Combine u u~ > t t~ c c~ QED=0 @2 with decays t~ > w- b~ WEIGHTED<=2
  Decay: w- > d u~ WEIGHTED<=2, t > w+ b WEIGHTED<=2
  Decay: w+ > c b~ WEIGHTED<=2 
INFO: Combine u u~ > t t~ c c~ QED=0 @2 with decays t~ > w- b~ WEIGHTED<=2
  Decay: w- > d c~ WEIGHTED<=2, t > w+ b WEIGHTED<=2
  Decay: w+ > u d~ WEIGHTED<=2 
INFO: Combine u u~ > t t~ c c~ QED=0 @2 with decays t~ > w- b~ WEIGHTED<=2
  Decay: w- > d c~ WEIGHTED<=2, t > w+ b WEIGHTED<=2
  Decay: w+ > u s~ WEIGHTED<=2 
INFO: Combine u u~ > t t~ c c~ QED=0 @2 with decays t~ > w- b~ WEIGHTED<=2
  Decay: w- > d c~ WEIGHTED<=2, t > w+ b WEIGHTED<=2
  Decay: w+ > u b~ WEIGHTED<=2 
INFO: Combine u u~ > t t~ c c~ QED=0 @2 with decays t~ > w- b~ WEIGHTED<=2
  Decay: w- > d c~ WEIGHTED<=2, t > w+ b WEIGHTED<=2
  Decay: w+ > c d~ WEIGHTED<=2 
INFO: Combine u u~ > t t~ c c~ QED=0 @2 with decays t~ > w- b~ WEIGHTED<=2
  Decay: w- > d c~ WEIGHTED<=2, t > w+ b WEIGHTED<=2
  Decay: w+ > c s~ WEIGHTED<=2 
INFO: Combine u u~ > t t~ c c~ QED=0 @2 with decays t~ > w- b~ WEIGHTED<=2
  Decay: w- > d c~ WEIGHTED<=2, t > w+ b WEIGHTED<=2
  Decay: w+ > c b~ WEIGHTED<=2 
INFO: Combine u u~ > t t~ c c~ QED=0 @2 with decays t~ > w- b~ WEIGHTED<=2
  Decay: w- > s u~ WEIGHTED<=2, t > w+ b WEIGHTED<=2
  Decay: w+ > u d~ WEIGHTED<=2 
INFO: Combine u u~ > t t~ c c~ QED=0 @2 with decays t~ > w- b~ WEIGHTED<=2
  Decay: w- > s u~ WEIGHTED<=2, t > w+ b WEIGHTED<=2
  Decay: w+ > u s~ WEIGHTED<=2 
INFO: Combine u u~ > t t~ c c~ QED=0 @2 with decays t~ > w- b~ WEIGHTED<=2
  Decay: w- > s u~ WEIGHTED<=2, t > w+ b WEIGHTED<=2
  Decay: w+ > u b~ WEIGHTED<=2 
INFO: Combine u u~ > t t~ c c~ QED=0 @2 with decays t~ > w- b~ WEIGHTED<=2
  Decay: w- > s u~ WEIGHTED<=2, t > w+ b WEIGHTED<=2
  Decay: w+ > c d~ WEIGHTED<=2 
INFO: Combine u u~ > t t~ c c~ QED=0 @2 with decays t~ > w- b~ WEIGHTED<=2
  Decay: w- > s u~ WEIGHTED<=2, t > w+ b WEIGHTED<=2
  Decay: w+ > c s~ WEIGHTED<=2 
INFO: Combine u u~ > t t~ c c~ QED=0 @2 with decays t~ > w- b~ WEIGHTED<=2
  Decay: w- > s u~ WEIGHTED<=2, t > w+ b WEIGHTED<=2
  Decay: w+ > c b~ WEIGHTED<=2 
INFO: Combine u u~ > t t~ c c~ QED=0 @2 with decays t~ > w- b~ WEIGHTED<=2
  Decay: w- > s c~ WEIGHTED<=2, t > w+ b WEIGHTED<=2
  Decay: w+ > u d~ WEIGHTED<=2 
INFO: Combine u u~ > t t~ c c~ QED=0 @2 with decays t~ > w- b~ WEIGHTED<=2
  Decay: w- > s c~ WEIGHTED<=2, t > w+ b WEIGHTED<=2
  Decay: w+ > u s~ WEIGHTED<=2 
INFO: Combine u u~ > t t~ c c~ QED=0 @2 with decays t~ > w- b~ WEIGHTED<=2
  Decay: w- > s c~ WEIGHTED<=2, t > w+ b WEIGHTED<=2
  Decay: w+ > u b~ WEIGHTED<=2 
INFO: Combine u u~ > t t~ c c~ QED=0 @2 with decays t~ > w- b~ WEIGHTED<=2
  Decay: w- > s c~ WEIGHTED<=2, t > w+ b WEIGHTED<=2
  Decay: w+ > c d~ WEIGHTED<=2 
INFO: Combine u u~ > t t~ c c~ QED=0 @2 with decays t~ > w- b~ WEIGHTED<=2
  Decay: w- > s c~ WEIGHTED<=2, t > w+ b WEIGHTED<=2
  Decay: w+ > c s~ WEIGHTED<=2 
INFO: Combine u u~ > t t~ c c~ QED=0 @2 with decays t~ > w- b~ WEIGHTED<=2
  Decay: w- > s c~ WEIGHTED<=2, t > w+ b WEIGHTED<=2
  Decay: w+ > c b~ WEIGHTED<=2 
INFO: Combine u u~ > t t~ c c~ QED=0 @2 with decays t~ > w- b~ WEIGHTED<=2
  Decay: w- > b u~ WEIGHTED<=2, t > w+ b WEIGHTED<=2
  Decay: w+ > u d~ WEIGHTED<=2 
INFO: Combine u u~ > t t~ c c~ QED=0 @2 with decays t~ > w- b~ WEIGHTED<=2
  Decay: w- > b u~ WEIGHTED<=2, t > w+ b WEIGHTED<=2
  Decay: w+ > u s~ WEIGHTED<=2 
INFO: Combine u u~ > t t~ c c~ QED=0 @2 with decays t~ > w- b~ WEIGHTED<=2
  Decay: w- > b u~ WEIGHTED<=2, t > w+ b WEIGHTED<=2
  Decay: w+ > u b~ WEIGHTED<=2 
INFO: Combine u u~ > t t~ c c~ QED=0 @2 with decays t~ > w- b~ WEIGHTED<=2
  Decay: w- > b u~ WEIGHTED<=2, t > w+ b WEIGHTED<=2
  Decay: w+ > c d~ WEIGHTED<=2 
INFO: Combine u u~ > t t~ c c~ QED=0 @2 with decays t~ > w- b~ WEIGHTED<=2
  Decay: w- > b u~ WEIGHTED<=2, t > w+ b WEIGHTED<=2
  Decay: w+ > c s~ WEIGHTED<=2 
INFO: Combine u u~ > t t~ c c~ QED=0 @2 with decays t~ > w- b~ WEIGHTED<=2
  Decay: w- > b u~ WEIGHTED<=2, t > w+ b WEIGHTED<=2
  Decay: w+ > c b~ WEIGHTED<=2 
INFO: Combine u u~ > t t~ c c~ QED=0 @2 with decays t~ > w- b~ WEIGHTED<=2
  Decay: w- > b c~ WEIGHTED<=2, t > w+ b WEIGHTED<=2
  Decay: w+ > u d~ WEIGHTED<=2 
INFO: Combine u u~ > t t~ c c~ QED=0 @2 with decays t~ > w- b~ WEIGHTED<=2
  Decay: w- > b c~ WEIGHTED<=2, t > w+ b WEIGHTED<=2
  Decay: w+ > u s~ WEIGHTED<=2 
INFO: Combine u u~ > t t~ c c~ QED=0 @2 with decays t~ > w- b~ WEIGHTED<=2
  Decay: w- > b c~ WEIGHTED<=2, t > w+ b WEIGHTED<=2
  Decay: w+ > u b~ WEIGHTED<=2 
INFO: Combine u u~ > t t~ c c~ QED=0 @2 with decays t~ > w- b~ WEIGHTED<=2
  Decay: w- > b c~ WEIGHTED<=2, t > w+ b WEIGHTED<=2
  Decay: w+ > c d~ WEIGHTED<=2 
INFO: Combine u u~ > t t~ c c~ QED=0 @2 with decays t~ > w- b~ WEIGHTED<=2
  Decay: w- > b c~ WEIGHTED<=2, t > w+ b WEIGHTED<=2
  Decay: w+ > c s~ WEIGHTED<=2 
INFO: Combine u u~ > t t~ c c~ QED=0 @2 with decays t~ > w- b~ WEIGHTED<=2
  Decay: w- > b c~ WEIGHTED<=2, t > w+ b WEIGHTED<=2
  Decay: w+ > c b~ WEIGHTED<=2 
INFO: Combine u c~ > t t~ u c~ QED=0 @2 with decays t~ > w- b~ WEIGHTED<=2
  Decay: w- > d u~ WEIGHTED<=2, t > w+ b WEIGHTED<=2
  Decay: w+ > u d~ WEIGHTED<=2 
INFO: Combine u c~ > t t~ u c~ QED=0 @2 with decays t~ > w- b~ WEIGHTED<=2
  Decay: w- > d u~ WEIGHTED<=2, t > w+ b WEIGHTED<=2
  Decay: w+ > u s~ WEIGHTED<=2 
INFO: Combine u c~ > t t~ u c~ QED=0 @2 with decays t~ > w- b~ WEIGHTED<=2
  Decay: w- > d u~ WEIGHTED<=2, t > w+ b WEIGHTED<=2
  Decay: w+ > u b~ WEIGHTED<=2 
INFO: Combine u c~ > t t~ u c~ QED=0 @2 with decays t~ > w- b~ WEIGHTED<=2
  Decay: w- > d u~ WEIGHTED<=2, t > w+ b WEIGHTED<=2
  Decay: w+ > c d~ WEIGHTED<=2 
INFO: Combine u c~ > t t~ u c~ QED=0 @2 with decays t~ > w- b~ WEIGHTED<=2
  Decay: w- > d u~ WEIGHTED<=2, t > w+ b WEIGHTED<=2
  Decay: w+ > c s~ WEIGHTED<=2 
INFO: Combine u c~ > t t~ u c~ QED=0 @2 with decays t~ > w- b~ WEIGHTED<=2
  Decay: w- > d u~ WEIGHTED<=2, t > w+ b WEIGHTED<=2
  Decay: w+ > c b~ WEIGHTED<=2 
INFO: Combine u c~ > t t~ u c~ QED=0 @2 with decays t~ > w- b~ WEIGHTED<=2
  Decay: w- > d c~ WEIGHTED<=2, t > w+ b WEIGHTED<=2
  Decay: w+ > u d~ WEIGHTED<=2 
INFO: Combine u c~ > t t~ u c~ QED=0 @2 with decays t~ > w- b~ WEIGHTED<=2
  Decay: w- > d c~ WEIGHTED<=2, t > w+ b WEIGHTED<=2
  Decay: w+ > u s~ WEIGHTED<=2 
INFO: Combine u c~ > t t~ u c~ QED=0 @2 with decays t~ > w- b~ WEIGHTED<=2
  Decay: w- > d c~ WEIGHTED<=2, t > w+ b WEIGHTED<=2
  Decay: w+ > u b~ WEIGHTED<=2 
INFO: Combine u c~ > t t~ u c~ QED=0 @2 with decays t~ > w- b~ WEIGHTED<=2
  Decay: w- > d c~ WEIGHTED<=2, t > w+ b WEIGHTED<=2
  Decay: w+ > c d~ WEIGHTED<=2 
INFO: Combine u c~ > t t~ u c~ QED=0 @2 with decays t~ > w- b~ WEIGHTED<=2
  Decay: w- > d c~ WEIGHTED<=2, t > w+ b WEIGHTED<=2
  Decay: w+ > c s~ WEIGHTED<=2 
INFO: Combine u c~ > t t~ u c~ QED=0 @2 with decays t~ > w- b~ WEIGHTED<=2
  Decay: w- > d c~ WEIGHTED<=2, t > w+ b WEIGHTED<=2
  Decay: w+ > c b~ WEIGHTED<=2 
INFO: Combine u c~ > t t~ u c~ QED=0 @2 with decays t~ > w- b~ WEIGHTED<=2
  Decay: w- > s u~ WEIGHTED<=2, t > w+ b WEIGHTED<=2
  Decay: w+ > u d~ WEIGHTED<=2 
INFO: Combine u c~ > t t~ u c~ QED=0 @2 with decays t~ > w- b~ WEIGHTED<=2
  Decay: w- > s u~ WEIGHTED<=2, t > w+ b WEIGHTED<=2
  Decay: w+ > u s~ WEIGHTED<=2 
INFO: Combine u c~ > t t~ u c~ QED=0 @2 with decays t~ > w- b~ WEIGHTED<=2
  Decay: w- > s u~ WEIGHTED<=2, t > w+ b WEIGHTED<=2
  Decay: w+ > u b~ WEIGHTED<=2 
INFO: Combine u c~ > t t~ u c~ QED=0 @2 with decays t~ > w- b~ WEIGHTED<=2
  Decay: w- > s u~ WEIGHTED<=2, t > w+ b WEIGHTED<=2
  Decay: w+ > c d~ WEIGHTED<=2 
INFO: Combine u c~ > t t~ u c~ QED=0 @2 with decays t~ > w- b~ WEIGHTED<=2
  Decay: w- > s u~ WEIGHTED<=2, t > w+ b WEIGHTED<=2
  Decay: w+ > c s~ WEIGHTED<=2 
INFO: Combine u c~ > t t~ u c~ QED=0 @2 with decays t~ > w- b~ WEIGHTED<=2
  Decay: w- > s u~ WEIGHTED<=2, t > w+ b WEIGHTED<=2
  Decay: w+ > c b~ WEIGHTED<=2 
INFO: Combine u c~ > t t~ u c~ QED=0 @2 with decays t~ > w- b~ WEIGHTED<=2
  Decay: w- > s c~ WEIGHTED<=2, t > w+ b WEIGHTED<=2
  Decay: w+ > u d~ WEIGHTED<=2 
INFO: Combine u c~ > t t~ u c~ QED=0 @2 with decays t~ > w- b~ WEIGHTED<=2
  Decay: w- > s c~ WEIGHTED<=2, t > w+ b WEIGHTED<=2
  Decay: w+ > u s~ WEIGHTED<=2 
INFO: Combine u c~ > t t~ u c~ QED=0 @2 with decays t~ > w- b~ WEIGHTED<=2
  Decay: w- > s c~ WEIGHTED<=2, t > w+ b WEIGHTED<=2
  Decay: w+ > u b~ WEIGHTED<=2 
INFO: Combine u c~ > t t~ u c~ QED=0 @2 with decays t~ > w- b~ WEIGHTED<=2
  Decay: w- > s c~ WEIGHTED<=2, t > w+ b WEIGHTED<=2
  Decay: w+ > c d~ WEIGHTED<=2 
INFO: Combine u c~ > t t~ u c~ QED=0 @2 with decays t~ > w- b~ WEIGHTED<=2
  Decay: w- > s c~ WEIGHTED<=2, t > w+ b WEIGHTED<=2
  Decay: w+ > c s~ WEIGHTED<=2 
INFO: Combine u c~ > t t~ u c~ QED=0 @2 with decays t~ > w- b~ WEIGHTED<=2
  Decay: w- > s c~ WEIGHTED<=2, t > w+ b WEIGHTED<=2
  Decay: w+ > c b~ WEIGHTED<=2 
INFO: Combine u c~ > t t~ u c~ QED=0 @2 with decays t~ > w- b~ WEIGHTED<=2
  Decay: w- > b u~ WEIGHTED<=2, t > w+ b WEIGHTED<=2
  Decay: w+ > u d~ WEIGHTED<=2 
INFO: Combine u c~ > t t~ u c~ QED=0 @2 with decays t~ > w- b~ WEIGHTED<=2
  Decay: w- > b u~ WEIGHTED<=2, t > w+ b WEIGHTED<=2
  Decay: w+ > u s~ WEIGHTED<=2 
INFO: Combine u c~ > t t~ u c~ QED=0 @2 with decays t~ > w- b~ WEIGHTED<=2
  Decay: w- > b u~ WEIGHTED<=2, t > w+ b WEIGHTED<=2
  Decay: w+ > u b~ WEIGHTED<=2 
INFO: Combine u c~ > t t~ u c~ QED=0 @2 with decays t~ > w- b~ WEIGHTED<=2
  Decay: w- > b u~ WEIGHTED<=2, t > w+ b WEIGHTED<=2
  Decay: w+ > c d~ WEIGHTED<=2 
INFO: Combine u c~ > t t~ u c~ QED=0 @2 with decays t~ > w- b~ WEIGHTED<=2
  Decay: w- > b u~ WEIGHTED<=2, t > w+ b WEIGHTED<=2
  Decay: w+ > c s~ WEIGHTED<=2 
INFO: Combine u c~ > t t~ u c~ QED=0 @2 with decays t~ > w- b~ WEIGHTED<=2
  Decay: w- > b u~ WEIGHTED<=2, t > w+ b WEIGHTED<=2
  Decay: w+ > c b~ WEIGHTED<=2 
INFO: Combine u c~ > t t~ u c~ QED=0 @2 with decays t~ > w- b~ WEIGHTED<=2
  Decay: w- > b c~ WEIGHTED<=2, t > w+ b WEIGHTED<=2
  Decay: w+ > u d~ WEIGHTED<=2 
INFO: Combine u c~ > t t~ u c~ QED=0 @2 with decays t~ > w- b~ WEIGHTED<=2
  Decay: w- > b c~ WEIGHTED<=2, t > w+ b WEIGHTED<=2
  Decay: w+ > u s~ WEIGHTED<=2 
INFO: Combine u c~ > t t~ u c~ QED=0 @2 with decays t~ > w- b~ WEIGHTED<=2
  Decay: w- > b c~ WEIGHTED<=2, t > w+ b WEIGHTED<=2
  Decay: w+ > u b~ WEIGHTED<=2 
INFO: Combine u c~ > t t~ u c~ QED=0 @2 with decays t~ > w- b~ WEIGHTED<=2
  Decay: w- > b c~ WEIGHTED<=2, t > w+ b WEIGHTED<=2
  Decay: w+ > c d~ WEIGHTED<=2 
INFO: Combine u c~ > t t~ u c~ QED=0 @2 with decays t~ > w- b~ WEIGHTED<=2
  Decay: w- > b c~ WEIGHTED<=2, t > w+ b WEIGHTED<=2
  Decay: w+ > c s~ WEIGHTED<=2 
INFO: Combine u c~ > t t~ u c~ QED=0 @2 with decays t~ > w- b~ WEIGHTED<=2
  Decay: w- > b c~ WEIGHTED<=2, t > w+ b WEIGHTED<=2
  Decay: w+ > c b~ WEIGHTED<=2 
INFO: Combine u~ u~ > t t~ u~ u~ QED=0 @2 with decays t~ > w- b~ WEIGHTED<=2
  Decay: w- > d u~ WEIGHTED<=2, t > w+ b WEIGHTED<=2
  Decay: w+ > u d~ WEIGHTED<=2 
INFO: Combine u~ u~ > t t~ u~ u~ QED=0 @2 with decays t~ > w- b~ WEIGHTED<=2
  Decay: w- > d u~ WEIGHTED<=2, t > w+ b WEIGHTED<=2
  Decay: w+ > u s~ WEIGHTED<=2 
INFO: Combine u~ u~ > t t~ u~ u~ QED=0 @2 with decays t~ > w- b~ WEIGHTED<=2
  Decay: w- > d u~ WEIGHTED<=2, t > w+ b WEIGHTED<=2
  Decay: w+ > u b~ WEIGHTED<=2 
INFO: Combine u~ u~ > t t~ u~ u~ QED=0 @2 with decays t~ > w- b~ WEIGHTED<=2
  Decay: w- > d u~ WEIGHTED<=2, t > w+ b WEIGHTED<=2
  Decay: w+ > c d~ WEIGHTED<=2 
INFO: Combine u~ u~ > t t~ u~ u~ QED=0 @2 with decays t~ > w- b~ WEIGHTED<=2
  Decay: w- > d u~ WEIGHTED<=2, t > w+ b WEIGHTED<=2
  Decay: w+ > c s~ WEIGHTED<=2 
INFO: Combining process with u~ u~ > t t~ u~ u~ QED=0 @2
  Decay: t > w+ b WEIGHTED<=2
    Decay: w+ > u d~ WEIGHTED<=2
  Decay: t~ > w- b~ WEIGHTED<=2
    Decay: w- > d u~ WEIGHTED<=2 
INFO: Combine u~ u~ > t t~ u~ u~ QED=0 @2 with decays t~ > w- b~ WEIGHTED<=2
  Decay: w- > d u~ WEIGHTED<=2, t > w+ b WEIGHTED<=2
  Decay: w+ > c b~ WEIGHTED<=2 
INFO: Combine u~ u~ > t t~ u~ u~ QED=0 @2 with decays t~ > w- b~ WEIGHTED<=2
  Decay: w- > d c~ WEIGHTED<=2, t > w+ b WEIGHTED<=2
  Decay: w+ > u d~ WEIGHTED<=2 
INFO: Combine u~ u~ > t t~ u~ u~ QED=0 @2 with decays t~ > w- b~ WEIGHTED<=2
  Decay: w- > d c~ WEIGHTED<=2, t > w+ b WEIGHTED<=2
  Decay: w+ > u s~ WEIGHTED<=2 
INFO: Combine u~ u~ > t t~ u~ u~ QED=0 @2 with decays t~ > w- b~ WEIGHTED<=2
  Decay: w- > d c~ WEIGHTED<=2, t > w+ b WEIGHTED<=2
  Decay: w+ > u b~ WEIGHTED<=2 
INFO: Combine u~ u~ > t t~ u~ u~ QED=0 @2 with decays t~ > w- b~ WEIGHTED<=2
  Decay: w- > d c~ WEIGHTED<=2, t > w+ b WEIGHTED<=2
  Decay: w+ > c d~ WEIGHTED<=2 
INFO: Combine u~ u~ > t t~ u~ u~ QED=0 @2 with decays t~ > w- b~ WEIGHTED<=2
  Decay: w- > d c~ WEIGHTED<=2, t > w+ b WEIGHTED<=2
  Decay: w+ > c s~ WEIGHTED<=2 
INFO: Combining process with u~ u~ > t t~ u~ u~ QED=0 @2
  Decay: t > w+ b WEIGHTED<=2
    Decay: w+ > u d~ WEIGHTED<=2
  Decay: t~ > w- b~ WEIGHTED<=2
    Decay: w- > d c~ WEIGHTED<=2 
INFO: Combine u~ u~ > t t~ u~ u~ QED=0 @2 with decays t~ > w- b~ WEIGHTED<=2
  Decay: w- > d c~ WEIGHTED<=2, t > w+ b WEIGHTED<=2
  Decay: w+ > c b~ WEIGHTED<=2 
INFO: Combine u~ u~ > t t~ u~ u~ QED=0 @2 with decays t~ > w- b~ WEIGHTED<=2
  Decay: w- > s u~ WEIGHTED<=2, t > w+ b WEIGHTED<=2
  Decay: w+ > u d~ WEIGHTED<=2 
INFO: Combine u~ u~ > t t~ u~ u~ QED=0 @2 with decays t~ > w- b~ WEIGHTED<=2
  Decay: w- > s u~ WEIGHTED<=2, t > w+ b WEIGHTED<=2
  Decay: w+ > u s~ WEIGHTED<=2 
INFO: Combine u~ u~ > t t~ u~ u~ QED=0 @2 with decays t~ > w- b~ WEIGHTED<=2
  Decay: w- > s u~ WEIGHTED<=2, t > w+ b WEIGHTED<=2
  Decay: w+ > u b~ WEIGHTED<=2 
INFO: Combine u~ u~ > t t~ u~ u~ QED=0 @2 with decays t~ > w- b~ WEIGHTED<=2
  Decay: w- > s u~ WEIGHTED<=2, t > w+ b WEIGHTED<=2
  Decay: w+ > c d~ WEIGHTED<=2 
INFO: Combine u~ u~ > t t~ u~ u~ QED=0 @2 with decays t~ > w- b~ WEIGHTED<=2
  Decay: w- > s u~ WEIGHTED<=2, t > w+ b WEIGHTED<=2
  Decay: w+ > c s~ WEIGHTED<=2 
INFO: Combining process with u~ u~ > t t~ u~ u~ QED=0 @2
  Decay: t > w+ b WEIGHTED<=2
    Decay: w+ > u d~ WEIGHTED<=2
  Decay: t~ > w- b~ WEIGHTED<=2
    Decay: w- > s u~ WEIGHTED<=2 
INFO: Combine u~ u~ > t t~ u~ u~ QED=0 @2 with decays t~ > w- b~ WEIGHTED<=2
  Decay: w- > s u~ WEIGHTED<=2, t > w+ b WEIGHTED<=2
  Decay: w+ > c b~ WEIGHTED<=2 
INFO: Combine u~ u~ > t t~ u~ u~ QED=0 @2 with decays t~ > w- b~ WEIGHTED<=2
  Decay: w- > s c~ WEIGHTED<=2, t > w+ b WEIGHTED<=2
  Decay: w+ > u d~ WEIGHTED<=2 
INFO: Combine u~ u~ > t t~ u~ u~ QED=0 @2 with decays t~ > w- b~ WEIGHTED<=2
  Decay: w- > s c~ WEIGHTED<=2, t > w+ b WEIGHTED<=2
  Decay: w+ > u s~ WEIGHTED<=2 
INFO: Combine u~ u~ > t t~ u~ u~ QED=0 @2 with decays t~ > w- b~ WEIGHTED<=2
  Decay: w- > s c~ WEIGHTED<=2, t > w+ b WEIGHTED<=2
  Decay: w+ > u b~ WEIGHTED<=2 
INFO: Combine u~ u~ > t t~ u~ u~ QED=0 @2 with decays t~ > w- b~ WEIGHTED<=2
  Decay: w- > s c~ WEIGHTED<=2, t > w+ b WEIGHTED<=2
  Decay: w+ > c d~ WEIGHTED<=2 
INFO: Combine u~ u~ > t t~ u~ u~ QED=0 @2 with decays t~ > w- b~ WEIGHTED<=2
  Decay: w- > s c~ WEIGHTED<=2, t > w+ b WEIGHTED<=2
  Decay: w+ > c s~ WEIGHTED<=2 
INFO: Combining process with u~ u~ > t t~ u~ u~ QED=0 @2
  Decay: t > w+ b WEIGHTED<=2
    Decay: w+ > u d~ WEIGHTED<=2
  Decay: t~ > w- b~ WEIGHTED<=2
    Decay: w- > s c~ WEIGHTED<=2 
INFO: Combine u~ u~ > t t~ u~ u~ QED=0 @2 with decays t~ > w- b~ WEIGHTED<=2
  Decay: w- > s c~ WEIGHTED<=2, t > w+ b WEIGHTED<=2
  Decay: w+ > c b~ WEIGHTED<=2 
INFO: Combine u~ u~ > t t~ u~ u~ QED=0 @2 with decays t~ > w- b~ WEIGHTED<=2
  Decay: w- > b u~ WEIGHTED<=2, t > w+ b WEIGHTED<=2
  Decay: w+ > u d~ WEIGHTED<=2 
INFO: Combine u~ u~ > t t~ u~ u~ QED=0 @2 with decays t~ > w- b~ WEIGHTED<=2
  Decay: w- > b u~ WEIGHTED<=2, t > w+ b WEIGHTED<=2
  Decay: w+ > u s~ WEIGHTED<=2 
INFO: Combine u~ u~ > t t~ u~ u~ QED=0 @2 with decays t~ > w- b~ WEIGHTED<=2
  Decay: w- > b u~ WEIGHTED<=2, t > w+ b WEIGHTED<=2
  Decay: w+ > u b~ WEIGHTED<=2 
INFO: Combine u~ u~ > t t~ u~ u~ QED=0 @2 with decays t~ > w- b~ WEIGHTED<=2
  Decay: w- > b u~ WEIGHTED<=2, t > w+ b WEIGHTED<=2
  Decay: w+ > c d~ WEIGHTED<=2 
INFO: Combine u~ u~ > t t~ u~ u~ QED=0 @2 with decays t~ > w- b~ WEIGHTED<=2
  Decay: w- > b u~ WEIGHTED<=2, t > w+ b WEIGHTED<=2
  Decay: w+ > c s~ WEIGHTED<=2 
INFO: Combining process with u~ u~ > t t~ u~ u~ QED=0 @2
  Decay: t > w+ b WEIGHTED<=2
    Decay: w+ > u d~ WEIGHTED<=2
  Decay: t~ > w- b~ WEIGHTED<=2
    Decay: w- > b u~ WEIGHTED<=2 
INFO: Combine u~ u~ > t t~ u~ u~ QED=0 @2 with decays t~ > w- b~ WEIGHTED<=2
  Decay: w- > b u~ WEIGHTED<=2, t > w+ b WEIGHTED<=2
  Decay: w+ > c b~ WEIGHTED<=2 
INFO: Combine u~ u~ > t t~ u~ u~ QED=0 @2 with decays t~ > w- b~ WEIGHTED<=2
  Decay: w- > b c~ WEIGHTED<=2, t > w+ b WEIGHTED<=2
  Decay: w+ > u d~ WEIGHTED<=2 
INFO: Combine u~ u~ > t t~ u~ u~ QED=0 @2 with decays t~ > w- b~ WEIGHTED<=2
  Decay: w- > b c~ WEIGHTED<=2, t > w+ b WEIGHTED<=2
  Decay: w+ > u s~ WEIGHTED<=2 
INFO: Combine u~ u~ > t t~ u~ u~ QED=0 @2 with decays t~ > w- b~ WEIGHTED<=2
  Decay: w- > b c~ WEIGHTED<=2, t > w+ b WEIGHTED<=2
  Decay: w+ > u b~ WEIGHTED<=2 
INFO: Combine u~ u~ > t t~ u~ u~ QED=0 @2 with decays t~ > w- b~ WEIGHTED<=2
  Decay: w- > b c~ WEIGHTED<=2, t > w+ b WEIGHTED<=2
  Decay: w+ > c d~ WEIGHTED<=2 
INFO: Combine u~ u~ > t t~ u~ u~ QED=0 @2 with decays t~ > w- b~ WEIGHTED<=2
  Decay: w- > b c~ WEIGHTED<=2, t > w+ b WEIGHTED<=2
  Decay: w+ > c s~ WEIGHTED<=2 
INFO: Combining process with u~ u~ > t t~ u~ u~ QED=0 @2
  Decay: t > w+ b WEIGHTED<=2
    Decay: w+ > u d~ WEIGHTED<=2
  Decay: t~ > w- b~ WEIGHTED<=2
    Decay: w- > b c~ WEIGHTED<=2 
INFO: Combine u~ u~ > t t~ u~ u~ QED=0 @2 with decays t~ > w- b~ WEIGHTED<=2
  Decay: w- > b c~ WEIGHTED<=2, t > w+ b WEIGHTED<=2
  Decay: w+ > c b~ WEIGHTED<=2 
INFO: Combine u~ c~ > t t~ u~ c~ QED=0 @2 with decays t~ > w- b~ WEIGHTED<=2
  Decay: w- > d u~ WEIGHTED<=2, t > w+ b WEIGHTED<=2
  Decay: w+ > u d~ WEIGHTED<=2 
INFO: Combine u~ c~ > t t~ u~ c~ QED=0 @2 with decays t~ > w- b~ WEIGHTED<=2
  Decay: w- > d u~ WEIGHTED<=2, t > w+ b WEIGHTED<=2
  Decay: w+ > u s~ WEIGHTED<=2 
INFO: Combine u~ c~ > t t~ u~ c~ QED=0 @2 with decays t~ > w- b~ WEIGHTED<=2
  Decay: w- > d u~ WEIGHTED<=2, t > w+ b WEIGHTED<=2
  Decay: w+ > u b~ WEIGHTED<=2 
INFO: Combine u~ c~ > t t~ u~ c~ QED=0 @2 with decays t~ > w- b~ WEIGHTED<=2
  Decay: w- > d u~ WEIGHTED<=2, t > w+ b WEIGHTED<=2
  Decay: w+ > c d~ WEIGHTED<=2 
INFO: Combine u~ c~ > t t~ u~ c~ QED=0 @2 with decays t~ > w- b~ WEIGHTED<=2
  Decay: w- > d u~ WEIGHTED<=2, t > w+ b WEIGHTED<=2
  Decay: w+ > c s~ WEIGHTED<=2 
INFO: Combining process with u~ c~ > t t~ u~ c~ QED=0 @2
  Decay: t > w+ b WEIGHTED<=2
    Decay: w+ > u d~ WEIGHTED<=2
  Decay: t~ > w- b~ WEIGHTED<=2
    Decay: w- > d u~ WEIGHTED<=2 
INFO: Combine u~ c~ > t t~ u~ c~ QED=0 @2 with decays t~ > w- b~ WEIGHTED<=2
  Decay: w- > d u~ WEIGHTED<=2, t > w+ b WEIGHTED<=2
  Decay: w+ > c b~ WEIGHTED<=2 
INFO: Combine u~ c~ > t t~ u~ c~ QED=0 @2 with decays t~ > w- b~ WEIGHTED<=2
  Decay: w- > d c~ WEIGHTED<=2, t > w+ b WEIGHTED<=2
  Decay: w+ > u d~ WEIGHTED<=2 
INFO: Combine u~ c~ > t t~ u~ c~ QED=0 @2 with decays t~ > w- b~ WEIGHTED<=2
  Decay: w- > d c~ WEIGHTED<=2, t > w+ b WEIGHTED<=2
  Decay: w+ > u s~ WEIGHTED<=2 
INFO: Combine u~ c~ > t t~ u~ c~ QED=0 @2 with decays t~ > w- b~ WEIGHTED<=2
  Decay: w- > d c~ WEIGHTED<=2, t > w+ b WEIGHTED<=2
  Decay: w+ > u b~ WEIGHTED<=2 
INFO: Combine u~ c~ > t t~ u~ c~ QED=0 @2 with decays t~ > w- b~ WEIGHTED<=2
  Decay: w- > d c~ WEIGHTED<=2, t > w+ b WEIGHTED<=2
  Decay: w+ > c d~ WEIGHTED<=2 
INFO: Combine u~ c~ > t t~ u~ c~ QED=0 @2 with decays t~ > w- b~ WEIGHTED<=2
  Decay: w- > d c~ WEIGHTED<=2, t > w+ b WEIGHTED<=2
  Decay: w+ > c s~ WEIGHTED<=2 
INFO: Combining process with u~ c~ > t t~ u~ c~ QED=0 @2
  Decay: t > w+ b WEIGHTED<=2
    Decay: w+ > u d~ WEIGHTED<=2
  Decay: t~ > w- b~ WEIGHTED<=2
    Decay: w- > d c~ WEIGHTED<=2 
INFO: Combine u~ c~ > t t~ u~ c~ QED=0 @2 with decays t~ > w- b~ WEIGHTED<=2
  Decay: w- > d c~ WEIGHTED<=2, t > w+ b WEIGHTED<=2
  Decay: w+ > c b~ WEIGHTED<=2 
INFO: Combine u~ c~ > t t~ u~ c~ QED=0 @2 with decays t~ > w- b~ WEIGHTED<=2
  Decay: w- > s u~ WEIGHTED<=2, t > w+ b WEIGHTED<=2
  Decay: w+ > u d~ WEIGHTED<=2 
INFO: Combine u~ c~ > t t~ u~ c~ QED=0 @2 with decays t~ > w- b~ WEIGHTED<=2
  Decay: w- > s u~ WEIGHTED<=2, t > w+ b WEIGHTED<=2
  Decay: w+ > u s~ WEIGHTED<=2 
INFO: Combine u~ c~ > t t~ u~ c~ QED=0 @2 with decays t~ > w- b~ WEIGHTED<=2
  Decay: w- > s u~ WEIGHTED<=2, t > w+ b WEIGHTED<=2
  Decay: w+ > u b~ WEIGHTED<=2 
INFO: Combine u~ c~ > t t~ u~ c~ QED=0 @2 with decays t~ > w- b~ WEIGHTED<=2
  Decay: w- > s u~ WEIGHTED<=2, t > w+ b WEIGHTED<=2
  Decay: w+ > c d~ WEIGHTED<=2 
INFO: Combine u~ c~ > t t~ u~ c~ QED=0 @2 with decays t~ > w- b~ WEIGHTED<=2
  Decay: w- > s u~ WEIGHTED<=2, t > w+ b WEIGHTED<=2
  Decay: w+ > c s~ WEIGHTED<=2 
INFO: Combining process with u~ c~ > t t~ u~ c~ QED=0 @2
  Decay: t > w+ b WEIGHTED<=2
    Decay: w+ > u d~ WEIGHTED<=2
  Decay: t~ > w- b~ WEIGHTED<=2
    Decay: w- > s u~ WEIGHTED<=2 
INFO: Combine u~ c~ > t t~ u~ c~ QED=0 @2 with decays t~ > w- b~ WEIGHTED<=2
  Decay: w- > s u~ WEIGHTED<=2, t > w+ b WEIGHTED<=2
  Decay: w+ > c b~ WEIGHTED<=2 
INFO: Combine u~ c~ > t t~ u~ c~ QED=0 @2 with decays t~ > w- b~ WEIGHTED<=2
  Decay: w- > s c~ WEIGHTED<=2, t > w+ b WEIGHTED<=2
  Decay: w+ > u d~ WEIGHTED<=2 
INFO: Combine u~ c~ > t t~ u~ c~ QED=0 @2 with decays t~ > w- b~ WEIGHTED<=2
  Decay: w- > s c~ WEIGHTED<=2, t > w+ b WEIGHTED<=2
  Decay: w+ > u s~ WEIGHTED<=2 
INFO: Combine u~ c~ > t t~ u~ c~ QED=0 @2 with decays t~ > w- b~ WEIGHTED<=2
  Decay: w- > s c~ WEIGHTED<=2, t > w+ b WEIGHTED<=2
  Decay: w+ > u b~ WEIGHTED<=2 
INFO: Combine u~ c~ > t t~ u~ c~ QED=0 @2 with decays t~ > w- b~ WEIGHTED<=2
  Decay: w- > s c~ WEIGHTED<=2, t > w+ b WEIGHTED<=2
  Decay: w+ > c d~ WEIGHTED<=2 
INFO: Combine u~ c~ > t t~ u~ c~ QED=0 @2 with decays t~ > w- b~ WEIGHTED<=2
  Decay: w- > s c~ WEIGHTED<=2, t > w+ b WEIGHTED<=2
  Decay: w+ > c s~ WEIGHTED<=2 
INFO: Combining process with u~ c~ > t t~ u~ c~ QED=0 @2
  Decay: t > w+ b WEIGHTED<=2
    Decay: w+ > u d~ WEIGHTED<=2
  Decay: t~ > w- b~ WEIGHTED<=2
    Decay: w- > s c~ WEIGHTED<=2 
INFO: Combine u~ c~ > t t~ u~ c~ QED=0 @2 with decays t~ > w- b~ WEIGHTED<=2
  Decay: w- > s c~ WEIGHTED<=2, t > w+ b WEIGHTED<=2
  Decay: w+ > c b~ WEIGHTED<=2 
INFO: Combine u~ c~ > t t~ u~ c~ QED=0 @2 with decays t~ > w- b~ WEIGHTED<=2
  Decay: w- > b u~ WEIGHTED<=2, t > w+ b WEIGHTED<=2
  Decay: w+ > u d~ WEIGHTED<=2 
INFO: Combine u~ c~ > t t~ u~ c~ QED=0 @2 with decays t~ > w- b~ WEIGHTED<=2
  Decay: w- > b u~ WEIGHTED<=2, t > w+ b WEIGHTED<=2
  Decay: w+ > u s~ WEIGHTED<=2 
INFO: Combine u~ c~ > t t~ u~ c~ QED=0 @2 with decays t~ > w- b~ WEIGHTED<=2
  Decay: w- > b u~ WEIGHTED<=2, t > w+ b WEIGHTED<=2
  Decay: w+ > u b~ WEIGHTED<=2 
INFO: Combine u~ c~ > t t~ u~ c~ QED=0 @2 with decays t~ > w- b~ WEIGHTED<=2
  Decay: w- > b u~ WEIGHTED<=2, t > w+ b WEIGHTED<=2
  Decay: w+ > c d~ WEIGHTED<=2 
INFO: Combine u~ c~ > t t~ u~ c~ QED=0 @2 with decays t~ > w- b~ WEIGHTED<=2
  Decay: w- > b u~ WEIGHTED<=2, t > w+ b WEIGHTED<=2
  Decay: w+ > c s~ WEIGHTED<=2 
INFO: Combining process with u~ c~ > t t~ u~ c~ QED=0 @2
  Decay: t > w+ b WEIGHTED<=2
    Decay: w+ > u d~ WEIGHTED<=2
  Decay: t~ > w- b~ WEIGHTED<=2
    Decay: w- > b u~ WEIGHTED<=2 
INFO: Combine u~ c~ > t t~ u~ c~ QED=0 @2 with decays t~ > w- b~ WEIGHTED<=2
  Decay: w- > b u~ WEIGHTED<=2, t > w+ b WEIGHTED<=2
  Decay: w+ > c b~ WEIGHTED<=2 
INFO: Combine u~ c~ > t t~ u~ c~ QED=0 @2 with decays t~ > w- b~ WEIGHTED<=2
  Decay: w- > b c~ WEIGHTED<=2, t > w+ b WEIGHTED<=2
  Decay: w+ > u d~ WEIGHTED<=2 
INFO: Combine u~ c~ > t t~ u~ c~ QED=0 @2 with decays t~ > w- b~ WEIGHTED<=2
  Decay: w- > b c~ WEIGHTED<=2, t > w+ b WEIGHTED<=2
  Decay: w+ > u s~ WEIGHTED<=2 
INFO: Combine u~ c~ > t t~ u~ c~ QED=0 @2 with decays t~ > w- b~ WEIGHTED<=2
  Decay: w- > b c~ WEIGHTED<=2, t > w+ b WEIGHTED<=2
  Decay: w+ > u b~ WEIGHTED<=2 
INFO: Combine u~ c~ > t t~ u~ c~ QED=0 @2 with decays t~ > w- b~ WEIGHTED<=2
  Decay: w- > b c~ WEIGHTED<=2, t > w+ b WEIGHTED<=2
  Decay: w+ > c d~ WEIGHTED<=2 
INFO: Combine u~ c~ > t t~ u~ c~ QED=0 @2 with decays t~ > w- b~ WEIGHTED<=2
  Decay: w- > b c~ WEIGHTED<=2, t > w+ b WEIGHTED<=2
  Decay: w+ > c s~ WEIGHTED<=2 
INFO: Combining process with u~ c~ > t t~ u~ c~ QED=0 @2
  Decay: t > w+ b WEIGHTED<=2
    Decay: w+ > u d~ WEIGHTED<=2
  Decay: t~ > w- b~ WEIGHTED<=2
    Decay: w- > b c~ WEIGHTED<=2 
INFO: Combine u~ c~ > t t~ u~ c~ QED=0 @2 with decays t~ > w- b~ WEIGHTED<=2
  Decay: w- > b c~ WEIGHTED<=2, t > w+ b WEIGHTED<=2
  Decay: w+ > c b~ WEIGHTED<=2 
INFO: Combine u~ b > t t~ b u~ QED=0 @2 with decays t~ > w- b~ WEIGHTED<=2
  Decay: w- > d u~ WEIGHTED<=2, t > w+ b WEIGHTED<=2
  Decay: w+ > u d~ WEIGHTED<=2 
INFO: Combine u~ b > t t~ b u~ QED=0 @2 with decays t~ > w- b~ WEIGHTED<=2
  Decay: w- > d u~ WEIGHTED<=2, t > w+ b WEIGHTED<=2
  Decay: w+ > u s~ WEIGHTED<=2 
INFO: Combine u~ b > t t~ b u~ QED=0 @2 with decays t~ > w- b~ WEIGHTED<=2
  Decay: w- > d u~ WEIGHTED<=2, t > w+ b WEIGHTED<=2
  Decay: w+ > u b~ WEIGHTED<=2 
INFO: Combine u~ b > t t~ b u~ QED=0 @2 with decays t~ > w- b~ WEIGHTED<=2
  Decay: w- > d u~ WEIGHTED<=2, t > w+ b WEIGHTED<=2
  Decay: w+ > c d~ WEIGHTED<=2 
INFO: Combine u~ b > t t~ b u~ QED=0 @2 with decays t~ > w- b~ WEIGHTED<=2
  Decay: w- > d u~ WEIGHTED<=2, t > w+ b WEIGHTED<=2
  Decay: w+ > c s~ WEIGHTED<=2 
INFO: Combining process with u~ b > t t~ b u~ QED=0 @2
  Decay: t > w+ b WEIGHTED<=2
    Decay: w+ > u d~ WEIGHTED<=2
  Decay: t~ > w- b~ WEIGHTED<=2
    Decay: w- > d u~ WEIGHTED<=2 
INFO: Combine u~ b > t t~ b u~ QED=0 @2 with decays t~ > w- b~ WEIGHTED<=2
  Decay: w- > d u~ WEIGHTED<=2, t > w+ b WEIGHTED<=2
  Decay: w+ > c b~ WEIGHTED<=2 
INFO: Combine u~ b > t t~ b u~ QED=0 @2 with decays t~ > w- b~ WEIGHTED<=2
  Decay: w- > d c~ WEIGHTED<=2, t > w+ b WEIGHTED<=2
  Decay: w+ > u d~ WEIGHTED<=2 
INFO: Combine u~ b > t t~ b u~ QED=0 @2 with decays t~ > w- b~ WEIGHTED<=2
  Decay: w- > d c~ WEIGHTED<=2, t > w+ b WEIGHTED<=2
  Decay: w+ > u s~ WEIGHTED<=2 
INFO: Combine u~ b > t t~ b u~ QED=0 @2 with decays t~ > w- b~ WEIGHTED<=2
  Decay: w- > d c~ WEIGHTED<=2, t > w+ b WEIGHTED<=2
  Decay: w+ > u b~ WEIGHTED<=2 
INFO: Combine u~ b > t t~ b u~ QED=0 @2 with decays t~ > w- b~ WEIGHTED<=2
  Decay: w- > d c~ WEIGHTED<=2, t > w+ b WEIGHTED<=2
  Decay: w+ > c d~ WEIGHTED<=2 
INFO: Combine u~ b > t t~ b u~ QED=0 @2 with decays t~ > w- b~ WEIGHTED<=2
  Decay: w- > d c~ WEIGHTED<=2, t > w+ b WEIGHTED<=2
  Decay: w+ > c s~ WEIGHTED<=2 
INFO: Combining process with u~ b > t t~ b u~ QED=0 @2
  Decay: t > w+ b WEIGHTED<=2
    Decay: w+ > u d~ WEIGHTED<=2
  Decay: t~ > w- b~ WEIGHTED<=2
    Decay: w- > d c~ WEIGHTED<=2 
INFO: Combine u~ b > t t~ b u~ QED=0 @2 with decays t~ > w- b~ WEIGHTED<=2
  Decay: w- > d c~ WEIGHTED<=2, t > w+ b WEIGHTED<=2
  Decay: w+ > c b~ WEIGHTED<=2 
INFO: Combine u~ b > t t~ b u~ QED=0 @2 with decays t~ > w- b~ WEIGHTED<=2
  Decay: w- > s u~ WEIGHTED<=2, t > w+ b WEIGHTED<=2
  Decay: w+ > u d~ WEIGHTED<=2 
INFO: Combine u~ b > t t~ b u~ QED=0 @2 with decays t~ > w- b~ WEIGHTED<=2
  Decay: w- > s u~ WEIGHTED<=2, t > w+ b WEIGHTED<=2
  Decay: w+ > u s~ WEIGHTED<=2 
INFO: Combine u~ b > t t~ b u~ QED=0 @2 with decays t~ > w- b~ WEIGHTED<=2
  Decay: w- > s u~ WEIGHTED<=2, t > w+ b WEIGHTED<=2
  Decay: w+ > u b~ WEIGHTED<=2 
INFO: Combine u~ b > t t~ b u~ QED=0 @2 with decays t~ > w- b~ WEIGHTED<=2
  Decay: w- > s u~ WEIGHTED<=2, t > w+ b WEIGHTED<=2
  Decay: w+ > c d~ WEIGHTED<=2 
INFO: Combine u~ b > t t~ b u~ QED=0 @2 with decays t~ > w- b~ WEIGHTED<=2
  Decay: w- > s u~ WEIGHTED<=2, t > w+ b WEIGHTED<=2
  Decay: w+ > c s~ WEIGHTED<=2 
INFO: Combining process with u~ b > t t~ b u~ QED=0 @2
  Decay: t > w+ b WEIGHTED<=2
    Decay: w+ > u d~ WEIGHTED<=2
  Decay: t~ > w- b~ WEIGHTED<=2
    Decay: w- > s u~ WEIGHTED<=2 
INFO: Combine u~ b > t t~ b u~ QED=0 @2 with decays t~ > w- b~ WEIGHTED<=2
  Decay: w- > s u~ WEIGHTED<=2, t > w+ b WEIGHTED<=2
  Decay: w+ > c b~ WEIGHTED<=2 
INFO: Combine u~ b > t t~ b u~ QED=0 @2 with decays t~ > w- b~ WEIGHTED<=2
  Decay: w- > s c~ WEIGHTED<=2, t > w+ b WEIGHTED<=2
  Decay: w+ > u d~ WEIGHTED<=2 
INFO: Combine u~ b > t t~ b u~ QED=0 @2 with decays t~ > w- b~ WEIGHTED<=2
  Decay: w- > s c~ WEIGHTED<=2, t > w+ b WEIGHTED<=2
  Decay: w+ > u s~ WEIGHTED<=2 
INFO: Combine u~ b > t t~ b u~ QED=0 @2 with decays t~ > w- b~ WEIGHTED<=2
  Decay: w- > s c~ WEIGHTED<=2, t > w+ b WEIGHTED<=2
  Decay: w+ > u b~ WEIGHTED<=2 
INFO: Combine u~ b > t t~ b u~ QED=0 @2 with decays t~ > w- b~ WEIGHTED<=2
  Decay: w- > s c~ WEIGHTED<=2, t > w+ b WEIGHTED<=2
  Decay: w+ > c d~ WEIGHTED<=2 
INFO: Combine u~ b > t t~ b u~ QED=0 @2 with decays t~ > w- b~ WEIGHTED<=2
  Decay: w- > s c~ WEIGHTED<=2, t > w+ b WEIGHTED<=2
  Decay: w+ > c s~ WEIGHTED<=2 
INFO: Combining process with u~ b > t t~ b u~ QED=0 @2
  Decay: t > w+ b WEIGHTED<=2
    Decay: w+ > u d~ WEIGHTED<=2
  Decay: t~ > w- b~ WEIGHTED<=2
    Decay: w- > s c~ WEIGHTED<=2 
INFO: Combine u~ b > t t~ b u~ QED=0 @2 with decays t~ > w- b~ WEIGHTED<=2
  Decay: w- > s c~ WEIGHTED<=2, t > w+ b WEIGHTED<=2
  Decay: w+ > c b~ WEIGHTED<=2 
INFO: Combine u~ b > t t~ b u~ QED=0 @2 with decays t~ > w- b~ WEIGHTED<=2
  Decay: w- > b u~ WEIGHTED<=2, t > w+ b WEIGHTED<=2
  Decay: w+ > u d~ WEIGHTED<=2 
INFO: Combine u~ b > t t~ b u~ QED=0 @2 with decays t~ > w- b~ WEIGHTED<=2
  Decay: w- > b u~ WEIGHTED<=2, t > w+ b WEIGHTED<=2
  Decay: w+ > u s~ WEIGHTED<=2 
INFO: Combine u~ b > t t~ b u~ QED=0 @2 with decays t~ > w- b~ WEIGHTED<=2
  Decay: w- > b u~ WEIGHTED<=2, t > w+ b WEIGHTED<=2
  Decay: w+ > u b~ WEIGHTED<=2 
INFO: Combine u~ b > t t~ b u~ QED=0 @2 with decays t~ > w- b~ WEIGHTED<=2
  Decay: w- > b u~ WEIGHTED<=2, t > w+ b WEIGHTED<=2
  Decay: w+ > c d~ WEIGHTED<=2 
INFO: Combine u~ b > t t~ b u~ QED=0 @2 with decays t~ > w- b~ WEIGHTED<=2
  Decay: w- > b u~ WEIGHTED<=2, t > w+ b WEIGHTED<=2
  Decay: w+ > c s~ WEIGHTED<=2 
INFO: Combining process with u~ b > t t~ b u~ QED=0 @2
  Decay: t > w+ b WEIGHTED<=2
    Decay: w+ > u d~ WEIGHTED<=2
  Decay: t~ > w- b~ WEIGHTED<=2
    Decay: w- > b u~ WEIGHTED<=2 
INFO: Combine u~ b > t t~ b u~ QED=0 @2 with decays t~ > w- b~ WEIGHTED<=2
  Decay: w- > b u~ WEIGHTED<=2, t > w+ b WEIGHTED<=2
  Decay: w+ > c b~ WEIGHTED<=2 
INFO: Combine u~ b > t t~ b u~ QED=0 @2 with decays t~ > w- b~ WEIGHTED<=2
  Decay: w- > b c~ WEIGHTED<=2, t > w+ b WEIGHTED<=2
  Decay: w+ > u d~ WEIGHTED<=2 
INFO: Combine u~ b > t t~ b u~ QED=0 @2 with decays t~ > w- b~ WEIGHTED<=2
  Decay: w- > b c~ WEIGHTED<=2, t > w+ b WEIGHTED<=2
  Decay: w+ > u s~ WEIGHTED<=2 
INFO: Combine u~ b > t t~ b u~ QED=0 @2 with decays t~ > w- b~ WEIGHTED<=2
  Decay: w- > b c~ WEIGHTED<=2, t > w+ b WEIGHTED<=2
  Decay: w+ > u b~ WEIGHTED<=2 
INFO: Combine u~ b > t t~ b u~ QED=0 @2 with decays t~ > w- b~ WEIGHTED<=2
  Decay: w- > b c~ WEIGHTED<=2, t > w+ b WEIGHTED<=2
  Decay: w+ > c d~ WEIGHTED<=2 
INFO: Combine u~ b > t t~ b u~ QED=0 @2 with decays t~ > w- b~ WEIGHTED<=2
  Decay: w- > b c~ WEIGHTED<=2, t > w+ b WEIGHTED<=2
  Decay: w+ > c s~ WEIGHTED<=2 
INFO: Combining process with u~ b > t t~ b u~ QED=0 @2
  Decay: t > w+ b WEIGHTED<=2
    Decay: w+ > u d~ WEIGHTED<=2
  Decay: t~ > w- b~ WEIGHTED<=2
    Decay: w- > b c~ WEIGHTED<=2 
INFO: Combine u~ b > t t~ b u~ QED=0 @2 with decays t~ > w- b~ WEIGHTED<=2
  Decay: w- > b c~ WEIGHTED<=2, t > w+ b WEIGHTED<=2
  Decay: w+ > c b~ WEIGHTED<=2 
INFO: Processing color information for process: g g > t t~ g g QED=0 @2
  Decay: t > w+ b WEIGHTED<=2
    Decay: w+ > u d~ WEIGHTED<=2
  Decay: t~ > w- b~ WEIGHTED<=2
    Decay: w- > d u~ WEIGHTED<=2 
INFO: Reusing existing color information for process: g g > t t~ g g QED=0 @2
  Decay: t > w+ b WEIGHTED<=2
    Decay: w+ > u s~ WEIGHTED<=2
  Decay: t~ > w- b~ WEIGHTED<=2
    Decay: w- > d u~ WEIGHTED<=2 
INFO: Reusing existing color information for process: g g > t t~ g g QED=0 @2
  Decay: t > w+ b WEIGHTED<=2
    Decay: w+ > u b~ WEIGHTED<=2
  Decay: t~ > w- b~ WEIGHTED<=2
    Decay: w- > d u~ WEIGHTED<=2 
INFO: Reusing existing color information for process: g g > t t~ g g QED=0 @2
  Decay: t > w+ b WEIGHTED<=2
    Decay: w+ > c d~ WEIGHTED<=2
  Decay: t~ > w- b~ WEIGHTED<=2
    Decay: w- > d u~ WEIGHTED<=2 
INFO: Reusing existing color information for process: g g > t t~ g g QED=0 @2
  Decay: t > w+ b WEIGHTED<=2
    Decay: w+ > c b~ WEIGHTED<=2
  Decay: t~ > w- b~ WEIGHTED<=2
    Decay: w- > d u~ WEIGHTED<=2 
INFO: Reusing existing color information for process: g g > t t~ g g QED=0 @2
  Decay: t > w+ b WEIGHTED<=2
    Decay: w+ > u d~ WEIGHTED<=2
  Decay: t~ > w- b~ WEIGHTED<=2
    Decay: w- > d c~ WEIGHTED<=2 
INFO: Reusing existing color information for process: g g > t t~ g g QED=0 @2
  Decay: t > w+ b WEIGHTED<=2
    Decay: w+ > u s~ WEIGHTED<=2
  Decay: t~ > w- b~ WEIGHTED<=2
    Decay: w- > d c~ WEIGHTED<=2 
INFO: Reusing existing color information for process: g g > t t~ g g QED=0 @2
  Decay: t > w+ b WEIGHTED<=2
    Decay: w+ > u b~ WEIGHTED<=2
  Decay: t~ > w- b~ WEIGHTED<=2
    Decay: w- > d c~ WEIGHTED<=2 
INFO: Reusing existing color information for process: g g > t t~ g g QED=0 @2
  Decay: t > w+ b WEIGHTED<=2
    Decay: w+ > c d~ WEIGHTED<=2
  Decay: t~ > w- b~ WEIGHTED<=2
    Decay: w- > d c~ WEIGHTED<=2 
INFO: Reusing existing color information for process: g g > t t~ g g QED=0 @2
  Decay: t > w+ b WEIGHTED<=2
    Decay: w+ > c b~ WEIGHTED<=2
  Decay: t~ > w- b~ WEIGHTED<=2
    Decay: w- > d c~ WEIGHTED<=2 
INFO: Reusing existing color information for process: g g > t t~ g g QED=0 @2
  Decay: t > w+ b WEIGHTED<=2
    Decay: w+ > u d~ WEIGHTED<=2
  Decay: t~ > w- b~ WEIGHTED<=2
    Decay: w- > s u~ WEIGHTED<=2 
INFO: Reusing existing color information for process: g g > t t~ g g QED=0 @2
  Decay: t > w+ b WEIGHTED<=2
    Decay: w+ > u s~ WEIGHTED<=2
  Decay: t~ > w- b~ WEIGHTED<=2
    Decay: w- > s u~ WEIGHTED<=2 
INFO: Reusing existing color information for process: g g > t t~ g g QED=0 @2
  Decay: t > w+ b WEIGHTED<=2
    Decay: w+ > u b~ WEIGHTED<=2
  Decay: t~ > w- b~ WEIGHTED<=2
    Decay: w- > s u~ WEIGHTED<=2 
INFO: Reusing existing color information for process: g g > t t~ g g QED=0 @2
  Decay: t > w+ b WEIGHTED<=2
    Decay: w+ > c d~ WEIGHTED<=2
  Decay: t~ > w- b~ WEIGHTED<=2
    Decay: w- > s u~ WEIGHTED<=2 
INFO: Reusing existing color information for process: g g > t t~ g g QED=0 @2
  Decay: t > w+ b WEIGHTED<=2
    Decay: w+ > c b~ WEIGHTED<=2
  Decay: t~ > w- b~ WEIGHTED<=2
    Decay: w- > s u~ WEIGHTED<=2 
INFO: Reusing existing color information for process: g g > t t~ g g QED=0 @2
  Decay: t > w+ b WEIGHTED<=2
    Decay: w+ > u d~ WEIGHTED<=2
  Decay: t~ > w- b~ WEIGHTED<=2
    Decay: w- > b u~ WEIGHTED<=2 
INFO: Reusing existing color information for process: g g > t t~ g g QED=0 @2
  Decay: t > w+ b WEIGHTED<=2
    Decay: w+ > u s~ WEIGHTED<=2
  Decay: t~ > w- b~ WEIGHTED<=2
    Decay: w- > b u~ WEIGHTED<=2 
INFO: Reusing existing color information for process: g g > t t~ g g QED=0 @2
  Decay: t > w+ b WEIGHTED<=2
    Decay: w+ > u b~ WEIGHTED<=2
  Decay: t~ > w- b~ WEIGHTED<=2
    Decay: w- > b u~ WEIGHTED<=2 
INFO: Reusing existing color information for process: g g > t t~ g g QED=0 @2
  Decay: t > w+ b WEIGHTED<=2
    Decay: w+ > c d~ WEIGHTED<=2
  Decay: t~ > w- b~ WEIGHTED<=2
    Decay: w- > b u~ WEIGHTED<=2 
INFO: Reusing existing color information for process: g g > t t~ g g QED=0 @2
  Decay: t > w+ b WEIGHTED<=2
    Decay: w+ > c b~ WEIGHTED<=2
  Decay: t~ > w- b~ WEIGHTED<=2
    Decay: w- > b u~ WEIGHTED<=2 
INFO: Reusing existing color information for process: g g > t t~ g g QED=0 @2
  Decay: t > w+ b WEIGHTED<=2
    Decay: w+ > u d~ WEIGHTED<=2
  Decay: t~ > w- b~ WEIGHTED<=2
    Decay: w- > b c~ WEIGHTED<=2 
INFO: Reusing existing color information for process: g g > t t~ g g QED=0 @2
  Decay: t > w+ b WEIGHTED<=2
    Decay: w+ > u s~ WEIGHTED<=2
  Decay: t~ > w- b~ WEIGHTED<=2
    Decay: w- > b c~ WEIGHTED<=2 
INFO: Reusing existing color information for process: g g > t t~ g g QED=0 @2
  Decay: t > w+ b WEIGHTED<=2
    Decay: w+ > u b~ WEIGHTED<=2
  Decay: t~ > w- b~ WEIGHTED<=2
    Decay: w- > b c~ WEIGHTED<=2 
INFO: Reusing existing color information for process: g g > t t~ g g QED=0 @2
  Decay: t > w+ b WEIGHTED<=2
    Decay: w+ > c d~ WEIGHTED<=2
  Decay: t~ > w- b~ WEIGHTED<=2
    Decay: w- > b c~ WEIGHTED<=2 
INFO: Reusing existing color information for process: g g > t t~ g g QED=0 @2
  Decay: t > w+ b WEIGHTED<=2
    Decay: w+ > c b~ WEIGHTED<=2
  Decay: t~ > w- b~ WEIGHTED<=2
    Decay: w- > b c~ WEIGHTED<=2 
INFO: Processing color information for process: g g > t t~ u u~ QED=0 @2
  Decay: t > w+ b WEIGHTED<=2
    Decay: w+ > u d~ WEIGHTED<=2
  Decay: t~ > w- b~ WEIGHTED<=2
    Decay: w- > d u~ WEIGHTED<=2 
INFO: Reusing existing color information for process: g g > t t~ u u~ QED=0 @2
  Decay: t > w+ b WEIGHTED<=2
    Decay: w+ > u s~ WEIGHTED<=2
  Decay: t~ > w- b~ WEIGHTED<=2
    Decay: w- > d u~ WEIGHTED<=2 
INFO: Reusing existing color information for process: g g > t t~ u u~ QED=0 @2
  Decay: t > w+ b WEIGHTED<=2
    Decay: w+ > u b~ WEIGHTED<=2
  Decay: t~ > w- b~ WEIGHTED<=2
    Decay: w- > d u~ WEIGHTED<=2 
INFO: Reusing existing color information for process: g g > t t~ u u~ QED=0 @2
  Decay: t > w+ b WEIGHTED<=2
    Decay: w+ > c d~ WEIGHTED<=2
  Decay: t~ > w- b~ WEIGHTED<=2
    Decay: w- > d u~ WEIGHTED<=2 
INFO: Reusing existing color information for process: g g > t t~ u u~ QED=0 @2
  Decay: t > w+ b WEIGHTED<=2
    Decay: w+ > c s~ WEIGHTED<=2
  Decay: t~ > w- b~ WEIGHTED<=2
    Decay: w- > d u~ WEIGHTED<=2 
INFO: Reusing existing color information for process: g g > t t~ u u~ QED=0 @2
  Decay: t > w+ b WEIGHTED<=2
    Decay: w+ > c b~ WEIGHTED<=2
  Decay: t~ > w- b~ WEIGHTED<=2
    Decay: w- > d u~ WEIGHTED<=2 
INFO: Reusing existing color information for process: g g > t t~ u u~ QED=0 @2
  Decay: t > w+ b WEIGHTED<=2
    Decay: w+ > u d~ WEIGHTED<=2
  Decay: t~ > w- b~ WEIGHTED<=2
    Decay: w- > d c~ WEIGHTED<=2 
INFO: Reusing existing color information for process: g g > t t~ u u~ QED=0 @2
  Decay: t > w+ b WEIGHTED<=2
    Decay: w+ > u s~ WEIGHTED<=2
  Decay: t~ > w- b~ WEIGHTED<=2
    Decay: w- > d c~ WEIGHTED<=2 
INFO: Reusing existing color information for process: g g > t t~ u u~ QED=0 @2
  Decay: t > w+ b WEIGHTED<=2
    Decay: w+ > u b~ WEIGHTED<=2
  Decay: t~ > w- b~ WEIGHTED<=2
    Decay: w- > d c~ WEIGHTED<=2 
INFO: Reusing existing color information for process: g g > t t~ u u~ QED=0 @2
  Decay: t > w+ b WEIGHTED<=2
    Decay: w+ > c d~ WEIGHTED<=2
  Decay: t~ > w- b~ WEIGHTED<=2
    Decay: w- > d c~ WEIGHTED<=2 
INFO: Reusing existing color information for process: g g > t t~ u u~ QED=0 @2
  Decay: t > w+ b WEIGHTED<=2
    Decay: w+ > c s~ WEIGHTED<=2
  Decay: t~ > w- b~ WEIGHTED<=2
    Decay: w- > d c~ WEIGHTED<=2 
INFO: Reusing existing color information for process: g g > t t~ u u~ QED=0 @2
  Decay: t > w+ b WEIGHTED<=2
    Decay: w+ > c b~ WEIGHTED<=2
  Decay: t~ > w- b~ WEIGHTED<=2
    Decay: w- > d c~ WEIGHTED<=2 
INFO: Reusing existing color information for process: g g > t t~ u u~ QED=0 @2
  Decay: t > w+ b WEIGHTED<=2
    Decay: w+ > u d~ WEIGHTED<=2
  Decay: t~ > w- b~ WEIGHTED<=2
    Decay: w- > s u~ WEIGHTED<=2 
INFO: Reusing existing color information for process: g g > t t~ u u~ QED=0 @2
  Decay: t > w+ b WEIGHTED<=2
    Decay: w+ > u s~ WEIGHTED<=2
  Decay: t~ > w- b~ WEIGHTED<=2
    Decay: w- > s u~ WEIGHTED<=2 
INFO: Reusing existing color information for process: g g > t t~ u u~ QED=0 @2
  Decay: t > w+ b WEIGHTED<=2
    Decay: w+ > u b~ WEIGHTED<=2
  Decay: t~ > w- b~ WEIGHTED<=2
    Decay: w- > s u~ WEIGHTED<=2 
INFO: Reusing existing color information for process: g g > t t~ u u~ QED=0 @2
  Decay: t > w+ b WEIGHTED<=2
    Decay: w+ > c d~ WEIGHTED<=2
  Decay: t~ > w- b~ WEIGHTED<=2
    Decay: w- > s u~ WEIGHTED<=2 
INFO: Reusing existing color information for process: g g > t t~ u u~ QED=0 @2
  Decay: t > w+ b WEIGHTED<=2
    Decay: w+ > c s~ WEIGHTED<=2
  Decay: t~ > w- b~ WEIGHTED<=2
    Decay: w- > s u~ WEIGHTED<=2 
INFO: Reusing existing color information for process: g g > t t~ u u~ QED=0 @2
  Decay: t > w+ b WEIGHTED<=2
    Decay: w+ > c b~ WEIGHTED<=2
  Decay: t~ > w- b~ WEIGHTED<=2
    Decay: w- > s u~ WEIGHTED<=2 
INFO: Reusing existing color information for process: g g > t t~ u u~ QED=0 @2
  Decay: t > w+ b WEIGHTED<=2
    Decay: w+ > u d~ WEIGHTED<=2
  Decay: t~ > w- b~ WEIGHTED<=2
    Decay: w- > s c~ WEIGHTED<=2 
INFO: Reusing existing color information for process: g g > t t~ u u~ QED=0 @2
  Decay: t > w+ b WEIGHTED<=2
    Decay: w+ > u s~ WEIGHTED<=2
  Decay: t~ > w- b~ WEIGHTED<=2
    Decay: w- > s c~ WEIGHTED<=2 
INFO: Reusing existing color information for process: g g > t t~ u u~ QED=0 @2
  Decay: t > w+ b WEIGHTED<=2
    Decay: w+ > u b~ WEIGHTED<=2
  Decay: t~ > w- b~ WEIGHTED<=2
    Decay: w- > s c~ WEIGHTED<=2 
INFO: Reusing existing color information for process: g g > t t~ u u~ QED=0 @2
  Decay: t > w+ b WEIGHTED<=2
    Decay: w+ > c d~ WEIGHTED<=2
  Decay: t~ > w- b~ WEIGHTED<=2
    Decay: w- > s c~ WEIGHTED<=2 
INFO: Reusing existing color information for process: g g > t t~ u u~ QED=0 @2
  Decay: t > w+ b WEIGHTED<=2
    Decay: w+ > c s~ WEIGHTED<=2
  Decay: t~ > w- b~ WEIGHTED<=2
    Decay: w- > s c~ WEIGHTED<=2 
INFO: Reusing existing color information for process: g g > t t~ u u~ QED=0 @2
  Decay: t > w+ b WEIGHTED<=2
    Decay: w+ > c b~ WEIGHTED<=2
  Decay: t~ > w- b~ WEIGHTED<=2
    Decay: w- > s c~ WEIGHTED<=2 
INFO: Reusing existing color information for process: g g > t t~ u u~ QED=0 @2
  Decay: t > w+ b WEIGHTED<=2
    Decay: w+ > u d~ WEIGHTED<=2
  Decay: t~ > w- b~ WEIGHTED<=2
    Decay: w- > b u~ WEIGHTED<=2 
INFO: Reusing existing color information for process: g g > t t~ u u~ QED=0 @2
  Decay: t > w+ b WEIGHTED<=2
    Decay: w+ > u s~ WEIGHTED<=2
  Decay: t~ > w- b~ WEIGHTED<=2
    Decay: w- > b u~ WEIGHTED<=2 
INFO: Reusing existing color information for process: g g > t t~ u u~ QED=0 @2
  Decay: t > w+ b WEIGHTED<=2
    Decay: w+ > u b~ WEIGHTED<=2
  Decay: t~ > w- b~ WEIGHTED<=2
    Decay: w- > b u~ WEIGHTED<=2 
INFO: Reusing existing color information for process: g g > t t~ u u~ QED=0 @2
  Decay: t > w+ b WEIGHTED<=2
    Decay: w+ > c d~ WEIGHTED<=2
  Decay: t~ > w- b~ WEIGHTED<=2
    Decay: w- > b u~ WEIGHTED<=2 
INFO: Reusing existing color information for process: g g > t t~ u u~ QED=0 @2
  Decay: t > w+ b WEIGHTED<=2
    Decay: w+ > c s~ WEIGHTED<=2
  Decay: t~ > w- b~ WEIGHTED<=2
    Decay: w- > b u~ WEIGHTED<=2 
INFO: Reusing existing color information for process: g g > t t~ u u~ QED=0 @2
  Decay: t > w+ b WEIGHTED<=2
    Decay: w+ > c b~ WEIGHTED<=2
  Decay: t~ > w- b~ WEIGHTED<=2
    Decay: w- > b u~ WEIGHTED<=2 
INFO: Reusing existing color information for process: g g > t t~ u u~ QED=0 @2
  Decay: t > w+ b WEIGHTED<=2
    Decay: w+ > u d~ WEIGHTED<=2
  Decay: t~ > w- b~ WEIGHTED<=2
    Decay: w- > b c~ WEIGHTED<=2 
INFO: Reusing existing color information for process: g g > t t~ u u~ QED=0 @2
  Decay: t > w+ b WEIGHTED<=2
    Decay: w+ > u s~ WEIGHTED<=2
  Decay: t~ > w- b~ WEIGHTED<=2
    Decay: w- > b c~ WEIGHTED<=2 
INFO: Reusing existing color information for process: g g > t t~ u u~ QED=0 @2
  Decay: t > w+ b WEIGHTED<=2
    Decay: w+ > u b~ WEIGHTED<=2
  Decay: t~ > w- b~ WEIGHTED<=2
    Decay: w- > b c~ WEIGHTED<=2 
INFO: Reusing existing color information for process: g g > t t~ u u~ QED=0 @2
  Decay: t > w+ b WEIGHTED<=2
    Decay: w+ > c d~ WEIGHTED<=2
  Decay: t~ > w- b~ WEIGHTED<=2
    Decay: w- > b c~ WEIGHTED<=2 
INFO: Reusing existing color information for process: g g > t t~ u u~ QED=0 @2
  Decay: t > w+ b WEIGHTED<=2
    Decay: w+ > c s~ WEIGHTED<=2
  Decay: t~ > w- b~ WEIGHTED<=2
    Decay: w- > b c~ WEIGHTED<=2 
INFO: Reusing existing color information for process: g g > t t~ u u~ QED=0 @2
  Decay: t > w+ b WEIGHTED<=2
    Decay: w+ > c b~ WEIGHTED<=2
  Decay: t~ > w- b~ WEIGHTED<=2
    Decay: w- > b c~ WEIGHTED<=2 
INFO: Processing color information for process: g u > t t~ g u QED=0 @2
  Decay: t > w+ b WEIGHTED<=2
    Decay: w+ > u d~ WEIGHTED<=2
  Decay: t~ > w- b~ WEIGHTED<=2
    Decay: w- > d u~ WEIGHTED<=2 
INFO: Reusing existing color information for process: g u > t t~ g u QED=0 @2
  Decay: t > w+ b WEIGHTED<=2
    Decay: w+ > u s~ WEIGHTED<=2
  Decay: t~ > w- b~ WEIGHTED<=2
    Decay: w- > d u~ WEIGHTED<=2 
INFO: Reusing existing color information for process: g u > t t~ g u QED=0 @2
  Decay: t > w+ b WEIGHTED<=2
    Decay: w+ > u b~ WEIGHTED<=2
  Decay: t~ > w- b~ WEIGHTED<=2
    Decay: w- > d u~ WEIGHTED<=2 
INFO: Reusing existing color information for process: g u > t t~ g u QED=0 @2
  Decay: t > w+ b WEIGHTED<=2
    Decay: w+ > c d~ WEIGHTED<=2
  Decay: t~ > w- b~ WEIGHTED<=2
    Decay: w- > d u~ WEIGHTED<=2 
INFO: Reusing existing color information for process: g u > t t~ g u QED=0 @2
  Decay: t > w+ b WEIGHTED<=2
    Decay: w+ > c s~ WEIGHTED<=2
  Decay: t~ > w- b~ WEIGHTED<=2
    Decay: w- > d u~ WEIGHTED<=2 
INFO: Reusing existing color information for process: g u > t t~ g u QED=0 @2
  Decay: t > w+ b WEIGHTED<=2
    Decay: w+ > c b~ WEIGHTED<=2
  Decay: t~ > w- b~ WEIGHTED<=2
    Decay: w- > d u~ WEIGHTED<=2 
INFO: Reusing existing color information for process: g u > t t~ g u QED=0 @2
  Decay: t > w+ b WEIGHTED<=2
    Decay: w+ > u d~ WEIGHTED<=2
  Decay: t~ > w- b~ WEIGHTED<=2
    Decay: w- > d c~ WEIGHTED<=2 
INFO: Reusing existing color information for process: g u > t t~ g u QED=0 @2
  Decay: t > w+ b WEIGHTED<=2
    Decay: w+ > u s~ WEIGHTED<=2
  Decay: t~ > w- b~ WEIGHTED<=2
    Decay: w- > d c~ WEIGHTED<=2 
INFO: Reusing existing color information for process: g u > t t~ g u QED=0 @2
  Decay: t > w+ b WEIGHTED<=2
    Decay: w+ > u b~ WEIGHTED<=2
  Decay: t~ > w- b~ WEIGHTED<=2
    Decay: w- > d c~ WEIGHTED<=2 
INFO: Reusing existing color information for process: g u > t t~ g u QED=0 @2
  Decay: t > w+ b WEIGHTED<=2
    Decay: w+ > c d~ WEIGHTED<=2
  Decay: t~ > w- b~ WEIGHTED<=2
    Decay: w- > d c~ WEIGHTED<=2 
INFO: Reusing existing color information for process: g u > t t~ g u QED=0 @2
  Decay: t > w+ b WEIGHTED<=2
    Decay: w+ > c s~ WEIGHTED<=2
  Decay: t~ > w- b~ WEIGHTED<=2
    Decay: w- > d c~ WEIGHTED<=2 
INFO: Reusing existing color information for process: g u > t t~ g u QED=0 @2
  Decay: t > w+ b WEIGHTED<=2
    Decay: w+ > c b~ WEIGHTED<=2
  Decay: t~ > w- b~ WEIGHTED<=2
    Decay: w- > d c~ WEIGHTED<=2 
INFO: Reusing existing color information for process: g u > t t~ g u QED=0 @2
  Decay: t > w+ b WEIGHTED<=2
    Decay: w+ > u d~ WEIGHTED<=2
  Decay: t~ > w- b~ WEIGHTED<=2
    Decay: w- > s u~ WEIGHTED<=2 
INFO: Reusing existing color information for process: g u > t t~ g u QED=0 @2
  Decay: t > w+ b WEIGHTED<=2
    Decay: w+ > u s~ WEIGHTED<=2
  Decay: t~ > w- b~ WEIGHTED<=2
    Decay: w- > s u~ WEIGHTED<=2 
INFO: Reusing existing color information for process: g u > t t~ g u QED=0 @2
  Decay: t > w+ b WEIGHTED<=2
    Decay: w+ > u b~ WEIGHTED<=2
  Decay: t~ > w- b~ WEIGHTED<=2
    Decay: w- > s u~ WEIGHTED<=2 
INFO: Reusing existing color information for process: g u > t t~ g u QED=0 @2
  Decay: t > w+ b WEIGHTED<=2
    Decay: w+ > c d~ WEIGHTED<=2
  Decay: t~ > w- b~ WEIGHTED<=2
    Decay: w- > s u~ WEIGHTED<=2 
INFO: Reusing existing color information for process: g u > t t~ g u QED=0 @2
  Decay: t > w+ b WEIGHTED<=2
    Decay: w+ > c s~ WEIGHTED<=2
  Decay: t~ > w- b~ WEIGHTED<=2
    Decay: w- > s u~ WEIGHTED<=2 
INFO: Reusing existing color information for process: g u > t t~ g u QED=0 @2
  Decay: t > w+ b WEIGHTED<=2
    Decay: w+ > c b~ WEIGHTED<=2
  Decay: t~ > w- b~ WEIGHTED<=2
    Decay: w- > s u~ WEIGHTED<=2 
INFO: Reusing existing color information for process: g u > t t~ g u QED=0 @2
  Decay: t > w+ b WEIGHTED<=2
    Decay: w+ > u d~ WEIGHTED<=2
  Decay: t~ > w- b~ WEIGHTED<=2
    Decay: w- > b u~ WEIGHTED<=2 
INFO: Reusing existing color information for process: g u > t t~ g u QED=0 @2
  Decay: t > w+ b WEIGHTED<=2
    Decay: w+ > u s~ WEIGHTED<=2
  Decay: t~ > w- b~ WEIGHTED<=2
    Decay: w- > b u~ WEIGHTED<=2 
INFO: Reusing existing color information for process: g u > t t~ g u QED=0 @2
  Decay: t > w+ b WEIGHTED<=2
    Decay: w+ > u b~ WEIGHTED<=2
  Decay: t~ > w- b~ WEIGHTED<=2
    Decay: w- > b u~ WEIGHTED<=2 
INFO: Reusing existing color information for process: g u > t t~ g u QED=0 @2
  Decay: t > w+ b WEIGHTED<=2
    Decay: w+ > c d~ WEIGHTED<=2
  Decay: t~ > w- b~ WEIGHTED<=2
    Decay: w- > b u~ WEIGHTED<=2 
INFO: Reusing existing color information for process: g u > t t~ g u QED=0 @2
  Decay: t > w+ b WEIGHTED<=2
    Decay: w+ > c s~ WEIGHTED<=2
  Decay: t~ > w- b~ WEIGHTED<=2
    Decay: w- > b u~ WEIGHTED<=2 
INFO: Reusing existing color information for process: g u > t t~ g u QED=0 @2
  Decay: t > w+ b WEIGHTED<=2
    Decay: w+ > c b~ WEIGHTED<=2
  Decay: t~ > w- b~ WEIGHTED<=2
    Decay: w- > b u~ WEIGHTED<=2 
INFO: Reusing existing color information for process: g u > t t~ g u QED=0 @2
  Decay: t > w+ b WEIGHTED<=2
    Decay: w+ > u d~ WEIGHTED<=2
  Decay: t~ > w- b~ WEIGHTED<=2
    Decay: w- > b c~ WEIGHTED<=2 
INFO: Reusing existing color information for process: g u > t t~ g u QED=0 @2
  Decay: t > w+ b WEIGHTED<=2
    Decay: w+ > u s~ WEIGHTED<=2
  Decay: t~ > w- b~ WEIGHTED<=2
    Decay: w- > b c~ WEIGHTED<=2 
INFO: Reusing existing color information for process: g u > t t~ g u QED=0 @2
  Decay: t > w+ b WEIGHTED<=2
    Decay: w+ > u b~ WEIGHTED<=2
  Decay: t~ > w- b~ WEIGHTED<=2
    Decay: w- > b c~ WEIGHTED<=2 
INFO: Reusing existing color information for process: g u > t t~ g u QED=0 @2
  Decay: t > w+ b WEIGHTED<=2
    Decay: w+ > c d~ WEIGHTED<=2
  Decay: t~ > w- b~ WEIGHTED<=2
    Decay: w- > b c~ WEIGHTED<=2 
INFO: Reusing existing color information for process: g u > t t~ g u QED=0 @2
  Decay: t > w+ b WEIGHTED<=2
    Decay: w+ > c s~ WEIGHTED<=2
  Decay: t~ > w- b~ WEIGHTED<=2
    Decay: w- > b c~ WEIGHTED<=2 
INFO: Reusing existing color information for process: g u > t t~ g u QED=0 @2
  Decay: t > w+ b WEIGHTED<=2
    Decay: w+ > c b~ WEIGHTED<=2
  Decay: t~ > w- b~ WEIGHTED<=2
    Decay: w- > b c~ WEIGHTED<=2 
INFO: Processing color information for process: g u~ > t t~ g u~ QED=0 @2
  Decay: t > w+ b WEIGHTED<=2
    Decay: w+ > u d~ WEIGHTED<=2
  Decay: t~ > w- b~ WEIGHTED<=2
    Decay: w- > d u~ WEIGHTED<=2 
INFO: Reusing existing color information for process: g u~ > t t~ g u~ QED=0 @2
  Decay: t > w+ b WEIGHTED<=2
    Decay: w+ > u s~ WEIGHTED<=2
  Decay: t~ > w- b~ WEIGHTED<=2
    Decay: w- > d u~ WEIGHTED<=2 
INFO: Reusing existing color information for process: g u~ > t t~ g u~ QED=0 @2
  Decay: t > w+ b WEIGHTED<=2
    Decay: w+ > u b~ WEIGHTED<=2
  Decay: t~ > w- b~ WEIGHTED<=2
    Decay: w- > d u~ WEIGHTED<=2 
INFO: Reusing existing color information for process: g u~ > t t~ g u~ QED=0 @2
  Decay: t > w+ b WEIGHTED<=2
    Decay: w+ > c d~ WEIGHTED<=2
  Decay: t~ > w- b~ WEIGHTED<=2
    Decay: w- > d u~ WEIGHTED<=2 
INFO: Reusing existing color information for process: g u~ > t t~ g u~ QED=0 @2
  Decay: t > w+ b WEIGHTED<=2
    Decay: w+ > c b~ WEIGHTED<=2
  Decay: t~ > w- b~ WEIGHTED<=2
    Decay: w- > d u~ WEIGHTED<=2 
INFO: Reusing existing color information for process: g u~ > t t~ g u~ QED=0 @2
  Decay: t > w+ b WEIGHTED<=2
    Decay: w+ > u d~ WEIGHTED<=2
  Decay: t~ > w- b~ WEIGHTED<=2
    Decay: w- > d c~ WEIGHTED<=2 
INFO: Reusing existing color information for process: g u~ > t t~ g u~ QED=0 @2
  Decay: t > w+ b WEIGHTED<=2
    Decay: w+ > u s~ WEIGHTED<=2
  Decay: t~ > w- b~ WEIGHTED<=2
    Decay: w- > d c~ WEIGHTED<=2 
INFO: Reusing existing color information for process: g u~ > t t~ g u~ QED=0 @2
  Decay: t > w+ b WEIGHTED<=2
    Decay: w+ > u b~ WEIGHTED<=2
  Decay: t~ > w- b~ WEIGHTED<=2
    Decay: w- > d c~ WEIGHTED<=2 
INFO: Reusing existing color information for process: g u~ > t t~ g u~ QED=0 @2
  Decay: t > w+ b WEIGHTED<=2
    Decay: w+ > c d~ WEIGHTED<=2
  Decay: t~ > w- b~ WEIGHTED<=2
    Decay: w- > d c~ WEIGHTED<=2 
INFO: Reusing existing color information for process: g u~ > t t~ g u~ QED=0 @2
  Decay: t > w+ b WEIGHTED<=2
    Decay: w+ > c b~ WEIGHTED<=2
  Decay: t~ > w- b~ WEIGHTED<=2
    Decay: w- > d c~ WEIGHTED<=2 
INFO: Reusing existing color information for process: g u~ > t t~ g u~ QED=0 @2
  Decay: t > w+ b WEIGHTED<=2
    Decay: w+ > u d~ WEIGHTED<=2
  Decay: t~ > w- b~ WEIGHTED<=2
    Decay: w- > s u~ WEIGHTED<=2 
INFO: Reusing existing color information for process: g u~ > t t~ g u~ QED=0 @2
  Decay: t > w+ b WEIGHTED<=2
    Decay: w+ > u s~ WEIGHTED<=2
  Decay: t~ > w- b~ WEIGHTED<=2
    Decay: w- > s u~ WEIGHTED<=2 
INFO: Reusing existing color information for process: g u~ > t t~ g u~ QED=0 @2
  Decay: t > w+ b WEIGHTED<=2
    Decay: w+ > u b~ WEIGHTED<=2
  Decay: t~ > w- b~ WEIGHTED<=2
    Decay: w- > s u~ WEIGHTED<=2 
INFO: Reusing existing color information for process: g u~ > t t~ g u~ QED=0 @2
  Decay: t > w+ b WEIGHTED<=2
    Decay: w+ > c d~ WEIGHTED<=2
  Decay: t~ > w- b~ WEIGHTED<=2
    Decay: w- > s u~ WEIGHTED<=2 
INFO: Reusing existing color information for process: g u~ > t t~ g u~ QED=0 @2
  Decay: t > w+ b WEIGHTED<=2
    Decay: w+ > c b~ WEIGHTED<=2
  Decay: t~ > w- b~ WEIGHTED<=2
    Decay: w- > s u~ WEIGHTED<=2 
INFO: Reusing existing color information for process: g u~ > t t~ g u~ QED=0 @2
  Decay: t > w+ b WEIGHTED<=2
    Decay: w+ > u d~ WEIGHTED<=2
  Decay: t~ > w- b~ WEIGHTED<=2
    Decay: w- > s c~ WEIGHTED<=2 
INFO: Reusing existing color information for process: g u~ > t t~ g u~ QED=0 @2
  Decay: t > w+ b WEIGHTED<=2
    Decay: w+ > u s~ WEIGHTED<=2
  Decay: t~ > w- b~ WEIGHTED<=2
    Decay: w- > s c~ WEIGHTED<=2 
INFO: Reusing existing color information for process: g u~ > t t~ g u~ QED=0 @2
  Decay: t > w+ b WEIGHTED<=2
    Decay: w+ > u b~ WEIGHTED<=2
  Decay: t~ > w- b~ WEIGHTED<=2
    Decay: w- > s c~ WEIGHTED<=2 
INFO: Reusing existing color information for process: g u~ > t t~ g u~ QED=0 @2
  Decay: t > w+ b WEIGHTED<=2
    Decay: w+ > c d~ WEIGHTED<=2
  Decay: t~ > w- b~ WEIGHTED<=2
    Decay: w- > s c~ WEIGHTED<=2 
INFO: Reusing existing color information for process: g u~ > t t~ g u~ QED=0 @2
  Decay: t > w+ b WEIGHTED<=2
    Decay: w+ > c b~ WEIGHTED<=2
  Decay: t~ > w- b~ WEIGHTED<=2
    Decay: w- > s c~ WEIGHTED<=2 
INFO: Reusing existing color information for process: g u~ > t t~ g u~ QED=0 @2
  Decay: t > w+ b WEIGHTED<=2
    Decay: w+ > u d~ WEIGHTED<=2
  Decay: t~ > w- b~ WEIGHTED<=2
    Decay: w- > b u~ WEIGHTED<=2 
INFO: Reusing existing color information for process: g u~ > t t~ g u~ QED=0 @2
  Decay: t > w+ b WEIGHTED<=2
    Decay: w+ > u s~ WEIGHTED<=2
  Decay: t~ > w- b~ WEIGHTED<=2
    Decay: w- > b u~ WEIGHTED<=2 
INFO: Reusing existing color information for process: g u~ > t t~ g u~ QED=0 @2
  Decay: t > w+ b WEIGHTED<=2
    Decay: w+ > u b~ WEIGHTED<=2
  Decay: t~ > w- b~ WEIGHTED<=2
    Decay: w- > b u~ WEIGHTED<=2 
INFO: Reusing existing color information for process: g u~ > t t~ g u~ QED=0 @2
  Decay: t > w+ b WEIGHTED<=2
    Decay: w+ > c d~ WEIGHTED<=2
  Decay: t~ > w- b~ WEIGHTED<=2
    Decay: w- > b u~ WEIGHTED<=2 
INFO: Reusing existing color information for process: g u~ > t t~ g u~ QED=0 @2
  Decay: t > w+ b WEIGHTED<=2
    Decay: w+ > c b~ WEIGHTED<=2
  Decay: t~ > w- b~ WEIGHTED<=2
    Decay: w- > b u~ WEIGHTED<=2 
INFO: Reusing existing color information for process: g u~ > t t~ g u~ QED=0 @2
  Decay: t > w+ b WEIGHTED<=2
    Decay: w+ > u d~ WEIGHTED<=2
  Decay: t~ > w- b~ WEIGHTED<=2
    Decay: w- > b c~ WEIGHTED<=2 
INFO: Reusing existing color information for process: g u~ > t t~ g u~ QED=0 @2
  Decay: t > w+ b WEIGHTED<=2
    Decay: w+ > u s~ WEIGHTED<=2
  Decay: t~ > w- b~ WEIGHTED<=2
    Decay: w- > b c~ WEIGHTED<=2 
INFO: Reusing existing color information for process: g u~ > t t~ g u~ QED=0 @2
  Decay: t > w+ b WEIGHTED<=2
    Decay: w+ > u b~ WEIGHTED<=2
  Decay: t~ > w- b~ WEIGHTED<=2
    Decay: w- > b c~ WEIGHTED<=2 
INFO: Reusing existing color information for process: g u~ > t t~ g u~ QED=0 @2
  Decay: t > w+ b WEIGHTED<=2
    Decay: w+ > c d~ WEIGHTED<=2
  Decay: t~ > w- b~ WEIGHTED<=2
    Decay: w- > b c~ WEIGHTED<=2 
INFO: Reusing existing color information for process: g u~ > t t~ g u~ QED=0 @2
  Decay: t > w+ b WEIGHTED<=2
    Decay: w+ > c b~ WEIGHTED<=2
  Decay: t~ > w- b~ WEIGHTED<=2
    Decay: w- > b c~ WEIGHTED<=2 
INFO: Processing color information for process: u u > t t~ u u QED=0 @2
  Decay: t > w+ b WEIGHTED<=2
    Decay: w+ > u d~ WEIGHTED<=2
  Decay: t~ > w- b~ WEIGHTED<=2
    Decay: w- > d u~ WEIGHTED<=2 
INFO: Reusing existing color information for process: u u > t t~ u u QED=0 @2
  Decay: t > w+ b WEIGHTED<=2
    Decay: w+ > u s~ WEIGHTED<=2
  Decay: t~ > w- b~ WEIGHTED<=2
    Decay: w- > d u~ WEIGHTED<=2 
INFO: Reusing existing color information for process: u u > t t~ u u QED=0 @2
  Decay: t > w+ b WEIGHTED<=2
    Decay: w+ > u b~ WEIGHTED<=2
  Decay: t~ > w- b~ WEIGHTED<=2
    Decay: w- > d u~ WEIGHTED<=2 
INFO: Reusing existing color information for process: u u > t t~ u u QED=0 @2
  Decay: t > w+ b WEIGHTED<=2
    Decay: w+ > c d~ WEIGHTED<=2
  Decay: t~ > w- b~ WEIGHTED<=2
    Decay: w- > d u~ WEIGHTED<=2 
INFO: Reusing existing color information for process: u u > t t~ u u QED=0 @2
  Decay: t > w+ b WEIGHTED<=2
    Decay: w+ > c s~ WEIGHTED<=2
  Decay: t~ > w- b~ WEIGHTED<=2
    Decay: w- > d u~ WEIGHTED<=2 
INFO: Reusing existing color information for process: u u > t t~ u u QED=0 @2
  Decay: t > w+ b WEIGHTED<=2
    Decay: w+ > c b~ WEIGHTED<=2
  Decay: t~ > w- b~ WEIGHTED<=2
    Decay: w- > d u~ WEIGHTED<=2 
INFO: Reusing existing color information for process: u u > t t~ u u QED=0 @2
  Decay: t > w+ b WEIGHTED<=2
    Decay: w+ > u d~ WEIGHTED<=2
  Decay: t~ > w- b~ WEIGHTED<=2
    Decay: w- > d c~ WEIGHTED<=2 
INFO: Reusing existing color information for process: u u > t t~ u u QED=0 @2
  Decay: t > w+ b WEIGHTED<=2
    Decay: w+ > u s~ WEIGHTED<=2
  Decay: t~ > w- b~ WEIGHTED<=2
    Decay: w- > d c~ WEIGHTED<=2 
INFO: Reusing existing color information for process: u u > t t~ u u QED=0 @2
  Decay: t > w+ b WEIGHTED<=2
    Decay: w+ > u b~ WEIGHTED<=2
  Decay: t~ > w- b~ WEIGHTED<=2
    Decay: w- > d c~ WEIGHTED<=2 
INFO: Reusing existing color information for process: u u > t t~ u u QED=0 @2
  Decay: t > w+ b WEIGHTED<=2
    Decay: w+ > c d~ WEIGHTED<=2
  Decay: t~ > w- b~ WEIGHTED<=2
    Decay: w- > d c~ WEIGHTED<=2 
INFO: Reusing existing color information for process: u u > t t~ u u QED=0 @2
  Decay: t > w+ b WEIGHTED<=2
    Decay: w+ > c s~ WEIGHTED<=2
  Decay: t~ > w- b~ WEIGHTED<=2
    Decay: w- > d c~ WEIGHTED<=2 
INFO: Reusing existing color information for process: u u > t t~ u u QED=0 @2
  Decay: t > w+ b WEIGHTED<=2
    Decay: w+ > c b~ WEIGHTED<=2
  Decay: t~ > w- b~ WEIGHTED<=2
    Decay: w- > d c~ WEIGHTED<=2 
INFO: Reusing existing color information for process: u u > t t~ u u QED=0 @2
  Decay: t > w+ b WEIGHTED<=2
    Decay: w+ > u d~ WEIGHTED<=2
  Decay: t~ > w- b~ WEIGHTED<=2
    Decay: w- > s u~ WEIGHTED<=2 
INFO: Reusing existing color information for process: u u > t t~ u u QED=0 @2
  Decay: t > w+ b WEIGHTED<=2
    Decay: w+ > u s~ WEIGHTED<=2
  Decay: t~ > w- b~ WEIGHTED<=2
    Decay: w- > s u~ WEIGHTED<=2 
INFO: Reusing existing color information for process: u u > t t~ u u QED=0 @2
  Decay: t > w+ b WEIGHTED<=2
    Decay: w+ > u b~ WEIGHTED<=2
  Decay: t~ > w- b~ WEIGHTED<=2
    Decay: w- > s u~ WEIGHTED<=2 
INFO: Reusing existing color information for process: u u > t t~ u u QED=0 @2
  Decay: t > w+ b WEIGHTED<=2
    Decay: w+ > c d~ WEIGHTED<=2
  Decay: t~ > w- b~ WEIGHTED<=2
    Decay: w- > s u~ WEIGHTED<=2 
INFO: Reusing existing color information for process: u u > t t~ u u QED=0 @2
  Decay: t > w+ b WEIGHTED<=2
    Decay: w+ > c s~ WEIGHTED<=2
  Decay: t~ > w- b~ WEIGHTED<=2
    Decay: w- > s u~ WEIGHTED<=2 
INFO: Reusing existing color information for process: u u > t t~ u u QED=0 @2
  Decay: t > w+ b WEIGHTED<=2
    Decay: w+ > c b~ WEIGHTED<=2
  Decay: t~ > w- b~ WEIGHTED<=2
    Decay: w- > s u~ WEIGHTED<=2 
INFO: Reusing existing color information for process: u u > t t~ u u QED=0 @2
  Decay: t > w+ b WEIGHTED<=2
    Decay: w+ > u d~ WEIGHTED<=2
  Decay: t~ > w- b~ WEIGHTED<=2
    Decay: w- > b u~ WEIGHTED<=2 
INFO: Reusing existing color information for process: u u > t t~ u u QED=0 @2
  Decay: t > w+ b WEIGHTED<=2
    Decay: w+ > u s~ WEIGHTED<=2
  Decay: t~ > w- b~ WEIGHTED<=2
    Decay: w- > b u~ WEIGHTED<=2 
INFO: Reusing existing color information for process: u u > t t~ u u QED=0 @2
  Decay: t > w+ b WEIGHTED<=2
    Decay: w+ > u b~ WEIGHTED<=2
  Decay: t~ > w- b~ WEIGHTED<=2
    Decay: w- > b u~ WEIGHTED<=2 
INFO: Reusing existing color information for process: u u > t t~ u u QED=0 @2
  Decay: t > w+ b WEIGHTED<=2
    Decay: w+ > c d~ WEIGHTED<=2
  Decay: t~ > w- b~ WEIGHTED<=2
    Decay: w- > b u~ WEIGHTED<=2 
INFO: Reusing existing color information for process: u u > t t~ u u QED=0 @2
  Decay: t > w+ b WEIGHTED<=2
    Decay: w+ > c s~ WEIGHTED<=2
  Decay: t~ > w- b~ WEIGHTED<=2
    Decay: w- > b u~ WEIGHTED<=2 
INFO: Reusing existing color information for process: u u > t t~ u u QED=0 @2
  Decay: t > w+ b WEIGHTED<=2
    Decay: w+ > c b~ WEIGHTED<=2
  Decay: t~ > w- b~ WEIGHTED<=2
    Decay: w- > b u~ WEIGHTED<=2 
INFO: Reusing existing color information for process: u u > t t~ u u QED=0 @2
  Decay: t > w+ b WEIGHTED<=2
    Decay: w+ > u d~ WEIGHTED<=2
  Decay: t~ > w- b~ WEIGHTED<=2
    Decay: w- > b c~ WEIGHTED<=2 
INFO: Reusing existing color information for process: u u > t t~ u u QED=0 @2
  Decay: t > w+ b WEIGHTED<=2
    Decay: w+ > u s~ WEIGHTED<=2
  Decay: t~ > w- b~ WEIGHTED<=2
    Decay: w- > b c~ WEIGHTED<=2 
INFO: Reusing existing color information for process: u u > t t~ u u QED=0 @2
  Decay: t > w+ b WEIGHTED<=2
    Decay: w+ > u b~ WEIGHTED<=2
  Decay: t~ > w- b~ WEIGHTED<=2
    Decay: w- > b c~ WEIGHTED<=2 
INFO: Reusing existing color information for process: u u > t t~ u u QED=0 @2
  Decay: t > w+ b WEIGHTED<=2
    Decay: w+ > c d~ WEIGHTED<=2
  Decay: t~ > w- b~ WEIGHTED<=2
    Decay: w- > b c~ WEIGHTED<=2 
INFO: Reusing existing color information for process: u u > t t~ u u QED=0 @2
  Decay: t > w+ b WEIGHTED<=2
    Decay: w+ > c s~ WEIGHTED<=2
  Decay: t~ > w- b~ WEIGHTED<=2
    Decay: w- > b c~ WEIGHTED<=2 
INFO: Reusing existing color information for process: u u > t t~ u u QED=0 @2
  Decay: t > w+ b WEIGHTED<=2
    Decay: w+ > c b~ WEIGHTED<=2
  Decay: t~ > w- b~ WEIGHTED<=2
    Decay: w- > b c~ WEIGHTED<=2 
INFO: Processing color information for process: u c > t t~ u c QED=0 @2
  Decay: t > w+ b WEIGHTED<=2
    Decay: w+ > u d~ WEIGHTED<=2
  Decay: t~ > w- b~ WEIGHTED<=2
    Decay: w- > d u~ WEIGHTED<=2 
INFO: Reusing existing color information for process: u c > t t~ u c QED=0 @2
  Decay: t > w+ b WEIGHTED<=2
    Decay: w+ > u s~ WEIGHTED<=2
  Decay: t~ > w- b~ WEIGHTED<=2
    Decay: w- > d u~ WEIGHTED<=2 
INFO: Reusing existing color information for process: u c > t t~ u c QED=0 @2
  Decay: t > w+ b WEIGHTED<=2
    Decay: w+ > u b~ WEIGHTED<=2
  Decay: t~ > w- b~ WEIGHTED<=2
    Decay: w- > d u~ WEIGHTED<=2 
INFO: Reusing existing color information for process: u c > t t~ u c QED=0 @2
  Decay: t > w+ b WEIGHTED<=2
    Decay: w+ > c d~ WEIGHTED<=2
  Decay: t~ > w- b~ WEIGHTED<=2
    Decay: w- > d u~ WEIGHTED<=2 
INFO: Reusing existing color information for process: u c > t t~ u c QED=0 @2
  Decay: t > w+ b WEIGHTED<=2
    Decay: w+ > c s~ WEIGHTED<=2
  Decay: t~ > w- b~ WEIGHTED<=2
    Decay: w- > d u~ WEIGHTED<=2 
INFO: Reusing existing color information for process: u c > t t~ u c QED=0 @2
  Decay: t > w+ b WEIGHTED<=2
    Decay: w+ > c b~ WEIGHTED<=2
  Decay: t~ > w- b~ WEIGHTED<=2
    Decay: w- > d u~ WEIGHTED<=2 
INFO: Reusing existing color information for process: u c > t t~ u c QED=0 @2
  Decay: t > w+ b WEIGHTED<=2
    Decay: w+ > u d~ WEIGHTED<=2
  Decay: t~ > w- b~ WEIGHTED<=2
    Decay: w- > d c~ WEIGHTED<=2 
INFO: Reusing existing color information for process: u c > t t~ u c QED=0 @2
  Decay: t > w+ b WEIGHTED<=2
    Decay: w+ > u s~ WEIGHTED<=2
  Decay: t~ > w- b~ WEIGHTED<=2
    Decay: w- > d c~ WEIGHTED<=2 
INFO: Reusing existing color information for process: u c > t t~ u c QED=0 @2
  Decay: t > w+ b WEIGHTED<=2
    Decay: w+ > u b~ WEIGHTED<=2
  Decay: t~ > w- b~ WEIGHTED<=2
    Decay: w- > d c~ WEIGHTED<=2 
INFO: Reusing existing color information for process: u c > t t~ u c QED=0 @2
  Decay: t > w+ b WEIGHTED<=2
    Decay: w+ > c d~ WEIGHTED<=2
  Decay: t~ > w- b~ WEIGHTED<=2
    Decay: w- > d c~ WEIGHTED<=2 
INFO: Reusing existing color information for process: u c > t t~ u c QED=0 @2
  Decay: t > w+ b WEIGHTED<=2
    Decay: w+ > c s~ WEIGHTED<=2
  Decay: t~ > w- b~ WEIGHTED<=2
    Decay: w- > d c~ WEIGHTED<=2 
INFO: Reusing existing color information for process: u c > t t~ u c QED=0 @2
  Decay: t > w+ b WEIGHTED<=2
    Decay: w+ > c b~ WEIGHTED<=2
  Decay: t~ > w- b~ WEIGHTED<=2
    Decay: w- > d c~ WEIGHTED<=2 
INFO: Reusing existing color information for process: u c > t t~ u c QED=0 @2
  Decay: t > w+ b WEIGHTED<=2
    Decay: w+ > u d~ WEIGHTED<=2
  Decay: t~ > w- b~ WEIGHTED<=2
    Decay: w- > s u~ WEIGHTED<=2 
INFO: Reusing existing color information for process: u c > t t~ u c QED=0 @2
  Decay: t > w+ b WEIGHTED<=2
    Decay: w+ > u s~ WEIGHTED<=2
  Decay: t~ > w- b~ WEIGHTED<=2
    Decay: w- > s u~ WEIGHTED<=2 
INFO: Reusing existing color information for process: u c > t t~ u c QED=0 @2
  Decay: t > w+ b WEIGHTED<=2
    Decay: w+ > u b~ WEIGHTED<=2
  Decay: t~ > w- b~ WEIGHTED<=2
    Decay: w- > s u~ WEIGHTED<=2 
INFO: Reusing existing color information for process: u c > t t~ u c QED=0 @2
  Decay: t > w+ b WEIGHTED<=2
    Decay: w+ > c d~ WEIGHTED<=2
  Decay: t~ > w- b~ WEIGHTED<=2
    Decay: w- > s u~ WEIGHTED<=2 
INFO: Reusing existing color information for process: u c > t t~ u c QED=0 @2
  Decay: t > w+ b WEIGHTED<=2
    Decay: w+ > c s~ WEIGHTED<=2
  Decay: t~ > w- b~ WEIGHTED<=2
    Decay: w- > s u~ WEIGHTED<=2 
INFO: Reusing existing color information for process: u c > t t~ u c QED=0 @2
  Decay: t > w+ b WEIGHTED<=2
    Decay: w+ > c b~ WEIGHTED<=2
  Decay: t~ > w- b~ WEIGHTED<=2
    Decay: w- > s u~ WEIGHTED<=2 
INFO: Reusing existing color information for process: u c > t t~ u c QED=0 @2
  Decay: t > w+ b WEIGHTED<=2
    Decay: w+ > u d~ WEIGHTED<=2
  Decay: t~ > w- b~ WEIGHTED<=2
    Decay: w- > b u~ WEIGHTED<=2 
INFO: Reusing existing color information for process: u c > t t~ u c QED=0 @2
  Decay: t > w+ b WEIGHTED<=2
    Decay: w+ > u s~ WEIGHTED<=2
  Decay: t~ > w- b~ WEIGHTED<=2
    Decay: w- > b u~ WEIGHTED<=2 
INFO: Reusing existing color information for process: u c > t t~ u c QED=0 @2
  Decay: t > w+ b WEIGHTED<=2
    Decay: w+ > u b~ WEIGHTED<=2
  Decay: t~ > w- b~ WEIGHTED<=2
    Decay: w- > b u~ WEIGHTED<=2 
INFO: Reusing existing color information for process: u c > t t~ u c QED=0 @2
  Decay: t > w+ b WEIGHTED<=2
    Decay: w+ > c d~ WEIGHTED<=2
  Decay: t~ > w- b~ WEIGHTED<=2
    Decay: w- > b u~ WEIGHTED<=2 
INFO: Reusing existing color information for process: u c > t t~ u c QED=0 @2
  Decay: t > w+ b WEIGHTED<=2
    Decay: w+ > c s~ WEIGHTED<=2
  Decay: t~ > w- b~ WEIGHTED<=2
    Decay: w- > b u~ WEIGHTED<=2 
INFO: Reusing existing color information for process: u c > t t~ u c QED=0 @2
  Decay: t > w+ b WEIGHTED<=2
    Decay: w+ > c b~ WEIGHTED<=2
  Decay: t~ > w- b~ WEIGHTED<=2
    Decay: w- > b u~ WEIGHTED<=2 
INFO: Reusing existing color information for process: u c > t t~ u c QED=0 @2
  Decay: t > w+ b WEIGHTED<=2
    Decay: w+ > u d~ WEIGHTED<=2
  Decay: t~ > w- b~ WEIGHTED<=2
    Decay: w- > b c~ WEIGHTED<=2 
INFO: Reusing existing color information for process: u c > t t~ u c QED=0 @2
  Decay: t > w+ b WEIGHTED<=2
    Decay: w+ > u s~ WEIGHTED<=2
  Decay: t~ > w- b~ WEIGHTED<=2
    Decay: w- > b c~ WEIGHTED<=2 
INFO: Reusing existing color information for process: u c > t t~ u c QED=0 @2
  Decay: t > w+ b WEIGHTED<=2
    Decay: w+ > u b~ WEIGHTED<=2
  Decay: t~ > w- b~ WEIGHTED<=2
    Decay: w- > b c~ WEIGHTED<=2 
INFO: Reusing existing color information for process: u c > t t~ u c QED=0 @2
  Decay: t > w+ b WEIGHTED<=2
    Decay: w+ > c d~ WEIGHTED<=2
  Decay: t~ > w- b~ WEIGHTED<=2
    Decay: w- > b c~ WEIGHTED<=2 
INFO: Reusing existing color information for process: u c > t t~ u c QED=0 @2
  Decay: t > w+ b WEIGHTED<=2
    Decay: w+ > c s~ WEIGHTED<=2
  Decay: t~ > w- b~ WEIGHTED<=2
    Decay: w- > b c~ WEIGHTED<=2 
INFO: Reusing existing color information for process: u c > t t~ u c QED=0 @2
  Decay: t > w+ b WEIGHTED<=2
    Decay: w+ > c b~ WEIGHTED<=2
  Decay: t~ > w- b~ WEIGHTED<=2
    Decay: w- > b c~ WEIGHTED<=2 
INFO: Processing color information for process: u u~ > t t~ g g QED=0 @2
  Decay: t > w+ b WEIGHTED<=2
    Decay: w+ > u d~ WEIGHTED<=2
  Decay: t~ > w- b~ WEIGHTED<=2
    Decay: w- > d u~ WEIGHTED<=2 
INFO: Reusing existing color information for process: u u~ > t t~ g g QED=0 @2
  Decay: t > w+ b WEIGHTED<=2
    Decay: w+ > u s~ WEIGHTED<=2
  Decay: t~ > w- b~ WEIGHTED<=2
    Decay: w- > d u~ WEIGHTED<=2 
INFO: Reusing existing color information for process: u u~ > t t~ g g QED=0 @2
  Decay: t > w+ b WEIGHTED<=2
    Decay: w+ > u b~ WEIGHTED<=2
  Decay: t~ > w- b~ WEIGHTED<=2
    Decay: w- > d u~ WEIGHTED<=2 
INFO: Reusing existing color information for process: u u~ > t t~ g g QED=0 @2
  Decay: t > w+ b WEIGHTED<=2
    Decay: w+ > c d~ WEIGHTED<=2
  Decay: t~ > w- b~ WEIGHTED<=2
    Decay: w- > d u~ WEIGHTED<=2 
INFO: Reusing existing color information for process: u u~ > t t~ g g QED=0 @2
  Decay: t > w+ b WEIGHTED<=2
    Decay: w+ > c b~ WEIGHTED<=2
  Decay: t~ > w- b~ WEIGHTED<=2
    Decay: w- > d u~ WEIGHTED<=2 
INFO: Reusing existing color information for process: u u~ > t t~ g g QED=0 @2
  Decay: t > w+ b WEIGHTED<=2
    Decay: w+ > u d~ WEIGHTED<=2
  Decay: t~ > w- b~ WEIGHTED<=2
    Decay: w- > d c~ WEIGHTED<=2 
INFO: Reusing existing color information for process: u u~ > t t~ g g QED=0 @2
  Decay: t > w+ b WEIGHTED<=2
    Decay: w+ > u s~ WEIGHTED<=2
  Decay: t~ > w- b~ WEIGHTED<=2
    Decay: w- > d c~ WEIGHTED<=2 
INFO: Reusing existing color information for process: u u~ > t t~ g g QED=0 @2
  Decay: t > w+ b WEIGHTED<=2
    Decay: w+ > u b~ WEIGHTED<=2
  Decay: t~ > w- b~ WEIGHTED<=2
    Decay: w- > d c~ WEIGHTED<=2 
INFO: Reusing existing color information for process: u u~ > t t~ g g QED=0 @2
  Decay: t > w+ b WEIGHTED<=2
    Decay: w+ > c d~ WEIGHTED<=2
  Decay: t~ > w- b~ WEIGHTED<=2
    Decay: w- > d c~ WEIGHTED<=2 
INFO: Reusing existing color information for process: u u~ > t t~ g g QED=0 @2
  Decay: t > w+ b WEIGHTED<=2
    Decay: w+ > c b~ WEIGHTED<=2
  Decay: t~ > w- b~ WEIGHTED<=2
    Decay: w- > d c~ WEIGHTED<=2 
INFO: Reusing existing color information for process: u u~ > t t~ g g QED=0 @2
  Decay: t > w+ b WEIGHTED<=2
    Decay: w+ > u d~ WEIGHTED<=2
  Decay: t~ > w- b~ WEIGHTED<=2
    Decay: w- > s u~ WEIGHTED<=2 
INFO: Reusing existing color information for process: u u~ > t t~ g g QED=0 @2
  Decay: t > w+ b WEIGHTED<=2
    Decay: w+ > u s~ WEIGHTED<=2
  Decay: t~ > w- b~ WEIGHTED<=2
    Decay: w- > s u~ WEIGHTED<=2 
INFO: Reusing existing color information for process: u u~ > t t~ g g QED=0 @2
  Decay: t > w+ b WEIGHTED<=2
    Decay: w+ > u b~ WEIGHTED<=2
  Decay: t~ > w- b~ WEIGHTED<=2
    Decay: w- > s u~ WEIGHTED<=2 
INFO: Reusing existing color information for process: u u~ > t t~ g g QED=0 @2
  Decay: t > w+ b WEIGHTED<=2
    Decay: w+ > c d~ WEIGHTED<=2
  Decay: t~ > w- b~ WEIGHTED<=2
    Decay: w- > s u~ WEIGHTED<=2 
INFO: Reusing existing color information for process: u u~ > t t~ g g QED=0 @2
  Decay: t > w+ b WEIGHTED<=2
    Decay: w+ > c b~ WEIGHTED<=2
  Decay: t~ > w- b~ WEIGHTED<=2
    Decay: w- > s u~ WEIGHTED<=2 
INFO: Reusing existing color information for process: u u~ > t t~ g g QED=0 @2
  Decay: t > w+ b WEIGHTED<=2
    Decay: w+ > u d~ WEIGHTED<=2
  Decay: t~ > w- b~ WEIGHTED<=2
    Decay: w- > b u~ WEIGHTED<=2 
INFO: Reusing existing color information for process: u u~ > t t~ g g QED=0 @2
  Decay: t > w+ b WEIGHTED<=2
    Decay: w+ > u s~ WEIGHTED<=2
  Decay: t~ > w- b~ WEIGHTED<=2
    Decay: w- > b u~ WEIGHTED<=2 
INFO: Reusing existing color information for process: u u~ > t t~ g g QED=0 @2
  Decay: t > w+ b WEIGHTED<=2
    Decay: w+ > u b~ WEIGHTED<=2
  Decay: t~ > w- b~ WEIGHTED<=2
    Decay: w- > b u~ WEIGHTED<=2 
INFO: Reusing existing color information for process: u u~ > t t~ g g QED=0 @2
  Decay: t > w+ b WEIGHTED<=2
    Decay: w+ > c d~ WEIGHTED<=2
  Decay: t~ > w- b~ WEIGHTED<=2
    Decay: w- > b u~ WEIGHTED<=2 
INFO: Reusing existing color information for process: u u~ > t t~ g g QED=0 @2
  Decay: t > w+ b WEIGHTED<=2
    Decay: w+ > c b~ WEIGHTED<=2
  Decay: t~ > w- b~ WEIGHTED<=2
    Decay: w- > b u~ WEIGHTED<=2 
INFO: Reusing existing color information for process: u u~ > t t~ g g QED=0 @2
  Decay: t > w+ b WEIGHTED<=2
    Decay: w+ > u d~ WEIGHTED<=2
  Decay: t~ > w- b~ WEIGHTED<=2
    Decay: w- > b c~ WEIGHTED<=2 
INFO: Reusing existing color information for process: u u~ > t t~ g g QED=0 @2
  Decay: t > w+ b WEIGHTED<=2
    Decay: w+ > u s~ WEIGHTED<=2
  Decay: t~ > w- b~ WEIGHTED<=2
    Decay: w- > b c~ WEIGHTED<=2 
INFO: Reusing existing color information for process: u u~ > t t~ g g QED=0 @2
  Decay: t > w+ b WEIGHTED<=2
    Decay: w+ > u b~ WEIGHTED<=2
  Decay: t~ > w- b~ WEIGHTED<=2
    Decay: w- > b c~ WEIGHTED<=2 
INFO: Reusing existing color information for process: u u~ > t t~ g g QED=0 @2
  Decay: t > w+ b WEIGHTED<=2
    Decay: w+ > c d~ WEIGHTED<=2
  Decay: t~ > w- b~ WEIGHTED<=2
    Decay: w- > b c~ WEIGHTED<=2 
INFO: Reusing existing color information for process: u u~ > t t~ g g QED=0 @2
  Decay: t > w+ b WEIGHTED<=2
    Decay: w+ > c b~ WEIGHTED<=2
  Decay: t~ > w- b~ WEIGHTED<=2
    Decay: w- > b c~ WEIGHTED<=2 
INFO: Processing color information for process: u u~ > t t~ u u~ QED=0 @2
  Decay: t > w+ b WEIGHTED<=2
    Decay: w+ > u d~ WEIGHTED<=2
  Decay: t~ > w- b~ WEIGHTED<=2
    Decay: w- > d u~ WEIGHTED<=2 
INFO: Reusing existing color information for process: u u~ > t t~ u u~ QED=0 @2
  Decay: t > w+ b WEIGHTED<=2
    Decay: w+ > u s~ WEIGHTED<=2
  Decay: t~ > w- b~ WEIGHTED<=2
    Decay: w- > d u~ WEIGHTED<=2 
INFO: Reusing existing color information for process: u u~ > t t~ u u~ QED=0 @2
  Decay: t > w+ b WEIGHTED<=2
    Decay: w+ > u b~ WEIGHTED<=2
  Decay: t~ > w- b~ WEIGHTED<=2
    Decay: w- > d u~ WEIGHTED<=2 
INFO: Reusing existing color information for process: u u~ > t t~ u u~ QED=0 @2
  Decay: t > w+ b WEIGHTED<=2
    Decay: w+ > c d~ WEIGHTED<=2
  Decay: t~ > w- b~ WEIGHTED<=2
    Decay: w- > d u~ WEIGHTED<=2 
INFO: Reusing existing color information for process: u u~ > t t~ u u~ QED=0 @2
  Decay: t > w+ b WEIGHTED<=2
    Decay: w+ > c s~ WEIGHTED<=2
  Decay: t~ > w- b~ WEIGHTED<=2
    Decay: w- > d u~ WEIGHTED<=2 
INFO: Reusing existing color information for process: u u~ > t t~ u u~ QED=0 @2
  Decay: t > w+ b WEIGHTED<=2
    Decay: w+ > c b~ WEIGHTED<=2
  Decay: t~ > w- b~ WEIGHTED<=2
    Decay: w- > d u~ WEIGHTED<=2 
INFO: Reusing existing color information for process: u u~ > t t~ u u~ QED=0 @2
  Decay: t > w+ b WEIGHTED<=2
    Decay: w+ > u d~ WEIGHTED<=2
  Decay: t~ > w- b~ WEIGHTED<=2
    Decay: w- > d c~ WEIGHTED<=2 
INFO: Reusing existing color information for process: u u~ > t t~ u u~ QED=0 @2
  Decay: t > w+ b WEIGHTED<=2
    Decay: w+ > u s~ WEIGHTED<=2
  Decay: t~ > w- b~ WEIGHTED<=2
    Decay: w- > d c~ WEIGHTED<=2 
INFO: Reusing existing color information for process: u u~ > t t~ u u~ QED=0 @2
  Decay: t > w+ b WEIGHTED<=2
    Decay: w+ > u b~ WEIGHTED<=2
  Decay: t~ > w- b~ WEIGHTED<=2
    Decay: w- > d c~ WEIGHTED<=2 
INFO: Reusing existing color information for process: u u~ > t t~ u u~ QED=0 @2
  Decay: t > w+ b WEIGHTED<=2
    Decay: w+ > c d~ WEIGHTED<=2
  Decay: t~ > w- b~ WEIGHTED<=2
    Decay: w- > d c~ WEIGHTED<=2 
INFO: Reusing existing color information for process: u u~ > t t~ u u~ QED=0 @2
  Decay: t > w+ b WEIGHTED<=2
    Decay: w+ > c s~ WEIGHTED<=2
  Decay: t~ > w- b~ WEIGHTED<=2
    Decay: w- > d c~ WEIGHTED<=2 
INFO: Reusing existing color information for process: u u~ > t t~ u u~ QED=0 @2
  Decay: t > w+ b WEIGHTED<=2
    Decay: w+ > c b~ WEIGHTED<=2
  Decay: t~ > w- b~ WEIGHTED<=2
    Decay: w- > d c~ WEIGHTED<=2 
INFO: Reusing existing color information for process: u u~ > t t~ u u~ QED=0 @2
  Decay: t > w+ b WEIGHTED<=2
    Decay: w+ > u d~ WEIGHTED<=2
  Decay: t~ > w- b~ WEIGHTED<=2
    Decay: w- > s u~ WEIGHTED<=2 
INFO: Reusing existing color information for process: u u~ > t t~ u u~ QED=0 @2
  Decay: t > w+ b WEIGHTED<=2
    Decay: w+ > u s~ WEIGHTED<=2
  Decay: t~ > w- b~ WEIGHTED<=2
    Decay: w- > s u~ WEIGHTED<=2 
INFO: Reusing existing color information for process: u u~ > t t~ u u~ QED=0 @2
  Decay: t > w+ b WEIGHTED<=2
    Decay: w+ > u b~ WEIGHTED<=2
  Decay: t~ > w- b~ WEIGHTED<=2
    Decay: w- > s u~ WEIGHTED<=2 
INFO: Reusing existing color information for process: u u~ > t t~ u u~ QED=0 @2
  Decay: t > w+ b WEIGHTED<=2
    Decay: w+ > c d~ WEIGHTED<=2
  Decay: t~ > w- b~ WEIGHTED<=2
    Decay: w- > s u~ WEIGHTED<=2 
INFO: Reusing existing color information for process: u u~ > t t~ u u~ QED=0 @2
  Decay: t > w+ b WEIGHTED<=2
    Decay: w+ > c s~ WEIGHTED<=2
  Decay: t~ > w- b~ WEIGHTED<=2
    Decay: w- > s u~ WEIGHTED<=2 
INFO: Reusing existing color information for process: u u~ > t t~ u u~ QED=0 @2
  Decay: t > w+ b WEIGHTED<=2
    Decay: w+ > c b~ WEIGHTED<=2
  Decay: t~ > w- b~ WEIGHTED<=2
    Decay: w- > s u~ WEIGHTED<=2 
INFO: Reusing existing color information for process: u u~ > t t~ u u~ QED=0 @2
  Decay: t > w+ b WEIGHTED<=2
    Decay: w+ > u d~ WEIGHTED<=2
  Decay: t~ > w- b~ WEIGHTED<=2
    Decay: w- > s c~ WEIGHTED<=2 
INFO: Reusing existing color information for process: u u~ > t t~ u u~ QED=0 @2
  Decay: t > w+ b WEIGHTED<=2
    Decay: w+ > u s~ WEIGHTED<=2
  Decay: t~ > w- b~ WEIGHTED<=2
    Decay: w- > s c~ WEIGHTED<=2 
INFO: Reusing existing color information for process: u u~ > t t~ u u~ QED=0 @2
  Decay: t > w+ b WEIGHTED<=2
    Decay: w+ > u b~ WEIGHTED<=2
  Decay: t~ > w- b~ WEIGHTED<=2
    Decay: w- > s c~ WEIGHTED<=2 
INFO: Reusing existing color information for process: u u~ > t t~ u u~ QED=0 @2
  Decay: t > w+ b WEIGHTED<=2
    Decay: w+ > c d~ WEIGHTED<=2
  Decay: t~ > w- b~ WEIGHTED<=2
    Decay: w- > s c~ WEIGHTED<=2 
INFO: Reusing existing color information for process: u u~ > t t~ u u~ QED=0 @2
  Decay: t > w+ b WEIGHTED<=2
    Decay: w+ > c s~ WEIGHTED<=2
  Decay: t~ > w- b~ WEIGHTED<=2
    Decay: w- > s c~ WEIGHTED<=2 
INFO: Reusing existing color information for process: u u~ > t t~ u u~ QED=0 @2
  Decay: t > w+ b WEIGHTED<=2
    Decay: w+ > c b~ WEIGHTED<=2
  Decay: t~ > w- b~ WEIGHTED<=2
    Decay: w- > s c~ WEIGHTED<=2 
INFO: Reusing existing color information for process: u u~ > t t~ u u~ QED=0 @2
  Decay: t > w+ b WEIGHTED<=2
    Decay: w+ > u d~ WEIGHTED<=2
  Decay: t~ > w- b~ WEIGHTED<=2
    Decay: w- > b u~ WEIGHTED<=2 
INFO: Reusing existing color information for process: u u~ > t t~ u u~ QED=0 @2
  Decay: t > w+ b WEIGHTED<=2
    Decay: w+ > u s~ WEIGHTED<=2
  Decay: t~ > w- b~ WEIGHTED<=2
    Decay: w- > b u~ WEIGHTED<=2 
INFO: Reusing existing color information for process: u u~ > t t~ u u~ QED=0 @2
  Decay: t > w+ b WEIGHTED<=2
    Decay: w+ > u b~ WEIGHTED<=2
  Decay: t~ > w- b~ WEIGHTED<=2
    Decay: w- > b u~ WEIGHTED<=2 
INFO: Reusing existing color information for process: u u~ > t t~ u u~ QED=0 @2
  Decay: t > w+ b WEIGHTED<=2
    Decay: w+ > c d~ WEIGHTED<=2
  Decay: t~ > w- b~ WEIGHTED<=2
    Decay: w- > b u~ WEIGHTED<=2 
INFO: Reusing existing color information for process: u u~ > t t~ u u~ QED=0 @2
  Decay: t > w+ b WEIGHTED<=2
    Decay: w+ > c s~ WEIGHTED<=2
  Decay: t~ > w- b~ WEIGHTED<=2
    Decay: w- > b u~ WEIGHTED<=2 
INFO: Reusing existing color information for process: u u~ > t t~ u u~ QED=0 @2
  Decay: t > w+ b WEIGHTED<=2
    Decay: w+ > c b~ WEIGHTED<=2
  Decay: t~ > w- b~ WEIGHTED<=2
    Decay: w- > b u~ WEIGHTED<=2 
INFO: Reusing existing color information for process: u u~ > t t~ u u~ QED=0 @2
  Decay: t > w+ b WEIGHTED<=2
    Decay: w+ > u d~ WEIGHTED<=2
  Decay: t~ > w- b~ WEIGHTED<=2
    Decay: w- > b c~ WEIGHTED<=2 
INFO: Reusing existing color information for process: u u~ > t t~ u u~ QED=0 @2
  Decay: t > w+ b WEIGHTED<=2
    Decay: w+ > u s~ WEIGHTED<=2
  Decay: t~ > w- b~ WEIGHTED<=2
    Decay: w- > b c~ WEIGHTED<=2 
INFO: Reusing existing color information for process: u u~ > t t~ u u~ QED=0 @2
  Decay: t > w+ b WEIGHTED<=2
    Decay: w+ > u b~ WEIGHTED<=2
  Decay: t~ > w- b~ WEIGHTED<=2
    Decay: w- > b c~ WEIGHTED<=2 
INFO: Reusing existing color information for process: u u~ > t t~ u u~ QED=0 @2
  Decay: t > w+ b WEIGHTED<=2
    Decay: w+ > c d~ WEIGHTED<=2
  Decay: t~ > w- b~ WEIGHTED<=2
    Decay: w- > b c~ WEIGHTED<=2 
INFO: Reusing existing color information for process: u u~ > t t~ u u~ QED=0 @2
  Decay: t > w+ b WEIGHTED<=2
    Decay: w+ > c s~ WEIGHTED<=2
  Decay: t~ > w- b~ WEIGHTED<=2
    Decay: w- > b c~ WEIGHTED<=2 
INFO: Reusing existing color information for process: u u~ > t t~ u u~ QED=0 @2
  Decay: t > w+ b WEIGHTED<=2
    Decay: w+ > c b~ WEIGHTED<=2
  Decay: t~ > w- b~ WEIGHTED<=2
    Decay: w- > b c~ WEIGHTED<=2 
INFO: Processing color information for process: u u~ > t t~ c c~ QED=0 @2
  Decay: t > w+ b WEIGHTED<=2
    Decay: w+ > u d~ WEIGHTED<=2
  Decay: t~ > w- b~ WEIGHTED<=2
    Decay: w- > d u~ WEIGHTED<=2 
INFO: Reusing existing color information for process: u u~ > t t~ c c~ QED=0 @2
  Decay: t > w+ b WEIGHTED<=2
    Decay: w+ > u s~ WEIGHTED<=2
  Decay: t~ > w- b~ WEIGHTED<=2
    Decay: w- > d u~ WEIGHTED<=2 
INFO: Reusing existing color information for process: u u~ > t t~ c c~ QED=0 @2
  Decay: t > w+ b WEIGHTED<=2
    Decay: w+ > u b~ WEIGHTED<=2
  Decay: t~ > w- b~ WEIGHTED<=2
    Decay: w- > d u~ WEIGHTED<=2 
INFO: Reusing existing color information for process: u u~ > t t~ c c~ QED=0 @2
  Decay: t > w+ b WEIGHTED<=2
    Decay: w+ > c d~ WEIGHTED<=2
  Decay: t~ > w- b~ WEIGHTED<=2
    Decay: w- > d u~ WEIGHTED<=2 
INFO: Reusing existing color information for process: u u~ > t t~ c c~ QED=0 @2
  Decay: t > w+ b WEIGHTED<=2
    Decay: w+ > c s~ WEIGHTED<=2
  Decay: t~ > w- b~ WEIGHTED<=2
    Decay: w- > d u~ WEIGHTED<=2 
INFO: Reusing existing color information for process: u u~ > t t~ c c~ QED=0 @2
  Decay: t > w+ b WEIGHTED<=2
    Decay: w+ > c b~ WEIGHTED<=2
  Decay: t~ > w- b~ WEIGHTED<=2
    Decay: w- > d u~ WEIGHTED<=2 
INFO: Reusing existing color information for process: u u~ > t t~ c c~ QED=0 @2
  Decay: t > w+ b WEIGHTED<=2
    Decay: w+ > u d~ WEIGHTED<=2
  Decay: t~ > w- b~ WEIGHTED<=2
    Decay: w- > d c~ WEIGHTED<=2 
INFO: Reusing existing color information for process: u u~ > t t~ c c~ QED=0 @2
  Decay: t > w+ b WEIGHTED<=2
    Decay: w+ > u s~ WEIGHTED<=2
  Decay: t~ > w- b~ WEIGHTED<=2
    Decay: w- > d c~ WEIGHTED<=2 
INFO: Reusing existing color information for process: u u~ > t t~ c c~ QED=0 @2
  Decay: t > w+ b WEIGHTED<=2
    Decay: w+ > u b~ WEIGHTED<=2
  Decay: t~ > w- b~ WEIGHTED<=2
    Decay: w- > d c~ WEIGHTED<=2 
INFO: Reusing existing color information for process: u u~ > t t~ c c~ QED=0 @2
  Decay: t > w+ b WEIGHTED<=2
    Decay: w+ > c d~ WEIGHTED<=2
  Decay: t~ > w- b~ WEIGHTED<=2
    Decay: w- > d c~ WEIGHTED<=2 
INFO: Reusing existing color information for process: u u~ > t t~ c c~ QED=0 @2
  Decay: t > w+ b WEIGHTED<=2
    Decay: w+ > c s~ WEIGHTED<=2
  Decay: t~ > w- b~ WEIGHTED<=2
    Decay: w- > d c~ WEIGHTED<=2 
INFO: Reusing existing color information for process: u u~ > t t~ c c~ QED=0 @2
  Decay: t > w+ b WEIGHTED<=2
    Decay: w+ > c b~ WEIGHTED<=2
  Decay: t~ > w- b~ WEIGHTED<=2
    Decay: w- > d c~ WEIGHTED<=2 
INFO: Reusing existing color information for process: u u~ > t t~ c c~ QED=0 @2
  Decay: t > w+ b WEIGHTED<=2
    Decay: w+ > u d~ WEIGHTED<=2
  Decay: t~ > w- b~ WEIGHTED<=2
    Decay: w- > s u~ WEIGHTED<=2 
INFO: Reusing existing color information for process: u u~ > t t~ c c~ QED=0 @2
  Decay: t > w+ b WEIGHTED<=2
    Decay: w+ > u s~ WEIGHTED<=2
  Decay: t~ > w- b~ WEIGHTED<=2
    Decay: w- > s u~ WEIGHTED<=2 
INFO: Reusing existing color information for process: u u~ > t t~ c c~ QED=0 @2
  Decay: t > w+ b WEIGHTED<=2
    Decay: w+ > u b~ WEIGHTED<=2
  Decay: t~ > w- b~ WEIGHTED<=2
    Decay: w- > s u~ WEIGHTED<=2 
INFO: Reusing existing color information for process: u u~ > t t~ c c~ QED=0 @2
  Decay: t > w+ b WEIGHTED<=2
    Decay: w+ > c d~ WEIGHTED<=2
  Decay: t~ > w- b~ WEIGHTED<=2
    Decay: w- > s u~ WEIGHTED<=2 
INFO: Reusing existing color information for process: u u~ > t t~ c c~ QED=0 @2
  Decay: t > w+ b WEIGHTED<=2
    Decay: w+ > c s~ WEIGHTED<=2
  Decay: t~ > w- b~ WEIGHTED<=2
    Decay: w- > s u~ WEIGHTED<=2 
INFO: Reusing existing color information for process: u u~ > t t~ c c~ QED=0 @2
  Decay: t > w+ b WEIGHTED<=2
    Decay: w+ > c b~ WEIGHTED<=2
  Decay: t~ > w- b~ WEIGHTED<=2
    Decay: w- > s u~ WEIGHTED<=2 
INFO: Reusing existing color information for process: u u~ > t t~ c c~ QED=0 @2
  Decay: t > w+ b WEIGHTED<=2
    Decay: w+ > u d~ WEIGHTED<=2
  Decay: t~ > w- b~ WEIGHTED<=2
    Decay: w- > s c~ WEIGHTED<=2 
INFO: Reusing existing color information for process: u u~ > t t~ c c~ QED=0 @2
  Decay: t > w+ b WEIGHTED<=2
    Decay: w+ > u s~ WEIGHTED<=2
  Decay: t~ > w- b~ WEIGHTED<=2
    Decay: w- > s c~ WEIGHTED<=2 
INFO: Reusing existing color information for process: u u~ > t t~ c c~ QED=0 @2
  Decay: t > w+ b WEIGHTED<=2
    Decay: w+ > u b~ WEIGHTED<=2
  Decay: t~ > w- b~ WEIGHTED<=2
    Decay: w- > s c~ WEIGHTED<=2 
INFO: Reusing existing color information for process: u u~ > t t~ c c~ QED=0 @2
  Decay: t > w+ b WEIGHTED<=2
    Decay: w+ > c d~ WEIGHTED<=2
  Decay: t~ > w- b~ WEIGHTED<=2
    Decay: w- > s c~ WEIGHTED<=2 
INFO: Reusing existing color information for process: u u~ > t t~ c c~ QED=0 @2
  Decay: t > w+ b WEIGHTED<=2
    Decay: w+ > c s~ WEIGHTED<=2
  Decay: t~ > w- b~ WEIGHTED<=2
    Decay: w- > s c~ WEIGHTED<=2 
INFO: Reusing existing color information for process: u u~ > t t~ c c~ QED=0 @2
  Decay: t > w+ b WEIGHTED<=2
    Decay: w+ > c b~ WEIGHTED<=2
  Decay: t~ > w- b~ WEIGHTED<=2
    Decay: w- > s c~ WEIGHTED<=2 
INFO: Reusing existing color information for process: u u~ > t t~ c c~ QED=0 @2
  Decay: t > w+ b WEIGHTED<=2
    Decay: w+ > u d~ WEIGHTED<=2
  Decay: t~ > w- b~ WEIGHTED<=2
    Decay: w- > b u~ WEIGHTED<=2 
INFO: Reusing existing color information for process: u u~ > t t~ c c~ QED=0 @2
  Decay: t > w+ b WEIGHTED<=2
    Decay: w+ > u s~ WEIGHTED<=2
  Decay: t~ > w- b~ WEIGHTED<=2
    Decay: w- > b u~ WEIGHTED<=2 
INFO: Reusing existing color information for process: u u~ > t t~ c c~ QED=0 @2
  Decay: t > w+ b WEIGHTED<=2
    Decay: w+ > u b~ WEIGHTED<=2
  Decay: t~ > w- b~ WEIGHTED<=2
    Decay: w- > b u~ WEIGHTED<=2 
INFO: Reusing existing color information for process: u u~ > t t~ c c~ QED=0 @2
  Decay: t > w+ b WEIGHTED<=2
    Decay: w+ > c d~ WEIGHTED<=2
  Decay: t~ > w- b~ WEIGHTED<=2
    Decay: w- > b u~ WEIGHTED<=2 
INFO: Reusing existing color information for process: u u~ > t t~ c c~ QED=0 @2
  Decay: t > w+ b WEIGHTED<=2
    Decay: w+ > c s~ WEIGHTED<=2
  Decay: t~ > w- b~ WEIGHTED<=2
    Decay: w- > b u~ WEIGHTED<=2 
INFO: Reusing existing color information for process: u u~ > t t~ c c~ QED=0 @2
  Decay: t > w+ b WEIGHTED<=2
    Decay: w+ > c b~ WEIGHTED<=2
  Decay: t~ > w- b~ WEIGHTED<=2
    Decay: w- > b u~ WEIGHTED<=2 
INFO: Reusing existing color information for process: u u~ > t t~ c c~ QED=0 @2
  Decay: t > w+ b WEIGHTED<=2
    Decay: w+ > u d~ WEIGHTED<=2
  Decay: t~ > w- b~ WEIGHTED<=2
    Decay: w- > b c~ WEIGHTED<=2 
INFO: Reusing existing color information for process: u u~ > t t~ c c~ QED=0 @2
  Decay: t > w+ b WEIGHTED<=2
    Decay: w+ > u s~ WEIGHTED<=2
  Decay: t~ > w- b~ WEIGHTED<=2
    Decay: w- > b c~ WEIGHTED<=2 
INFO: Reusing existing color information for process: u u~ > t t~ c c~ QED=0 @2
  Decay: t > w+ b WEIGHTED<=2
    Decay: w+ > u b~ WEIGHTED<=2
  Decay: t~ > w- b~ WEIGHTED<=2
    Decay: w- > b c~ WEIGHTED<=2 
INFO: Reusing existing color information for process: u u~ > t t~ c c~ QED=0 @2
  Decay: t > w+ b WEIGHTED<=2
    Decay: w+ > c d~ WEIGHTED<=2
  Decay: t~ > w- b~ WEIGHTED<=2
    Decay: w- > b c~ WEIGHTED<=2 
INFO: Reusing existing color information for process: u u~ > t t~ c c~ QED=0 @2
  Decay: t > w+ b WEIGHTED<=2
    Decay: w+ > c s~ WEIGHTED<=2
  Decay: t~ > w- b~ WEIGHTED<=2
    Decay: w- > b c~ WEIGHTED<=2 
INFO: Reusing existing color information for process: u u~ > t t~ c c~ QED=0 @2
  Decay: t > w+ b WEIGHTED<=2
    Decay: w+ > c b~ WEIGHTED<=2
  Decay: t~ > w- b~ WEIGHTED<=2
    Decay: w- > b c~ WEIGHTED<=2 
INFO: Processing color information for process: u c~ > t t~ u c~ QED=0 @2
  Decay: t > w+ b WEIGHTED<=2
    Decay: w+ > u d~ WEIGHTED<=2
  Decay: t~ > w- b~ WEIGHTED<=2
    Decay: w- > d u~ WEIGHTED<=2 
INFO: Reusing existing color information for process: u c~ > t t~ u c~ QED=0 @2
  Decay: t > w+ b WEIGHTED<=2
    Decay: w+ > u s~ WEIGHTED<=2
  Decay: t~ > w- b~ WEIGHTED<=2
    Decay: w- > d u~ WEIGHTED<=2 
INFO: Reusing existing color information for process: u c~ > t t~ u c~ QED=0 @2
  Decay: t > w+ b WEIGHTED<=2
    Decay: w+ > u b~ WEIGHTED<=2
  Decay: t~ > w- b~ WEIGHTED<=2
    Decay: w- > d u~ WEIGHTED<=2 
INFO: Reusing existing color information for process: u c~ > t t~ u c~ QED=0 @2
  Decay: t > w+ b WEIGHTED<=2
    Decay: w+ > c d~ WEIGHTED<=2
  Decay: t~ > w- b~ WEIGHTED<=2
    Decay: w- > d u~ WEIGHTED<=2 
INFO: Reusing existing color information for process: u c~ > t t~ u c~ QED=0 @2
  Decay: t > w+ b WEIGHTED<=2
    Decay: w+ > c s~ WEIGHTED<=2
  Decay: t~ > w- b~ WEIGHTED<=2
    Decay: w- > d u~ WEIGHTED<=2 
INFO: Reusing existing color information for process: u c~ > t t~ u c~ QED=0 @2
  Decay: t > w+ b WEIGHTED<=2
    Decay: w+ > c b~ WEIGHTED<=2
  Decay: t~ > w- b~ WEIGHTED<=2
    Decay: w- > d u~ WEIGHTED<=2 
INFO: Reusing existing color information for process: u c~ > t t~ u c~ QED=0 @2
  Decay: t > w+ b WEIGHTED<=2
    Decay: w+ > u d~ WEIGHTED<=2
  Decay: t~ > w- b~ WEIGHTED<=2
    Decay: w- > d c~ WEIGHTED<=2 
INFO: Reusing existing color information for process: u c~ > t t~ u c~ QED=0 @2
  Decay: t > w+ b WEIGHTED<=2
    Decay: w+ > u s~ WEIGHTED<=2
  Decay: t~ > w- b~ WEIGHTED<=2
    Decay: w- > d c~ WEIGHTED<=2 
INFO: Reusing existing color information for process: u c~ > t t~ u c~ QED=0 @2
  Decay: t > w+ b WEIGHTED<=2
    Decay: w+ > u b~ WEIGHTED<=2
  Decay: t~ > w- b~ WEIGHTED<=2
    Decay: w- > d c~ WEIGHTED<=2 
INFO: Reusing existing color information for process: u c~ > t t~ u c~ QED=0 @2
  Decay: t > w+ b WEIGHTED<=2
    Decay: w+ > c d~ WEIGHTED<=2
  Decay: t~ > w- b~ WEIGHTED<=2
    Decay: w- > d c~ WEIGHTED<=2 
INFO: Reusing existing color information for process: u c~ > t t~ u c~ QED=0 @2
  Decay: t > w+ b WEIGHTED<=2
    Decay: w+ > c s~ WEIGHTED<=2
  Decay: t~ > w- b~ WEIGHTED<=2
    Decay: w- > d c~ WEIGHTED<=2 
INFO: Reusing existing color information for process: u c~ > t t~ u c~ QED=0 @2
  Decay: t > w+ b WEIGHTED<=2
    Decay: w+ > c b~ WEIGHTED<=2
  Decay: t~ > w- b~ WEIGHTED<=2
    Decay: w- > d c~ WEIGHTED<=2 
INFO: Reusing existing color information for process: u c~ > t t~ u c~ QED=0 @2
  Decay: t > w+ b WEIGHTED<=2
    Decay: w+ > u d~ WEIGHTED<=2
  Decay: t~ > w- b~ WEIGHTED<=2
    Decay: w- > s u~ WEIGHTED<=2 
INFO: Reusing existing color information for process: u c~ > t t~ u c~ QED=0 @2
  Decay: t > w+ b WEIGHTED<=2
    Decay: w+ > u s~ WEIGHTED<=2
  Decay: t~ > w- b~ WEIGHTED<=2
    Decay: w- > s u~ WEIGHTED<=2 
INFO: Reusing existing color information for process: u c~ > t t~ u c~ QED=0 @2
  Decay: t > w+ b WEIGHTED<=2
    Decay: w+ > u b~ WEIGHTED<=2
  Decay: t~ > w- b~ WEIGHTED<=2
    Decay: w- > s u~ WEIGHTED<=2 
INFO: Reusing existing color information for process: u c~ > t t~ u c~ QED=0 @2
  Decay: t > w+ b WEIGHTED<=2
    Decay: w+ > c d~ WEIGHTED<=2
  Decay: t~ > w- b~ WEIGHTED<=2
    Decay: w- > s u~ WEIGHTED<=2 
INFO: Reusing existing color information for process: u c~ > t t~ u c~ QED=0 @2
  Decay: t > w+ b WEIGHTED<=2
    Decay: w+ > c s~ WEIGHTED<=2
  Decay: t~ > w- b~ WEIGHTED<=2
    Decay: w- > s u~ WEIGHTED<=2 
INFO: Reusing existing color information for process: u c~ > t t~ u c~ QED=0 @2
  Decay: t > w+ b WEIGHTED<=2
    Decay: w+ > c b~ WEIGHTED<=2
  Decay: t~ > w- b~ WEIGHTED<=2
    Decay: w- > s u~ WEIGHTED<=2 
INFO: Reusing existing color information for process: u c~ > t t~ u c~ QED=0 @2
  Decay: t > w+ b WEIGHTED<=2
    Decay: w+ > u d~ WEIGHTED<=2
  Decay: t~ > w- b~ WEIGHTED<=2
    Decay: w- > s c~ WEIGHTED<=2 
INFO: Reusing existing color information for process: u c~ > t t~ u c~ QED=0 @2
  Decay: t > w+ b WEIGHTED<=2
    Decay: w+ > u s~ WEIGHTED<=2
  Decay: t~ > w- b~ WEIGHTED<=2
    Decay: w- > s c~ WEIGHTED<=2 
INFO: Reusing existing color information for process: u c~ > t t~ u c~ QED=0 @2
  Decay: t > w+ b WEIGHTED<=2
    Decay: w+ > u b~ WEIGHTED<=2
  Decay: t~ > w- b~ WEIGHTED<=2
    Decay: w- > s c~ WEIGHTED<=2 
INFO: Reusing existing color information for process: u c~ > t t~ u c~ QED=0 @2
  Decay: t > w+ b WEIGHTED<=2
    Decay: w+ > c d~ WEIGHTED<=2
  Decay: t~ > w- b~ WEIGHTED<=2
    Decay: w- > s c~ WEIGHTED<=2 
INFO: Reusing existing color information for process: u c~ > t t~ u c~ QED=0 @2
  Decay: t > w+ b WEIGHTED<=2
    Decay: w+ > c s~ WEIGHTED<=2
  Decay: t~ > w- b~ WEIGHTED<=2
    Decay: w- > s c~ WEIGHTED<=2 
INFO: Reusing existing color information for process: u c~ > t t~ u c~ QED=0 @2
  Decay: t > w+ b WEIGHTED<=2
    Decay: w+ > c b~ WEIGHTED<=2
  Decay: t~ > w- b~ WEIGHTED<=2
    Decay: w- > s c~ WEIGHTED<=2 
INFO: Reusing existing color information for process: u c~ > t t~ u c~ QED=0 @2
  Decay: t > w+ b WEIGHTED<=2
    Decay: w+ > u d~ WEIGHTED<=2
  Decay: t~ > w- b~ WEIGHTED<=2
    Decay: w- > b u~ WEIGHTED<=2 
INFO: Reusing existing color information for process: u c~ > t t~ u c~ QED=0 @2
  Decay: t > w+ b WEIGHTED<=2
    Decay: w+ > u s~ WEIGHTED<=2
  Decay: t~ > w- b~ WEIGHTED<=2
    Decay: w- > b u~ WEIGHTED<=2 
INFO: Reusing existing color information for process: u c~ > t t~ u c~ QED=0 @2
  Decay: t > w+ b WEIGHTED<=2
    Decay: w+ > u b~ WEIGHTED<=2
  Decay: t~ > w- b~ WEIGHTED<=2
    Decay: w- > b u~ WEIGHTED<=2 
INFO: Reusing existing color information for process: u c~ > t t~ u c~ QED=0 @2
  Decay: t > w+ b WEIGHTED<=2
    Decay: w+ > c d~ WEIGHTED<=2
  Decay: t~ > w- b~ WEIGHTED<=2
    Decay: w- > b u~ WEIGHTED<=2 
INFO: Reusing existing color information for process: u c~ > t t~ u c~ QED=0 @2
  Decay: t > w+ b WEIGHTED<=2
    Decay: w+ > c s~ WEIGHTED<=2
  Decay: t~ > w- b~ WEIGHTED<=2
    Decay: w- > b u~ WEIGHTED<=2 
INFO: Reusing existing color information for process: u c~ > t t~ u c~ QED=0 @2
  Decay: t > w+ b WEIGHTED<=2
    Decay: w+ > c b~ WEIGHTED<=2
  Decay: t~ > w- b~ WEIGHTED<=2
    Decay: w- > b u~ WEIGHTED<=2 
INFO: Reusing existing color information for process: u c~ > t t~ u c~ QED=0 @2
  Decay: t > w+ b WEIGHTED<=2
    Decay: w+ > u d~ WEIGHTED<=2
  Decay: t~ > w- b~ WEIGHTED<=2
    Decay: w- > b c~ WEIGHTED<=2 
INFO: Reusing existing color information for process: u c~ > t t~ u c~ QED=0 @2
  Decay: t > w+ b WEIGHTED<=2
    Decay: w+ > u s~ WEIGHTED<=2
  Decay: t~ > w- b~ WEIGHTED<=2
    Decay: w- > b c~ WEIGHTED<=2 
INFO: Reusing existing color information for process: u c~ > t t~ u c~ QED=0 @2
  Decay: t > w+ b WEIGHTED<=2
    Decay: w+ > u b~ WEIGHTED<=2
  Decay: t~ > w- b~ WEIGHTED<=2
    Decay: w- > b c~ WEIGHTED<=2 
INFO: Reusing existing color information for process: u c~ > t t~ u c~ QED=0 @2
  Decay: t > w+ b WEIGHTED<=2
    Decay: w+ > c d~ WEIGHTED<=2
  Decay: t~ > w- b~ WEIGHTED<=2
    Decay: w- > b c~ WEIGHTED<=2 
INFO: Reusing existing color information for process: u c~ > t t~ u c~ QED=0 @2
  Decay: t > w+ b WEIGHTED<=2
    Decay: w+ > c s~ WEIGHTED<=2
  Decay: t~ > w- b~ WEIGHTED<=2
    Decay: w- > b c~ WEIGHTED<=2 
INFO: Reusing existing color information for process: u c~ > t t~ u c~ QED=0 @2
  Decay: t > w+ b WEIGHTED<=2
    Decay: w+ > c b~ WEIGHTED<=2
  Decay: t~ > w- b~ WEIGHTED<=2
    Decay: w- > b c~ WEIGHTED<=2 
INFO: Processing color information for process: u~ u~ > t t~ u~ u~ QED=0 @2
  Decay: t > w+ b WEIGHTED<=2
    Decay: w+ > u d~ WEIGHTED<=2
  Decay: t~ > w- b~ WEIGHTED<=2
    Decay: w- > d u~ WEIGHTED<=2 
INFO: Reusing existing color information for process: u~ u~ > t t~ u~ u~ QED=0 @2
  Decay: t > w+ b WEIGHTED<=2
    Decay: w+ > u s~ WEIGHTED<=2
  Decay: t~ > w- b~ WEIGHTED<=2
    Decay: w- > d u~ WEIGHTED<=2 
INFO: Reusing existing color information for process: u~ u~ > t t~ u~ u~ QED=0 @2
  Decay: t > w+ b WEIGHTED<=2
    Decay: w+ > u b~ WEIGHTED<=2
  Decay: t~ > w- b~ WEIGHTED<=2
    Decay: w- > d u~ WEIGHTED<=2 
INFO: Reusing existing color information for process: u~ u~ > t t~ u~ u~ QED=0 @2
  Decay: t > w+ b WEIGHTED<=2
    Decay: w+ > c d~ WEIGHTED<=2
  Decay: t~ > w- b~ WEIGHTED<=2
    Decay: w- > d u~ WEIGHTED<=2 
INFO: Reusing existing color information for process: u~ u~ > t t~ u~ u~ QED=0 @2
  Decay: t > w+ b WEIGHTED<=2
    Decay: w+ > c b~ WEIGHTED<=2
  Decay: t~ > w- b~ WEIGHTED<=2
    Decay: w- > d u~ WEIGHTED<=2 
INFO: Reusing existing color information for process: u~ u~ > t t~ u~ u~ QED=0 @2
  Decay: t > w+ b WEIGHTED<=2
    Decay: w+ > u d~ WEIGHTED<=2
  Decay: t~ > w- b~ WEIGHTED<=2
    Decay: w- > d c~ WEIGHTED<=2 
INFO: Reusing existing color information for process: u~ u~ > t t~ u~ u~ QED=0 @2
  Decay: t > w+ b WEIGHTED<=2
    Decay: w+ > u s~ WEIGHTED<=2
  Decay: t~ > w- b~ WEIGHTED<=2
    Decay: w- > d c~ WEIGHTED<=2 
INFO: Reusing existing color information for process: u~ u~ > t t~ u~ u~ QED=0 @2
  Decay: t > w+ b WEIGHTED<=2
    Decay: w+ > u b~ WEIGHTED<=2
  Decay: t~ > w- b~ WEIGHTED<=2
    Decay: w- > d c~ WEIGHTED<=2 
INFO: Reusing existing color information for process: u~ u~ > t t~ u~ u~ QED=0 @2
  Decay: t > w+ b WEIGHTED<=2
    Decay: w+ > c d~ WEIGHTED<=2
  Decay: t~ > w- b~ WEIGHTED<=2
    Decay: w- > d c~ WEIGHTED<=2 
INFO: Reusing existing color information for process: u~ u~ > t t~ u~ u~ QED=0 @2
  Decay: t > w+ b WEIGHTED<=2
    Decay: w+ > c b~ WEIGHTED<=2
  Decay: t~ > w- b~ WEIGHTED<=2
    Decay: w- > d c~ WEIGHTED<=2 
INFO: Reusing existing color information for process: u~ u~ > t t~ u~ u~ QED=0 @2
  Decay: t > w+ b WEIGHTED<=2
    Decay: w+ > u d~ WEIGHTED<=2
  Decay: t~ > w- b~ WEIGHTED<=2
    Decay: w- > s u~ WEIGHTED<=2 
INFO: Reusing existing color information for process: u~ u~ > t t~ u~ u~ QED=0 @2
  Decay: t > w+ b WEIGHTED<=2
    Decay: w+ > u s~ WEIGHTED<=2
  Decay: t~ > w- b~ WEIGHTED<=2
    Decay: w- > s u~ WEIGHTED<=2 
INFO: Reusing existing color information for process: u~ u~ > t t~ u~ u~ QED=0 @2
  Decay: t > w+ b WEIGHTED<=2
    Decay: w+ > u b~ WEIGHTED<=2
  Decay: t~ > w- b~ WEIGHTED<=2
    Decay: w- > s u~ WEIGHTED<=2 
INFO: Reusing existing color information for process: u~ u~ > t t~ u~ u~ QED=0 @2
  Decay: t > w+ b WEIGHTED<=2
    Decay: w+ > c d~ WEIGHTED<=2
  Decay: t~ > w- b~ WEIGHTED<=2
    Decay: w- > s u~ WEIGHTED<=2 
INFO: Reusing existing color information for process: u~ u~ > t t~ u~ u~ QED=0 @2
  Decay: t > w+ b WEIGHTED<=2
    Decay: w+ > c b~ WEIGHTED<=2
  Decay: t~ > w- b~ WEIGHTED<=2
    Decay: w- > s u~ WEIGHTED<=2 
INFO: Reusing existing color information for process: u~ u~ > t t~ u~ u~ QED=0 @2
  Decay: t > w+ b WEIGHTED<=2
    Decay: w+ > u d~ WEIGHTED<=2
  Decay: t~ > w- b~ WEIGHTED<=2
    Decay: w- > s c~ WEIGHTED<=2 
INFO: Reusing existing color information for process: u~ u~ > t t~ u~ u~ QED=0 @2
  Decay: t > w+ b WEIGHTED<=2
    Decay: w+ > u s~ WEIGHTED<=2
  Decay: t~ > w- b~ WEIGHTED<=2
    Decay: w- > s c~ WEIGHTED<=2 
INFO: Reusing existing color information for process: u~ u~ > t t~ u~ u~ QED=0 @2
  Decay: t > w+ b WEIGHTED<=2
    Decay: w+ > u b~ WEIGHTED<=2
  Decay: t~ > w- b~ WEIGHTED<=2
    Decay: w- > s c~ WEIGHTED<=2 
INFO: Reusing existing color information for process: u~ u~ > t t~ u~ u~ QED=0 @2
  Decay: t > w+ b WEIGHTED<=2
    Decay: w+ > c d~ WEIGHTED<=2
  Decay: t~ > w- b~ WEIGHTED<=2
    Decay: w- > s c~ WEIGHTED<=2 
INFO: Reusing existing color information for process: u~ u~ > t t~ u~ u~ QED=0 @2
  Decay: t > w+ b WEIGHTED<=2
    Decay: w+ > c b~ WEIGHTED<=2
  Decay: t~ > w- b~ WEIGHTED<=2
    Decay: w- > s c~ WEIGHTED<=2 
INFO: Reusing existing color information for process: u~ u~ > t t~ u~ u~ QED=0 @2
  Decay: t > w+ b WEIGHTED<=2
    Decay: w+ > u d~ WEIGHTED<=2
  Decay: t~ > w- b~ WEIGHTED<=2
    Decay: w- > b u~ WEIGHTED<=2 
INFO: Reusing existing color information for process: u~ u~ > t t~ u~ u~ QED=0 @2
  Decay: t > w+ b WEIGHTED<=2
    Decay: w+ > u s~ WEIGHTED<=2
  Decay: t~ > w- b~ WEIGHTED<=2
    Decay: w- > b u~ WEIGHTED<=2 
INFO: Reusing existing color information for process: u~ u~ > t t~ u~ u~ QED=0 @2
  Decay: t > w+ b WEIGHTED<=2
    Decay: w+ > u b~ WEIGHTED<=2
  Decay: t~ > w- b~ WEIGHTED<=2
    Decay: w- > b u~ WEIGHTED<=2 
INFO: Reusing existing color information for process: u~ u~ > t t~ u~ u~ QED=0 @2
  Decay: t > w+ b WEIGHTED<=2
    Decay: w+ > c d~ WEIGHTED<=2
  Decay: t~ > w- b~ WEIGHTED<=2
    Decay: w- > b u~ WEIGHTED<=2 
INFO: Reusing existing color information for process: u~ u~ > t t~ u~ u~ QED=0 @2
  Decay: t > w+ b WEIGHTED<=2
    Decay: w+ > c b~ WEIGHTED<=2
  Decay: t~ > w- b~ WEIGHTED<=2
    Decay: w- > b u~ WEIGHTED<=2 
INFO: Reusing existing color information for process: u~ u~ > t t~ u~ u~ QED=0 @2
  Decay: t > w+ b WEIGHTED<=2
    Decay: w+ > u d~ WEIGHTED<=2
  Decay: t~ > w- b~ WEIGHTED<=2
    Decay: w- > b c~ WEIGHTED<=2 
INFO: Reusing existing color information for process: u~ u~ > t t~ u~ u~ QED=0 @2
  Decay: t > w+ b WEIGHTED<=2
    Decay: w+ > u s~ WEIGHTED<=2
  Decay: t~ > w- b~ WEIGHTED<=2
    Decay: w- > b c~ WEIGHTED<=2 
INFO: Reusing existing color information for process: u~ u~ > t t~ u~ u~ QED=0 @2
  Decay: t > w+ b WEIGHTED<=2
    Decay: w+ > u b~ WEIGHTED<=2
  Decay: t~ > w- b~ WEIGHTED<=2
    Decay: w- > b c~ WEIGHTED<=2 
INFO: Reusing existing color information for process: u~ u~ > t t~ u~ u~ QED=0 @2
  Decay: t > w+ b WEIGHTED<=2
    Decay: w+ > c d~ WEIGHTED<=2
  Decay: t~ > w- b~ WEIGHTED<=2
    Decay: w- > b c~ WEIGHTED<=2 
INFO: Reusing existing color information for process: u~ u~ > t t~ u~ u~ QED=0 @2
  Decay: t > w+ b WEIGHTED<=2
    Decay: w+ > c b~ WEIGHTED<=2
  Decay: t~ > w- b~ WEIGHTED<=2
    Decay: w- > b c~ WEIGHTED<=2 
INFO: Processing color information for process: u~ c~ > t t~ u~ c~ QED=0 @2
  Decay: t > w+ b WEIGHTED<=2
    Decay: w+ > u d~ WEIGHTED<=2
  Decay: t~ > w- b~ WEIGHTED<=2
    Decay: w- > d u~ WEIGHTED<=2 
INFO: Reusing existing color information for process: u~ c~ > t t~ u~ c~ QED=0 @2
  Decay: t > w+ b WEIGHTED<=2
    Decay: w+ > u s~ WEIGHTED<=2
  Decay: t~ > w- b~ WEIGHTED<=2
    Decay: w- > d u~ WEIGHTED<=2 
INFO: Reusing existing color information for process: u~ c~ > t t~ u~ c~ QED=0 @2
  Decay: t > w+ b WEIGHTED<=2
    Decay: w+ > u b~ WEIGHTED<=2
  Decay: t~ > w- b~ WEIGHTED<=2
    Decay: w- > d u~ WEIGHTED<=2 
INFO: Reusing existing color information for process: u~ c~ > t t~ u~ c~ QED=0 @2
  Decay: t > w+ b WEIGHTED<=2
    Decay: w+ > c d~ WEIGHTED<=2
  Decay: t~ > w- b~ WEIGHTED<=2
    Decay: w- > d u~ WEIGHTED<=2 
INFO: Reusing existing color information for process: u~ c~ > t t~ u~ c~ QED=0 @2
  Decay: t > w+ b WEIGHTED<=2
    Decay: w+ > c b~ WEIGHTED<=2
  Decay: t~ > w- b~ WEIGHTED<=2
    Decay: w- > d u~ WEIGHTED<=2 
INFO: Reusing existing color information for process: u~ c~ > t t~ u~ c~ QED=0 @2
  Decay: t > w+ b WEIGHTED<=2
    Decay: w+ > u d~ WEIGHTED<=2
  Decay: t~ > w- b~ WEIGHTED<=2
    Decay: w- > d c~ WEIGHTED<=2 
INFO: Reusing existing color information for process: u~ c~ > t t~ u~ c~ QED=0 @2
  Decay: t > w+ b WEIGHTED<=2
    Decay: w+ > u s~ WEIGHTED<=2
  Decay: t~ > w- b~ WEIGHTED<=2
    Decay: w- > d c~ WEIGHTED<=2 
INFO: Reusing existing color information for process: u~ c~ > t t~ u~ c~ QED=0 @2
  Decay: t > w+ b WEIGHTED<=2
    Decay: w+ > u b~ WEIGHTED<=2
  Decay: t~ > w- b~ WEIGHTED<=2
    Decay: w- > d c~ WEIGHTED<=2 
INFO: Reusing existing color information for process: u~ c~ > t t~ u~ c~ QED=0 @2
  Decay: t > w+ b WEIGHTED<=2
    Decay: w+ > c d~ WEIGHTED<=2
  Decay: t~ > w- b~ WEIGHTED<=2
    Decay: w- > d c~ WEIGHTED<=2 
INFO: Reusing existing color information for process: u~ c~ > t t~ u~ c~ QED=0 @2
  Decay: t > w+ b WEIGHTED<=2
    Decay: w+ > c b~ WEIGHTED<=2
  Decay: t~ > w- b~ WEIGHTED<=2
    Decay: w- > d c~ WEIGHTED<=2 
INFO: Reusing existing color information for process: u~ c~ > t t~ u~ c~ QED=0 @2
  Decay: t > w+ b WEIGHTED<=2
    Decay: w+ > u d~ WEIGHTED<=2
  Decay: t~ > w- b~ WEIGHTED<=2
    Decay: w- > s u~ WEIGHTED<=2 
INFO: Reusing existing color information for process: u~ c~ > t t~ u~ c~ QED=0 @2
  Decay: t > w+ b WEIGHTED<=2
    Decay: w+ > u s~ WEIGHTED<=2
  Decay: t~ > w- b~ WEIGHTED<=2
    Decay: w- > s u~ WEIGHTED<=2 
INFO: Reusing existing color information for process: u~ c~ > t t~ u~ c~ QED=0 @2
  Decay: t > w+ b WEIGHTED<=2
    Decay: w+ > u b~ WEIGHTED<=2
  Decay: t~ > w- b~ WEIGHTED<=2
    Decay: w- > s u~ WEIGHTED<=2 
INFO: Reusing existing color information for process: u~ c~ > t t~ u~ c~ QED=0 @2
  Decay: t > w+ b WEIGHTED<=2
    Decay: w+ > c d~ WEIGHTED<=2
  Decay: t~ > w- b~ WEIGHTED<=2
    Decay: w- > s u~ WEIGHTED<=2 
INFO: Reusing existing color information for process: u~ c~ > t t~ u~ c~ QED=0 @2
  Decay: t > w+ b WEIGHTED<=2
    Decay: w+ > c b~ WEIGHTED<=2
  Decay: t~ > w- b~ WEIGHTED<=2
    Decay: w- > s u~ WEIGHTED<=2 
INFO: Reusing existing color information for process: u~ c~ > t t~ u~ c~ QED=0 @2
  Decay: t > w+ b WEIGHTED<=2
    Decay: w+ > u d~ WEIGHTED<=2
  Decay: t~ > w- b~ WEIGHTED<=2
    Decay: w- > s c~ WEIGHTED<=2 
INFO: Reusing existing color information for process: u~ c~ > t t~ u~ c~ QED=0 @2
  Decay: t > w+ b WEIGHTED<=2
    Decay: w+ > u s~ WEIGHTED<=2
  Decay: t~ > w- b~ WEIGHTED<=2
    Decay: w- > s c~ WEIGHTED<=2 
INFO: Reusing existing color information for process: u~ c~ > t t~ u~ c~ QED=0 @2
  Decay: t > w+ b WEIGHTED<=2
    Decay: w+ > u b~ WEIGHTED<=2
  Decay: t~ > w- b~ WEIGHTED<=2
    Decay: w- > s c~ WEIGHTED<=2 
INFO: Reusing existing color information for process: u~ c~ > t t~ u~ c~ QED=0 @2
  Decay: t > w+ b WEIGHTED<=2
    Decay: w+ > c d~ WEIGHTED<=2
  Decay: t~ > w- b~ WEIGHTED<=2
    Decay: w- > s c~ WEIGHTED<=2 
INFO: Reusing existing color information for process: u~ c~ > t t~ u~ c~ QED=0 @2
  Decay: t > w+ b WEIGHTED<=2
    Decay: w+ > c b~ WEIGHTED<=2
  Decay: t~ > w- b~ WEIGHTED<=2
    Decay: w- > s c~ WEIGHTED<=2 
INFO: Reusing existing color information for process: u~ c~ > t t~ u~ c~ QED=0 @2
  Decay: t > w+ b WEIGHTED<=2
    Decay: w+ > u d~ WEIGHTED<=2
  Decay: t~ > w- b~ WEIGHTED<=2
    Decay: w- > b u~ WEIGHTED<=2 
INFO: Reusing existing color information for process: u~ c~ > t t~ u~ c~ QED=0 @2
  Decay: t > w+ b WEIGHTED<=2
    Decay: w+ > u s~ WEIGHTED<=2
  Decay: t~ > w- b~ WEIGHTED<=2
    Decay: w- > b u~ WEIGHTED<=2 
INFO: Reusing existing color information for process: u~ c~ > t t~ u~ c~ QED=0 @2
  Decay: t > w+ b WEIGHTED<=2
    Decay: w+ > u b~ WEIGHTED<=2
  Decay: t~ > w- b~ WEIGHTED<=2
    Decay: w- > b u~ WEIGHTED<=2 
INFO: Reusing existing color information for process: u~ c~ > t t~ u~ c~ QED=0 @2
  Decay: t > w+ b WEIGHTED<=2
    Decay: w+ > c d~ WEIGHTED<=2
  Decay: t~ > w- b~ WEIGHTED<=2
    Decay: w- > b u~ WEIGHTED<=2 
INFO: Reusing existing color information for process: u~ c~ > t t~ u~ c~ QED=0 @2
  Decay: t > w+ b WEIGHTED<=2
    Decay: w+ > c b~ WEIGHTED<=2
  Decay: t~ > w- b~ WEIGHTED<=2
    Decay: w- > b u~ WEIGHTED<=2 
INFO: Reusing existing color information for process: u~ c~ > t t~ u~ c~ QED=0 @2
  Decay: t > w+ b WEIGHTED<=2
    Decay: w+ > u d~ WEIGHTED<=2
  Decay: t~ > w- b~ WEIGHTED<=2
    Decay: w- > b c~ WEIGHTED<=2 
INFO: Reusing existing color information for process: u~ c~ > t t~ u~ c~ QED=0 @2
  Decay: t > w+ b WEIGHTED<=2
    Decay: w+ > u s~ WEIGHTED<=2
  Decay: t~ > w- b~ WEIGHTED<=2
    Decay: w- > b c~ WEIGHTED<=2 
INFO: Reusing existing color information for process: u~ c~ > t t~ u~ c~ QED=0 @2
  Decay: t > w+ b WEIGHTED<=2
    Decay: w+ > u b~ WEIGHTED<=2
  Decay: t~ > w- b~ WEIGHTED<=2
    Decay: w- > b c~ WEIGHTED<=2 
INFO: Reusing existing color information for process: u~ c~ > t t~ u~ c~ QED=0 @2
  Decay: t > w+ b WEIGHTED<=2
    Decay: w+ > c d~ WEIGHTED<=2
  Decay: t~ > w- b~ WEIGHTED<=2
    Decay: w- > b c~ WEIGHTED<=2 
INFO: Reusing existing color information for process: u~ c~ > t t~ u~ c~ QED=0 @2
  Decay: t > w+ b WEIGHTED<=2
    Decay: w+ > c b~ WEIGHTED<=2
  Decay: t~ > w- b~ WEIGHTED<=2
    Decay: w- > b c~ WEIGHTED<=2 
INFO: Processing color information for process: u~ b > t t~ b u~ QED=0 @2
  Decay: t > w+ b WEIGHTED<=2
    Decay: w+ > u d~ WEIGHTED<=2
  Decay: t~ > w- b~ WEIGHTED<=2
    Decay: w- > d u~ WEIGHTED<=2 
INFO: Reusing existing color information for process: u~ b > t t~ b u~ QED=0 @2
  Decay: t > w+ b WEIGHTED<=2
    Decay: w+ > u s~ WEIGHTED<=2
  Decay: t~ > w- b~ WEIGHTED<=2
    Decay: w- > d u~ WEIGHTED<=2 
INFO: Reusing existing color information for process: u~ b > t t~ b u~ QED=0 @2
  Decay: t > w+ b WEIGHTED<=2
    Decay: w+ > u b~ WEIGHTED<=2
  Decay: t~ > w- b~ WEIGHTED<=2
    Decay: w- > d u~ WEIGHTED<=2 
INFO: Reusing existing color information for process: u~ b > t t~ b u~ QED=0 @2
  Decay: t > w+ b WEIGHTED<=2
    Decay: w+ > c d~ WEIGHTED<=2
  Decay: t~ > w- b~ WEIGHTED<=2
    Decay: w- > d u~ WEIGHTED<=2 
INFO: Reusing existing color information for process: u~ b > t t~ b u~ QED=0 @2
  Decay: t > w+ b WEIGHTED<=2
    Decay: w+ > c b~ WEIGHTED<=2
  Decay: t~ > w- b~ WEIGHTED<=2
    Decay: w- > d u~ WEIGHTED<=2 
INFO: Reusing existing color information for process: u~ b > t t~ b u~ QED=0 @2
  Decay: t > w+ b WEIGHTED<=2
    Decay: w+ > u d~ WEIGHTED<=2
  Decay: t~ > w- b~ WEIGHTED<=2
    Decay: w- > d c~ WEIGHTED<=2 
INFO: Reusing existing color information for process: u~ b > t t~ b u~ QED=0 @2
  Decay: t > w+ b WEIGHTED<=2
    Decay: w+ > u s~ WEIGHTED<=2
  Decay: t~ > w- b~ WEIGHTED<=2
    Decay: w- > d c~ WEIGHTED<=2 
INFO: Reusing existing color information for process: u~ b > t t~ b u~ QED=0 @2
  Decay: t > w+ b WEIGHTED<=2
    Decay: w+ > u b~ WEIGHTED<=2
  Decay: t~ > w- b~ WEIGHTED<=2
    Decay: w- > d c~ WEIGHTED<=2 
INFO: Reusing existing color information for process: u~ b > t t~ b u~ QED=0 @2
  Decay: t > w+ b WEIGHTED<=2
    Decay: w+ > c d~ WEIGHTED<=2
  Decay: t~ > w- b~ WEIGHTED<=2
    Decay: w- > d c~ WEIGHTED<=2 
INFO: Reusing existing color information for process: u~ b > t t~ b u~ QED=0 @2
  Decay: t > w+ b WEIGHTED<=2
    Decay: w+ > c b~ WEIGHTED<=2
  Decay: t~ > w- b~ WEIGHTED<=2
    Decay: w- > d c~ WEIGHTED<=2 
INFO: Reusing existing color information for process: u~ b > t t~ b u~ QED=0 @2
  Decay: t > w+ b WEIGHTED<=2
    Decay: w+ > u d~ WEIGHTED<=2
  Decay: t~ > w- b~ WEIGHTED<=2
    Decay: w- > s u~ WEIGHTED<=2 
INFO: Reusing existing color information for process: u~ b > t t~ b u~ QED=0 @2
  Decay: t > w+ b WEIGHTED<=2
    Decay: w+ > u s~ WEIGHTED<=2
  Decay: t~ > w- b~ WEIGHTED<=2
    Decay: w- > s u~ WEIGHTED<=2 
INFO: Reusing existing color information for process: u~ b > t t~ b u~ QED=0 @2
  Decay: t > w+ b WEIGHTED<=2
    Decay: w+ > u b~ WEIGHTED<=2
  Decay: t~ > w- b~ WEIGHTED<=2
    Decay: w- > s u~ WEIGHTED<=2 
INFO: Reusing existing color information for process: u~ b > t t~ b u~ QED=0 @2
  Decay: t > w+ b WEIGHTED<=2
    Decay: w+ > c d~ WEIGHTED<=2
  Decay: t~ > w- b~ WEIGHTED<=2
    Decay: w- > s u~ WEIGHTED<=2 
INFO: Reusing existing color information for process: u~ b > t t~ b u~ QED=0 @2
  Decay: t > w+ b WEIGHTED<=2
    Decay: w+ > c b~ WEIGHTED<=2
  Decay: t~ > w- b~ WEIGHTED<=2
    Decay: w- > s u~ WEIGHTED<=2 
INFO: Reusing existing color information for process: u~ b > t t~ b u~ QED=0 @2
  Decay: t > w+ b WEIGHTED<=2
    Decay: w+ > u d~ WEIGHTED<=2
  Decay: t~ > w- b~ WEIGHTED<=2
    Decay: w- > s c~ WEIGHTED<=2 
INFO: Reusing existing color information for process: u~ b > t t~ b u~ QED=0 @2
  Decay: t > w+ b WEIGHTED<=2
    Decay: w+ > u s~ WEIGHTED<=2
  Decay: t~ > w- b~ WEIGHTED<=2
    Decay: w- > s c~ WEIGHTED<=2 
INFO: Reusing existing color information for process: u~ b > t t~ b u~ QED=0 @2
  Decay: t > w+ b WEIGHTED<=2
    Decay: w+ > u b~ WEIGHTED<=2
  Decay: t~ > w- b~ WEIGHTED<=2
    Decay: w- > s c~ WEIGHTED<=2 
INFO: Reusing existing color information for process: u~ b > t t~ b u~ QED=0 @2
  Decay: t > w+ b WEIGHTED<=2
    Decay: w+ > c d~ WEIGHTED<=2
  Decay: t~ > w- b~ WEIGHTED<=2
    Decay: w- > s c~ WEIGHTED<=2 
INFO: Reusing existing color information for process: u~ b > t t~ b u~ QED=0 @2
  Decay: t > w+ b WEIGHTED<=2
    Decay: w+ > c b~ WEIGHTED<=2
  Decay: t~ > w- b~ WEIGHTED<=2
    Decay: w- > s c~ WEIGHTED<=2 
INFO: Reusing existing color information for process: u~ b > t t~ b u~ QED=0 @2
  Decay: t > w+ b WEIGHTED<=2
    Decay: w+ > u d~ WEIGHTED<=2
  Decay: t~ > w- b~ WEIGHTED<=2
    Decay: w- > b u~ WEIGHTED<=2 
INFO: Reusing existing color information for process: u~ b > t t~ b u~ QED=0 @2
  Decay: t > w+ b WEIGHTED<=2
    Decay: w+ > u s~ WEIGHTED<=2
  Decay: t~ > w- b~ WEIGHTED<=2
    Decay: w- > b u~ WEIGHTED<=2 
INFO: Reusing existing color information for process: u~ b > t t~ b u~ QED=0 @2
  Decay: t > w+ b WEIGHTED<=2
    Decay: w+ > u b~ WEIGHTED<=2
  Decay: t~ > w- b~ WEIGHTED<=2
    Decay: w- > b u~ WEIGHTED<=2 
INFO: Reusing existing color information for process: u~ b > t t~ b u~ QED=0 @2
  Decay: t > w+ b WEIGHTED<=2
    Decay: w+ > c d~ WEIGHTED<=2
  Decay: t~ > w- b~ WEIGHTED<=2
    Decay: w- > b u~ WEIGHTED<=2 
INFO: Reusing existing color information for process: u~ b > t t~ b u~ QED=0 @2
  Decay: t > w+ b WEIGHTED<=2
    Decay: w+ > c b~ WEIGHTED<=2
  Decay: t~ > w- b~ WEIGHTED<=2
    Decay: w- > b u~ WEIGHTED<=2 
INFO: Reusing existing color information for process: u~ b > t t~ b u~ QED=0 @2
  Decay: t > w+ b WEIGHTED<=2
    Decay: w+ > u d~ WEIGHTED<=2
  Decay: t~ > w- b~ WEIGHTED<=2
    Decay: w- > b c~ WEIGHTED<=2 
INFO: Reusing existing color information for process: u~ b > t t~ b u~ QED=0 @2
  Decay: t > w+ b WEIGHTED<=2
    Decay: w+ > u s~ WEIGHTED<=2
  Decay: t~ > w- b~ WEIGHTED<=2
    Decay: w- > b c~ WEIGHTED<=2 
INFO: Reusing existing color information for process: u~ b > t t~ b u~ QED=0 @2
  Decay: t > w+ b WEIGHTED<=2
    Decay: w+ > u b~ WEIGHTED<=2
  Decay: t~ > w- b~ WEIGHTED<=2
    Decay: w- > b c~ WEIGHTED<=2 
INFO: Reusing existing color information for process: u~ b > t t~ b u~ QED=0 @2
  Decay: t > w+ b WEIGHTED<=2
    Decay: w+ > c d~ WEIGHTED<=2
  Decay: t~ > w- b~ WEIGHTED<=2
    Decay: w- > b c~ WEIGHTED<=2 
INFO: Reusing existing color information for process: u~ b > t t~ b u~ QED=0 @2
  Decay: t > w+ b WEIGHTED<=2
    Decay: w+ > c b~ WEIGHTED<=2
  Decay: t~ > w- b~ WEIGHTED<=2
    Decay: w- > b c~ WEIGHTED<=2 
INFO: Generating Helas calls for process: g g > t t~ g QED=0 @1 
INFO: Generating Helas calls for process: g u > t t~ u QED=0 @1 
INFO: Combined process g c > t t~ c QED=0 @1 with process g u > t t~ u QED=0 @1 
INFO: Combined process g d > t t~ d QED=0 @1 with process g u > t t~ u QED=0 @1 
INFO: Combined process g s > t t~ s QED=0 @1 with process g u > t t~ u QED=0 @1 
INFO: Generating Helas calls for process: g u~ > t t~ u~ QED=0 @1 
INFO: Combined process g c~ > t t~ c~ QED=0 @1 with process g u~ > t t~ u~ QED=0 @1 
INFO: Combined process g d~ > t t~ d~ QED=0 @1 with process g u~ > t t~ u~ QED=0 @1 
INFO: Combined process g s~ > t t~ s~ QED=0 @1 with process g u~ > t t~ u~ QED=0 @1 
INFO: Combined process g b > t t~ b QED=0 @1 with process g u > t t~ u QED=0 @1 
INFO: Combined process g b~ > t t~ b~ QED=0 @1 with process g u~ > t t~ u~ QED=0 @1 
INFO: Generating Helas calls for process: u u~ > t t~ g QED=0 @1 
INFO: Combined process c c~ > t t~ g QED=0 @1 with process u u~ > t t~ g QED=0 @1 
INFO: Combined process d d~ > t t~ g QED=0 @1 with process u u~ > t t~ g QED=0 @1 
INFO: Combined process s s~ > t t~ g QED=0 @1 with process u u~ > t t~ g QED=0 @1 
INFO: Combined process b b~ > t t~ g QED=0 @1 with process u u~ > t t~ g QED=0 @1 
INFO: Generating Helas calls for process: t > w+ b WEIGHTED<=2 
INFO: Generating Helas calls for process: w+ > u d~ WEIGHTED<=2 
INFO: Generating Helas calls for process: w+ > u s~ WEIGHTED<=2 
INFO: Generating Helas calls for process: w+ > u b~ WEIGHTED<=2 
INFO: Generating Helas calls for process: w+ > c d~ WEIGHTED<=2 
INFO: Generating Helas calls for process: w+ > c s~ WEIGHTED<=2 
INFO: Generating Helas calls for process: w+ > c b~ WEIGHTED<=2 
INFO: Generating Helas calls for process: t~ > w- b~ WEIGHTED<=2 
INFO: Generating Helas calls for process: w- > d u~ WEIGHTED<=2 
INFO: Generating Helas calls for process: w- > d c~ WEIGHTED<=2 
INFO: Generating Helas calls for process: w- > s u~ WEIGHTED<=2 
INFO: Generating Helas calls for process: w- > s c~ WEIGHTED<=2 
INFO: Generating Helas calls for process: w- > b u~ WEIGHTED<=2 
INFO: Generating Helas calls for process: w- > b c~ WEIGHTED<=2 
INFO: Combine t > w+ b WEIGHTED<=2 with decays w+ > u d~ WEIGHTED<=2 
INFO: Combine t > w+ b WEIGHTED<=2 with decays w+ > u s~ WEIGHTED<=2 
INFO: Combine t > w+ b WEIGHTED<=2 with decays w+ > u b~ WEIGHTED<=2 
INFO: Combine t > w+ b WEIGHTED<=2 with decays w+ > c d~ WEIGHTED<=2 
INFO: Combine t > w+ b WEIGHTED<=2 with decays w+ > c s~ WEIGHTED<=2 
INFO: Combine t > w+ b WEIGHTED<=2 with decays w+ > c b~ WEIGHTED<=2 
INFO: Combine t~ > w- b~ WEIGHTED<=2 with decays w- > d u~ WEIGHTED<=2 
INFO: Combine t~ > w- b~ WEIGHTED<=2 with decays w- > d c~ WEIGHTED<=2 
INFO: Combine t~ > w- b~ WEIGHTED<=2 with decays w- > s u~ WEIGHTED<=2 
INFO: Combine t~ > w- b~ WEIGHTED<=2 with decays w- > s c~ WEIGHTED<=2 
INFO: Combine t~ > w- b~ WEIGHTED<=2 with decays w- > b u~ WEIGHTED<=2 
INFO: Combine t~ > w- b~ WEIGHTED<=2 with decays w- > b c~ WEIGHTED<=2 
INFO: Combine g g > t t~ g QED=0 @1 with decays t~ > w- b~ WEIGHTED<=2
  Decay: w- > d u~ WEIGHTED<=2, t > w+ b WEIGHTED<=2
  Decay: w+ > u d~ WEIGHTED<=2 
INFO: Combine g g > t t~ g QED=0 @1 with decays t~ > w- b~ WEIGHTED<=2
  Decay: w- > d u~ WEIGHTED<=2, t > w+ b WEIGHTED<=2
  Decay: w+ > u s~ WEIGHTED<=2 
INFO: Combine g g > t t~ g QED=0 @1 with decays t~ > w- b~ WEIGHTED<=2
  Decay: w- > d u~ WEIGHTED<=2, t > w+ b WEIGHTED<=2
  Decay: w+ > u b~ WEIGHTED<=2 
INFO: Combine g g > t t~ g QED=0 @1 with decays t~ > w- b~ WEIGHTED<=2
  Decay: w- > d u~ WEIGHTED<=2, t > w+ b WEIGHTED<=2
  Decay: w+ > c d~ WEIGHTED<=2 
INFO: Combine g g > t t~ g QED=0 @1 with decays t~ > w- b~ WEIGHTED<=2
  Decay: w- > d u~ WEIGHTED<=2, t > w+ b WEIGHTED<=2
  Decay: w+ > c s~ WEIGHTED<=2 
INFO: Combining process with g g > t t~ g QED=0 @1
  Decay: t > w+ b WEIGHTED<=2
    Decay: w+ > u d~ WEIGHTED<=2
  Decay: t~ > w- b~ WEIGHTED<=2
    Decay: w- > d u~ WEIGHTED<=2 
INFO: Combine g g > t t~ g QED=0 @1 with decays t~ > w- b~ WEIGHTED<=2
  Decay: w- > d u~ WEIGHTED<=2, t > w+ b WEIGHTED<=2
  Decay: w+ > c b~ WEIGHTED<=2 
INFO: Combine g g > t t~ g QED=0 @1 with decays t~ > w- b~ WEIGHTED<=2
  Decay: w- > d c~ WEIGHTED<=2, t > w+ b WEIGHTED<=2
  Decay: w+ > u d~ WEIGHTED<=2 
INFO: Combine g g > t t~ g QED=0 @1 with decays t~ > w- b~ WEIGHTED<=2
  Decay: w- > d c~ WEIGHTED<=2, t > w+ b WEIGHTED<=2
  Decay: w+ > u s~ WEIGHTED<=2 
INFO: Combine g g > t t~ g QED=0 @1 with decays t~ > w- b~ WEIGHTED<=2
  Decay: w- > d c~ WEIGHTED<=2, t > w+ b WEIGHTED<=2
  Decay: w+ > u b~ WEIGHTED<=2 
INFO: Combine g g > t t~ g QED=0 @1 with decays t~ > w- b~ WEIGHTED<=2
  Decay: w- > d c~ WEIGHTED<=2, t > w+ b WEIGHTED<=2
  Decay: w+ > c d~ WEIGHTED<=2 
INFO: Combine g g > t t~ g QED=0 @1 with decays t~ > w- b~ WEIGHTED<=2
  Decay: w- > d c~ WEIGHTED<=2, t > w+ b WEIGHTED<=2
  Decay: w+ > c s~ WEIGHTED<=2 
INFO: Combining process with g g > t t~ g QED=0 @1
  Decay: t > w+ b WEIGHTED<=2
    Decay: w+ > u d~ WEIGHTED<=2
  Decay: t~ > w- b~ WEIGHTED<=2
    Decay: w- > d c~ WEIGHTED<=2 
INFO: Combine g g > t t~ g QED=0 @1 with decays t~ > w- b~ WEIGHTED<=2
  Decay: w- > d c~ WEIGHTED<=2, t > w+ b WEIGHTED<=2
  Decay: w+ > c b~ WEIGHTED<=2 
INFO: Combine g g > t t~ g QED=0 @1 with decays t~ > w- b~ WEIGHTED<=2
  Decay: w- > s u~ WEIGHTED<=2, t > w+ b WEIGHTED<=2
  Decay: w+ > u d~ WEIGHTED<=2 
INFO: Combine g g > t t~ g QED=0 @1 with decays t~ > w- b~ WEIGHTED<=2
  Decay: w- > s u~ WEIGHTED<=2, t > w+ b WEIGHTED<=2
  Decay: w+ > u s~ WEIGHTED<=2 
INFO: Combine g g > t t~ g QED=0 @1 with decays t~ > w- b~ WEIGHTED<=2
  Decay: w- > s u~ WEIGHTED<=2, t > w+ b WEIGHTED<=2
  Decay: w+ > u b~ WEIGHTED<=2 
INFO: Combine g g > t t~ g QED=0 @1 with decays t~ > w- b~ WEIGHTED<=2
  Decay: w- > s u~ WEIGHTED<=2, t > w+ b WEIGHTED<=2
  Decay: w+ > c d~ WEIGHTED<=2 
INFO: Combine g g > t t~ g QED=0 @1 with decays t~ > w- b~ WEIGHTED<=2
  Decay: w- > s u~ WEIGHTED<=2, t > w+ b WEIGHTED<=2
  Decay: w+ > c s~ WEIGHTED<=2 
INFO: Combining process with g g > t t~ g QED=0 @1
  Decay: t > w+ b WEIGHTED<=2
    Decay: w+ > u d~ WEIGHTED<=2
  Decay: t~ > w- b~ WEIGHTED<=2
    Decay: w- > s u~ WEIGHTED<=2 
INFO: Combine g g > t t~ g QED=0 @1 with decays t~ > w- b~ WEIGHTED<=2
  Decay: w- > s u~ WEIGHTED<=2, t > w+ b WEIGHTED<=2
  Decay: w+ > c b~ WEIGHTED<=2 
INFO: Combine g g > t t~ g QED=0 @1 with decays t~ > w- b~ WEIGHTED<=2
  Decay: w- > s c~ WEIGHTED<=2, t > w+ b WEIGHTED<=2
  Decay: w+ > u d~ WEIGHTED<=2 
INFO: Combining process with g g > t t~ g QED=0 @1
  Decay: t > w+ b WEIGHTED<=2
    Decay: w+ > u d~ WEIGHTED<=2
  Decay: t~ > w- b~ WEIGHTED<=2
    Decay: w- > d u~ WEIGHTED<=2 
INFO: Combine g g > t t~ g QED=0 @1 with decays t~ > w- b~ WEIGHTED<=2
  Decay: w- > s c~ WEIGHTED<=2, t > w+ b WEIGHTED<=2
  Decay: w+ > u s~ WEIGHTED<=2 
INFO: Combining process with g g > t t~ g QED=0 @1
  Decay: t > w+ b WEIGHTED<=2
    Decay: w+ > u s~ WEIGHTED<=2
  Decay: t~ > w- b~ WEIGHTED<=2
    Decay: w- > d u~ WEIGHTED<=2 
INFO: Combine g g > t t~ g QED=0 @1 with decays t~ > w- b~ WEIGHTED<=2
  Decay: w- > s c~ WEIGHTED<=2, t > w+ b WEIGHTED<=2
  Decay: w+ > u b~ WEIGHTED<=2 
INFO: Combining process with g g > t t~ g QED=0 @1
  Decay: t > w+ b WEIGHTED<=2
    Decay: w+ > u b~ WEIGHTED<=2
  Decay: t~ > w- b~ WEIGHTED<=2
    Decay: w- > d u~ WEIGHTED<=2 
INFO: Combine g g > t t~ g QED=0 @1 with decays t~ > w- b~ WEIGHTED<=2
  Decay: w- > s c~ WEIGHTED<=2, t > w+ b WEIGHTED<=2
  Decay: w+ > c d~ WEIGHTED<=2 
INFO: Combining process with g g > t t~ g QED=0 @1
  Decay: t > w+ b WEIGHTED<=2
    Decay: w+ > c d~ WEIGHTED<=2
  Decay: t~ > w- b~ WEIGHTED<=2
    Decay: w- > d u~ WEIGHTED<=2 
INFO: Combine g g > t t~ g QED=0 @1 with decays t~ > w- b~ WEIGHTED<=2
  Decay: w- > s c~ WEIGHTED<=2, t > w+ b WEIGHTED<=2
  Decay: w+ > c s~ WEIGHTED<=2 
INFO: Combining process with g g > t t~ g QED=0 @1
  Decay: t > w+ b WEIGHTED<=2
    Decay: w+ > u d~ WEIGHTED<=2
  Decay: t~ > w- b~ WEIGHTED<=2
    Decay: w- > d u~ WEIGHTED<=2 
INFO: Combine g g > t t~ g QED=0 @1 with decays t~ > w- b~ WEIGHTED<=2
  Decay: w- > s c~ WEIGHTED<=2, t > w+ b WEIGHTED<=2
  Decay: w+ > c b~ WEIGHTED<=2 
INFO: Combining process with g g > t t~ g QED=0 @1
  Decay: t > w+ b WEIGHTED<=2
    Decay: w+ > c b~ WEIGHTED<=2
  Decay: t~ > w- b~ WEIGHTED<=2
    Decay: w- > d u~ WEIGHTED<=2 
INFO: Combine g g > t t~ g QED=0 @1 with decays t~ > w- b~ WEIGHTED<=2
  Decay: w- > b u~ WEIGHTED<=2, t > w+ b WEIGHTED<=2
  Decay: w+ > u d~ WEIGHTED<=2 
INFO: Combine g g > t t~ g QED=0 @1 with decays t~ > w- b~ WEIGHTED<=2
  Decay: w- > b u~ WEIGHTED<=2, t > w+ b WEIGHTED<=2
  Decay: w+ > u s~ WEIGHTED<=2 
INFO: Combine g g > t t~ g QED=0 @1 with decays t~ > w- b~ WEIGHTED<=2
  Decay: w- > b u~ WEIGHTED<=2, t > w+ b WEIGHTED<=2
  Decay: w+ > u b~ WEIGHTED<=2 
INFO: Combine g g > t t~ g QED=0 @1 with decays t~ > w- b~ WEIGHTED<=2
  Decay: w- > b u~ WEIGHTED<=2, t > w+ b WEIGHTED<=2
  Decay: w+ > c d~ WEIGHTED<=2 
INFO: Combine g g > t t~ g QED=0 @1 with decays t~ > w- b~ WEIGHTED<=2
  Decay: w- > b u~ WEIGHTED<=2, t > w+ b WEIGHTED<=2
  Decay: w+ > c s~ WEIGHTED<=2 
INFO: Combining process with g g > t t~ g QED=0 @1
  Decay: t > w+ b WEIGHTED<=2
    Decay: w+ > u d~ WEIGHTED<=2
  Decay: t~ > w- b~ WEIGHTED<=2
    Decay: w- > b u~ WEIGHTED<=2 
INFO: Combine g g > t t~ g QED=0 @1 with decays t~ > w- b~ WEIGHTED<=2
  Decay: w- > b u~ WEIGHTED<=2, t > w+ b WEIGHTED<=2
  Decay: w+ > c b~ WEIGHTED<=2 
INFO: Combine g g > t t~ g QED=0 @1 with decays t~ > w- b~ WEIGHTED<=2
  Decay: w- > b c~ WEIGHTED<=2, t > w+ b WEIGHTED<=2
  Decay: w+ > u d~ WEIGHTED<=2 
INFO: Combine g g > t t~ g QED=0 @1 with decays t~ > w- b~ WEIGHTED<=2
  Decay: w- > b c~ WEIGHTED<=2, t > w+ b WEIGHTED<=2
  Decay: w+ > u s~ WEIGHTED<=2 
INFO: Combine g g > t t~ g QED=0 @1 with decays t~ > w- b~ WEIGHTED<=2
  Decay: w- > b c~ WEIGHTED<=2, t > w+ b WEIGHTED<=2
  Decay: w+ > u b~ WEIGHTED<=2 
INFO: Combine g g > t t~ g QED=0 @1 with decays t~ > w- b~ WEIGHTED<=2
  Decay: w- > b c~ WEIGHTED<=2, t > w+ b WEIGHTED<=2
  Decay: w+ > c d~ WEIGHTED<=2 
INFO: Combine g g > t t~ g QED=0 @1 with decays t~ > w- b~ WEIGHTED<=2
  Decay: w- > b c~ WEIGHTED<=2, t > w+ b WEIGHTED<=2
  Decay: w+ > c s~ WEIGHTED<=2 
INFO: Combining process with g g > t t~ g QED=0 @1
  Decay: t > w+ b WEIGHTED<=2
    Decay: w+ > u d~ WEIGHTED<=2
  Decay: t~ > w- b~ WEIGHTED<=2
    Decay: w- > b c~ WEIGHTED<=2 
INFO: Combine g g > t t~ g QED=0 @1 with decays t~ > w- b~ WEIGHTED<=2
  Decay: w- > b c~ WEIGHTED<=2, t > w+ b WEIGHTED<=2
  Decay: w+ > c b~ WEIGHTED<=2 
INFO: Combine g u > t t~ u QED=0 @1 with decays t~ > w- b~ WEIGHTED<=2
  Decay: w- > d u~ WEIGHTED<=2, t > w+ b WEIGHTED<=2
  Decay: w+ > u d~ WEIGHTED<=2 
INFO: Combine g u > t t~ u QED=0 @1 with decays t~ > w- b~ WEIGHTED<=2
  Decay: w- > d u~ WEIGHTED<=2, t > w+ b WEIGHTED<=2
  Decay: w+ > u s~ WEIGHTED<=2 
INFO: Combine g u > t t~ u QED=0 @1 with decays t~ > w- b~ WEIGHTED<=2
  Decay: w- > d u~ WEIGHTED<=2, t > w+ b WEIGHTED<=2
  Decay: w+ > u b~ WEIGHTED<=2 
INFO: Combine g u > t t~ u QED=0 @1 with decays t~ > w- b~ WEIGHTED<=2
  Decay: w- > d u~ WEIGHTED<=2, t > w+ b WEIGHTED<=2
  Decay: w+ > c d~ WEIGHTED<=2 
INFO: Combine g u > t t~ u QED=0 @1 with decays t~ > w- b~ WEIGHTED<=2
  Decay: w- > d u~ WEIGHTED<=2, t > w+ b WEIGHTED<=2
  Decay: w+ > c s~ WEIGHTED<=2 
INFO: Combine g u > t t~ u QED=0 @1 with decays t~ > w- b~ WEIGHTED<=2
  Decay: w- > d u~ WEIGHTED<=2, t > w+ b WEIGHTED<=2
  Decay: w+ > c b~ WEIGHTED<=2 
INFO: Combine g u > t t~ u QED=0 @1 with decays t~ > w- b~ WEIGHTED<=2
  Decay: w- > d c~ WEIGHTED<=2, t > w+ b WEIGHTED<=2
  Decay: w+ > u d~ WEIGHTED<=2 
INFO: Combine g u > t t~ u QED=0 @1 with decays t~ > w- b~ WEIGHTED<=2
  Decay: w- > d c~ WEIGHTED<=2, t > w+ b WEIGHTED<=2
  Decay: w+ > u s~ WEIGHTED<=2 
INFO: Combine g u > t t~ u QED=0 @1 with decays t~ > w- b~ WEIGHTED<=2
  Decay: w- > d c~ WEIGHTED<=2, t > w+ b WEIGHTED<=2
  Decay: w+ > u b~ WEIGHTED<=2 
INFO: Combine g u > t t~ u QED=0 @1 with decays t~ > w- b~ WEIGHTED<=2
  Decay: w- > d c~ WEIGHTED<=2, t > w+ b WEIGHTED<=2
  Decay: w+ > c d~ WEIGHTED<=2 
INFO: Combine g u > t t~ u QED=0 @1 with decays t~ > w- b~ WEIGHTED<=2
  Decay: w- > d c~ WEIGHTED<=2, t > w+ b WEIGHTED<=2
  Decay: w+ > c s~ WEIGHTED<=2 
INFO: Combine g u > t t~ u QED=0 @1 with decays t~ > w- b~ WEIGHTED<=2
  Decay: w- > d c~ WEIGHTED<=2, t > w+ b WEIGHTED<=2
  Decay: w+ > c b~ WEIGHTED<=2 
INFO: Combine g u > t t~ u QED=0 @1 with decays t~ > w- b~ WEIGHTED<=2
  Decay: w- > s u~ WEIGHTED<=2, t > w+ b WEIGHTED<=2
  Decay: w+ > u d~ WEIGHTED<=2 
INFO: Combine g u > t t~ u QED=0 @1 with decays t~ > w- b~ WEIGHTED<=2
  Decay: w- > s u~ WEIGHTED<=2, t > w+ b WEIGHTED<=2
  Decay: w+ > u s~ WEIGHTED<=2 
INFO: Combine g u > t t~ u QED=0 @1 with decays t~ > w- b~ WEIGHTED<=2
  Decay: w- > s u~ WEIGHTED<=2, t > w+ b WEIGHTED<=2
  Decay: w+ > u b~ WEIGHTED<=2 
INFO: Combine g u > t t~ u QED=0 @1 with decays t~ > w- b~ WEIGHTED<=2
  Decay: w- > s u~ WEIGHTED<=2, t > w+ b WEIGHTED<=2
  Decay: w+ > c d~ WEIGHTED<=2 
INFO: Combine g u > t t~ u QED=0 @1 with decays t~ > w- b~ WEIGHTED<=2
  Decay: w- > s u~ WEIGHTED<=2, t > w+ b WEIGHTED<=2
  Decay: w+ > c s~ WEIGHTED<=2 
INFO: Combine g u > t t~ u QED=0 @1 with decays t~ > w- b~ WEIGHTED<=2
  Decay: w- > s u~ WEIGHTED<=2, t > w+ b WEIGHTED<=2
  Decay: w+ > c b~ WEIGHTED<=2 
INFO: Combine g u > t t~ u QED=0 @1 with decays t~ > w- b~ WEIGHTED<=2
  Decay: w- > s c~ WEIGHTED<=2, t > w+ b WEIGHTED<=2
  Decay: w+ > u d~ WEIGHTED<=2 
INFO: Combining process with g u > t t~ u QED=0 @1
  Decay: t > w+ b WEIGHTED<=2
    Decay: w+ > u d~ WEIGHTED<=2
  Decay: t~ > w- b~ WEIGHTED<=2
    Decay: w- > d u~ WEIGHTED<=2 
INFO: Combine g u > t t~ u QED=0 @1 with decays t~ > w- b~ WEIGHTED<=2
  Decay: w- > s c~ WEIGHTED<=2, t > w+ b WEIGHTED<=2
  Decay: w+ > u s~ WEIGHTED<=2 
INFO: Combining process with g u > t t~ u QED=0 @1
  Decay: t > w+ b WEIGHTED<=2
    Decay: w+ > u s~ WEIGHTED<=2
  Decay: t~ > w- b~ WEIGHTED<=2
    Decay: w- > d u~ WEIGHTED<=2 
INFO: Combine g u > t t~ u QED=0 @1 with decays t~ > w- b~ WEIGHTED<=2
  Decay: w- > s c~ WEIGHTED<=2, t > w+ b WEIGHTED<=2
  Decay: w+ > u b~ WEIGHTED<=2 
INFO: Combining process with g u > t t~ u QED=0 @1
  Decay: t > w+ b WEIGHTED<=2
    Decay: w+ > u b~ WEIGHTED<=2
  Decay: t~ > w- b~ WEIGHTED<=2
    Decay: w- > d u~ WEIGHTED<=2 
INFO: Combine g u > t t~ u QED=0 @1 with decays t~ > w- b~ WEIGHTED<=2
  Decay: w- > s c~ WEIGHTED<=2, t > w+ b WEIGHTED<=2
  Decay: w+ > c d~ WEIGHTED<=2 
INFO: Combining process with g u > t t~ u QED=0 @1
  Decay: t > w+ b WEIGHTED<=2
    Decay: w+ > c d~ WEIGHTED<=2
  Decay: t~ > w- b~ WEIGHTED<=2
    Decay: w- > d u~ WEIGHTED<=2 
INFO: Combine g u > t t~ u QED=0 @1 with decays t~ > w- b~ WEIGHTED<=2
  Decay: w- > s c~ WEIGHTED<=2, t > w+ b WEIGHTED<=2
  Decay: w+ > c s~ WEIGHTED<=2 
INFO: Combining process with g u > t t~ u QED=0 @1
  Decay: t > w+ b WEIGHTED<=2
    Decay: w+ > c s~ WEIGHTED<=2
  Decay: t~ > w- b~ WEIGHTED<=2
    Decay: w- > d u~ WEIGHTED<=2 
INFO: Combine g u > t t~ u QED=0 @1 with decays t~ > w- b~ WEIGHTED<=2
  Decay: w- > s c~ WEIGHTED<=2, t > w+ b WEIGHTED<=2
  Decay: w+ > c b~ WEIGHTED<=2 
INFO: Combining process with g u > t t~ u QED=0 @1
  Decay: t > w+ b WEIGHTED<=2
    Decay: w+ > c b~ WEIGHTED<=2
  Decay: t~ > w- b~ WEIGHTED<=2
    Decay: w- > d u~ WEIGHTED<=2 
INFO: Combine g u > t t~ u QED=0 @1 with decays t~ > w- b~ WEIGHTED<=2
  Decay: w- > b u~ WEIGHTED<=2, t > w+ b WEIGHTED<=2
  Decay: w+ > u d~ WEIGHTED<=2 
INFO: Combine g u > t t~ u QED=0 @1 with decays t~ > w- b~ WEIGHTED<=2
  Decay: w- > b u~ WEIGHTED<=2, t > w+ b WEIGHTED<=2
  Decay: w+ > u s~ WEIGHTED<=2 
INFO: Combine g u > t t~ u QED=0 @1 with decays t~ > w- b~ WEIGHTED<=2
  Decay: w- > b u~ WEIGHTED<=2, t > w+ b WEIGHTED<=2
  Decay: w+ > u b~ WEIGHTED<=2 
INFO: Combine g u > t t~ u QED=0 @1 with decays t~ > w- b~ WEIGHTED<=2
  Decay: w- > b u~ WEIGHTED<=2, t > w+ b WEIGHTED<=2
  Decay: w+ > c d~ WEIGHTED<=2 
INFO: Combine g u > t t~ u QED=0 @1 with decays t~ > w- b~ WEIGHTED<=2
  Decay: w- > b u~ WEIGHTED<=2, t > w+ b WEIGHTED<=2
  Decay: w+ > c s~ WEIGHTED<=2 
INFO: Combine g u > t t~ u QED=0 @1 with decays t~ > w- b~ WEIGHTED<=2
  Decay: w- > b u~ WEIGHTED<=2, t > w+ b WEIGHTED<=2
  Decay: w+ > c b~ WEIGHTED<=2 
INFO: Combine g u > t t~ u QED=0 @1 with decays t~ > w- b~ WEIGHTED<=2
  Decay: w- > b c~ WEIGHTED<=2, t > w+ b WEIGHTED<=2
  Decay: w+ > u d~ WEIGHTED<=2 
INFO: Combine g u > t t~ u QED=0 @1 with decays t~ > w- b~ WEIGHTED<=2
  Decay: w- > b c~ WEIGHTED<=2, t > w+ b WEIGHTED<=2
  Decay: w+ > u s~ WEIGHTED<=2 
INFO: Combine g u > t t~ u QED=0 @1 with decays t~ > w- b~ WEIGHTED<=2
  Decay: w- > b c~ WEIGHTED<=2, t > w+ b WEIGHTED<=2
  Decay: w+ > u b~ WEIGHTED<=2 
INFO: Combine g u > t t~ u QED=0 @1 with decays t~ > w- b~ WEIGHTED<=2
  Decay: w- > b c~ WEIGHTED<=2, t > w+ b WEIGHTED<=2
  Decay: w+ > c d~ WEIGHTED<=2 
INFO: Combine g u > t t~ u QED=0 @1 with decays t~ > w- b~ WEIGHTED<=2
  Decay: w- > b c~ WEIGHTED<=2, t > w+ b WEIGHTED<=2
  Decay: w+ > c s~ WEIGHTED<=2 
INFO: Combine g u > t t~ u QED=0 @1 with decays t~ > w- b~ WEIGHTED<=2
  Decay: w- > b c~ WEIGHTED<=2, t > w+ b WEIGHTED<=2
  Decay: w+ > c b~ WEIGHTED<=2 
INFO: Combine g u~ > t t~ u~ QED=0 @1 with decays t~ > w- b~ WEIGHTED<=2
  Decay: w- > d u~ WEIGHTED<=2, t > w+ b WEIGHTED<=2
  Decay: w+ > u d~ WEIGHTED<=2 
INFO: Combine g u~ > t t~ u~ QED=0 @1 with decays t~ > w- b~ WEIGHTED<=2
  Decay: w- > d u~ WEIGHTED<=2, t > w+ b WEIGHTED<=2
  Decay: w+ > u s~ WEIGHTED<=2 
INFO: Combine g u~ > t t~ u~ QED=0 @1 with decays t~ > w- b~ WEIGHTED<=2
  Decay: w- > d u~ WEIGHTED<=2, t > w+ b WEIGHTED<=2
  Decay: w+ > u b~ WEIGHTED<=2 
INFO: Combine g u~ > t t~ u~ QED=0 @1 with decays t~ > w- b~ WEIGHTED<=2
  Decay: w- > d u~ WEIGHTED<=2, t > w+ b WEIGHTED<=2
  Decay: w+ > c d~ WEIGHTED<=2 
INFO: Combine g u~ > t t~ u~ QED=0 @1 with decays t~ > w- b~ WEIGHTED<=2
  Decay: w- > d u~ WEIGHTED<=2, t > w+ b WEIGHTED<=2
  Decay: w+ > c s~ WEIGHTED<=2 
INFO: Combining process with g u~ > t t~ u~ QED=0 @1
  Decay: t > w+ b WEIGHTED<=2
    Decay: w+ > u d~ WEIGHTED<=2
  Decay: t~ > w- b~ WEIGHTED<=2
    Decay: w- > d u~ WEIGHTED<=2 
INFO: Combine g u~ > t t~ u~ QED=0 @1 with decays t~ > w- b~ WEIGHTED<=2
  Decay: w- > d u~ WEIGHTED<=2, t > w+ b WEIGHTED<=2
  Decay: w+ > c b~ WEIGHTED<=2 
INFO: Combine g u~ > t t~ u~ QED=0 @1 with decays t~ > w- b~ WEIGHTED<=2
  Decay: w- > d c~ WEIGHTED<=2, t > w+ b WEIGHTED<=2
  Decay: w+ > u d~ WEIGHTED<=2 
INFO: Combine g u~ > t t~ u~ QED=0 @1 with decays t~ > w- b~ WEIGHTED<=2
  Decay: w- > d c~ WEIGHTED<=2, t > w+ b WEIGHTED<=2
  Decay: w+ > u s~ WEIGHTED<=2 
INFO: Combine g u~ > t t~ u~ QED=0 @1 with decays t~ > w- b~ WEIGHTED<=2
  Decay: w- > d c~ WEIGHTED<=2, t > w+ b WEIGHTED<=2
  Decay: w+ > u b~ WEIGHTED<=2 
INFO: Combine g u~ > t t~ u~ QED=0 @1 with decays t~ > w- b~ WEIGHTED<=2
  Decay: w- > d c~ WEIGHTED<=2, t > w+ b WEIGHTED<=2
  Decay: w+ > c d~ WEIGHTED<=2 
INFO: Combine g u~ > t t~ u~ QED=0 @1 with decays t~ > w- b~ WEIGHTED<=2
  Decay: w- > d c~ WEIGHTED<=2, t > w+ b WEIGHTED<=2
  Decay: w+ > c s~ WEIGHTED<=2 
INFO: Combining process with g u~ > t t~ u~ QED=0 @1
  Decay: t > w+ b WEIGHTED<=2
    Decay: w+ > u d~ WEIGHTED<=2
  Decay: t~ > w- b~ WEIGHTED<=2
    Decay: w- > d c~ WEIGHTED<=2 
INFO: Combine g u~ > t t~ u~ QED=0 @1 with decays t~ > w- b~ WEIGHTED<=2
  Decay: w- > d c~ WEIGHTED<=2, t > w+ b WEIGHTED<=2
  Decay: w+ > c b~ WEIGHTED<=2 
INFO: Combine g u~ > t t~ u~ QED=0 @1 with decays t~ > w- b~ WEIGHTED<=2
  Decay: w- > s u~ WEIGHTED<=2, t > w+ b WEIGHTED<=2
  Decay: w+ > u d~ WEIGHTED<=2 
INFO: Combine g u~ > t t~ u~ QED=0 @1 with decays t~ > w- b~ WEIGHTED<=2
  Decay: w- > s u~ WEIGHTED<=2, t > w+ b WEIGHTED<=2
  Decay: w+ > u s~ WEIGHTED<=2 
INFO: Combine g u~ > t t~ u~ QED=0 @1 with decays t~ > w- b~ WEIGHTED<=2
  Decay: w- > s u~ WEIGHTED<=2, t > w+ b WEIGHTED<=2
  Decay: w+ > u b~ WEIGHTED<=2 
INFO: Combine g u~ > t t~ u~ QED=0 @1 with decays t~ > w- b~ WEIGHTED<=2
  Decay: w- > s u~ WEIGHTED<=2, t > w+ b WEIGHTED<=2
  Decay: w+ > c d~ WEIGHTED<=2 
INFO: Combine g u~ > t t~ u~ QED=0 @1 with decays t~ > w- b~ WEIGHTED<=2
  Decay: w- > s u~ WEIGHTED<=2, t > w+ b WEIGHTED<=2
  Decay: w+ > c s~ WEIGHTED<=2 
INFO: Combining process with g u~ > t t~ u~ QED=0 @1
  Decay: t > w+ b WEIGHTED<=2
    Decay: w+ > u d~ WEIGHTED<=2
  Decay: t~ > w- b~ WEIGHTED<=2
    Decay: w- > s u~ WEIGHTED<=2 
INFO: Combine g u~ > t t~ u~ QED=0 @1 with decays t~ > w- b~ WEIGHTED<=2
  Decay: w- > s u~ WEIGHTED<=2, t > w+ b WEIGHTED<=2
  Decay: w+ > c b~ WEIGHTED<=2 
INFO: Combine g u~ > t t~ u~ QED=0 @1 with decays t~ > w- b~ WEIGHTED<=2
  Decay: w- > s c~ WEIGHTED<=2, t > w+ b WEIGHTED<=2
  Decay: w+ > u d~ WEIGHTED<=2 
INFO: Combine g u~ > t t~ u~ QED=0 @1 with decays t~ > w- b~ WEIGHTED<=2
  Decay: w- > s c~ WEIGHTED<=2, t > w+ b WEIGHTED<=2
  Decay: w+ > u s~ WEIGHTED<=2 
INFO: Combine g u~ > t t~ u~ QED=0 @1 with decays t~ > w- b~ WEIGHTED<=2
  Decay: w- > s c~ WEIGHTED<=2, t > w+ b WEIGHTED<=2
  Decay: w+ > u b~ WEIGHTED<=2 
INFO: Combine g u~ > t t~ u~ QED=0 @1 with decays t~ > w- b~ WEIGHTED<=2
  Decay: w- > s c~ WEIGHTED<=2, t > w+ b WEIGHTED<=2
  Decay: w+ > c d~ WEIGHTED<=2 
INFO: Combine g u~ > t t~ u~ QED=0 @1 with decays t~ > w- b~ WEIGHTED<=2
  Decay: w- > s c~ WEIGHTED<=2, t > w+ b WEIGHTED<=2
  Decay: w+ > c s~ WEIGHTED<=2 
INFO: Combining process with g u~ > t t~ u~ QED=0 @1
  Decay: t > w+ b WEIGHTED<=2
    Decay: w+ > u d~ WEIGHTED<=2
  Decay: t~ > w- b~ WEIGHTED<=2
    Decay: w- > s c~ WEIGHTED<=2 
INFO: Combine g u~ > t t~ u~ QED=0 @1 with decays t~ > w- b~ WEIGHTED<=2
  Decay: w- > s c~ WEIGHTED<=2, t > w+ b WEIGHTED<=2
  Decay: w+ > c b~ WEIGHTED<=2 
INFO: Combine g u~ > t t~ u~ QED=0 @1 with decays t~ > w- b~ WEIGHTED<=2
  Decay: w- > b u~ WEIGHTED<=2, t > w+ b WEIGHTED<=2
  Decay: w+ > u d~ WEIGHTED<=2 
INFO: Combine g u~ > t t~ u~ QED=0 @1 with decays t~ > w- b~ WEIGHTED<=2
  Decay: w- > b u~ WEIGHTED<=2, t > w+ b WEIGHTED<=2
  Decay: w+ > u s~ WEIGHTED<=2 
INFO: Combine g u~ > t t~ u~ QED=0 @1 with decays t~ > w- b~ WEIGHTED<=2
  Decay: w- > b u~ WEIGHTED<=2, t > w+ b WEIGHTED<=2
  Decay: w+ > u b~ WEIGHTED<=2 
INFO: Combine g u~ > t t~ u~ QED=0 @1 with decays t~ > w- b~ WEIGHTED<=2
  Decay: w- > b u~ WEIGHTED<=2, t > w+ b WEIGHTED<=2
  Decay: w+ > c d~ WEIGHTED<=2 
INFO: Combine g u~ > t t~ u~ QED=0 @1 with decays t~ > w- b~ WEIGHTED<=2
  Decay: w- > b u~ WEIGHTED<=2, t > w+ b WEIGHTED<=2
  Decay: w+ > c s~ WEIGHTED<=2 
INFO: Combining process with g u~ > t t~ u~ QED=0 @1
  Decay: t > w+ b WEIGHTED<=2
    Decay: w+ > u d~ WEIGHTED<=2
  Decay: t~ > w- b~ WEIGHTED<=2
    Decay: w- > b u~ WEIGHTED<=2 
INFO: Combine g u~ > t t~ u~ QED=0 @1 with decays t~ > w- b~ WEIGHTED<=2
  Decay: w- > b u~ WEIGHTED<=2, t > w+ b WEIGHTED<=2
  Decay: w+ > c b~ WEIGHTED<=2 
INFO: Combine g u~ > t t~ u~ QED=0 @1 with decays t~ > w- b~ WEIGHTED<=2
  Decay: w- > b c~ WEIGHTED<=2, t > w+ b WEIGHTED<=2
  Decay: w+ > u d~ WEIGHTED<=2 
INFO: Combine g u~ > t t~ u~ QED=0 @1 with decays t~ > w- b~ WEIGHTED<=2
  Decay: w- > b c~ WEIGHTED<=2, t > w+ b WEIGHTED<=2
  Decay: w+ > u s~ WEIGHTED<=2 
INFO: Combine g u~ > t t~ u~ QED=0 @1 with decays t~ > w- b~ WEIGHTED<=2
  Decay: w- > b c~ WEIGHTED<=2, t > w+ b WEIGHTED<=2
  Decay: w+ > u b~ WEIGHTED<=2 
INFO: Combine g u~ > t t~ u~ QED=0 @1 with decays t~ > w- b~ WEIGHTED<=2
  Decay: w- > b c~ WEIGHTED<=2, t > w+ b WEIGHTED<=2
  Decay: w+ > c d~ WEIGHTED<=2 
INFO: Combine g u~ > t t~ u~ QED=0 @1 with decays t~ > w- b~ WEIGHTED<=2
  Decay: w- > b c~ WEIGHTED<=2, t > w+ b WEIGHTED<=2
  Decay: w+ > c s~ WEIGHTED<=2 
INFO: Combining process with g u~ > t t~ u~ QED=0 @1
  Decay: t > w+ b WEIGHTED<=2
    Decay: w+ > u d~ WEIGHTED<=2
  Decay: t~ > w- b~ WEIGHTED<=2
    Decay: w- > b c~ WEIGHTED<=2 
INFO: Combine g u~ > t t~ u~ QED=0 @1 with decays t~ > w- b~ WEIGHTED<=2
  Decay: w- > b c~ WEIGHTED<=2, t > w+ b WEIGHTED<=2
  Decay: w+ > c b~ WEIGHTED<=2 
INFO: Combine u u~ > t t~ g QED=0 @1 with decays t~ > w- b~ WEIGHTED<=2
  Decay: w- > d u~ WEIGHTED<=2, t > w+ b WEIGHTED<=2
  Decay: w+ > u d~ WEIGHTED<=2 
INFO: Combine u u~ > t t~ g QED=0 @1 with decays t~ > w- b~ WEIGHTED<=2
  Decay: w- > d u~ WEIGHTED<=2, t > w+ b WEIGHTED<=2
  Decay: w+ > u s~ WEIGHTED<=2 
INFO: Combine u u~ > t t~ g QED=0 @1 with decays t~ > w- b~ WEIGHTED<=2
  Decay: w- > d u~ WEIGHTED<=2, t > w+ b WEIGHTED<=2
  Decay: w+ > u b~ WEIGHTED<=2 
INFO: Combine u u~ > t t~ g QED=0 @1 with decays t~ > w- b~ WEIGHTED<=2
  Decay: w- > d u~ WEIGHTED<=2, t > w+ b WEIGHTED<=2
  Decay: w+ > c d~ WEIGHTED<=2 
INFO: Combine u u~ > t t~ g QED=0 @1 with decays t~ > w- b~ WEIGHTED<=2
  Decay: w- > d u~ WEIGHTED<=2, t > w+ b WEIGHTED<=2
  Decay: w+ > c s~ WEIGHTED<=2 
INFO: Combining process with u u~ > t t~ g QED=0 @1
  Decay: t > w+ b WEIGHTED<=2
    Decay: w+ > u d~ WEIGHTED<=2
  Decay: t~ > w- b~ WEIGHTED<=2
    Decay: w- > d u~ WEIGHTED<=2 
INFO: Combine u u~ > t t~ g QED=0 @1 with decays t~ > w- b~ WEIGHTED<=2
  Decay: w- > d u~ WEIGHTED<=2, t > w+ b WEIGHTED<=2
  Decay: w+ > c b~ WEIGHTED<=2 
INFO: Combine u u~ > t t~ g QED=0 @1 with decays t~ > w- b~ WEIGHTED<=2
  Decay: w- > d c~ WEIGHTED<=2, t > w+ b WEIGHTED<=2
  Decay: w+ > u d~ WEIGHTED<=2 
INFO: Combine u u~ > t t~ g QED=0 @1 with decays t~ > w- b~ WEIGHTED<=2
  Decay: w- > d c~ WEIGHTED<=2, t > w+ b WEIGHTED<=2
  Decay: w+ > u s~ WEIGHTED<=2 
INFO: Combine u u~ > t t~ g QED=0 @1 with decays t~ > w- b~ WEIGHTED<=2
  Decay: w- > d c~ WEIGHTED<=2, t > w+ b WEIGHTED<=2
  Decay: w+ > u b~ WEIGHTED<=2 
INFO: Combine u u~ > t t~ g QED=0 @1 with decays t~ > w- b~ WEIGHTED<=2
  Decay: w- > d c~ WEIGHTED<=2, t > w+ b WEIGHTED<=2
  Decay: w+ > c d~ WEIGHTED<=2 
INFO: Combine u u~ > t t~ g QED=0 @1 with decays t~ > w- b~ WEIGHTED<=2
  Decay: w- > d c~ WEIGHTED<=2, t > w+ b WEIGHTED<=2
  Decay: w+ > c s~ WEIGHTED<=2 
INFO: Combining process with u u~ > t t~ g QED=0 @1
  Decay: t > w+ b WEIGHTED<=2
    Decay: w+ > u d~ WEIGHTED<=2
  Decay: t~ > w- b~ WEIGHTED<=2
    Decay: w- > d c~ WEIGHTED<=2 
INFO: Combine u u~ > t t~ g QED=0 @1 with decays t~ > w- b~ WEIGHTED<=2
  Decay: w- > d c~ WEIGHTED<=2, t > w+ b WEIGHTED<=2
  Decay: w+ > c b~ WEIGHTED<=2 
INFO: Combine u u~ > t t~ g QED=0 @1 with decays t~ > w- b~ WEIGHTED<=2
  Decay: w- > s u~ WEIGHTED<=2, t > w+ b WEIGHTED<=2
  Decay: w+ > u d~ WEIGHTED<=2 
INFO: Combine u u~ > t t~ g QED=0 @1 with decays t~ > w- b~ WEIGHTED<=2
  Decay: w- > s u~ WEIGHTED<=2, t > w+ b WEIGHTED<=2
  Decay: w+ > u s~ WEIGHTED<=2 
INFO: Combine u u~ > t t~ g QED=0 @1 with decays t~ > w- b~ WEIGHTED<=2
  Decay: w- > s u~ WEIGHTED<=2, t > w+ b WEIGHTED<=2
  Decay: w+ > u b~ WEIGHTED<=2 
INFO: Combine u u~ > t t~ g QED=0 @1 with decays t~ > w- b~ WEIGHTED<=2
  Decay: w- > s u~ WEIGHTED<=2, t > w+ b WEIGHTED<=2
  Decay: w+ > c d~ WEIGHTED<=2 
INFO: Combine u u~ > t t~ g QED=0 @1 with decays t~ > w- b~ WEIGHTED<=2
  Decay: w- > s u~ WEIGHTED<=2, t > w+ b WEIGHTED<=2
  Decay: w+ > c s~ WEIGHTED<=2 
INFO: Combining process with u u~ > t t~ g QED=0 @1
  Decay: t > w+ b WEIGHTED<=2
    Decay: w+ > u d~ WEIGHTED<=2
  Decay: t~ > w- b~ WEIGHTED<=2
    Decay: w- > s u~ WEIGHTED<=2 
INFO: Combine u u~ > t t~ g QED=0 @1 with decays t~ > w- b~ WEIGHTED<=2
  Decay: w- > s u~ WEIGHTED<=2, t > w+ b WEIGHTED<=2
  Decay: w+ > c b~ WEIGHTED<=2 
INFO: Combine u u~ > t t~ g QED=0 @1 with decays t~ > w- b~ WEIGHTED<=2
  Decay: w- > s c~ WEIGHTED<=2, t > w+ b WEIGHTED<=2
  Decay: w+ > u d~ WEIGHTED<=2 
INFO: Combining process with u u~ > t t~ g QED=0 @1
  Decay: t > w+ b WEIGHTED<=2
    Decay: w+ > u d~ WEIGHTED<=2
  Decay: t~ > w- b~ WEIGHTED<=2
    Decay: w- > d u~ WEIGHTED<=2 
INFO: Combine u u~ > t t~ g QED=0 @1 with decays t~ > w- b~ WEIGHTED<=2
  Decay: w- > s c~ WEIGHTED<=2, t > w+ b WEIGHTED<=2
  Decay: w+ > u s~ WEIGHTED<=2 
INFO: Combining process with u u~ > t t~ g QED=0 @1
  Decay: t > w+ b WEIGHTED<=2
    Decay: w+ > u s~ WEIGHTED<=2
  Decay: t~ > w- b~ WEIGHTED<=2
    Decay: w- > d u~ WEIGHTED<=2 
INFO: Combine u u~ > t t~ g QED=0 @1 with decays t~ > w- b~ WEIGHTED<=2
  Decay: w- > s c~ WEIGHTED<=2, t > w+ b WEIGHTED<=2
  Decay: w+ > u b~ WEIGHTED<=2 
INFO: Combining process with u u~ > t t~ g QED=0 @1
  Decay: t > w+ b WEIGHTED<=2
    Decay: w+ > u b~ WEIGHTED<=2
  Decay: t~ > w- b~ WEIGHTED<=2
    Decay: w- > d u~ WEIGHTED<=2 
INFO: Combine u u~ > t t~ g QED=0 @1 with decays t~ > w- b~ WEIGHTED<=2
  Decay: w- > s c~ WEIGHTED<=2, t > w+ b WEIGHTED<=2
  Decay: w+ > c d~ WEIGHTED<=2 
INFO: Combining process with u u~ > t t~ g QED=0 @1
  Decay: t > w+ b WEIGHTED<=2
    Decay: w+ > c d~ WEIGHTED<=2
  Decay: t~ > w- b~ WEIGHTED<=2
    Decay: w- > d u~ WEIGHTED<=2 
INFO: Combine u u~ > t t~ g QED=0 @1 with decays t~ > w- b~ WEIGHTED<=2
  Decay: w- > s c~ WEIGHTED<=2, t > w+ b WEIGHTED<=2
  Decay: w+ > c s~ WEIGHTED<=2 
INFO: Combining process with u u~ > t t~ g QED=0 @1
  Decay: t > w+ b WEIGHTED<=2
    Decay: w+ > u d~ WEIGHTED<=2
  Decay: t~ > w- b~ WEIGHTED<=2
    Decay: w- > d u~ WEIGHTED<=2 
INFO: Combine u u~ > t t~ g QED=0 @1 with decays t~ > w- b~ WEIGHTED<=2
  Decay: w- > s c~ WEIGHTED<=2, t > w+ b WEIGHTED<=2
  Decay: w+ > c b~ WEIGHTED<=2 
INFO: Combining process with u u~ > t t~ g QED=0 @1
  Decay: t > w+ b WEIGHTED<=2
    Decay: w+ > c b~ WEIGHTED<=2
  Decay: t~ > w- b~ WEIGHTED<=2
    Decay: w- > d u~ WEIGHTED<=2 
INFO: Combine u u~ > t t~ g QED=0 @1 with decays t~ > w- b~ WEIGHTED<=2
  Decay: w- > b u~ WEIGHTED<=2, t > w+ b WEIGHTED<=2
  Decay: w+ > u d~ WEIGHTED<=2 
INFO: Combine u u~ > t t~ g QED=0 @1 with decays t~ > w- b~ WEIGHTED<=2
  Decay: w- > b u~ WEIGHTED<=2, t > w+ b WEIGHTED<=2
  Decay: w+ > u s~ WEIGHTED<=2 
INFO: Combine u u~ > t t~ g QED=0 @1 with decays t~ > w- b~ WEIGHTED<=2
  Decay: w- > b u~ WEIGHTED<=2, t > w+ b WEIGHTED<=2
  Decay: w+ > u b~ WEIGHTED<=2 
INFO: Combine u u~ > t t~ g QED=0 @1 with decays t~ > w- b~ WEIGHTED<=2
  Decay: w- > b u~ WEIGHTED<=2, t > w+ b WEIGHTED<=2
  Decay: w+ > c d~ WEIGHTED<=2 
INFO: Combine u u~ > t t~ g QED=0 @1 with decays t~ > w- b~ WEIGHTED<=2
  Decay: w- > b u~ WEIGHTED<=2, t > w+ b WEIGHTED<=2
  Decay: w+ > c s~ WEIGHTED<=2 
INFO: Combining process with u u~ > t t~ g QED=0 @1
  Decay: t > w+ b WEIGHTED<=2
    Decay: w+ > u d~ WEIGHTED<=2
  Decay: t~ > w- b~ WEIGHTED<=2
    Decay: w- > b u~ WEIGHTED<=2 
INFO: Combine u u~ > t t~ g QED=0 @1 with decays t~ > w- b~ WEIGHTED<=2
  Decay: w- > b u~ WEIGHTED<=2, t > w+ b WEIGHTED<=2
  Decay: w+ > c b~ WEIGHTED<=2 
INFO: Combine u u~ > t t~ g QED=0 @1 with decays t~ > w- b~ WEIGHTED<=2
  Decay: w- > b c~ WEIGHTED<=2, t > w+ b WEIGHTED<=2
  Decay: w+ > u d~ WEIGHTED<=2 
INFO: Combine u u~ > t t~ g QED=0 @1 with decays t~ > w- b~ WEIGHTED<=2
  Decay: w- > b c~ WEIGHTED<=2, t > w+ b WEIGHTED<=2
  Decay: w+ > u s~ WEIGHTED<=2 
INFO: Combine u u~ > t t~ g QED=0 @1 with decays t~ > w- b~ WEIGHTED<=2
  Decay: w- > b c~ WEIGHTED<=2, t > w+ b WEIGHTED<=2
  Decay: w+ > u b~ WEIGHTED<=2 
INFO: Combine u u~ > t t~ g QED=0 @1 with decays t~ > w- b~ WEIGHTED<=2
  Decay: w- > b c~ WEIGHTED<=2, t > w+ b WEIGHTED<=2
  Decay: w+ > c d~ WEIGHTED<=2 
INFO: Combine u u~ > t t~ g QED=0 @1 with decays t~ > w- b~ WEIGHTED<=2
  Decay: w- > b c~ WEIGHTED<=2, t > w+ b WEIGHTED<=2
  Decay: w+ > c s~ WEIGHTED<=2 
INFO: Combining process with u u~ > t t~ g QED=0 @1
  Decay: t > w+ b WEIGHTED<=2
    Decay: w+ > u d~ WEIGHTED<=2
  Decay: t~ > w- b~ WEIGHTED<=2
    Decay: w- > b c~ WEIGHTED<=2 
INFO: Combine u u~ > t t~ g QED=0 @1 with decays t~ > w- b~ WEIGHTED<=2
  Decay: w- > b c~ WEIGHTED<=2, t > w+ b WEIGHTED<=2
  Decay: w+ > c b~ WEIGHTED<=2 
INFO: Processing color information for process: g g > t t~ g QED=0 @1
  Decay: t > w+ b WEIGHTED<=2
    Decay: w+ > u d~ WEIGHTED<=2
  Decay: t~ > w- b~ WEIGHTED<=2
    Decay: w- > d u~ WEIGHTED<=2 
INFO: Reusing existing color information for process: g g > t t~ g QED=0 @1
  Decay: t > w+ b WEIGHTED<=2
    Decay: w+ > u s~ WEIGHTED<=2
  Decay: t~ > w- b~ WEIGHTED<=2
    Decay: w- > d u~ WEIGHTED<=2 
INFO: Reusing existing color information for process: g g > t t~ g QED=0 @1
  Decay: t > w+ b WEIGHTED<=2
    Decay: w+ > u b~ WEIGHTED<=2
  Decay: t~ > w- b~ WEIGHTED<=2
    Decay: w- > d u~ WEIGHTED<=2 
INFO: Reusing existing color information for process: g g > t t~ g QED=0 @1
  Decay: t > w+ b WEIGHTED<=2
    Decay: w+ > c d~ WEIGHTED<=2
  Decay: t~ > w- b~ WEIGHTED<=2
    Decay: w- > d u~ WEIGHTED<=2 
INFO: Reusing existing color information for process: g g > t t~ g QED=0 @1
  Decay: t > w+ b WEIGHTED<=2
    Decay: w+ > c b~ WEIGHTED<=2
  Decay: t~ > w- b~ WEIGHTED<=2
    Decay: w- > d u~ WEIGHTED<=2 
INFO: Reusing existing color information for process: g g > t t~ g QED=0 @1
  Decay: t > w+ b WEIGHTED<=2
    Decay: w+ > u d~ WEIGHTED<=2
  Decay: t~ > w- b~ WEIGHTED<=2
    Decay: w- > d c~ WEIGHTED<=2 
INFO: Reusing existing color information for process: g g > t t~ g QED=0 @1
  Decay: t > w+ b WEIGHTED<=2
    Decay: w+ > u s~ WEIGHTED<=2
  Decay: t~ > w- b~ WEIGHTED<=2
    Decay: w- > d c~ WEIGHTED<=2 
INFO: Reusing existing color information for process: g g > t t~ g QED=0 @1
  Decay: t > w+ b WEIGHTED<=2
    Decay: w+ > u b~ WEIGHTED<=2
  Decay: t~ > w- b~ WEIGHTED<=2
    Decay: w- > d c~ WEIGHTED<=2 
INFO: Reusing existing color information for process: g g > t t~ g QED=0 @1
  Decay: t > w+ b WEIGHTED<=2
    Decay: w+ > c d~ WEIGHTED<=2
  Decay: t~ > w- b~ WEIGHTED<=2
    Decay: w- > d c~ WEIGHTED<=2 
INFO: Reusing existing color information for process: g g > t t~ g QED=0 @1
  Decay: t > w+ b WEIGHTED<=2
    Decay: w+ > c b~ WEIGHTED<=2
  Decay: t~ > w- b~ WEIGHTED<=2
    Decay: w- > d c~ WEIGHTED<=2 
INFO: Reusing existing color information for process: g g > t t~ g QED=0 @1
  Decay: t > w+ b WEIGHTED<=2
    Decay: w+ > u d~ WEIGHTED<=2
  Decay: t~ > w- b~ WEIGHTED<=2
    Decay: w- > s u~ WEIGHTED<=2 
INFO: Reusing existing color information for process: g g > t t~ g QED=0 @1
  Decay: t > w+ b WEIGHTED<=2
    Decay: w+ > u s~ WEIGHTED<=2
  Decay: t~ > w- b~ WEIGHTED<=2
    Decay: w- > s u~ WEIGHTED<=2 
INFO: Reusing existing color information for process: g g > t t~ g QED=0 @1
  Decay: t > w+ b WEIGHTED<=2
    Decay: w+ > u b~ WEIGHTED<=2
  Decay: t~ > w- b~ WEIGHTED<=2
    Decay: w- > s u~ WEIGHTED<=2 
INFO: Reusing existing color information for process: g g > t t~ g QED=0 @1
  Decay: t > w+ b WEIGHTED<=2
    Decay: w+ > c d~ WEIGHTED<=2
  Decay: t~ > w- b~ WEIGHTED<=2
    Decay: w- > s u~ WEIGHTED<=2 
INFO: Reusing existing color information for process: g g > t t~ g QED=0 @1
  Decay: t > w+ b WEIGHTED<=2
    Decay: w+ > c b~ WEIGHTED<=2
  Decay: t~ > w- b~ WEIGHTED<=2
    Decay: w- > s u~ WEIGHTED<=2 
INFO: Reusing existing color information for process: g g > t t~ g QED=0 @1
  Decay: t > w+ b WEIGHTED<=2
    Decay: w+ > u d~ WEIGHTED<=2
  Decay: t~ > w- b~ WEIGHTED<=2
    Decay: w- > b u~ WEIGHTED<=2 
INFO: Reusing existing color information for process: g g > t t~ g QED=0 @1
  Decay: t > w+ b WEIGHTED<=2
    Decay: w+ > u s~ WEIGHTED<=2
  Decay: t~ > w- b~ WEIGHTED<=2
    Decay: w- > b u~ WEIGHTED<=2 
INFO: Reusing existing color information for process: g g > t t~ g QED=0 @1
  Decay: t > w+ b WEIGHTED<=2
    Decay: w+ > u b~ WEIGHTED<=2
  Decay: t~ > w- b~ WEIGHTED<=2
    Decay: w- > b u~ WEIGHTED<=2 
INFO: Reusing existing color information for process: g g > t t~ g QED=0 @1
  Decay: t > w+ b WEIGHTED<=2
    Decay: w+ > c d~ WEIGHTED<=2
  Decay: t~ > w- b~ WEIGHTED<=2
    Decay: w- > b u~ WEIGHTED<=2 
INFO: Reusing existing color information for process: g g > t t~ g QED=0 @1
  Decay: t > w+ b WEIGHTED<=2
    Decay: w+ > c b~ WEIGHTED<=2
  Decay: t~ > w- b~ WEIGHTED<=2
    Decay: w- > b u~ WEIGHTED<=2 
INFO: Reusing existing color information for process: g g > t t~ g QED=0 @1
  Decay: t > w+ b WEIGHTED<=2
    Decay: w+ > u d~ WEIGHTED<=2
  Decay: t~ > w- b~ WEIGHTED<=2
    Decay: w- > b c~ WEIGHTED<=2 
INFO: Reusing existing color information for process: g g > t t~ g QED=0 @1
  Decay: t > w+ b WEIGHTED<=2
    Decay: w+ > u s~ WEIGHTED<=2
  Decay: t~ > w- b~ WEIGHTED<=2
    Decay: w- > b c~ WEIGHTED<=2 
INFO: Reusing existing color information for process: g g > t t~ g QED=0 @1
  Decay: t > w+ b WEIGHTED<=2
    Decay: w+ > u b~ WEIGHTED<=2
  Decay: t~ > w- b~ WEIGHTED<=2
    Decay: w- > b c~ WEIGHTED<=2 
INFO: Reusing existing color information for process: g g > t t~ g QED=0 @1
  Decay: t > w+ b WEIGHTED<=2
    Decay: w+ > c d~ WEIGHTED<=2
  Decay: t~ > w- b~ WEIGHTED<=2
    Decay: w- > b c~ WEIGHTED<=2 
INFO: Reusing existing color information for process: g g > t t~ g QED=0 @1
  Decay: t > w+ b WEIGHTED<=2
    Decay: w+ > c b~ WEIGHTED<=2
  Decay: t~ > w- b~ WEIGHTED<=2
    Decay: w- > b c~ WEIGHTED<=2 
INFO: Processing color information for process: g u > t t~ u QED=0 @1
  Decay: t > w+ b WEIGHTED<=2
    Decay: w+ > u d~ WEIGHTED<=2
  Decay: t~ > w- b~ WEIGHTED<=2
    Decay: w- > d u~ WEIGHTED<=2 
INFO: Reusing existing color information for process: g u > t t~ u QED=0 @1
  Decay: t > w+ b WEIGHTED<=2
    Decay: w+ > u s~ WEIGHTED<=2
  Decay: t~ > w- b~ WEIGHTED<=2
    Decay: w- > d u~ WEIGHTED<=2 
INFO: Reusing existing color information for process: g u > t t~ u QED=0 @1
  Decay: t > w+ b WEIGHTED<=2
    Decay: w+ > u b~ WEIGHTED<=2
  Decay: t~ > w- b~ WEIGHTED<=2
    Decay: w- > d u~ WEIGHTED<=2 
INFO: Reusing existing color information for process: g u > t t~ u QED=0 @1
  Decay: t > w+ b WEIGHTED<=2
    Decay: w+ > c d~ WEIGHTED<=2
  Decay: t~ > w- b~ WEIGHTED<=2
    Decay: w- > d u~ WEIGHTED<=2 
INFO: Reusing existing color information for process: g u > t t~ u QED=0 @1
  Decay: t > w+ b WEIGHTED<=2
    Decay: w+ > c s~ WEIGHTED<=2
  Decay: t~ > w- b~ WEIGHTED<=2
    Decay: w- > d u~ WEIGHTED<=2 
INFO: Reusing existing color information for process: g u > t t~ u QED=0 @1
  Decay: t > w+ b WEIGHTED<=2
    Decay: w+ > c b~ WEIGHTED<=2
  Decay: t~ > w- b~ WEIGHTED<=2
    Decay: w- > d u~ WEIGHTED<=2 
INFO: Reusing existing color information for process: g u > t t~ u QED=0 @1
  Decay: t > w+ b WEIGHTED<=2
    Decay: w+ > u d~ WEIGHTED<=2
  Decay: t~ > w- b~ WEIGHTED<=2
    Decay: w- > d c~ WEIGHTED<=2 
INFO: Reusing existing color information for process: g u > t t~ u QED=0 @1
  Decay: t > w+ b WEIGHTED<=2
    Decay: w+ > u s~ WEIGHTED<=2
  Decay: t~ > w- b~ WEIGHTED<=2
    Decay: w- > d c~ WEIGHTED<=2 
INFO: Reusing existing color information for process: g u > t t~ u QED=0 @1
  Decay: t > w+ b WEIGHTED<=2
    Decay: w+ > u b~ WEIGHTED<=2
  Decay: t~ > w- b~ WEIGHTED<=2
    Decay: w- > d c~ WEIGHTED<=2 
INFO: Reusing existing color information for process: g u > t t~ u QED=0 @1
  Decay: t > w+ b WEIGHTED<=2
    Decay: w+ > c d~ WEIGHTED<=2
  Decay: t~ > w- b~ WEIGHTED<=2
    Decay: w- > d c~ WEIGHTED<=2 
INFO: Reusing existing color information for process: g u > t t~ u QED=0 @1
  Decay: t > w+ b WEIGHTED<=2
    Decay: w+ > c s~ WEIGHTED<=2
  Decay: t~ > w- b~ WEIGHTED<=2
    Decay: w- > d c~ WEIGHTED<=2 
INFO: Reusing existing color information for process: g u > t t~ u QED=0 @1
  Decay: t > w+ b WEIGHTED<=2
    Decay: w+ > c b~ WEIGHTED<=2
  Decay: t~ > w- b~ WEIGHTED<=2
    Decay: w- > d c~ WEIGHTED<=2 
INFO: Reusing existing color information for process: g u > t t~ u QED=0 @1
  Decay: t > w+ b WEIGHTED<=2
    Decay: w+ > u d~ WEIGHTED<=2
  Decay: t~ > w- b~ WEIGHTED<=2
    Decay: w- > s u~ WEIGHTED<=2 
INFO: Reusing existing color information for process: g u > t t~ u QED=0 @1
  Decay: t > w+ b WEIGHTED<=2
    Decay: w+ > u s~ WEIGHTED<=2
  Decay: t~ > w- b~ WEIGHTED<=2
    Decay: w- > s u~ WEIGHTED<=2 
INFO: Reusing existing color information for process: g u > t t~ u QED=0 @1
  Decay: t > w+ b WEIGHTED<=2
    Decay: w+ > u b~ WEIGHTED<=2
  Decay: t~ > w- b~ WEIGHTED<=2
    Decay: w- > s u~ WEIGHTED<=2 
INFO: Reusing existing color information for process: g u > t t~ u QED=0 @1
  Decay: t > w+ b WEIGHTED<=2
    Decay: w+ > c d~ WEIGHTED<=2
  Decay: t~ > w- b~ WEIGHTED<=2
    Decay: w- > s u~ WEIGHTED<=2 
INFO: Reusing existing color information for process: g u > t t~ u QED=0 @1
  Decay: t > w+ b WEIGHTED<=2
    Decay: w+ > c s~ WEIGHTED<=2
  Decay: t~ > w- b~ WEIGHTED<=2
    Decay: w- > s u~ WEIGHTED<=2 
INFO: Reusing existing color information for process: g u > t t~ u QED=0 @1
  Decay: t > w+ b WEIGHTED<=2
    Decay: w+ > c b~ WEIGHTED<=2
  Decay: t~ > w- b~ WEIGHTED<=2
    Decay: w- > s u~ WEIGHTED<=2 
INFO: Reusing existing color information for process: g u > t t~ u QED=0 @1
  Decay: t > w+ b WEIGHTED<=2
    Decay: w+ > u d~ WEIGHTED<=2
  Decay: t~ > w- b~ WEIGHTED<=2
    Decay: w- > b u~ WEIGHTED<=2 
INFO: Reusing existing color information for process: g u > t t~ u QED=0 @1
  Decay: t > w+ b WEIGHTED<=2
    Decay: w+ > u s~ WEIGHTED<=2
  Decay: t~ > w- b~ WEIGHTED<=2
    Decay: w- > b u~ WEIGHTED<=2 
INFO: Reusing existing color information for process: g u > t t~ u QED=0 @1
  Decay: t > w+ b WEIGHTED<=2
    Decay: w+ > u b~ WEIGHTED<=2
  Decay: t~ > w- b~ WEIGHTED<=2
    Decay: w- > b u~ WEIGHTED<=2 
INFO: Reusing existing color information for process: g u > t t~ u QED=0 @1
  Decay: t > w+ b WEIGHTED<=2
    Decay: w+ > c d~ WEIGHTED<=2
  Decay: t~ > w- b~ WEIGHTED<=2
    Decay: w- > b u~ WEIGHTED<=2 
INFO: Reusing existing color information for process: g u > t t~ u QED=0 @1
  Decay: t > w+ b WEIGHTED<=2
    Decay: w+ > c s~ WEIGHTED<=2
  Decay: t~ > w- b~ WEIGHTED<=2
    Decay: w- > b u~ WEIGHTED<=2 
INFO: Reusing existing color information for process: g u > t t~ u QED=0 @1
  Decay: t > w+ b WEIGHTED<=2
    Decay: w+ > c b~ WEIGHTED<=2
  Decay: t~ > w- b~ WEIGHTED<=2
    Decay: w- > b u~ WEIGHTED<=2 
INFO: Reusing existing color information for process: g u > t t~ u QED=0 @1
  Decay: t > w+ b WEIGHTED<=2
    Decay: w+ > u d~ WEIGHTED<=2
  Decay: t~ > w- b~ WEIGHTED<=2
    Decay: w- > b c~ WEIGHTED<=2 
INFO: Reusing existing color information for process: g u > t t~ u QED=0 @1
  Decay: t > w+ b WEIGHTED<=2
    Decay: w+ > u s~ WEIGHTED<=2
  Decay: t~ > w- b~ WEIGHTED<=2
    Decay: w- > b c~ WEIGHTED<=2 
INFO: Reusing existing color information for process: g u > t t~ u QED=0 @1
  Decay: t > w+ b WEIGHTED<=2
    Decay: w+ > u b~ WEIGHTED<=2
  Decay: t~ > w- b~ WEIGHTED<=2
    Decay: w- > b c~ WEIGHTED<=2 
INFO: Reusing existing color information for process: g u > t t~ u QED=0 @1
  Decay: t > w+ b WEIGHTED<=2
    Decay: w+ > c d~ WEIGHTED<=2
  Decay: t~ > w- b~ WEIGHTED<=2
    Decay: w- > b c~ WEIGHTED<=2 
INFO: Reusing existing color information for process: g u > t t~ u QED=0 @1
  Decay: t > w+ b WEIGHTED<=2
    Decay: w+ > c s~ WEIGHTED<=2
  Decay: t~ > w- b~ WEIGHTED<=2
    Decay: w- > b c~ WEIGHTED<=2 
INFO: Reusing existing color information for process: g u > t t~ u QED=0 @1
  Decay: t > w+ b WEIGHTED<=2
    Decay: w+ > c b~ WEIGHTED<=2
  Decay: t~ > w- b~ WEIGHTED<=2
    Decay: w- > b c~ WEIGHTED<=2 
INFO: Processing color information for process: g u~ > t t~ u~ QED=0 @1
  Decay: t > w+ b WEIGHTED<=2
    Decay: w+ > u d~ WEIGHTED<=2
  Decay: t~ > w- b~ WEIGHTED<=2
    Decay: w- > d u~ WEIGHTED<=2 
INFO: Reusing existing color information for process: g u~ > t t~ u~ QED=0 @1
  Decay: t > w+ b WEIGHTED<=2
    Decay: w+ > u s~ WEIGHTED<=2
  Decay: t~ > w- b~ WEIGHTED<=2
    Decay: w- > d u~ WEIGHTED<=2 
INFO: Reusing existing color information for process: g u~ > t t~ u~ QED=0 @1
  Decay: t > w+ b WEIGHTED<=2
    Decay: w+ > u b~ WEIGHTED<=2
  Decay: t~ > w- b~ WEIGHTED<=2
    Decay: w- > d u~ WEIGHTED<=2 
INFO: Reusing existing color information for process: g u~ > t t~ u~ QED=0 @1
  Decay: t > w+ b WEIGHTED<=2
    Decay: w+ > c d~ WEIGHTED<=2
  Decay: t~ > w- b~ WEIGHTED<=2
    Decay: w- > d u~ WEIGHTED<=2 
INFO: Reusing existing color information for process: g u~ > t t~ u~ QED=0 @1
  Decay: t > w+ b WEIGHTED<=2
    Decay: w+ > c b~ WEIGHTED<=2
  Decay: t~ > w- b~ WEIGHTED<=2
    Decay: w- > d u~ WEIGHTED<=2 
INFO: Reusing existing color information for process: g u~ > t t~ u~ QED=0 @1
  Decay: t > w+ b WEIGHTED<=2
    Decay: w+ > u d~ WEIGHTED<=2
  Decay: t~ > w- b~ WEIGHTED<=2
    Decay: w- > d c~ WEIGHTED<=2 
INFO: Reusing existing color information for process: g u~ > t t~ u~ QED=0 @1
  Decay: t > w+ b WEIGHTED<=2
    Decay: w+ > u s~ WEIGHTED<=2
  Decay: t~ > w- b~ WEIGHTED<=2
    Decay: w- > d c~ WEIGHTED<=2 
INFO: Reusing existing color information for process: g u~ > t t~ u~ QED=0 @1
  Decay: t > w+ b WEIGHTED<=2
    Decay: w+ > u b~ WEIGHTED<=2
  Decay: t~ > w- b~ WEIGHTED<=2
    Decay: w- > d c~ WEIGHTED<=2 
INFO: Reusing existing color information for process: g u~ > t t~ u~ QED=0 @1
  Decay: t > w+ b WEIGHTED<=2
    Decay: w+ > c d~ WEIGHTED<=2
  Decay: t~ > w- b~ WEIGHTED<=2
    Decay: w- > d c~ WEIGHTED<=2 
INFO: Reusing existing color information for process: g u~ > t t~ u~ QED=0 @1
  Decay: t > w+ b WEIGHTED<=2
    Decay: w+ > c b~ WEIGHTED<=2
  Decay: t~ > w- b~ WEIGHTED<=2
    Decay: w- > d c~ WEIGHTED<=2 
INFO: Reusing existing color information for process: g u~ > t t~ u~ QED=0 @1
  Decay: t > w+ b WEIGHTED<=2
    Decay: w+ > u d~ WEIGHTED<=2
  Decay: t~ > w- b~ WEIGHTED<=2
    Decay: w- > s u~ WEIGHTED<=2 
INFO: Reusing existing color information for process: g u~ > t t~ u~ QED=0 @1
  Decay: t > w+ b WEIGHTED<=2
    Decay: w+ > u s~ WEIGHTED<=2
  Decay: t~ > w- b~ WEIGHTED<=2
    Decay: w- > s u~ WEIGHTED<=2 
INFO: Reusing existing color information for process: g u~ > t t~ u~ QED=0 @1
  Decay: t > w+ b WEIGHTED<=2
    Decay: w+ > u b~ WEIGHTED<=2
  Decay: t~ > w- b~ WEIGHTED<=2
    Decay: w- > s u~ WEIGHTED<=2 
INFO: Reusing existing color information for process: g u~ > t t~ u~ QED=0 @1
  Decay: t > w+ b WEIGHTED<=2
    Decay: w+ > c d~ WEIGHTED<=2
  Decay: t~ > w- b~ WEIGHTED<=2
    Decay: w- > s u~ WEIGHTED<=2 
INFO: Reusing existing color information for process: g u~ > t t~ u~ QED=0 @1
  Decay: t > w+ b WEIGHTED<=2
    Decay: w+ > c b~ WEIGHTED<=2
  Decay: t~ > w- b~ WEIGHTED<=2
    Decay: w- > s u~ WEIGHTED<=2 
INFO: Reusing existing color information for process: g u~ > t t~ u~ QED=0 @1
  Decay: t > w+ b WEIGHTED<=2
    Decay: w+ > u d~ WEIGHTED<=2
  Decay: t~ > w- b~ WEIGHTED<=2
    Decay: w- > s c~ WEIGHTED<=2 
INFO: Reusing existing color information for process: g u~ > t t~ u~ QED=0 @1
  Decay: t > w+ b WEIGHTED<=2
    Decay: w+ > u s~ WEIGHTED<=2
  Decay: t~ > w- b~ WEIGHTED<=2
    Decay: w- > s c~ WEIGHTED<=2 
INFO: Reusing existing color information for process: g u~ > t t~ u~ QED=0 @1
  Decay: t > w+ b WEIGHTED<=2
    Decay: w+ > u b~ WEIGHTED<=2
  Decay: t~ > w- b~ WEIGHTED<=2
    Decay: w- > s c~ WEIGHTED<=2 
INFO: Reusing existing color information for process: g u~ > t t~ u~ QED=0 @1
  Decay: t > w+ b WEIGHTED<=2
    Decay: w+ > c d~ WEIGHTED<=2
  Decay: t~ > w- b~ WEIGHTED<=2
    Decay: w- > s c~ WEIGHTED<=2 
INFO: Reusing existing color information for process: g u~ > t t~ u~ QED=0 @1
  Decay: t > w+ b WEIGHTED<=2
    Decay: w+ > c b~ WEIGHTED<=2
  Decay: t~ > w- b~ WEIGHTED<=2
    Decay: w- > s c~ WEIGHTED<=2 
INFO: Reusing existing color information for process: g u~ > t t~ u~ QED=0 @1
  Decay: t > w+ b WEIGHTED<=2
    Decay: w+ > u d~ WEIGHTED<=2
  Decay: t~ > w- b~ WEIGHTED<=2
    Decay: w- > b u~ WEIGHTED<=2 
INFO: Reusing existing color information for process: g u~ > t t~ u~ QED=0 @1
  Decay: t > w+ b WEIGHTED<=2
    Decay: w+ > u s~ WEIGHTED<=2
  Decay: t~ > w- b~ WEIGHTED<=2
    Decay: w- > b u~ WEIGHTED<=2 
INFO: Reusing existing color information for process: g u~ > t t~ u~ QED=0 @1
  Decay: t > w+ b WEIGHTED<=2
    Decay: w+ > u b~ WEIGHTED<=2
  Decay: t~ > w- b~ WEIGHTED<=2
    Decay: w- > b u~ WEIGHTED<=2 
INFO: Reusing existing color information for process: g u~ > t t~ u~ QED=0 @1
  Decay: t > w+ b WEIGHTED<=2
    Decay: w+ > c d~ WEIGHTED<=2
  Decay: t~ > w- b~ WEIGHTED<=2
    Decay: w- > b u~ WEIGHTED<=2 
INFO: Reusing existing color information for process: g u~ > t t~ u~ QED=0 @1
  Decay: t > w+ b WEIGHTED<=2
    Decay: w+ > c b~ WEIGHTED<=2
  Decay: t~ > w- b~ WEIGHTED<=2
    Decay: w- > b u~ WEIGHTED<=2 
INFO: Reusing existing color information for process: g u~ > t t~ u~ QED=0 @1
  Decay: t > w+ b WEIGHTED<=2
    Decay: w+ > u d~ WEIGHTED<=2
  Decay: t~ > w- b~ WEIGHTED<=2
    Decay: w- > b c~ WEIGHTED<=2 
INFO: Reusing existing color information for process: g u~ > t t~ u~ QED=0 @1
  Decay: t > w+ b WEIGHTED<=2
    Decay: w+ > u s~ WEIGHTED<=2
  Decay: t~ > w- b~ WEIGHTED<=2
    Decay: w- > b c~ WEIGHTED<=2 
INFO: Reusing existing color information for process: g u~ > t t~ u~ QED=0 @1
  Decay: t > w+ b WEIGHTED<=2
    Decay: w+ > u b~ WEIGHTED<=2
  Decay: t~ > w- b~ WEIGHTED<=2
    Decay: w- > b c~ WEIGHTED<=2 
INFO: Reusing existing color information for process: g u~ > t t~ u~ QED=0 @1
  Decay: t > w+ b WEIGHTED<=2
    Decay: w+ > c d~ WEIGHTED<=2
  Decay: t~ > w- b~ WEIGHTED<=2
    Decay: w- > b c~ WEIGHTED<=2 
INFO: Reusing existing color information for process: g u~ > t t~ u~ QED=0 @1
  Decay: t > w+ b WEIGHTED<=2
    Decay: w+ > c b~ WEIGHTED<=2
  Decay: t~ > w- b~ WEIGHTED<=2
    Decay: w- > b c~ WEIGHTED<=2 
INFO: Processing color information for process: u u~ > t t~ g QED=0 @1
  Decay: t > w+ b WEIGHTED<=2
    Decay: w+ > u d~ WEIGHTED<=2
  Decay: t~ > w- b~ WEIGHTED<=2
    Decay: w- > d u~ WEIGHTED<=2 
INFO: Reusing existing color information for process: u u~ > t t~ g QED=0 @1
  Decay: t > w+ b WEIGHTED<=2
    Decay: w+ > u s~ WEIGHTED<=2
  Decay: t~ > w- b~ WEIGHTED<=2
    Decay: w- > d u~ WEIGHTED<=2 
INFO: Reusing existing color information for process: u u~ > t t~ g QED=0 @1
  Decay: t > w+ b WEIGHTED<=2
    Decay: w+ > u b~ WEIGHTED<=2
  Decay: t~ > w- b~ WEIGHTED<=2
    Decay: w- > d u~ WEIGHTED<=2 
INFO: Reusing existing color information for process: u u~ > t t~ g QED=0 @1
  Decay: t > w+ b WEIGHTED<=2
    Decay: w+ > c d~ WEIGHTED<=2
  Decay: t~ > w- b~ WEIGHTED<=2
    Decay: w- > d u~ WEIGHTED<=2 
INFO: Reusing existing color information for process: u u~ > t t~ g QED=0 @1
  Decay: t > w+ b WEIGHTED<=2
    Decay: w+ > c b~ WEIGHTED<=2
  Decay: t~ > w- b~ WEIGHTED<=2
    Decay: w- > d u~ WEIGHTED<=2 
INFO: Reusing existing color information for process: u u~ > t t~ g QED=0 @1
  Decay: t > w+ b WEIGHTED<=2
    Decay: w+ > u d~ WEIGHTED<=2
  Decay: t~ > w- b~ WEIGHTED<=2
    Decay: w- > d c~ WEIGHTED<=2 
INFO: Reusing existing color information for process: u u~ > t t~ g QED=0 @1
  Decay: t > w+ b WEIGHTED<=2
    Decay: w+ > u s~ WEIGHTED<=2
  Decay: t~ > w- b~ WEIGHTED<=2
    Decay: w- > d c~ WEIGHTED<=2 
INFO: Reusing existing color information for process: u u~ > t t~ g QED=0 @1
  Decay: t > w+ b WEIGHTED<=2
    Decay: w+ > u b~ WEIGHTED<=2
  Decay: t~ > w- b~ WEIGHTED<=2
    Decay: w- > d c~ WEIGHTED<=2 
INFO: Reusing existing color information for process: u u~ > t t~ g QED=0 @1
  Decay: t > w+ b WEIGHTED<=2
    Decay: w+ > c d~ WEIGHTED<=2
  Decay: t~ > w- b~ WEIGHTED<=2
    Decay: w- > d c~ WEIGHTED<=2 
INFO: Reusing existing color information for process: u u~ > t t~ g QED=0 @1
  Decay: t > w+ b WEIGHTED<=2
    Decay: w+ > c b~ WEIGHTED<=2
  Decay: t~ > w- b~ WEIGHTED<=2
    Decay: w- > d c~ WEIGHTED<=2 
INFO: Reusing existing color information for process: u u~ > t t~ g QED=0 @1
  Decay: t > w+ b WEIGHTED<=2
    Decay: w+ > u d~ WEIGHTED<=2
  Decay: t~ > w- b~ WEIGHTED<=2
    Decay: w- > s u~ WEIGHTED<=2 
INFO: Reusing existing color information for process: u u~ > t t~ g QED=0 @1
  Decay: t > w+ b WEIGHTED<=2
    Decay: w+ > u s~ WEIGHTED<=2
  Decay: t~ > w- b~ WEIGHTED<=2
    Decay: w- > s u~ WEIGHTED<=2 
INFO: Reusing existing color information for process: u u~ > t t~ g QED=0 @1
  Decay: t > w+ b WEIGHTED<=2
    Decay: w+ > u b~ WEIGHTED<=2
  Decay: t~ > w- b~ WEIGHTED<=2
    Decay: w- > s u~ WEIGHTED<=2 
INFO: Reusing existing color information for process: u u~ > t t~ g QED=0 @1
  Decay: t > w+ b WEIGHTED<=2
    Decay: w+ > c d~ WEIGHTED<=2
  Decay: t~ > w- b~ WEIGHTED<=2
    Decay: w- > s u~ WEIGHTED<=2 
INFO: Reusing existing color information for process: u u~ > t t~ g QED=0 @1
  Decay: t > w+ b WEIGHTED<=2
    Decay: w+ > c b~ WEIGHTED<=2
  Decay: t~ > w- b~ WEIGHTED<=2
    Decay: w- > s u~ WEIGHTED<=2 
INFO: Reusing existing color information for process: u u~ > t t~ g QED=0 @1
  Decay: t > w+ b WEIGHTED<=2
    Decay: w+ > u d~ WEIGHTED<=2
  Decay: t~ > w- b~ WEIGHTED<=2
    Decay: w- > b u~ WEIGHTED<=2 
INFO: Reusing existing color information for process: u u~ > t t~ g QED=0 @1
  Decay: t > w+ b WEIGHTED<=2
    Decay: w+ > u s~ WEIGHTED<=2
  Decay: t~ > w- b~ WEIGHTED<=2
    Decay: w- > b u~ WEIGHTED<=2 
INFO: Reusing existing color information for process: u u~ > t t~ g QED=0 @1
  Decay: t > w+ b WEIGHTED<=2
    Decay: w+ > u b~ WEIGHTED<=2
  Decay: t~ > w- b~ WEIGHTED<=2
    Decay: w- > b u~ WEIGHTED<=2 
INFO: Reusing existing color information for process: u u~ > t t~ g QED=0 @1
  Decay: t > w+ b WEIGHTED<=2
    Decay: w+ > c d~ WEIGHTED<=2
  Decay: t~ > w- b~ WEIGHTED<=2
    Decay: w- > b u~ WEIGHTED<=2 
INFO: Reusing existing color information for process: u u~ > t t~ g QED=0 @1
  Decay: t > w+ b WEIGHTED<=2
    Decay: w+ > c b~ WEIGHTED<=2
  Decay: t~ > w- b~ WEIGHTED<=2
    Decay: w- > b u~ WEIGHTED<=2 
INFO: Reusing existing color information for process: u u~ > t t~ g QED=0 @1
  Decay: t > w+ b WEIGHTED<=2
    Decay: w+ > u d~ WEIGHTED<=2
  Decay: t~ > w- b~ WEIGHTED<=2
    Decay: w- > b c~ WEIGHTED<=2 
INFO: Reusing existing color information for process: u u~ > t t~ g QED=0 @1
  Decay: t > w+ b WEIGHTED<=2
    Decay: w+ > u s~ WEIGHTED<=2
  Decay: t~ > w- b~ WEIGHTED<=2
    Decay: w- > b c~ WEIGHTED<=2 
INFO: Reusing existing color information for process: u u~ > t t~ g QED=0 @1
  Decay: t > w+ b WEIGHTED<=2
    Decay: w+ > u b~ WEIGHTED<=2
  Decay: t~ > w- b~ WEIGHTED<=2
    Decay: w- > b c~ WEIGHTED<=2 
INFO: Reusing existing color information for process: u u~ > t t~ g QED=0 @1
  Decay: t > w+ b WEIGHTED<=2
    Decay: w+ > c d~ WEIGHTED<=2
  Decay: t~ > w- b~ WEIGHTED<=2
    Decay: w- > b c~ WEIGHTED<=2 
INFO: Reusing existing color information for process: u u~ > t t~ g QED=0 @1
  Decay: t > w+ b WEIGHTED<=2
    Decay: w+ > c b~ WEIGHTED<=2
  Decay: t~ > w- b~ WEIGHTED<=2
    Decay: w- > b c~ WEIGHTED<=2 
INFO: Generating Helas calls for process: g g > t t~ QED=0 
INFO: Generating Helas calls for process: u u~ > t t~ QED=0 
INFO: Combined process c c~ > t t~ QED=0 with process u u~ > t t~ QED=0 
INFO: Combined process d d~ > t t~ QED=0 with process u u~ > t t~ QED=0 
INFO: Combined process s s~ > t t~ QED=0 with process u u~ > t t~ QED=0 
INFO: Combined process b b~ > t t~ QED=0 with process u u~ > t t~ QED=0 
INFO: Generating Helas calls for process: t > w+ b WEIGHTED<=2 
INFO: Generating Helas calls for process: w+ > u d~ WEIGHTED<=2 
INFO: Generating Helas calls for process: w+ > u s~ WEIGHTED<=2 
INFO: Generating Helas calls for process: w+ > u b~ WEIGHTED<=2 
INFO: Generating Helas calls for process: w+ > c d~ WEIGHTED<=2 
INFO: Generating Helas calls for process: w+ > c s~ WEIGHTED<=2 
INFO: Generating Helas calls for process: w+ > c b~ WEIGHTED<=2 
INFO: Generating Helas calls for process: t~ > w- b~ WEIGHTED<=2 
INFO: Generating Helas calls for process: w- > d u~ WEIGHTED<=2 
INFO: Generating Helas calls for process: w- > d c~ WEIGHTED<=2 
INFO: Generating Helas calls for process: w- > s u~ WEIGHTED<=2 
INFO: Generating Helas calls for process: w- > s c~ WEIGHTED<=2 
INFO: Generating Helas calls for process: w- > b u~ WEIGHTED<=2 
INFO: Generating Helas calls for process: w- > b c~ WEIGHTED<=2 
INFO: Combine t > w+ b WEIGHTED<=2 with decays w+ > u d~ WEIGHTED<=2 
INFO: Combine t > w+ b WEIGHTED<=2 with decays w+ > u s~ WEIGHTED<=2 
INFO: Combine t > w+ b WEIGHTED<=2 with decays w+ > u b~ WEIGHTED<=2 
INFO: Combine t > w+ b WEIGHTED<=2 with decays w+ > c d~ WEIGHTED<=2 
INFO: Combine t > w+ b WEIGHTED<=2 with decays w+ > c s~ WEIGHTED<=2 
INFO: Combine t > w+ b WEIGHTED<=2 with decays w+ > c b~ WEIGHTED<=2 
INFO: Combine t~ > w- b~ WEIGHTED<=2 with decays w- > d u~ WEIGHTED<=2 
INFO: Combine t~ > w- b~ WEIGHTED<=2 with decays w- > d c~ WEIGHTED<=2 
INFO: Combine t~ > w- b~ WEIGHTED<=2 with decays w- > s u~ WEIGHTED<=2 
INFO: Combine t~ > w- b~ WEIGHTED<=2 with decays w- > s c~ WEIGHTED<=2 
INFO: Combine t~ > w- b~ WEIGHTED<=2 with decays w- > b u~ WEIGHTED<=2 
INFO: Combine t~ > w- b~ WEIGHTED<=2 with decays w- > b c~ WEIGHTED<=2 
INFO: Combine g g > t t~ QED=0 with decays t~ > w- b~ WEIGHTED<=2
  Decay: w- > d u~ WEIGHTED<=2, t > w+ b WEIGHTED<=2
  Decay: w+ > u d~ WEIGHTED<=2 
INFO: Combine g g > t t~ QED=0 with decays t~ > w- b~ WEIGHTED<=2
  Decay: w- > d u~ WEIGHTED<=2, t > w+ b WEIGHTED<=2
  Decay: w+ > u s~ WEIGHTED<=2 
INFO: Combine g g > t t~ QED=0 with decays t~ > w- b~ WEIGHTED<=2
  Decay: w- > d u~ WEIGHTED<=2, t > w+ b WEIGHTED<=2
  Decay: w+ > u b~ WEIGHTED<=2 
INFO: Combine g g > t t~ QED=0 with decays t~ > w- b~ WEIGHTED<=2
  Decay: w- > d u~ WEIGHTED<=2, t > w+ b WEIGHTED<=2
  Decay: w+ > c d~ WEIGHTED<=2 
INFO: Combine g g > t t~ QED=0 with decays t~ > w- b~ WEIGHTED<=2
  Decay: w- > d u~ WEIGHTED<=2, t > w+ b WEIGHTED<=2
  Decay: w+ > c s~ WEIGHTED<=2 
INFO: Combining process with g g > t t~ QED=0
  Decay: t > w+ b WEIGHTED<=2
    Decay: w+ > u d~ WEIGHTED<=2
  Decay: t~ > w- b~ WEIGHTED<=2
    Decay: w- > d u~ WEIGHTED<=2 
INFO: Combine g g > t t~ QED=0 with decays t~ > w- b~ WEIGHTED<=2
  Decay: w- > d u~ WEIGHTED<=2, t > w+ b WEIGHTED<=2
  Decay: w+ > c b~ WEIGHTED<=2 
INFO: Combine g g > t t~ QED=0 with decays t~ > w- b~ WEIGHTED<=2
  Decay: w- > d c~ WEIGHTED<=2, t > w+ b WEIGHTED<=2
  Decay: w+ > u d~ WEIGHTED<=2 
INFO: Combine g g > t t~ QED=0 with decays t~ > w- b~ WEIGHTED<=2
  Decay: w- > d c~ WEIGHTED<=2, t > w+ b WEIGHTED<=2
  Decay: w+ > u s~ WEIGHTED<=2 
INFO: Combine g g > t t~ QED=0 with decays t~ > w- b~ WEIGHTED<=2
  Decay: w- > d c~ WEIGHTED<=2, t > w+ b WEIGHTED<=2
  Decay: w+ > u b~ WEIGHTED<=2 
INFO: Combine g g > t t~ QED=0 with decays t~ > w- b~ WEIGHTED<=2
  Decay: w- > d c~ WEIGHTED<=2, t > w+ b WEIGHTED<=2
  Decay: w+ > c d~ WEIGHTED<=2 
INFO: Combine g g > t t~ QED=0 with decays t~ > w- b~ WEIGHTED<=2
  Decay: w- > d c~ WEIGHTED<=2, t > w+ b WEIGHTED<=2
  Decay: w+ > c s~ WEIGHTED<=2 
INFO: Combining process with g g > t t~ QED=0
  Decay: t > w+ b WEIGHTED<=2
    Decay: w+ > u d~ WEIGHTED<=2
  Decay: t~ > w- b~ WEIGHTED<=2
    Decay: w- > d c~ WEIGHTED<=2 
INFO: Combine g g > t t~ QED=0 with decays t~ > w- b~ WEIGHTED<=2
  Decay: w- > d c~ WEIGHTED<=2, t > w+ b WEIGHTED<=2
  Decay: w+ > c b~ WEIGHTED<=2 
INFO: Combine g g > t t~ QED=0 with decays t~ > w- b~ WEIGHTED<=2
  Decay: w- > s u~ WEIGHTED<=2, t > w+ b WEIGHTED<=2
  Decay: w+ > u d~ WEIGHTED<=2 
INFO: Combine g g > t t~ QED=0 with decays t~ > w- b~ WEIGHTED<=2
  Decay: w- > s u~ WEIGHTED<=2, t > w+ b WEIGHTED<=2
  Decay: w+ > u s~ WEIGHTED<=2 
INFO: Combine g g > t t~ QED=0 with decays t~ > w- b~ WEIGHTED<=2
  Decay: w- > s u~ WEIGHTED<=2, t > w+ b WEIGHTED<=2
  Decay: w+ > u b~ WEIGHTED<=2 
INFO: Combine g g > t t~ QED=0 with decays t~ > w- b~ WEIGHTED<=2
  Decay: w- > s u~ WEIGHTED<=2, t > w+ b WEIGHTED<=2
  Decay: w+ > c d~ WEIGHTED<=2 
INFO: Combine g g > t t~ QED=0 with decays t~ > w- b~ WEIGHTED<=2
  Decay: w- > s u~ WEIGHTED<=2, t > w+ b WEIGHTED<=2
  Decay: w+ > c s~ WEIGHTED<=2 
INFO: Combining process with g g > t t~ QED=0
  Decay: t > w+ b WEIGHTED<=2
    Decay: w+ > u d~ WEIGHTED<=2
  Decay: t~ > w- b~ WEIGHTED<=2
    Decay: w- > s u~ WEIGHTED<=2 
INFO: Combine g g > t t~ QED=0 with decays t~ > w- b~ WEIGHTED<=2
  Decay: w- > s u~ WEIGHTED<=2, t > w+ b WEIGHTED<=2
  Decay: w+ > c b~ WEIGHTED<=2 
INFO: Combine g g > t t~ QED=0 with decays t~ > w- b~ WEIGHTED<=2
  Decay: w- > s c~ WEIGHTED<=2, t > w+ b WEIGHTED<=2
  Decay: w+ > u d~ WEIGHTED<=2 
INFO: Combining process with g g > t t~ QED=0
  Decay: t > w+ b WEIGHTED<=2
    Decay: w+ > u d~ WEIGHTED<=2
  Decay: t~ > w- b~ WEIGHTED<=2
    Decay: w- > d u~ WEIGHTED<=2 
INFO: Combine g g > t t~ QED=0 with decays t~ > w- b~ WEIGHTED<=2
  Decay: w- > s c~ WEIGHTED<=2, t > w+ b WEIGHTED<=2
  Decay: w+ > u s~ WEIGHTED<=2 
INFO: Combining process with g g > t t~ QED=0
  Decay: t > w+ b WEIGHTED<=2
    Decay: w+ > u s~ WEIGHTED<=2
  Decay: t~ > w- b~ WEIGHTED<=2
    Decay: w- > d u~ WEIGHTED<=2 
INFO: Combine g g > t t~ QED=0 with decays t~ > w- b~ WEIGHTED<=2
  Decay: w- > s c~ WEIGHTED<=2, t > w+ b WEIGHTED<=2
  Decay: w+ > u b~ WEIGHTED<=2 
INFO: Combining process with g g > t t~ QED=0
  Decay: t > w+ b WEIGHTED<=2
    Decay: w+ > u b~ WEIGHTED<=2
  Decay: t~ > w- b~ WEIGHTED<=2
    Decay: w- > d u~ WEIGHTED<=2 
INFO: Combine g g > t t~ QED=0 with decays t~ > w- b~ WEIGHTED<=2
  Decay: w- > s c~ WEIGHTED<=2, t > w+ b WEIGHTED<=2
  Decay: w+ > c d~ WEIGHTED<=2 
INFO: Combining process with g g > t t~ QED=0
  Decay: t > w+ b WEIGHTED<=2
    Decay: w+ > c d~ WEIGHTED<=2
  Decay: t~ > w- b~ WEIGHTED<=2
    Decay: w- > d u~ WEIGHTED<=2 
INFO: Combine g g > t t~ QED=0 with decays t~ > w- b~ WEIGHTED<=2
  Decay: w- > s c~ WEIGHTED<=2, t > w+ b WEIGHTED<=2
  Decay: w+ > c s~ WEIGHTED<=2 
INFO: Combining process with g g > t t~ QED=0
  Decay: t > w+ b WEIGHTED<=2
    Decay: w+ > u d~ WEIGHTED<=2
  Decay: t~ > w- b~ WEIGHTED<=2
    Decay: w- > d u~ WEIGHTED<=2 
INFO: Combine g g > t t~ QED=0 with decays t~ > w- b~ WEIGHTED<=2
  Decay: w- > s c~ WEIGHTED<=2, t > w+ b WEIGHTED<=2
  Decay: w+ > c b~ WEIGHTED<=2 
INFO: Combining process with g g > t t~ QED=0
  Decay: t > w+ b WEIGHTED<=2
    Decay: w+ > c b~ WEIGHTED<=2
  Decay: t~ > w- b~ WEIGHTED<=2
    Decay: w- > d u~ WEIGHTED<=2 
INFO: Combine g g > t t~ QED=0 with decays t~ > w- b~ WEIGHTED<=2
  Decay: w- > b u~ WEIGHTED<=2, t > w+ b WEIGHTED<=2
  Decay: w+ > u d~ WEIGHTED<=2 
INFO: Combine g g > t t~ QED=0 with decays t~ > w- b~ WEIGHTED<=2
  Decay: w- > b u~ WEIGHTED<=2, t > w+ b WEIGHTED<=2
  Decay: w+ > u s~ WEIGHTED<=2 
INFO: Combine g g > t t~ QED=0 with decays t~ > w- b~ WEIGHTED<=2
  Decay: w- > b u~ WEIGHTED<=2, t > w+ b WEIGHTED<=2
  Decay: w+ > u b~ WEIGHTED<=2 
INFO: Combine g g > t t~ QED=0 with decays t~ > w- b~ WEIGHTED<=2
  Decay: w- > b u~ WEIGHTED<=2, t > w+ b WEIGHTED<=2
  Decay: w+ > c d~ WEIGHTED<=2 
INFO: Combine g g > t t~ QED=0 with decays t~ > w- b~ WEIGHTED<=2
  Decay: w- > b u~ WEIGHTED<=2, t > w+ b WEIGHTED<=2
  Decay: w+ > c s~ WEIGHTED<=2 
INFO: Combining process with g g > t t~ QED=0
  Decay: t > w+ b WEIGHTED<=2
    Decay: w+ > u d~ WEIGHTED<=2
  Decay: t~ > w- b~ WEIGHTED<=2
    Decay: w- > b u~ WEIGHTED<=2 
INFO: Combine g g > t t~ QED=0 with decays t~ > w- b~ WEIGHTED<=2
  Decay: w- > b u~ WEIGHTED<=2, t > w+ b WEIGHTED<=2
  Decay: w+ > c b~ WEIGHTED<=2 
INFO: Combine g g > t t~ QED=0 with decays t~ > w- b~ WEIGHTED<=2
  Decay: w- > b c~ WEIGHTED<=2, t > w+ b WEIGHTED<=2
  Decay: w+ > u d~ WEIGHTED<=2 
INFO: Combine g g > t t~ QED=0 with decays t~ > w- b~ WEIGHTED<=2
  Decay: w- > b c~ WEIGHTED<=2, t > w+ b WEIGHTED<=2
  Decay: w+ > u s~ WEIGHTED<=2 
INFO: Combine g g > t t~ QED=0 with decays t~ > w- b~ WEIGHTED<=2
  Decay: w- > b c~ WEIGHTED<=2, t > w+ b WEIGHTED<=2
  Decay: w+ > u b~ WEIGHTED<=2 
INFO: Combine g g > t t~ QED=0 with decays t~ > w- b~ WEIGHTED<=2
  Decay: w- > b c~ WEIGHTED<=2, t > w+ b WEIGHTED<=2
  Decay: w+ > c d~ WEIGHTED<=2 
INFO: Combine g g > t t~ QED=0 with decays t~ > w- b~ WEIGHTED<=2
  Decay: w- > b c~ WEIGHTED<=2, t > w+ b WEIGHTED<=2
  Decay: w+ > c s~ WEIGHTED<=2 
INFO: Combining process with g g > t t~ QED=0
  Decay: t > w+ b WEIGHTED<=2
    Decay: w+ > u d~ WEIGHTED<=2
  Decay: t~ > w- b~ WEIGHTED<=2
    Decay: w- > b c~ WEIGHTED<=2 
INFO: Combine g g > t t~ QED=0 with decays t~ > w- b~ WEIGHTED<=2
  Decay: w- > b c~ WEIGHTED<=2, t > w+ b WEIGHTED<=2
  Decay: w+ > c b~ WEIGHTED<=2 
INFO: Combine u u~ > t t~ QED=0 with decays t~ > w- b~ WEIGHTED<=2
  Decay: w- > d u~ WEIGHTED<=2, t > w+ b WEIGHTED<=2
  Decay: w+ > u d~ WEIGHTED<=2 
INFO: Combine u u~ > t t~ QED=0 with decays t~ > w- b~ WEIGHTED<=2
  Decay: w- > d u~ WEIGHTED<=2, t > w+ b WEIGHTED<=2
  Decay: w+ > u s~ WEIGHTED<=2 
INFO: Combine u u~ > t t~ QED=0 with decays t~ > w- b~ WEIGHTED<=2
  Decay: w- > d u~ WEIGHTED<=2, t > w+ b WEIGHTED<=2
  Decay: w+ > u b~ WEIGHTED<=2 
INFO: Combine u u~ > t t~ QED=0 with decays t~ > w- b~ WEIGHTED<=2
  Decay: w- > d u~ WEIGHTED<=2, t > w+ b WEIGHTED<=2
  Decay: w+ > c d~ WEIGHTED<=2 
INFO: Combine u u~ > t t~ QED=0 with decays t~ > w- b~ WEIGHTED<=2
  Decay: w- > d u~ WEIGHTED<=2, t > w+ b WEIGHTED<=2
  Decay: w+ > c s~ WEIGHTED<=2 
INFO: Combining process with u u~ > t t~ QED=0
  Decay: t > w+ b WEIGHTED<=2
    Decay: w+ > u d~ WEIGHTED<=2
  Decay: t~ > w- b~ WEIGHTED<=2
    Decay: w- > d u~ WEIGHTED<=2 
INFO: Combine u u~ > t t~ QED=0 with decays t~ > w- b~ WEIGHTED<=2
  Decay: w- > d u~ WEIGHTED<=2, t > w+ b WEIGHTED<=2
  Decay: w+ > c b~ WEIGHTED<=2 
INFO: Combine u u~ > t t~ QED=0 with decays t~ > w- b~ WEIGHTED<=2
  Decay: w- > d c~ WEIGHTED<=2, t > w+ b WEIGHTED<=2
  Decay: w+ > u d~ WEIGHTED<=2 
INFO: Combine u u~ > t t~ QED=0 with decays t~ > w- b~ WEIGHTED<=2
  Decay: w- > d c~ WEIGHTED<=2, t > w+ b WEIGHTED<=2
  Decay: w+ > u s~ WEIGHTED<=2 
INFO: Combine u u~ > t t~ QED=0 with decays t~ > w- b~ WEIGHTED<=2
  Decay: w- > d c~ WEIGHTED<=2, t > w+ b WEIGHTED<=2
  Decay: w+ > u b~ WEIGHTED<=2 
INFO: Combine u u~ > t t~ QED=0 with decays t~ > w- b~ WEIGHTED<=2
  Decay: w- > d c~ WEIGHTED<=2, t > w+ b WEIGHTED<=2
  Decay: w+ > c d~ WEIGHTED<=2 
INFO: Combine u u~ > t t~ QED=0 with decays t~ > w- b~ WEIGHTED<=2
  Decay: w- > d c~ WEIGHTED<=2, t > w+ b WEIGHTED<=2
  Decay: w+ > c s~ WEIGHTED<=2 
INFO: Combining process with u u~ > t t~ QED=0
  Decay: t > w+ b WEIGHTED<=2
    Decay: w+ > u d~ WEIGHTED<=2
  Decay: t~ > w- b~ WEIGHTED<=2
    Decay: w- > d c~ WEIGHTED<=2 
INFO: Combine u u~ > t t~ QED=0 with decays t~ > w- b~ WEIGHTED<=2
  Decay: w- > d c~ WEIGHTED<=2, t > w+ b WEIGHTED<=2
  Decay: w+ > c b~ WEIGHTED<=2 
INFO: Combine u u~ > t t~ QED=0 with decays t~ > w- b~ WEIGHTED<=2
  Decay: w- > s u~ WEIGHTED<=2, t > w+ b WEIGHTED<=2
  Decay: w+ > u d~ WEIGHTED<=2 
INFO: Combine u u~ > t t~ QED=0 with decays t~ > w- b~ WEIGHTED<=2
  Decay: w- > s u~ WEIGHTED<=2, t > w+ b WEIGHTED<=2
  Decay: w+ > u s~ WEIGHTED<=2 
INFO: Combine u u~ > t t~ QED=0 with decays t~ > w- b~ WEIGHTED<=2
  Decay: w- > s u~ WEIGHTED<=2, t > w+ b WEIGHTED<=2
  Decay: w+ > u b~ WEIGHTED<=2 
INFO: Combine u u~ > t t~ QED=0 with decays t~ > w- b~ WEIGHTED<=2
  Decay: w- > s u~ WEIGHTED<=2, t > w+ b WEIGHTED<=2
  Decay: w+ > c d~ WEIGHTED<=2 
INFO: Combine u u~ > t t~ QED=0 with decays t~ > w- b~ WEIGHTED<=2
  Decay: w- > s u~ WEIGHTED<=2, t > w+ b WEIGHTED<=2
  Decay: w+ > c s~ WEIGHTED<=2 
INFO: Combining process with u u~ > t t~ QED=0
  Decay: t > w+ b WEIGHTED<=2
    Decay: w+ > u d~ WEIGHTED<=2
  Decay: t~ > w- b~ WEIGHTED<=2
    Decay: w- > s u~ WEIGHTED<=2 
INFO: Combine u u~ > t t~ QED=0 with decays t~ > w- b~ WEIGHTED<=2
  Decay: w- > s u~ WEIGHTED<=2, t > w+ b WEIGHTED<=2
  Decay: w+ > c b~ WEIGHTED<=2 
INFO: Combine u u~ > t t~ QED=0 with decays t~ > w- b~ WEIGHTED<=2
  Decay: w- > s c~ WEIGHTED<=2, t > w+ b WEIGHTED<=2
  Decay: w+ > u d~ WEIGHTED<=2 
INFO: Combining process with u u~ > t t~ QED=0
  Decay: t > w+ b WEIGHTED<=2
    Decay: w+ > u d~ WEIGHTED<=2
  Decay: t~ > w- b~ WEIGHTED<=2
    Decay: w- > d u~ WEIGHTED<=2 
INFO: Combine u u~ > t t~ QED=0 with decays t~ > w- b~ WEIGHTED<=2
  Decay: w- > s c~ WEIGHTED<=2, t > w+ b WEIGHTED<=2
  Decay: w+ > u s~ WEIGHTED<=2 
INFO: Combining process with u u~ > t t~ QED=0
  Decay: t > w+ b WEIGHTED<=2
    Decay: w+ > u s~ WEIGHTED<=2
  Decay: t~ > w- b~ WEIGHTED<=2
    Decay: w- > d u~ WEIGHTED<=2 
INFO: Combine u u~ > t t~ QED=0 with decays t~ > w- b~ WEIGHTED<=2
  Decay: w- > s c~ WEIGHTED<=2, t > w+ b WEIGHTED<=2
  Decay: w+ > u b~ WEIGHTED<=2 
INFO: Combining process with u u~ > t t~ QED=0
  Decay: t > w+ b WEIGHTED<=2
    Decay: w+ > u b~ WEIGHTED<=2
  Decay: t~ > w- b~ WEIGHTED<=2
    Decay: w- > d u~ WEIGHTED<=2 
INFO: Combine u u~ > t t~ QED=0 with decays t~ > w- b~ WEIGHTED<=2
  Decay: w- > s c~ WEIGHTED<=2, t > w+ b WEIGHTED<=2
  Decay: w+ > c d~ WEIGHTED<=2 
INFO: Combining process with u u~ > t t~ QED=0
  Decay: t > w+ b WEIGHTED<=2
    Decay: w+ > c d~ WEIGHTED<=2
  Decay: t~ > w- b~ WEIGHTED<=2
    Decay: w- > d u~ WEIGHTED<=2 
INFO: Combine u u~ > t t~ QED=0 with decays t~ > w- b~ WEIGHTED<=2
  Decay: w- > s c~ WEIGHTED<=2, t > w+ b WEIGHTED<=2
  Decay: w+ > c s~ WEIGHTED<=2 
INFO: Combining process with u u~ > t t~ QED=0
  Decay: t > w+ b WEIGHTED<=2
    Decay: w+ > u d~ WEIGHTED<=2
  Decay: t~ > w- b~ WEIGHTED<=2
    Decay: w- > d u~ WEIGHTED<=2 
INFO: Combine u u~ > t t~ QED=0 with decays t~ > w- b~ WEIGHTED<=2
  Decay: w- > s c~ WEIGHTED<=2, t > w+ b WEIGHTED<=2
  Decay: w+ > c b~ WEIGHTED<=2 
INFO: Combining process with u u~ > t t~ QED=0
  Decay: t > w+ b WEIGHTED<=2
    Decay: w+ > c b~ WEIGHTED<=2
  Decay: t~ > w- b~ WEIGHTED<=2
    Decay: w- > d u~ WEIGHTED<=2 
INFO: Combine u u~ > t t~ QED=0 with decays t~ > w- b~ WEIGHTED<=2
  Decay: w- > b u~ WEIGHTED<=2, t > w+ b WEIGHTED<=2
  Decay: w+ > u d~ WEIGHTED<=2 
INFO: Combine u u~ > t t~ QED=0 with decays t~ > w- b~ WEIGHTED<=2
  Decay: w- > b u~ WEIGHTED<=2, t > w+ b WEIGHTED<=2
  Decay: w+ > u s~ WEIGHTED<=2 
INFO: Combine u u~ > t t~ QED=0 with decays t~ > w- b~ WEIGHTED<=2
  Decay: w- > b u~ WEIGHTED<=2, t > w+ b WEIGHTED<=2
  Decay: w+ > u b~ WEIGHTED<=2 
INFO: Combine u u~ > t t~ QED=0 with decays t~ > w- b~ WEIGHTED<=2
  Decay: w- > b u~ WEIGHTED<=2, t > w+ b WEIGHTED<=2
  Decay: w+ > c d~ WEIGHTED<=2 
INFO: Combine u u~ > t t~ QED=0 with decays t~ > w- b~ WEIGHTED<=2
  Decay: w- > b u~ WEIGHTED<=2, t > w+ b WEIGHTED<=2
  Decay: w+ > c s~ WEIGHTED<=2 
INFO: Combining process with u u~ > t t~ QED=0
  Decay: t > w+ b WEIGHTED<=2
    Decay: w+ > u d~ WEIGHTED<=2
  Decay: t~ > w- b~ WEIGHTED<=2
    Decay: w- > b u~ WEIGHTED<=2 
INFO: Combine u u~ > t t~ QED=0 with decays t~ > w- b~ WEIGHTED<=2
  Decay: w- > b u~ WEIGHTED<=2, t > w+ b WEIGHTED<=2
  Decay: w+ > c b~ WEIGHTED<=2 
INFO: Combine u u~ > t t~ QED=0 with decays t~ > w- b~ WEIGHTED<=2
  Decay: w- > b c~ WEIGHTED<=2, t > w+ b WEIGHTED<=2
  Decay: w+ > u d~ WEIGHTED<=2 
INFO: Combine u u~ > t t~ QED=0 with decays t~ > w- b~ WEIGHTED<=2
  Decay: w- > b c~ WEIGHTED<=2, t > w+ b WEIGHTED<=2
  Decay: w+ > u s~ WEIGHTED<=2 
INFO: Combine u u~ > t t~ QED=0 with decays t~ > w- b~ WEIGHTED<=2
  Decay: w- > b c~ WEIGHTED<=2, t > w+ b WEIGHTED<=2
  Decay: w+ > u b~ WEIGHTED<=2 
INFO: Combine u u~ > t t~ QED=0 with decays t~ > w- b~ WEIGHTED<=2
  Decay: w- > b c~ WEIGHTED<=2, t > w+ b WEIGHTED<=2
  Decay: w+ > c d~ WEIGHTED<=2 
INFO: Combine u u~ > t t~ QED=0 with decays t~ > w- b~ WEIGHTED<=2
  Decay: w- > b c~ WEIGHTED<=2, t > w+ b WEIGHTED<=2
  Decay: w+ > c s~ WEIGHTED<=2 
INFO: Combining process with u u~ > t t~ QED=0
  Decay: t > w+ b WEIGHTED<=2
    Decay: w+ > u d~ WEIGHTED<=2
  Decay: t~ > w- b~ WEIGHTED<=2
    Decay: w- > b c~ WEIGHTED<=2 
INFO: Combine u u~ > t t~ QED=0 with decays t~ > w- b~ WEIGHTED<=2
  Decay: w- > b c~ WEIGHTED<=2, t > w+ b WEIGHTED<=2
  Decay: w+ > c b~ WEIGHTED<=2 
INFO: Processing color information for process: g g > t t~ QED=0
  Decay: t > w+ b WEIGHTED<=2
    Decay: w+ > u d~ WEIGHTED<=2
  Decay: t~ > w- b~ WEIGHTED<=2
    Decay: w- > d u~ WEIGHTED<=2 
INFO: Reusing existing color information for process: g g > t t~ QED=0
  Decay: t > w+ b WEIGHTED<=2
    Decay: w+ > u s~ WEIGHTED<=2
  Decay: t~ > w- b~ WEIGHTED<=2
    Decay: w- > d u~ WEIGHTED<=2 
INFO: Reusing existing color information for process: g g > t t~ QED=0
  Decay: t > w+ b WEIGHTED<=2
    Decay: w+ > u b~ WEIGHTED<=2
  Decay: t~ > w- b~ WEIGHTED<=2
    Decay: w- > d u~ WEIGHTED<=2 
INFO: Reusing existing color information for process: g g > t t~ QED=0
  Decay: t > w+ b WEIGHTED<=2
    Decay: w+ > c d~ WEIGHTED<=2
  Decay: t~ > w- b~ WEIGHTED<=2
    Decay: w- > d u~ WEIGHTED<=2 
INFO: Reusing existing color information for process: g g > t t~ QED=0
  Decay: t > w+ b WEIGHTED<=2
    Decay: w+ > c b~ WEIGHTED<=2
  Decay: t~ > w- b~ WEIGHTED<=2
    Decay: w- > d u~ WEIGHTED<=2 
INFO: Reusing existing color information for process: g g > t t~ QED=0
  Decay: t > w+ b WEIGHTED<=2
    Decay: w+ > u d~ WEIGHTED<=2
  Decay: t~ > w- b~ WEIGHTED<=2
    Decay: w- > d c~ WEIGHTED<=2 
INFO: Reusing existing color information for process: g g > t t~ QED=0
  Decay: t > w+ b WEIGHTED<=2
    Decay: w+ > u s~ WEIGHTED<=2
  Decay: t~ > w- b~ WEIGHTED<=2
    Decay: w- > d c~ WEIGHTED<=2 
INFO: Reusing existing color information for process: g g > t t~ QED=0
  Decay: t > w+ b WEIGHTED<=2
    Decay: w+ > u b~ WEIGHTED<=2
  Decay: t~ > w- b~ WEIGHTED<=2
    Decay: w- > d c~ WEIGHTED<=2 
INFO: Reusing existing color information for process: g g > t t~ QED=0
  Decay: t > w+ b WEIGHTED<=2
    Decay: w+ > c d~ WEIGHTED<=2
  Decay: t~ > w- b~ WEIGHTED<=2
    Decay: w- > d c~ WEIGHTED<=2 
INFO: Reusing existing color information for process: g g > t t~ QED=0
  Decay: t > w+ b WEIGHTED<=2
    Decay: w+ > c b~ WEIGHTED<=2
  Decay: t~ > w- b~ WEIGHTED<=2
    Decay: w- > d c~ WEIGHTED<=2 
INFO: Reusing existing color information for process: g g > t t~ QED=0
  Decay: t > w+ b WEIGHTED<=2
    Decay: w+ > u d~ WEIGHTED<=2
  Decay: t~ > w- b~ WEIGHTED<=2
    Decay: w- > s u~ WEIGHTED<=2 
INFO: Reusing existing color information for process: g g > t t~ QED=0
  Decay: t > w+ b WEIGHTED<=2
    Decay: w+ > u s~ WEIGHTED<=2
  Decay: t~ > w- b~ WEIGHTED<=2
    Decay: w- > s u~ WEIGHTED<=2 
INFO: Reusing existing color information for process: g g > t t~ QED=0
  Decay: t > w+ b WEIGHTED<=2
    Decay: w+ > u b~ WEIGHTED<=2
  Decay: t~ > w- b~ WEIGHTED<=2
    Decay: w- > s u~ WEIGHTED<=2 
INFO: Reusing existing color information for process: g g > t t~ QED=0
  Decay: t > w+ b WEIGHTED<=2
    Decay: w+ > c d~ WEIGHTED<=2
  Decay: t~ > w- b~ WEIGHTED<=2
    Decay: w- > s u~ WEIGHTED<=2 
INFO: Reusing existing color information for process: g g > t t~ QED=0
  Decay: t > w+ b WEIGHTED<=2
    Decay: w+ > c b~ WEIGHTED<=2
  Decay: t~ > w- b~ WEIGHTED<=2
    Decay: w- > s u~ WEIGHTED<=2 
INFO: Reusing existing color information for process: g g > t t~ QED=0
  Decay: t > w+ b WEIGHTED<=2
    Decay: w+ > u d~ WEIGHTED<=2
  Decay: t~ > w- b~ WEIGHTED<=2
    Decay: w- > b u~ WEIGHTED<=2 
INFO: Reusing existing color information for process: g g > t t~ QED=0
  Decay: t > w+ b WEIGHTED<=2
    Decay: w+ > u s~ WEIGHTED<=2
  Decay: t~ > w- b~ WEIGHTED<=2
    Decay: w- > b u~ WEIGHTED<=2 
INFO: Reusing existing color information for process: g g > t t~ QED=0
  Decay: t > w+ b WEIGHTED<=2
    Decay: w+ > u b~ WEIGHTED<=2
  Decay: t~ > w- b~ WEIGHTED<=2
    Decay: w- > b u~ WEIGHTED<=2 
INFO: Reusing existing color information for process: g g > t t~ QED=0
  Decay: t > w+ b WEIGHTED<=2
    Decay: w+ > c d~ WEIGHTED<=2
  Decay: t~ > w- b~ WEIGHTED<=2
    Decay: w- > b u~ WEIGHTED<=2 
INFO: Reusing existing color information for process: g g > t t~ QED=0
  Decay: t > w+ b WEIGHTED<=2
    Decay: w+ > c b~ WEIGHTED<=2
  Decay: t~ > w- b~ WEIGHTED<=2
    Decay: w- > b u~ WEIGHTED<=2 
INFO: Reusing existing color information for process: g g > t t~ QED=0
  Decay: t > w+ b WEIGHTED<=2
    Decay: w+ > u d~ WEIGHTED<=2
  Decay: t~ > w- b~ WEIGHTED<=2
    Decay: w- > b c~ WEIGHTED<=2 
INFO: Reusing existing color information for process: g g > t t~ QED=0
  Decay: t > w+ b WEIGHTED<=2
    Decay: w+ > u s~ WEIGHTED<=2
  Decay: t~ > w- b~ WEIGHTED<=2
    Decay: w- > b c~ WEIGHTED<=2 
INFO: Reusing existing color information for process: g g > t t~ QED=0
  Decay: t > w+ b WEIGHTED<=2
    Decay: w+ > u b~ WEIGHTED<=2
  Decay: t~ > w- b~ WEIGHTED<=2
    Decay: w- > b c~ WEIGHTED<=2 
INFO: Reusing existing color information for process: g g > t t~ QED=0
  Decay: t > w+ b WEIGHTED<=2
    Decay: w+ > c d~ WEIGHTED<=2
  Decay: t~ > w- b~ WEIGHTED<=2
    Decay: w- > b c~ WEIGHTED<=2 
INFO: Reusing existing color information for process: g g > t t~ QED=0
  Decay: t > w+ b WEIGHTED<=2
    Decay: w+ > c b~ WEIGHTED<=2
  Decay: t~ > w- b~ WEIGHTED<=2
    Decay: w- > b c~ WEIGHTED<=2 
INFO: Processing color information for process: u u~ > t t~ QED=0
  Decay: t > w+ b WEIGHTED<=2
    Decay: w+ > u d~ WEIGHTED<=2
  Decay: t~ > w- b~ WEIGHTED<=2
    Decay: w- > d u~ WEIGHTED<=2 
INFO: Reusing existing color information for process: u u~ > t t~ QED=0
  Decay: t > w+ b WEIGHTED<=2
    Decay: w+ > u s~ WEIGHTED<=2
  Decay: t~ > w- b~ WEIGHTED<=2
    Decay: w- > d u~ WEIGHTED<=2 
INFO: Reusing existing color information for process: u u~ > t t~ QED=0
  Decay: t > w+ b WEIGHTED<=2
    Decay: w+ > u b~ WEIGHTED<=2
  Decay: t~ > w- b~ WEIGHTED<=2
    Decay: w- > d u~ WEIGHTED<=2 
INFO: Reusing existing color information for process: u u~ > t t~ QED=0
  Decay: t > w+ b WEIGHTED<=2
    Decay: w+ > c d~ WEIGHTED<=2
  Decay: t~ > w- b~ WEIGHTED<=2
    Decay: w- > d u~ WEIGHTED<=2 
INFO: Reusing existing color information for process: u u~ > t t~ QED=0
  Decay: t > w+ b WEIGHTED<=2
    Decay: w+ > c b~ WEIGHTED<=2
  Decay: t~ > w- b~ WEIGHTED<=2
    Decay: w- > d u~ WEIGHTED<=2 
INFO: Reusing existing color information for process: u u~ > t t~ QED=0
  Decay: t > w+ b WEIGHTED<=2
    Decay: w+ > u d~ WEIGHTED<=2
  Decay: t~ > w- b~ WEIGHTED<=2
    Decay: w- > d c~ WEIGHTED<=2 
INFO: Reusing existing color information for process: u u~ > t t~ QED=0
  Decay: t > w+ b WEIGHTED<=2
    Decay: w+ > u s~ WEIGHTED<=2
  Decay: t~ > w- b~ WEIGHTED<=2
    Decay: w- > d c~ WEIGHTED<=2 
INFO: Reusing existing color information for process: u u~ > t t~ QED=0
  Decay: t > w+ b WEIGHTED<=2
    Decay: w+ > u b~ WEIGHTED<=2
  Decay: t~ > w- b~ WEIGHTED<=2
    Decay: w- > d c~ WEIGHTED<=2 
INFO: Reusing existing color information for process: u u~ > t t~ QED=0
  Decay: t > w+ b WEIGHTED<=2
    Decay: w+ > c d~ WEIGHTED<=2
  Decay: t~ > w- b~ WEIGHTED<=2
    Decay: w- > d c~ WEIGHTED<=2 
INFO: Reusing existing color information for process: u u~ > t t~ QED=0
  Decay: t > w+ b WEIGHTED<=2
    Decay: w+ > c b~ WEIGHTED<=2
  Decay: t~ > w- b~ WEIGHTED<=2
    Decay: w- > d c~ WEIGHTED<=2 
INFO: Reusing existing color information for process: u u~ > t t~ QED=0
  Decay: t > w+ b WEIGHTED<=2
    Decay: w+ > u d~ WEIGHTED<=2
  Decay: t~ > w- b~ WEIGHTED<=2
    Decay: w- > s u~ WEIGHTED<=2 
INFO: Reusing existing color information for process: u u~ > t t~ QED=0
  Decay: t > w+ b WEIGHTED<=2
    Decay: w+ > u s~ WEIGHTED<=2
  Decay: t~ > w- b~ WEIGHTED<=2
    Decay: w- > s u~ WEIGHTED<=2 
INFO: Reusing existing color information for process: u u~ > t t~ QED=0
  Decay: t > w+ b WEIGHTED<=2
    Decay: w+ > u b~ WEIGHTED<=2
  Decay: t~ > w- b~ WEIGHTED<=2
    Decay: w- > s u~ WEIGHTED<=2 
INFO: Reusing existing color information for process: u u~ > t t~ QED=0
  Decay: t > w+ b WEIGHTED<=2
    Decay: w+ > c d~ WEIGHTED<=2
  Decay: t~ > w- b~ WEIGHTED<=2
    Decay: w- > s u~ WEIGHTED<=2 
INFO: Reusing existing color information for process: u u~ > t t~ QED=0
  Decay: t > w+ b WEIGHTED<=2
    Decay: w+ > c b~ WEIGHTED<=2
  Decay: t~ > w- b~ WEIGHTED<=2
    Decay: w- > s u~ WEIGHTED<=2 
INFO: Reusing existing color information for process: u u~ > t t~ QED=0
  Decay: t > w+ b WEIGHTED<=2
    Decay: w+ > u d~ WEIGHTED<=2
  Decay: t~ > w- b~ WEIGHTED<=2
    Decay: w- > b u~ WEIGHTED<=2 
INFO: Reusing existing color information for process: u u~ > t t~ QED=0
  Decay: t > w+ b WEIGHTED<=2
    Decay: w+ > u s~ WEIGHTED<=2
  Decay: t~ > w- b~ WEIGHTED<=2
    Decay: w- > b u~ WEIGHTED<=2 
INFO: Reusing existing color information for process: u u~ > t t~ QED=0
  Decay: t > w+ b WEIGHTED<=2
    Decay: w+ > u b~ WEIGHTED<=2
  Decay: t~ > w- b~ WEIGHTED<=2
    Decay: w- > b u~ WEIGHTED<=2 
INFO: Reusing existing color information for process: u u~ > t t~ QED=0
  Decay: t > w+ b WEIGHTED<=2
    Decay: w+ > c d~ WEIGHTED<=2
  Decay: t~ > w- b~ WEIGHTED<=2
    Decay: w- > b u~ WEIGHTED<=2 
INFO: Reusing existing color information for process: u u~ > t t~ QED=0
  Decay: t > w+ b WEIGHTED<=2
    Decay: w+ > c b~ WEIGHTED<=2
  Decay: t~ > w- b~ WEIGHTED<=2
    Decay: w- > b u~ WEIGHTED<=2 
INFO: Reusing existing color information for process: u u~ > t t~ QED=0
  Decay: t > w+ b WEIGHTED<=2
    Decay: w+ > u d~ WEIGHTED<=2
  Decay: t~ > w- b~ WEIGHTED<=2
    Decay: w- > b c~ WEIGHTED<=2 
INFO: Reusing existing color information for process: u u~ > t t~ QED=0
  Decay: t > w+ b WEIGHTED<=2
    Decay: w+ > u s~ WEIGHTED<=2
  Decay: t~ > w- b~ WEIGHTED<=2
    Decay: w- > b c~ WEIGHTED<=2 
INFO: Reusing existing color information for process: u u~ > t t~ QED=0
  Decay: t > w+ b WEIGHTED<=2
    Decay: w+ > u b~ WEIGHTED<=2
  Decay: t~ > w- b~ WEIGHTED<=2
    Decay: w- > b c~ WEIGHTED<=2 
INFO: Reusing existing color information for process: u u~ > t t~ QED=0
  Decay: t > w+ b WEIGHTED<=2
    Decay: w+ > c d~ WEIGHTED<=2
  Decay: t~ > w- b~ WEIGHTED<=2
    Decay: w- > b c~ WEIGHTED<=2 
INFO: Reusing existing color information for process: u u~ > t t~ QED=0
  Decay: t > w+ b WEIGHTED<=2
    Decay: w+ > c b~ WEIGHTED<=2
  Decay: t~ > w- b~ WEIGHTED<=2
    Decay: w- > b c~ WEIGHTED<=2 
INFO: Creating files in directory P2_gg_ttxgg_t_wpq_wp_qq_tx_wmq_wm_qq 
[1mINFO: Some T-channel width have been set to zero [new since 2.8.0]
 if you want to keep this width please set "zerowidth_tchannel" to False [0m
INFO: Generating Feynman diagrams for Process: g g > t t~ g g QED=0 @2
  Decay: t > w+ b WEIGHTED<=2
    Decay: w+ > u d~ WEIGHTED<=2
  Decay: t~ > w- b~ WEIGHTED<=2
    Decay: w- > d u~ WEIGHTED<=2 
INFO: Generating Feynman diagrams for Process: g g > t t~ g g QED=0 @2
  Decay: t > w+ b WEIGHTED<=2
    Decay: w+ > u s~ WEIGHTED<=2
  Decay: t~ > w- b~ WEIGHTED<=2
    Decay: w- > d u~ WEIGHTED<=2 
INFO: Generating Feynman diagrams for Process: g g > t t~ g g QED=0 @2
  Decay: t > w+ b WEIGHTED<=2
    Decay: w+ > u b~ WEIGHTED<=2
  Decay: t~ > w- b~ WEIGHTED<=2
    Decay: w- > d u~ WEIGHTED<=2 
INFO: Generating Feynman diagrams for Process: g g > t t~ g g QED=0 @2
  Decay: t > w+ b WEIGHTED<=2
    Decay: w+ > c d~ WEIGHTED<=2
  Decay: t~ > w- b~ WEIGHTED<=2
    Decay: w- > d u~ WEIGHTED<=2 
INFO: Generating Feynman diagrams for Process: g g > t t~ g g QED=0 @2
  Decay: t > w+ b WEIGHTED<=2
    Decay: w+ > c b~ WEIGHTED<=2
  Decay: t~ > w- b~ WEIGHTED<=2
    Decay: w- > d u~ WEIGHTED<=2 
INFO: Generating Feynman diagrams for Process: g g > t t~ g g QED=0 @2
  Decay: t > w+ b WEIGHTED<=2
    Decay: w+ > u d~ WEIGHTED<=2
  Decay: t~ > w- b~ WEIGHTED<=2
    Decay: w- > d c~ WEIGHTED<=2 
INFO: Generating Feynman diagrams for Process: g g > t t~ g g QED=0 @2
  Decay: t > w+ b WEIGHTED<=2
    Decay: w+ > u s~ WEIGHTED<=2
  Decay: t~ > w- b~ WEIGHTED<=2
    Decay: w- > d c~ WEIGHTED<=2 
INFO: Generating Feynman diagrams for Process: g g > t t~ g g QED=0 @2
  Decay: t > w+ b WEIGHTED<=2
    Decay: w+ > u b~ WEIGHTED<=2
  Decay: t~ > w- b~ WEIGHTED<=2
    Decay: w- > d c~ WEIGHTED<=2 
INFO: Generating Feynman diagrams for Process: g g > t t~ g g QED=0 @2
  Decay: t > w+ b WEIGHTED<=2
    Decay: w+ > c d~ WEIGHTED<=2
  Decay: t~ > w- b~ WEIGHTED<=2
    Decay: w- > d c~ WEIGHTED<=2 
INFO: Generating Feynman diagrams for Process: g g > t t~ g g QED=0 @2
  Decay: t > w+ b WEIGHTED<=2
    Decay: w+ > c b~ WEIGHTED<=2
  Decay: t~ > w- b~ WEIGHTED<=2
    Decay: w- > d c~ WEIGHTED<=2 
INFO: Generating Feynman diagrams for Process: g g > t t~ g g QED=0 @2
  Decay: t > w+ b WEIGHTED<=2
    Decay: w+ > u d~ WEIGHTED<=2
  Decay: t~ > w- b~ WEIGHTED<=2
    Decay: w- > s u~ WEIGHTED<=2 
INFO: Generating Feynman diagrams for Process: g g > t t~ g g QED=0 @2
  Decay: t > w+ b WEIGHTED<=2
    Decay: w+ > u s~ WEIGHTED<=2
  Decay: t~ > w- b~ WEIGHTED<=2
    Decay: w- > s u~ WEIGHTED<=2 
INFO: Generating Feynman diagrams for Process: g g > t t~ g g QED=0 @2
  Decay: t > w+ b WEIGHTED<=2
    Decay: w+ > u b~ WEIGHTED<=2
  Decay: t~ > w- b~ WEIGHTED<=2
    Decay: w- > s u~ WEIGHTED<=2 
INFO: Generating Feynman diagrams for Process: g g > t t~ g g QED=0 @2
  Decay: t > w+ b WEIGHTED<=2
    Decay: w+ > c d~ WEIGHTED<=2
  Decay: t~ > w- b~ WEIGHTED<=2
    Decay: w- > s u~ WEIGHTED<=2 
INFO: Generating Feynman diagrams for Process: g g > t t~ g g QED=0 @2
  Decay: t > w+ b WEIGHTED<=2
    Decay: w+ > c b~ WEIGHTED<=2
  Decay: t~ > w- b~ WEIGHTED<=2
    Decay: w- > s u~ WEIGHTED<=2 
INFO: Generating Feynman diagrams for Process: g g > t t~ g g QED=0 @2
  Decay: t > w+ b WEIGHTED<=2
    Decay: w+ > u d~ WEIGHTED<=2
  Decay: t~ > w- b~ WEIGHTED<=2
    Decay: w- > b u~ WEIGHTED<=2 
INFO: Generating Feynman diagrams for Process: g g > t t~ g g QED=0 @2
  Decay: t > w+ b WEIGHTED<=2
    Decay: w+ > u s~ WEIGHTED<=2
  Decay: t~ > w- b~ WEIGHTED<=2
    Decay: w- > b u~ WEIGHTED<=2 
INFO: Generating Feynman diagrams for Process: g g > t t~ g g QED=0 @2
  Decay: t > w+ b WEIGHTED<=2
    Decay: w+ > u b~ WEIGHTED<=2
  Decay: t~ > w- b~ WEIGHTED<=2
    Decay: w- > b u~ WEIGHTED<=2 
INFO: Generating Feynman diagrams for Process: g g > t t~ g g QED=0 @2
  Decay: t > w+ b WEIGHTED<=2
    Decay: w+ > c d~ WEIGHTED<=2
  Decay: t~ > w- b~ WEIGHTED<=2
    Decay: w- > b u~ WEIGHTED<=2 
INFO: Generating Feynman diagrams for Process: g g > t t~ g g QED=0 @2
  Decay: t > w+ b WEIGHTED<=2
    Decay: w+ > c b~ WEIGHTED<=2
  Decay: t~ > w- b~ WEIGHTED<=2
    Decay: w- > b u~ WEIGHTED<=2 
INFO: Generating Feynman diagrams for Process: g g > t t~ g g QED=0 @2
  Decay: t > w+ b WEIGHTED<=2
    Decay: w+ > u d~ WEIGHTED<=2
  Decay: t~ > w- b~ WEIGHTED<=2
    Decay: w- > b c~ WEIGHTED<=2 
INFO: Generating Feynman diagrams for Process: g g > t t~ g g QED=0 @2
  Decay: t > w+ b WEIGHTED<=2
    Decay: w+ > u s~ WEIGHTED<=2
  Decay: t~ > w- b~ WEIGHTED<=2
    Decay: w- > b c~ WEIGHTED<=2 
INFO: Generating Feynman diagrams for Process: g g > t t~ g g QED=0 @2
  Decay: t > w+ b WEIGHTED<=2
    Decay: w+ > u b~ WEIGHTED<=2
  Decay: t~ > w- b~ WEIGHTED<=2
    Decay: w- > b c~ WEIGHTED<=2 
INFO: Generating Feynman diagrams for Process: g g > t t~ g g QED=0 @2
  Decay: t > w+ b WEIGHTED<=2
    Decay: w+ > c d~ WEIGHTED<=2
  Decay: t~ > w- b~ WEIGHTED<=2
    Decay: w- > b c~ WEIGHTED<=2 
INFO: Generating Feynman diagrams for Process: g g > t t~ g g QED=0 @2
  Decay: t > w+ b WEIGHTED<=2
    Decay: w+ > c b~ WEIGHTED<=2
  Decay: t~ > w- b~ WEIGHTED<=2
    Decay: w- > b c~ WEIGHTED<=2 
INFO: Finding symmetric diagrams for subprocess group gg_ttxgg_t_wpq_wp_qq_tx_wmq_wm_qq 
INFO: Creating files in directory P2_gg_ttxqq_t_wpq_wp_qq_tx_wmq_wm_qq 
INFO: Generating Feynman diagrams for Process: g g > t t~ u u~ QED=0 @2
  Decay: t > w+ b WEIGHTED<=2
    Decay: w+ > u d~ WEIGHTED<=2
  Decay: t~ > w- b~ WEIGHTED<=2
    Decay: w- > d u~ WEIGHTED<=2 
INFO: Generating Feynman diagrams for Process: g g > t t~ u u~ QED=0 @2
  Decay: t > w+ b WEIGHTED<=2
    Decay: w+ > u s~ WEIGHTED<=2
  Decay: t~ > w- b~ WEIGHTED<=2
    Decay: w- > d u~ WEIGHTED<=2 
INFO: Generating Feynman diagrams for Process: g g > t t~ u u~ QED=0 @2
  Decay: t > w+ b WEIGHTED<=2
    Decay: w+ > u b~ WEIGHTED<=2
  Decay: t~ > w- b~ WEIGHTED<=2
    Decay: w- > d u~ WEIGHTED<=2 
INFO: Generating Feynman diagrams for Process: g g > t t~ u u~ QED=0 @2
  Decay: t > w+ b WEIGHTED<=2
    Decay: w+ > c d~ WEIGHTED<=2
  Decay: t~ > w- b~ WEIGHTED<=2
    Decay: w- > d u~ WEIGHTED<=2 
INFO: Generating Feynman diagrams for Process: g g > t t~ u u~ QED=0 @2
  Decay: t > w+ b WEIGHTED<=2
    Decay: w+ > c s~ WEIGHTED<=2
  Decay: t~ > w- b~ WEIGHTED<=2
    Decay: w- > d u~ WEIGHTED<=2 
INFO: Generating Feynman diagrams for Process: g g > t t~ u u~ QED=0 @2
  Decay: t > w+ b WEIGHTED<=2
    Decay: w+ > c b~ WEIGHTED<=2
  Decay: t~ > w- b~ WEIGHTED<=2
    Decay: w- > d u~ WEIGHTED<=2 
INFO: Generating Feynman diagrams for Process: g g > t t~ u u~ QED=0 @2
  Decay: t > w+ b WEIGHTED<=2
    Decay: w+ > u d~ WEIGHTED<=2
  Decay: t~ > w- b~ WEIGHTED<=2
    Decay: w- > d c~ WEIGHTED<=2 
INFO: Generating Feynman diagrams for Process: g g > t t~ u u~ QED=0 @2
  Decay: t > w+ b WEIGHTED<=2
    Decay: w+ > u s~ WEIGHTED<=2
  Decay: t~ > w- b~ WEIGHTED<=2
    Decay: w- > d c~ WEIGHTED<=2 
INFO: Generating Feynman diagrams for Process: g g > t t~ u u~ QED=0 @2
  Decay: t > w+ b WEIGHTED<=2
    Decay: w+ > u b~ WEIGHTED<=2
  Decay: t~ > w- b~ WEIGHTED<=2
    Decay: w- > d c~ WEIGHTED<=2 
INFO: Generating Feynman diagrams for Process: g g > t t~ u u~ QED=0 @2
  Decay: t > w+ b WEIGHTED<=2
    Decay: w+ > c d~ WEIGHTED<=2
  Decay: t~ > w- b~ WEIGHTED<=2
    Decay: w- > d c~ WEIGHTED<=2 
INFO: Generating Feynman diagrams for Process: g g > t t~ u u~ QED=0 @2
  Decay: t > w+ b WEIGHTED<=2
    Decay: w+ > c s~ WEIGHTED<=2
  Decay: t~ > w- b~ WEIGHTED<=2
    Decay: w- > d c~ WEIGHTED<=2 
INFO: Generating Feynman diagrams for Process: g g > t t~ u u~ QED=0 @2
  Decay: t > w+ b WEIGHTED<=2
    Decay: w+ > c b~ WEIGHTED<=2
  Decay: t~ > w- b~ WEIGHTED<=2
    Decay: w- > d c~ WEIGHTED<=2 
INFO: Generating Feynman diagrams for Process: g g > t t~ u u~ QED=0 @2
  Decay: t > w+ b WEIGHTED<=2
    Decay: w+ > u d~ WEIGHTED<=2
  Decay: t~ > w- b~ WEIGHTED<=2
    Decay: w- > s u~ WEIGHTED<=2 
INFO: Generating Feynman diagrams for Process: g g > t t~ u u~ QED=0 @2
  Decay: t > w+ b WEIGHTED<=2
    Decay: w+ > u s~ WEIGHTED<=2
  Decay: t~ > w- b~ WEIGHTED<=2
    Decay: w- > s u~ WEIGHTED<=2 
INFO: Generating Feynman diagrams for Process: g g > t t~ u u~ QED=0 @2
  Decay: t > w+ b WEIGHTED<=2
    Decay: w+ > u b~ WEIGHTED<=2
  Decay: t~ > w- b~ WEIGHTED<=2
    Decay: w- > s u~ WEIGHTED<=2 
INFO: Generating Feynman diagrams for Process: g g > t t~ u u~ QED=0 @2
  Decay: t > w+ b WEIGHTED<=2
    Decay: w+ > c d~ WEIGHTED<=2
  Decay: t~ > w- b~ WEIGHTED<=2
    Decay: w- > s u~ WEIGHTED<=2 
INFO: Generating Feynman diagrams for Process: g g > t t~ u u~ QED=0 @2
  Decay: t > w+ b WEIGHTED<=2
    Decay: w+ > c s~ WEIGHTED<=2
  Decay: t~ > w- b~ WEIGHTED<=2
    Decay: w- > s u~ WEIGHTED<=2 
INFO: Generating Feynman diagrams for Process: g g > t t~ u u~ QED=0 @2
  Decay: t > w+ b WEIGHTED<=2
    Decay: w+ > c b~ WEIGHTED<=2
  Decay: t~ > w- b~ WEIGHTED<=2
    Decay: w- > s u~ WEIGHTED<=2 
INFO: Generating Feynman diagrams for Process: g g > t t~ u u~ QED=0 @2
  Decay: t > w+ b WEIGHTED<=2
    Decay: w+ > u d~ WEIGHTED<=2
  Decay: t~ > w- b~ WEIGHTED<=2
    Decay: w- > s c~ WEIGHTED<=2 
INFO: Generating Feynman diagrams for Process: g g > t t~ u u~ QED=0 @2
  Decay: t > w+ b WEIGHTED<=2
    Decay: w+ > u s~ WEIGHTED<=2
  Decay: t~ > w- b~ WEIGHTED<=2
    Decay: w- > s c~ WEIGHTED<=2 
INFO: Generating Feynman diagrams for Process: g g > t t~ u u~ QED=0 @2
  Decay: t > w+ b WEIGHTED<=2
    Decay: w+ > u b~ WEIGHTED<=2
  Decay: t~ > w- b~ WEIGHTED<=2
    Decay: w- > s c~ WEIGHTED<=2 
INFO: Generating Feynman diagrams for Process: g g > t t~ u u~ QED=0 @2
  Decay: t > w+ b WEIGHTED<=2
    Decay: w+ > c d~ WEIGHTED<=2
  Decay: t~ > w- b~ WEIGHTED<=2
    Decay: w- > s c~ WEIGHTED<=2 
INFO: Generating Feynman diagrams for Process: g g > t t~ u u~ QED=0 @2
  Decay: t > w+ b WEIGHTED<=2
    Decay: w+ > c s~ WEIGHTED<=2
  Decay: t~ > w- b~ WEIGHTED<=2
    Decay: w- > s c~ WEIGHTED<=2 
INFO: Generating Feynman diagrams for Process: g g > t t~ u u~ QED=0 @2
  Decay: t > w+ b WEIGHTED<=2
    Decay: w+ > c b~ WEIGHTED<=2
  Decay: t~ > w- b~ WEIGHTED<=2
    Decay: w- > s c~ WEIGHTED<=2 
INFO: Generating Feynman diagrams for Process: g g > t t~ u u~ QED=0 @2
  Decay: t > w+ b WEIGHTED<=2
    Decay: w+ > u d~ WEIGHTED<=2
  Decay: t~ > w- b~ WEIGHTED<=2
    Decay: w- > b u~ WEIGHTED<=2 
INFO: Generating Feynman diagrams for Process: g g > t t~ u u~ QED=0 @2
  Decay: t > w+ b WEIGHTED<=2
    Decay: w+ > u s~ WEIGHTED<=2
  Decay: t~ > w- b~ WEIGHTED<=2
    Decay: w- > b u~ WEIGHTED<=2 
INFO: Generating Feynman diagrams for Process: g g > t t~ u u~ QED=0 @2
  Decay: t > w+ b WEIGHTED<=2
    Decay: w+ > u b~ WEIGHTED<=2
  Decay: t~ > w- b~ WEIGHTED<=2
    Decay: w- > b u~ WEIGHTED<=2 
INFO: Generating Feynman diagrams for Process: g g > t t~ u u~ QED=0 @2
  Decay: t > w+ b WEIGHTED<=2
    Decay: w+ > c d~ WEIGHTED<=2
  Decay: t~ > w- b~ WEIGHTED<=2
    Decay: w- > b u~ WEIGHTED<=2 
INFO: Generating Feynman diagrams for Process: g g > t t~ u u~ QED=0 @2
  Decay: t > w+ b WEIGHTED<=2
    Decay: w+ > c s~ WEIGHTED<=2
  Decay: t~ > w- b~ WEIGHTED<=2
    Decay: w- > b u~ WEIGHTED<=2 
INFO: Generating Feynman diagrams for Process: g g > t t~ u u~ QED=0 @2
  Decay: t > w+ b WEIGHTED<=2
    Decay: w+ > c b~ WEIGHTED<=2
  Decay: t~ > w- b~ WEIGHTED<=2
    Decay: w- > b u~ WEIGHTED<=2 
INFO: Generating Feynman diagrams for Process: g g > t t~ u u~ QED=0 @2
  Decay: t > w+ b WEIGHTED<=2
    Decay: w+ > u d~ WEIGHTED<=2
  Decay: t~ > w- b~ WEIGHTED<=2
    Decay: w- > b c~ WEIGHTED<=2 
INFO: Generating Feynman diagrams for Process: g g > t t~ u u~ QED=0 @2
  Decay: t > w+ b WEIGHTED<=2
    Decay: w+ > u s~ WEIGHTED<=2
  Decay: t~ > w- b~ WEIGHTED<=2
    Decay: w- > b c~ WEIGHTED<=2 
INFO: Generating Feynman diagrams for Process: g g > t t~ u u~ QED=0 @2
  Decay: t > w+ b WEIGHTED<=2
    Decay: w+ > u b~ WEIGHTED<=2
  Decay: t~ > w- b~ WEIGHTED<=2
    Decay: w- > b c~ WEIGHTED<=2 
INFO: Generating Feynman diagrams for Process: g g > t t~ u u~ QED=0 @2
  Decay: t > w+ b WEIGHTED<=2
    Decay: w+ > c d~ WEIGHTED<=2
  Decay: t~ > w- b~ WEIGHTED<=2
    Decay: w- > b c~ WEIGHTED<=2 
INFO: Generating Feynman diagrams for Process: g g > t t~ u u~ QED=0 @2
  Decay: t > w+ b WEIGHTED<=2
    Decay: w+ > c s~ WEIGHTED<=2
  Decay: t~ > w- b~ WEIGHTED<=2
    Decay: w- > b c~ WEIGHTED<=2 
INFO: Generating Feynman diagrams for Process: g g > t t~ u u~ QED=0 @2
  Decay: t > w+ b WEIGHTED<=2
    Decay: w+ > c b~ WEIGHTED<=2
  Decay: t~ > w- b~ WEIGHTED<=2
    Decay: w- > b c~ WEIGHTED<=2 
INFO: Finding symmetric diagrams for subprocess group gg_ttxqq_t_wpq_wp_qq_tx_wmq_wm_qq 
INFO: Creating files in directory P2_gq_ttxgq_t_wpq_wp_qq_tx_wmq_wm_qq 
INFO: Generating Feynman diagrams for Process: g u > t t~ g u QED=0 @2
  Decay: t > w+ b WEIGHTED<=2
    Decay: w+ > u d~ WEIGHTED<=2
  Decay: t~ > w- b~ WEIGHTED<=2
    Decay: w- > d u~ WEIGHTED<=2 
INFO: Generating Feynman diagrams for Process: g u > t t~ g u QED=0 @2
  Decay: t > w+ b WEIGHTED<=2
    Decay: w+ > u s~ WEIGHTED<=2
  Decay: t~ > w- b~ WEIGHTED<=2
    Decay: w- > d u~ WEIGHTED<=2 
INFO: Generating Feynman diagrams for Process: g u > t t~ g u QED=0 @2
  Decay: t > w+ b WEIGHTED<=2
    Decay: w+ > u b~ WEIGHTED<=2
  Decay: t~ > w- b~ WEIGHTED<=2
    Decay: w- > d u~ WEIGHTED<=2 
INFO: Generating Feynman diagrams for Process: g u > t t~ g u QED=0 @2
  Decay: t > w+ b WEIGHTED<=2
    Decay: w+ > c d~ WEIGHTED<=2
  Decay: t~ > w- b~ WEIGHTED<=2
    Decay: w- > d u~ WEIGHTED<=2 
INFO: Generating Feynman diagrams for Process: g u > t t~ g u QED=0 @2
  Decay: t > w+ b WEIGHTED<=2
    Decay: w+ > c s~ WEIGHTED<=2
  Decay: t~ > w- b~ WEIGHTED<=2
    Decay: w- > d u~ WEIGHTED<=2 
INFO: Generating Feynman diagrams for Process: g u > t t~ g u QED=0 @2
  Decay: t > w+ b WEIGHTED<=2
    Decay: w+ > c b~ WEIGHTED<=2
  Decay: t~ > w- b~ WEIGHTED<=2
    Decay: w- > d u~ WEIGHTED<=2 
INFO: Generating Feynman diagrams for Process: g u > t t~ g u QED=0 @2
  Decay: t > w+ b WEIGHTED<=2
    Decay: w+ > u d~ WEIGHTED<=2
  Decay: t~ > w- b~ WEIGHTED<=2
    Decay: w- > d c~ WEIGHTED<=2 
INFO: Generating Feynman diagrams for Process: g u > t t~ g u QED=0 @2
  Decay: t > w+ b WEIGHTED<=2
    Decay: w+ > u s~ WEIGHTED<=2
  Decay: t~ > w- b~ WEIGHTED<=2
    Decay: w- > d c~ WEIGHTED<=2 
INFO: Generating Feynman diagrams for Process: g u > t t~ g u QED=0 @2
  Decay: t > w+ b WEIGHTED<=2
    Decay: w+ > u b~ WEIGHTED<=2
  Decay: t~ > w- b~ WEIGHTED<=2
    Decay: w- > d c~ WEIGHTED<=2 
INFO: Generating Feynman diagrams for Process: g u > t t~ g u QED=0 @2
  Decay: t > w+ b WEIGHTED<=2
    Decay: w+ > c d~ WEIGHTED<=2
  Decay: t~ > w- b~ WEIGHTED<=2
    Decay: w- > d c~ WEIGHTED<=2 
INFO: Generating Feynman diagrams for Process: g u > t t~ g u QED=0 @2
  Decay: t > w+ b WEIGHTED<=2
    Decay: w+ > c s~ WEIGHTED<=2
  Decay: t~ > w- b~ WEIGHTED<=2
    Decay: w- > d c~ WEIGHTED<=2 
INFO: Generating Feynman diagrams for Process: g u > t t~ g u QED=0 @2
  Decay: t > w+ b WEIGHTED<=2
    Decay: w+ > c b~ WEIGHTED<=2
  Decay: t~ > w- b~ WEIGHTED<=2
    Decay: w- > d c~ WEIGHTED<=2 
INFO: Generating Feynman diagrams for Process: g u > t t~ g u QED=0 @2
  Decay: t > w+ b WEIGHTED<=2
    Decay: w+ > u d~ WEIGHTED<=2
  Decay: t~ > w- b~ WEIGHTED<=2
    Decay: w- > s u~ WEIGHTED<=2 
INFO: Generating Feynman diagrams for Process: g u > t t~ g u QED=0 @2
  Decay: t > w+ b WEIGHTED<=2
    Decay: w+ > u s~ WEIGHTED<=2
  Decay: t~ > w- b~ WEIGHTED<=2
    Decay: w- > s u~ WEIGHTED<=2 
INFO: Generating Feynman diagrams for Process: g u > t t~ g u QED=0 @2
  Decay: t > w+ b WEIGHTED<=2
    Decay: w+ > u b~ WEIGHTED<=2
  Decay: t~ > w- b~ WEIGHTED<=2
    Decay: w- > s u~ WEIGHTED<=2 
INFO: Generating Feynman diagrams for Process: g u > t t~ g u QED=0 @2
  Decay: t > w+ b WEIGHTED<=2
    Decay: w+ > c d~ WEIGHTED<=2
  Decay: t~ > w- b~ WEIGHTED<=2
    Decay: w- > s u~ WEIGHTED<=2 
INFO: Generating Feynman diagrams for Process: g u > t t~ g u QED=0 @2
  Decay: t > w+ b WEIGHTED<=2
    Decay: w+ > c s~ WEIGHTED<=2
  Decay: t~ > w- b~ WEIGHTED<=2
    Decay: w- > s u~ WEIGHTED<=2 
INFO: Generating Feynman diagrams for Process: g u > t t~ g u QED=0 @2
  Decay: t > w+ b WEIGHTED<=2
    Decay: w+ > c b~ WEIGHTED<=2
  Decay: t~ > w- b~ WEIGHTED<=2
    Decay: w- > s u~ WEIGHTED<=2 
INFO: Generating Feynman diagrams for Process: g u > t t~ g u QED=0 @2
  Decay: t > w+ b WEIGHTED<=2
    Decay: w+ > u d~ WEIGHTED<=2
  Decay: t~ > w- b~ WEIGHTED<=2
    Decay: w- > b u~ WEIGHTED<=2 
INFO: Generating Feynman diagrams for Process: g u > t t~ g u QED=0 @2
  Decay: t > w+ b WEIGHTED<=2
    Decay: w+ > u s~ WEIGHTED<=2
  Decay: t~ > w- b~ WEIGHTED<=2
    Decay: w- > b u~ WEIGHTED<=2 
INFO: Generating Feynman diagrams for Process: g u > t t~ g u QED=0 @2
  Decay: t > w+ b WEIGHTED<=2
    Decay: w+ > u b~ WEIGHTED<=2
  Decay: t~ > w- b~ WEIGHTED<=2
    Decay: w- > b u~ WEIGHTED<=2 
INFO: Generating Feynman diagrams for Process: g u > t t~ g u QED=0 @2
  Decay: t > w+ b WEIGHTED<=2
    Decay: w+ > c d~ WEIGHTED<=2
  Decay: t~ > w- b~ WEIGHTED<=2
    Decay: w- > b u~ WEIGHTED<=2 
INFO: Generating Feynman diagrams for Process: g u > t t~ g u QED=0 @2
  Decay: t > w+ b WEIGHTED<=2
    Decay: w+ > c s~ WEIGHTED<=2
  Decay: t~ > w- b~ WEIGHTED<=2
    Decay: w- > b u~ WEIGHTED<=2 
INFO: Generating Feynman diagrams for Process: g u > t t~ g u QED=0 @2
  Decay: t > w+ b WEIGHTED<=2
    Decay: w+ > c b~ WEIGHTED<=2
  Decay: t~ > w- b~ WEIGHTED<=2
    Decay: w- > b u~ WEIGHTED<=2 
INFO: Generating Feynman diagrams for Process: g u > t t~ g u QED=0 @2
  Decay: t > w+ b WEIGHTED<=2
    Decay: w+ > u d~ WEIGHTED<=2
  Decay: t~ > w- b~ WEIGHTED<=2
    Decay: w- > b c~ WEIGHTED<=2 
INFO: Generating Feynman diagrams for Process: g u > t t~ g u QED=0 @2
  Decay: t > w+ b WEIGHTED<=2
    Decay: w+ > u s~ WEIGHTED<=2
  Decay: t~ > w- b~ WEIGHTED<=2
    Decay: w- > b c~ WEIGHTED<=2 
INFO: Generating Feynman diagrams for Process: g u > t t~ g u QED=0 @2
  Decay: t > w+ b WEIGHTED<=2
    Decay: w+ > u b~ WEIGHTED<=2
  Decay: t~ > w- b~ WEIGHTED<=2
    Decay: w- > b c~ WEIGHTED<=2 
INFO: Generating Feynman diagrams for Process: g u > t t~ g u QED=0 @2
  Decay: t > w+ b WEIGHTED<=2
    Decay: w+ > c d~ WEIGHTED<=2
  Decay: t~ > w- b~ WEIGHTED<=2
    Decay: w- > b c~ WEIGHTED<=2 
INFO: Generating Feynman diagrams for Process: g u > t t~ g u QED=0 @2
  Decay: t > w+ b WEIGHTED<=2
    Decay: w+ > c s~ WEIGHTED<=2
  Decay: t~ > w- b~ WEIGHTED<=2
    Decay: w- > b c~ WEIGHTED<=2 
INFO: Generating Feynman diagrams for Process: g u > t t~ g u QED=0 @2
  Decay: t > w+ b WEIGHTED<=2
    Decay: w+ > c b~ WEIGHTED<=2
  Decay: t~ > w- b~ WEIGHTED<=2
    Decay: w- > b c~ WEIGHTED<=2 
INFO: Generating Feynman diagrams for Process: g u~ > t t~ g u~ QED=0 @2
  Decay: t > w+ b WEIGHTED<=2
    Decay: w+ > u d~ WEIGHTED<=2
  Decay: t~ > w- b~ WEIGHTED<=2
    Decay: w- > d u~ WEIGHTED<=2 
INFO: Generating Feynman diagrams for Process: g u~ > t t~ g u~ QED=0 @2
  Decay: t > w+ b WEIGHTED<=2
    Decay: w+ > u s~ WEIGHTED<=2
  Decay: t~ > w- b~ WEIGHTED<=2
    Decay: w- > d u~ WEIGHTED<=2 
INFO: Generating Feynman diagrams for Process: g u~ > t t~ g u~ QED=0 @2
  Decay: t > w+ b WEIGHTED<=2
    Decay: w+ > u b~ WEIGHTED<=2
  Decay: t~ > w- b~ WEIGHTED<=2
    Decay: w- > d u~ WEIGHTED<=2 
INFO: Generating Feynman diagrams for Process: g u~ > t t~ g u~ QED=0 @2
  Decay: t > w+ b WEIGHTED<=2
    Decay: w+ > c d~ WEIGHTED<=2
  Decay: t~ > w- b~ WEIGHTED<=2
    Decay: w- > d u~ WEIGHTED<=2 
INFO: Generating Feynman diagrams for Process: g u~ > t t~ g u~ QED=0 @2
  Decay: t > w+ b WEIGHTED<=2
    Decay: w+ > c b~ WEIGHTED<=2
  Decay: t~ > w- b~ WEIGHTED<=2
    Decay: w- > d u~ WEIGHTED<=2 
INFO: Generating Feynman diagrams for Process: g u~ > t t~ g u~ QED=0 @2
  Decay: t > w+ b WEIGHTED<=2
    Decay: w+ > u d~ WEIGHTED<=2
  Decay: t~ > w- b~ WEIGHTED<=2
    Decay: w- > d c~ WEIGHTED<=2 
INFO: Generating Feynman diagrams for Process: g u~ > t t~ g u~ QED=0 @2
  Decay: t > w+ b WEIGHTED<=2
    Decay: w+ > u s~ WEIGHTED<=2
  Decay: t~ > w- b~ WEIGHTED<=2
    Decay: w- > d c~ WEIGHTED<=2 
INFO: Generating Feynman diagrams for Process: g u~ > t t~ g u~ QED=0 @2
  Decay: t > w+ b WEIGHTED<=2
    Decay: w+ > u b~ WEIGHTED<=2
  Decay: t~ > w- b~ WEIGHTED<=2
    Decay: w- > d c~ WEIGHTED<=2 
INFO: Generating Feynman diagrams for Process: g u~ > t t~ g u~ QED=0 @2
  Decay: t > w+ b WEIGHTED<=2
    Decay: w+ > c d~ WEIGHTED<=2
  Decay: t~ > w- b~ WEIGHTED<=2
    Decay: w- > d c~ WEIGHTED<=2 
INFO: Generating Feynman diagrams for Process: g u~ > t t~ g u~ QED=0 @2
  Decay: t > w+ b WEIGHTED<=2
    Decay: w+ > c b~ WEIGHTED<=2
  Decay: t~ > w- b~ WEIGHTED<=2
    Decay: w- > d c~ WEIGHTED<=2 
INFO: Generating Feynman diagrams for Process: g u~ > t t~ g u~ QED=0 @2
  Decay: t > w+ b WEIGHTED<=2
    Decay: w+ > u d~ WEIGHTED<=2
  Decay: t~ > w- b~ WEIGHTED<=2
    Decay: w- > s u~ WEIGHTED<=2 
INFO: Generating Feynman diagrams for Process: g u~ > t t~ g u~ QED=0 @2
  Decay: t > w+ b WEIGHTED<=2
    Decay: w+ > u s~ WEIGHTED<=2
  Decay: t~ > w- b~ WEIGHTED<=2
    Decay: w- > s u~ WEIGHTED<=2 
INFO: Generating Feynman diagrams for Process: g u~ > t t~ g u~ QED=0 @2
  Decay: t > w+ b WEIGHTED<=2
    Decay: w+ > u b~ WEIGHTED<=2
  Decay: t~ > w- b~ WEIGHTED<=2
    Decay: w- > s u~ WEIGHTED<=2 
INFO: Generating Feynman diagrams for Process: g u~ > t t~ g u~ QED=0 @2
  Decay: t > w+ b WEIGHTED<=2
    Decay: w+ > c d~ WEIGHTED<=2
  Decay: t~ > w- b~ WEIGHTED<=2
    Decay: w- > s u~ WEIGHTED<=2 
INFO: Generating Feynman diagrams for Process: g u~ > t t~ g u~ QED=0 @2
  Decay: t > w+ b WEIGHTED<=2
    Decay: w+ > c b~ WEIGHTED<=2
  Decay: t~ > w- b~ WEIGHTED<=2
    Decay: w- > s u~ WEIGHTED<=2 
INFO: Generating Feynman diagrams for Process: g u~ > t t~ g u~ QED=0 @2
  Decay: t > w+ b WEIGHTED<=2
    Decay: w+ > u d~ WEIGHTED<=2
  Decay: t~ > w- b~ WEIGHTED<=2
    Decay: w- > s c~ WEIGHTED<=2 
INFO: Generating Feynman diagrams for Process: g u~ > t t~ g u~ QED=0 @2
  Decay: t > w+ b WEIGHTED<=2
    Decay: w+ > u s~ WEIGHTED<=2
  Decay: t~ > w- b~ WEIGHTED<=2
    Decay: w- > s c~ WEIGHTED<=2 
INFO: Generating Feynman diagrams for Process: g u~ > t t~ g u~ QED=0 @2
  Decay: t > w+ b WEIGHTED<=2
    Decay: w+ > u b~ WEIGHTED<=2
  Decay: t~ > w- b~ WEIGHTED<=2
    Decay: w- > s c~ WEIGHTED<=2 
INFO: Generating Feynman diagrams for Process: g u~ > t t~ g u~ QED=0 @2
  Decay: t > w+ b WEIGHTED<=2
    Decay: w+ > c d~ WEIGHTED<=2
  Decay: t~ > w- b~ WEIGHTED<=2
    Decay: w- > s c~ WEIGHTED<=2 
INFO: Generating Feynman diagrams for Process: g u~ > t t~ g u~ QED=0 @2
  Decay: t > w+ b WEIGHTED<=2
    Decay: w+ > c b~ WEIGHTED<=2
  Decay: t~ > w- b~ WEIGHTED<=2
    Decay: w- > s c~ WEIGHTED<=2 
INFO: Generating Feynman diagrams for Process: g u~ > t t~ g u~ QED=0 @2
  Decay: t > w+ b WEIGHTED<=2
    Decay: w+ > u d~ WEIGHTED<=2
  Decay: t~ > w- b~ WEIGHTED<=2
    Decay: w- > b u~ WEIGHTED<=2 
INFO: Generating Feynman diagrams for Process: g u~ > t t~ g u~ QED=0 @2
  Decay: t > w+ b WEIGHTED<=2
    Decay: w+ > u s~ WEIGHTED<=2
  Decay: t~ > w- b~ WEIGHTED<=2
    Decay: w- > b u~ WEIGHTED<=2 
INFO: Generating Feynman diagrams for Process: g u~ > t t~ g u~ QED=0 @2
  Decay: t > w+ b WEIGHTED<=2
    Decay: w+ > u b~ WEIGHTED<=2
  Decay: t~ > w- b~ WEIGHTED<=2
    Decay: w- > b u~ WEIGHTED<=2 
INFO: Generating Feynman diagrams for Process: g u~ > t t~ g u~ QED=0 @2
  Decay: t > w+ b WEIGHTED<=2
    Decay: w+ > c d~ WEIGHTED<=2
  Decay: t~ > w- b~ WEIGHTED<=2
    Decay: w- > b u~ WEIGHTED<=2 
INFO: Generating Feynman diagrams for Process: g u~ > t t~ g u~ QED=0 @2
  Decay: t > w+ b WEIGHTED<=2
    Decay: w+ > c b~ WEIGHTED<=2
  Decay: t~ > w- b~ WEIGHTED<=2
    Decay: w- > b u~ WEIGHTED<=2 
INFO: Generating Feynman diagrams for Process: g u~ > t t~ g u~ QED=0 @2
  Decay: t > w+ b WEIGHTED<=2
    Decay: w+ > u d~ WEIGHTED<=2
  Decay: t~ > w- b~ WEIGHTED<=2
    Decay: w- > b c~ WEIGHTED<=2 
INFO: Generating Feynman diagrams for Process: g u~ > t t~ g u~ QED=0 @2
  Decay: t > w+ b WEIGHTED<=2
    Decay: w+ > u s~ WEIGHTED<=2
  Decay: t~ > w- b~ WEIGHTED<=2
    Decay: w- > b c~ WEIGHTED<=2 
INFO: Generating Feynman diagrams for Process: g u~ > t t~ g u~ QED=0 @2
  Decay: t > w+ b WEIGHTED<=2
    Decay: w+ > u b~ WEIGHTED<=2
  Decay: t~ > w- b~ WEIGHTED<=2
    Decay: w- > b c~ WEIGHTED<=2 
INFO: Generating Feynman diagrams for Process: g u~ > t t~ g u~ QED=0 @2
  Decay: t > w+ b WEIGHTED<=2
    Decay: w+ > c d~ WEIGHTED<=2
  Decay: t~ > w- b~ WEIGHTED<=2
    Decay: w- > b c~ WEIGHTED<=2 
INFO: Generating Feynman diagrams for Process: g u~ > t t~ g u~ QED=0 @2
  Decay: t > w+ b WEIGHTED<=2
    Decay: w+ > c b~ WEIGHTED<=2
  Decay: t~ > w- b~ WEIGHTED<=2
    Decay: w- > b c~ WEIGHTED<=2 
INFO: Finding symmetric diagrams for subprocess group gq_ttxgq_t_wpq_wp_qq_tx_wmq_wm_qq 
INFO: Creating files in directory P2_qq_ttxqq_t_wpq_wp_qq_tx_wmq_wm_qq 
INFO: Generating Feynman diagrams for Process: u u > t t~ u u QED=0 @2
  Decay: t > w+ b WEIGHTED<=2
    Decay: w+ > u d~ WEIGHTED<=2
  Decay: t~ > w- b~ WEIGHTED<=2
    Decay: w- > d u~ WEIGHTED<=2 
INFO: Generating Feynman diagrams for Process: u u > t t~ u u QED=0 @2
  Decay: t > w+ b WEIGHTED<=2
    Decay: w+ > u s~ WEIGHTED<=2
  Decay: t~ > w- b~ WEIGHTED<=2
    Decay: w- > d u~ WEIGHTED<=2 
INFO: Generating Feynman diagrams for Process: u u > t t~ u u QED=0 @2
  Decay: t > w+ b WEIGHTED<=2
    Decay: w+ > u b~ WEIGHTED<=2
  Decay: t~ > w- b~ WEIGHTED<=2
    Decay: w- > d u~ WEIGHTED<=2 
INFO: Generating Feynman diagrams for Process: u u > t t~ u u QED=0 @2
  Decay: t > w+ b WEIGHTED<=2
    Decay: w+ > c d~ WEIGHTED<=2
  Decay: t~ > w- b~ WEIGHTED<=2
    Decay: w- > d u~ WEIGHTED<=2 
INFO: Generating Feynman diagrams for Process: u u > t t~ u u QED=0 @2
  Decay: t > w+ b WEIGHTED<=2
    Decay: w+ > c s~ WEIGHTED<=2
  Decay: t~ > w- b~ WEIGHTED<=2
    Decay: w- > d u~ WEIGHTED<=2 
INFO: Generating Feynman diagrams for Process: u u > t t~ u u QED=0 @2
  Decay: t > w+ b WEIGHTED<=2
    Decay: w+ > c b~ WEIGHTED<=2
  Decay: t~ > w- b~ WEIGHTED<=2
    Decay: w- > d u~ WEIGHTED<=2 
INFO: Generating Feynman diagrams for Process: u u > t t~ u u QED=0 @2
  Decay: t > w+ b WEIGHTED<=2
    Decay: w+ > u d~ WEIGHTED<=2
  Decay: t~ > w- b~ WEIGHTED<=2
    Decay: w- > d c~ WEIGHTED<=2 
INFO: Generating Feynman diagrams for Process: u u > t t~ u u QED=0 @2
  Decay: t > w+ b WEIGHTED<=2
    Decay: w+ > u s~ WEIGHTED<=2
  Decay: t~ > w- b~ WEIGHTED<=2
    Decay: w- > d c~ WEIGHTED<=2 
INFO: Generating Feynman diagrams for Process: u u > t t~ u u QED=0 @2
  Decay: t > w+ b WEIGHTED<=2
    Decay: w+ > u b~ WEIGHTED<=2
  Decay: t~ > w- b~ WEIGHTED<=2
    Decay: w- > d c~ WEIGHTED<=2 
INFO: Generating Feynman diagrams for Process: u u > t t~ u u QED=0 @2
  Decay: t > w+ b WEIGHTED<=2
    Decay: w+ > c d~ WEIGHTED<=2
  Decay: t~ > w- b~ WEIGHTED<=2
    Decay: w- > d c~ WEIGHTED<=2 
INFO: Generating Feynman diagrams for Process: u u > t t~ u u QED=0 @2
  Decay: t > w+ b WEIGHTED<=2
    Decay: w+ > c s~ WEIGHTED<=2
  Decay: t~ > w- b~ WEIGHTED<=2
    Decay: w- > d c~ WEIGHTED<=2 
INFO: Generating Feynman diagrams for Process: u u > t t~ u u QED=0 @2
  Decay: t > w+ b WEIGHTED<=2
    Decay: w+ > c b~ WEIGHTED<=2
  Decay: t~ > w- b~ WEIGHTED<=2
    Decay: w- > d c~ WEIGHTED<=2 
INFO: Generating Feynman diagrams for Process: u u > t t~ u u QED=0 @2
  Decay: t > w+ b WEIGHTED<=2
    Decay: w+ > u d~ WEIGHTED<=2
  Decay: t~ > w- b~ WEIGHTED<=2
    Decay: w- > s u~ WEIGHTED<=2 
INFO: Generating Feynman diagrams for Process: u u > t t~ u u QED=0 @2
  Decay: t > w+ b WEIGHTED<=2
    Decay: w+ > u s~ WEIGHTED<=2
  Decay: t~ > w- b~ WEIGHTED<=2
    Decay: w- > s u~ WEIGHTED<=2 
INFO: Generating Feynman diagrams for Process: u u > t t~ u u QED=0 @2
  Decay: t > w+ b WEIGHTED<=2
    Decay: w+ > u b~ WEIGHTED<=2
  Decay: t~ > w- b~ WEIGHTED<=2
    Decay: w- > s u~ WEIGHTED<=2 
INFO: Generating Feynman diagrams for Process: u u > t t~ u u QED=0 @2
  Decay: t > w+ b WEIGHTED<=2
    Decay: w+ > c d~ WEIGHTED<=2
  Decay: t~ > w- b~ WEIGHTED<=2
    Decay: w- > s u~ WEIGHTED<=2 
INFO: Generating Feynman diagrams for Process: u u > t t~ u u QED=0 @2
  Decay: t > w+ b WEIGHTED<=2
    Decay: w+ > c s~ WEIGHTED<=2
  Decay: t~ > w- b~ WEIGHTED<=2
    Decay: w- > s u~ WEIGHTED<=2 
INFO: Generating Feynman diagrams for Process: u u > t t~ u u QED=0 @2
  Decay: t > w+ b WEIGHTED<=2
    Decay: w+ > c b~ WEIGHTED<=2
  Decay: t~ > w- b~ WEIGHTED<=2
    Decay: w- > s u~ WEIGHTED<=2 
INFO: Generating Feynman diagrams for Process: u u > t t~ u u QED=0 @2
  Decay: t > w+ b WEIGHTED<=2
    Decay: w+ > u d~ WEIGHTED<=2
  Decay: t~ > w- b~ WEIGHTED<=2
    Decay: w- > b u~ WEIGHTED<=2 
INFO: Generating Feynman diagrams for Process: u u > t t~ u u QED=0 @2
  Decay: t > w+ b WEIGHTED<=2
    Decay: w+ > u s~ WEIGHTED<=2
  Decay: t~ > w- b~ WEIGHTED<=2
    Decay: w- > b u~ WEIGHTED<=2 
INFO: Generating Feynman diagrams for Process: u u > t t~ u u QED=0 @2
  Decay: t > w+ b WEIGHTED<=2
    Decay: w+ > u b~ WEIGHTED<=2
  Decay: t~ > w- b~ WEIGHTED<=2
    Decay: w- > b u~ WEIGHTED<=2 
INFO: Generating Feynman diagrams for Process: u u > t t~ u u QED=0 @2
  Decay: t > w+ b WEIGHTED<=2
    Decay: w+ > c d~ WEIGHTED<=2
  Decay: t~ > w- b~ WEIGHTED<=2
    Decay: w- > b u~ WEIGHTED<=2 
INFO: Generating Feynman diagrams for Process: u u > t t~ u u QED=0 @2
  Decay: t > w+ b WEIGHTED<=2
    Decay: w+ > c s~ WEIGHTED<=2
  Decay: t~ > w- b~ WEIGHTED<=2
    Decay: w- > b u~ WEIGHTED<=2 
INFO: Generating Feynman diagrams for Process: u u > t t~ u u QED=0 @2
  Decay: t > w+ b WEIGHTED<=2
    Decay: w+ > c b~ WEIGHTED<=2
  Decay: t~ > w- b~ WEIGHTED<=2
    Decay: w- > b u~ WEIGHTED<=2 
INFO: Generating Feynman diagrams for Process: u u > t t~ u u QED=0 @2
  Decay: t > w+ b WEIGHTED<=2
    Decay: w+ > u d~ WEIGHTED<=2
  Decay: t~ > w- b~ WEIGHTED<=2
    Decay: w- > b c~ WEIGHTED<=2 
INFO: Generating Feynman diagrams for Process: u u > t t~ u u QED=0 @2
  Decay: t > w+ b WEIGHTED<=2
    Decay: w+ > u s~ WEIGHTED<=2
  Decay: t~ > w- b~ WEIGHTED<=2
    Decay: w- > b c~ WEIGHTED<=2 
INFO: Generating Feynman diagrams for Process: u u > t t~ u u QED=0 @2
  Decay: t > w+ b WEIGHTED<=2
    Decay: w+ > u b~ WEIGHTED<=2
  Decay: t~ > w- b~ WEIGHTED<=2
    Decay: w- > b c~ WEIGHTED<=2 
INFO: Generating Feynman diagrams for Process: u u > t t~ u u QED=0 @2
  Decay: t > w+ b WEIGHTED<=2
    Decay: w+ > c d~ WEIGHTED<=2
  Decay: t~ > w- b~ WEIGHTED<=2
    Decay: w- > b c~ WEIGHTED<=2 
INFO: Generating Feynman diagrams for Process: u u > t t~ u u QED=0 @2
  Decay: t > w+ b WEIGHTED<=2
    Decay: w+ > c s~ WEIGHTED<=2
  Decay: t~ > w- b~ WEIGHTED<=2
    Decay: w- > b c~ WEIGHTED<=2 
INFO: Generating Feynman diagrams for Process: u u > t t~ u u QED=0 @2
  Decay: t > w+ b WEIGHTED<=2
    Decay: w+ > c b~ WEIGHTED<=2
  Decay: t~ > w- b~ WEIGHTED<=2
    Decay: w- > b c~ WEIGHTED<=2 
INFO: Generating Feynman diagrams for Process: u c > t t~ u c QED=0 @2
  Decay: t > w+ b WEIGHTED<=2
    Decay: w+ > u d~ WEIGHTED<=2
  Decay: t~ > w- b~ WEIGHTED<=2
    Decay: w- > d u~ WEIGHTED<=2 
INFO: Generating Feynman diagrams for Process: u c > t t~ u c QED=0 @2
  Decay: t > w+ b WEIGHTED<=2
    Decay: w+ > u s~ WEIGHTED<=2
  Decay: t~ > w- b~ WEIGHTED<=2
    Decay: w- > d u~ WEIGHTED<=2 
INFO: Generating Feynman diagrams for Process: u c > t t~ u c QED=0 @2
  Decay: t > w+ b WEIGHTED<=2
    Decay: w+ > u b~ WEIGHTED<=2
  Decay: t~ > w- b~ WEIGHTED<=2
    Decay: w- > d u~ WEIGHTED<=2 
INFO: Generating Feynman diagrams for Process: u c > t t~ u c QED=0 @2
  Decay: t > w+ b WEIGHTED<=2
    Decay: w+ > c d~ WEIGHTED<=2
  Decay: t~ > w- b~ WEIGHTED<=2
    Decay: w- > d u~ WEIGHTED<=2 
INFO: Generating Feynman diagrams for Process: u c > t t~ u c QED=0 @2
  Decay: t > w+ b WEIGHTED<=2
    Decay: w+ > c s~ WEIGHTED<=2
  Decay: t~ > w- b~ WEIGHTED<=2
    Decay: w- > d u~ WEIGHTED<=2 
INFO: Generating Feynman diagrams for Process: u c > t t~ u c QED=0 @2
  Decay: t > w+ b WEIGHTED<=2
    Decay: w+ > c b~ WEIGHTED<=2
  Decay: t~ > w- b~ WEIGHTED<=2
    Decay: w- > d u~ WEIGHTED<=2 
INFO: Generating Feynman diagrams for Process: u c > t t~ u c QED=0 @2
  Decay: t > w+ b WEIGHTED<=2
    Decay: w+ > u d~ WEIGHTED<=2
  Decay: t~ > w- b~ WEIGHTED<=2
    Decay: w- > d c~ WEIGHTED<=2 
INFO: Generating Feynman diagrams for Process: u c > t t~ u c QED=0 @2
  Decay: t > w+ b WEIGHTED<=2
    Decay: w+ > u s~ WEIGHTED<=2
  Decay: t~ > w- b~ WEIGHTED<=2
    Decay: w- > d c~ WEIGHTED<=2 
INFO: Generating Feynman diagrams for Process: u c > t t~ u c QED=0 @2
  Decay: t > w+ b WEIGHTED<=2
    Decay: w+ > u b~ WEIGHTED<=2
  Decay: t~ > w- b~ WEIGHTED<=2
    Decay: w- > d c~ WEIGHTED<=2 
INFO: Generating Feynman diagrams for Process: u c > t t~ u c QED=0 @2
  Decay: t > w+ b WEIGHTED<=2
    Decay: w+ > c d~ WEIGHTED<=2
  Decay: t~ > w- b~ WEIGHTED<=2
    Decay: w- > d c~ WEIGHTED<=2 
INFO: Generating Feynman diagrams for Process: u c > t t~ u c QED=0 @2
  Decay: t > w+ b WEIGHTED<=2
    Decay: w+ > c s~ WEIGHTED<=2
  Decay: t~ > w- b~ WEIGHTED<=2
    Decay: w- > d c~ WEIGHTED<=2 
INFO: Generating Feynman diagrams for Process: u c > t t~ u c QED=0 @2
  Decay: t > w+ b WEIGHTED<=2
    Decay: w+ > c b~ WEIGHTED<=2
  Decay: t~ > w- b~ WEIGHTED<=2
    Decay: w- > d c~ WEIGHTED<=2 
INFO: Generating Feynman diagrams for Process: u c > t t~ u c QED=0 @2
  Decay: t > w+ b WEIGHTED<=2
    Decay: w+ > u d~ WEIGHTED<=2
  Decay: t~ > w- b~ WEIGHTED<=2
    Decay: w- > s u~ WEIGHTED<=2 
INFO: Generating Feynman diagrams for Process: u c > t t~ u c QED=0 @2
  Decay: t > w+ b WEIGHTED<=2
    Decay: w+ > u s~ WEIGHTED<=2
  Decay: t~ > w- b~ WEIGHTED<=2
    Decay: w- > s u~ WEIGHTED<=2 
INFO: Generating Feynman diagrams for Process: u c > t t~ u c QED=0 @2
  Decay: t > w+ b WEIGHTED<=2
    Decay: w+ > u b~ WEIGHTED<=2
  Decay: t~ > w- b~ WEIGHTED<=2
    Decay: w- > s u~ WEIGHTED<=2 
INFO: Generating Feynman diagrams for Process: u c > t t~ u c QED=0 @2
  Decay: t > w+ b WEIGHTED<=2
    Decay: w+ > c d~ WEIGHTED<=2
  Decay: t~ > w- b~ WEIGHTED<=2
    Decay: w- > s u~ WEIGHTED<=2 
INFO: Generating Feynman diagrams for Process: u c > t t~ u c QED=0 @2
  Decay: t > w+ b WEIGHTED<=2
    Decay: w+ > c s~ WEIGHTED<=2
  Decay: t~ > w- b~ WEIGHTED<=2
    Decay: w- > s u~ WEIGHTED<=2 
INFO: Generating Feynman diagrams for Process: u c > t t~ u c QED=0 @2
  Decay: t > w+ b WEIGHTED<=2
    Decay: w+ > c b~ WEIGHTED<=2
  Decay: t~ > w- b~ WEIGHTED<=2
    Decay: w- > s u~ WEIGHTED<=2 
INFO: Generating Feynman diagrams for Process: u c > t t~ u c QED=0 @2
  Decay: t > w+ b WEIGHTED<=2
    Decay: w+ > u d~ WEIGHTED<=2
  Decay: t~ > w- b~ WEIGHTED<=2
    Decay: w- > b u~ WEIGHTED<=2 
INFO: Generating Feynman diagrams for Process: u c > t t~ u c QED=0 @2
  Decay: t > w+ b WEIGHTED<=2
    Decay: w+ > u s~ WEIGHTED<=2
  Decay: t~ > w- b~ WEIGHTED<=2
    Decay: w- > b u~ WEIGHTED<=2 
INFO: Generating Feynman diagrams for Process: u c > t t~ u c QED=0 @2
  Decay: t > w+ b WEIGHTED<=2
    Decay: w+ > u b~ WEIGHTED<=2
  Decay: t~ > w- b~ WEIGHTED<=2
    Decay: w- > b u~ WEIGHTED<=2 
INFO: Generating Feynman diagrams for Process: u c > t t~ u c QED=0 @2
  Decay: t > w+ b WEIGHTED<=2
    Decay: w+ > c d~ WEIGHTED<=2
  Decay: t~ > w- b~ WEIGHTED<=2
    Decay: w- > b u~ WEIGHTED<=2 
INFO: Generating Feynman diagrams for Process: u c > t t~ u c QED=0 @2
  Decay: t > w+ b WEIGHTED<=2
    Decay: w+ > c s~ WEIGHTED<=2
  Decay: t~ > w- b~ WEIGHTED<=2
    Decay: w- > b u~ WEIGHTED<=2 
INFO: Generating Feynman diagrams for Process: u c > t t~ u c QED=0 @2
  Decay: t > w+ b WEIGHTED<=2
    Decay: w+ > c b~ WEIGHTED<=2
  Decay: t~ > w- b~ WEIGHTED<=2
    Decay: w- > b u~ WEIGHTED<=2 
INFO: Generating Feynman diagrams for Process: u c > t t~ u c QED=0 @2
  Decay: t > w+ b WEIGHTED<=2
    Decay: w+ > u d~ WEIGHTED<=2
  Decay: t~ > w- b~ WEIGHTED<=2
    Decay: w- > b c~ WEIGHTED<=2 
INFO: Generating Feynman diagrams for Process: u c > t t~ u c QED=0 @2
  Decay: t > w+ b WEIGHTED<=2
    Decay: w+ > u s~ WEIGHTED<=2
  Decay: t~ > w- b~ WEIGHTED<=2
    Decay: w- > b c~ WEIGHTED<=2 
INFO: Generating Feynman diagrams for Process: u c > t t~ u c QED=0 @2
  Decay: t > w+ b WEIGHTED<=2
    Decay: w+ > u b~ WEIGHTED<=2
  Decay: t~ > w- b~ WEIGHTED<=2
    Decay: w- > b c~ WEIGHTED<=2 
INFO: Generating Feynman diagrams for Process: u c > t t~ u c QED=0 @2
  Decay: t > w+ b WEIGHTED<=2
    Decay: w+ > c d~ WEIGHTED<=2
  Decay: t~ > w- b~ WEIGHTED<=2
    Decay: w- > b c~ WEIGHTED<=2 
INFO: Generating Feynman diagrams for Process: u c > t t~ u c QED=0 @2
  Decay: t > w+ b WEIGHTED<=2
    Decay: w+ > c s~ WEIGHTED<=2
  Decay: t~ > w- b~ WEIGHTED<=2
    Decay: w- > b c~ WEIGHTED<=2 
INFO: Generating Feynman diagrams for Process: u c > t t~ u c QED=0 @2
  Decay: t > w+ b WEIGHTED<=2
    Decay: w+ > c b~ WEIGHTED<=2
  Decay: t~ > w- b~ WEIGHTED<=2
    Decay: w- > b c~ WEIGHTED<=2 
INFO: Generating Feynman diagrams for Process: u u~ > t t~ u u~ QED=0 @2
  Decay: t > w+ b WEIGHTED<=2
    Decay: w+ > u d~ WEIGHTED<=2
  Decay: t~ > w- b~ WEIGHTED<=2
    Decay: w- > d u~ WEIGHTED<=2 
INFO: Generating Feynman diagrams for Process: u u~ > t t~ u u~ QED=0 @2
  Decay: t > w+ b WEIGHTED<=2
    Decay: w+ > u s~ WEIGHTED<=2
  Decay: t~ > w- b~ WEIGHTED<=2
    Decay: w- > d u~ WEIGHTED<=2 
INFO: Generating Feynman diagrams for Process: u u~ > t t~ u u~ QED=0 @2
  Decay: t > w+ b WEIGHTED<=2
    Decay: w+ > u b~ WEIGHTED<=2
  Decay: t~ > w- b~ WEIGHTED<=2
    Decay: w- > d u~ WEIGHTED<=2 
INFO: Generating Feynman diagrams for Process: u u~ > t t~ u u~ QED=0 @2
  Decay: t > w+ b WEIGHTED<=2
    Decay: w+ > c d~ WEIGHTED<=2
  Decay: t~ > w- b~ WEIGHTED<=2
    Decay: w- > d u~ WEIGHTED<=2 
INFO: Generating Feynman diagrams for Process: u u~ > t t~ u u~ QED=0 @2
  Decay: t > w+ b WEIGHTED<=2
    Decay: w+ > c s~ WEIGHTED<=2
  Decay: t~ > w- b~ WEIGHTED<=2
    Decay: w- > d u~ WEIGHTED<=2 
INFO: Generating Feynman diagrams for Process: u u~ > t t~ u u~ QED=0 @2
  Decay: t > w+ b WEIGHTED<=2
    Decay: w+ > c b~ WEIGHTED<=2
  Decay: t~ > w- b~ WEIGHTED<=2
    Decay: w- > d u~ WEIGHTED<=2 
INFO: Generating Feynman diagrams for Process: u u~ > t t~ u u~ QED=0 @2
  Decay: t > w+ b WEIGHTED<=2
    Decay: w+ > u d~ WEIGHTED<=2
  Decay: t~ > w- b~ WEIGHTED<=2
    Decay: w- > d c~ WEIGHTED<=2 
INFO: Generating Feynman diagrams for Process: u u~ > t t~ u u~ QED=0 @2
  Decay: t > w+ b WEIGHTED<=2
    Decay: w+ > u s~ WEIGHTED<=2
  Decay: t~ > w- b~ WEIGHTED<=2
    Decay: w- > d c~ WEIGHTED<=2 
INFO: Generating Feynman diagrams for Process: u u~ > t t~ u u~ QED=0 @2
  Decay: t > w+ b WEIGHTED<=2
    Decay: w+ > u b~ WEIGHTED<=2
  Decay: t~ > w- b~ WEIGHTED<=2
    Decay: w- > d c~ WEIGHTED<=2 
INFO: Generating Feynman diagrams for Process: u u~ > t t~ u u~ QED=0 @2
  Decay: t > w+ b WEIGHTED<=2
    Decay: w+ > c d~ WEIGHTED<=2
  Decay: t~ > w- b~ WEIGHTED<=2
    Decay: w- > d c~ WEIGHTED<=2 
INFO: Generating Feynman diagrams for Process: u u~ > t t~ u u~ QED=0 @2
  Decay: t > w+ b WEIGHTED<=2
    Decay: w+ > c s~ WEIGHTED<=2
  Decay: t~ > w- b~ WEIGHTED<=2
    Decay: w- > d c~ WEIGHTED<=2 
INFO: Generating Feynman diagrams for Process: u u~ > t t~ u u~ QED=0 @2
  Decay: t > w+ b WEIGHTED<=2
    Decay: w+ > c b~ WEIGHTED<=2
  Decay: t~ > w- b~ WEIGHTED<=2
    Decay: w- > d c~ WEIGHTED<=2 
INFO: Generating Feynman diagrams for Process: u u~ > t t~ u u~ QED=0 @2
  Decay: t > w+ b WEIGHTED<=2
    Decay: w+ > u d~ WEIGHTED<=2
  Decay: t~ > w- b~ WEIGHTED<=2
    Decay: w- > s u~ WEIGHTED<=2 
INFO: Generating Feynman diagrams for Process: u u~ > t t~ u u~ QED=0 @2
  Decay: t > w+ b WEIGHTED<=2
    Decay: w+ > u s~ WEIGHTED<=2
  Decay: t~ > w- b~ WEIGHTED<=2
    Decay: w- > s u~ WEIGHTED<=2 
INFO: Generating Feynman diagrams for Process: u u~ > t t~ u u~ QED=0 @2
  Decay: t > w+ b WEIGHTED<=2
    Decay: w+ > u b~ WEIGHTED<=2
  Decay: t~ > w- b~ WEIGHTED<=2
    Decay: w- > s u~ WEIGHTED<=2 
INFO: Generating Feynman diagrams for Process: u u~ > t t~ u u~ QED=0 @2
  Decay: t > w+ b WEIGHTED<=2
    Decay: w+ > c d~ WEIGHTED<=2
  Decay: t~ > w- b~ WEIGHTED<=2
    Decay: w- > s u~ WEIGHTED<=2 
INFO: Generating Feynman diagrams for Process: u u~ > t t~ u u~ QED=0 @2
  Decay: t > w+ b WEIGHTED<=2
    Decay: w+ > c s~ WEIGHTED<=2
  Decay: t~ > w- b~ WEIGHTED<=2
    Decay: w- > s u~ WEIGHTED<=2 
INFO: Generating Feynman diagrams for Process: u u~ > t t~ u u~ QED=0 @2
  Decay: t > w+ b WEIGHTED<=2
    Decay: w+ > c b~ WEIGHTED<=2
  Decay: t~ > w- b~ WEIGHTED<=2
    Decay: w- > s u~ WEIGHTED<=2 
INFO: Generating Feynman diagrams for Process: u u~ > t t~ u u~ QED=0 @2
  Decay: t > w+ b WEIGHTED<=2
    Decay: w+ > u d~ WEIGHTED<=2
  Decay: t~ > w- b~ WEIGHTED<=2
    Decay: w- > s c~ WEIGHTED<=2 
INFO: Generating Feynman diagrams for Process: u u~ > t t~ u u~ QED=0 @2
  Decay: t > w+ b WEIGHTED<=2
    Decay: w+ > u s~ WEIGHTED<=2
  Decay: t~ > w- b~ WEIGHTED<=2
    Decay: w- > s c~ WEIGHTED<=2 
INFO: Generating Feynman diagrams for Process: u u~ > t t~ u u~ QED=0 @2
  Decay: t > w+ b WEIGHTED<=2
    Decay: w+ > u b~ WEIGHTED<=2
  Decay: t~ > w- b~ WEIGHTED<=2
    Decay: w- > s c~ WEIGHTED<=2 
INFO: Generating Feynman diagrams for Process: u u~ > t t~ u u~ QED=0 @2
  Decay: t > w+ b WEIGHTED<=2
    Decay: w+ > c d~ WEIGHTED<=2
  Decay: t~ > w- b~ WEIGHTED<=2
    Decay: w- > s c~ WEIGHTED<=2 
INFO: Generating Feynman diagrams for Process: u u~ > t t~ u u~ QED=0 @2
  Decay: t > w+ b WEIGHTED<=2
    Decay: w+ > c s~ WEIGHTED<=2
  Decay: t~ > w- b~ WEIGHTED<=2
    Decay: w- > s c~ WEIGHTED<=2 
INFO: Generating Feynman diagrams for Process: u u~ > t t~ u u~ QED=0 @2
  Decay: t > w+ b WEIGHTED<=2
    Decay: w+ > c b~ WEIGHTED<=2
  Decay: t~ > w- b~ WEIGHTED<=2
    Decay: w- > s c~ WEIGHTED<=2 
INFO: Generating Feynman diagrams for Process: u u~ > t t~ u u~ QED=0 @2
  Decay: t > w+ b WEIGHTED<=2
    Decay: w+ > u d~ WEIGHTED<=2
  Decay: t~ > w- b~ WEIGHTED<=2
    Decay: w- > b u~ WEIGHTED<=2 
INFO: Generating Feynman diagrams for Process: u u~ > t t~ u u~ QED=0 @2
  Decay: t > w+ b WEIGHTED<=2
    Decay: w+ > u s~ WEIGHTED<=2
  Decay: t~ > w- b~ WEIGHTED<=2
    Decay: w- > b u~ WEIGHTED<=2 
INFO: Generating Feynman diagrams for Process: u u~ > t t~ u u~ QED=0 @2
  Decay: t > w+ b WEIGHTED<=2
    Decay: w+ > u b~ WEIGHTED<=2
  Decay: t~ > w- b~ WEIGHTED<=2
    Decay: w- > b u~ WEIGHTED<=2 
INFO: Generating Feynman diagrams for Process: u u~ > t t~ u u~ QED=0 @2
  Decay: t > w+ b WEIGHTED<=2
    Decay: w+ > c d~ WEIGHTED<=2
  Decay: t~ > w- b~ WEIGHTED<=2
    Decay: w- > b u~ WEIGHTED<=2 
INFO: Generating Feynman diagrams for Process: u u~ > t t~ u u~ QED=0 @2
  Decay: t > w+ b WEIGHTED<=2
    Decay: w+ > c s~ WEIGHTED<=2
  Decay: t~ > w- b~ WEIGHTED<=2
    Decay: w- > b u~ WEIGHTED<=2 
INFO: Generating Feynman diagrams for Process: u u~ > t t~ u u~ QED=0 @2
  Decay: t > w+ b WEIGHTED<=2
    Decay: w+ > c b~ WEIGHTED<=2
  Decay: t~ > w- b~ WEIGHTED<=2
    Decay: w- > b u~ WEIGHTED<=2 
INFO: Generating Feynman diagrams for Process: u u~ > t t~ u u~ QED=0 @2
  Decay: t > w+ b WEIGHTED<=2
    Decay: w+ > u d~ WEIGHTED<=2
  Decay: t~ > w- b~ WEIGHTED<=2
    Decay: w- > b c~ WEIGHTED<=2 
INFO: Generating Feynman diagrams for Process: u u~ > t t~ u u~ QED=0 @2
  Decay: t > w+ b WEIGHTED<=2
    Decay: w+ > u s~ WEIGHTED<=2
  Decay: t~ > w- b~ WEIGHTED<=2
    Decay: w- > b c~ WEIGHTED<=2 
INFO: Generating Feynman diagrams for Process: u u~ > t t~ u u~ QED=0 @2
  Decay: t > w+ b WEIGHTED<=2
    Decay: w+ > u b~ WEIGHTED<=2
  Decay: t~ > w- b~ WEIGHTED<=2
    Decay: w- > b c~ WEIGHTED<=2 
INFO: Generating Feynman diagrams for Process: u u~ > t t~ u u~ QED=0 @2
  Decay: t > w+ b WEIGHTED<=2
    Decay: w+ > c d~ WEIGHTED<=2
  Decay: t~ > w- b~ WEIGHTED<=2
    Decay: w- > b c~ WEIGHTED<=2 
INFO: Generating Feynman diagrams for Process: u u~ > t t~ u u~ QED=0 @2
  Decay: t > w+ b WEIGHTED<=2
    Decay: w+ > c s~ WEIGHTED<=2
  Decay: t~ > w- b~ WEIGHTED<=2
    Decay: w- > b c~ WEIGHTED<=2 
INFO: Generating Feynman diagrams for Process: u u~ > t t~ u u~ QED=0 @2
  Decay: t > w+ b WEIGHTED<=2
    Decay: w+ > c b~ WEIGHTED<=2
  Decay: t~ > w- b~ WEIGHTED<=2
    Decay: w- > b c~ WEIGHTED<=2 
INFO: Generating Feynman diagrams for Process: u u~ > t t~ c c~ QED=0 @2
  Decay: t > w+ b WEIGHTED<=2
    Decay: w+ > u d~ WEIGHTED<=2
  Decay: t~ > w- b~ WEIGHTED<=2
    Decay: w- > d u~ WEIGHTED<=2 
INFO: Generating Feynman diagrams for Process: u u~ > t t~ c c~ QED=0 @2
  Decay: t > w+ b WEIGHTED<=2
    Decay: w+ > u s~ WEIGHTED<=2
  Decay: t~ > w- b~ WEIGHTED<=2
    Decay: w- > d u~ WEIGHTED<=2 
INFO: Generating Feynman diagrams for Process: u u~ > t t~ c c~ QED=0 @2
  Decay: t > w+ b WEIGHTED<=2
    Decay: w+ > u b~ WEIGHTED<=2
  Decay: t~ > w- b~ WEIGHTED<=2
    Decay: w- > d u~ WEIGHTED<=2 
INFO: Generating Feynman diagrams for Process: u u~ > t t~ c c~ QED=0 @2
  Decay: t > w+ b WEIGHTED<=2
    Decay: w+ > c d~ WEIGHTED<=2
  Decay: t~ > w- b~ WEIGHTED<=2
    Decay: w- > d u~ WEIGHTED<=2 
INFO: Generating Feynman diagrams for Process: u u~ > t t~ c c~ QED=0 @2
  Decay: t > w+ b WEIGHTED<=2
    Decay: w+ > c s~ WEIGHTED<=2
  Decay: t~ > w- b~ WEIGHTED<=2
    Decay: w- > d u~ WEIGHTED<=2 
INFO: Generating Feynman diagrams for Process: u u~ > t t~ c c~ QED=0 @2
  Decay: t > w+ b WEIGHTED<=2
    Decay: w+ > c b~ WEIGHTED<=2
  Decay: t~ > w- b~ WEIGHTED<=2
    Decay: w- > d u~ WEIGHTED<=2 
INFO: Generating Feynman diagrams for Process: u u~ > t t~ c c~ QED=0 @2
  Decay: t > w+ b WEIGHTED<=2
    Decay: w+ > u d~ WEIGHTED<=2
  Decay: t~ > w- b~ WEIGHTED<=2
    Decay: w- > d c~ WEIGHTED<=2 
INFO: Generating Feynman diagrams for Process: u u~ > t t~ c c~ QED=0 @2
  Decay: t > w+ b WEIGHTED<=2
    Decay: w+ > u s~ WEIGHTED<=2
  Decay: t~ > w- b~ WEIGHTED<=2
    Decay: w- > d c~ WEIGHTED<=2 
INFO: Generating Feynman diagrams for Process: u u~ > t t~ c c~ QED=0 @2
  Decay: t > w+ b WEIGHTED<=2
    Decay: w+ > u b~ WEIGHTED<=2
  Decay: t~ > w- b~ WEIGHTED<=2
    Decay: w- > d c~ WEIGHTED<=2 
INFO: Generating Feynman diagrams for Process: u u~ > t t~ c c~ QED=0 @2
  Decay: t > w+ b WEIGHTED<=2
    Decay: w+ > c d~ WEIGHTED<=2
  Decay: t~ > w- b~ WEIGHTED<=2
    Decay: w- > d c~ WEIGHTED<=2 
INFO: Generating Feynman diagrams for Process: u u~ > t t~ c c~ QED=0 @2
  Decay: t > w+ b WEIGHTED<=2
    Decay: w+ > c s~ WEIGHTED<=2
  Decay: t~ > w- b~ WEIGHTED<=2
    Decay: w- > d c~ WEIGHTED<=2 
INFO: Generating Feynman diagrams for Process: u u~ > t t~ c c~ QED=0 @2
  Decay: t > w+ b WEIGHTED<=2
    Decay: w+ > c b~ WEIGHTED<=2
  Decay: t~ > w- b~ WEIGHTED<=2
    Decay: w- > d c~ WEIGHTED<=2 
INFO: Generating Feynman diagrams for Process: u u~ > t t~ c c~ QED=0 @2
  Decay: t > w+ b WEIGHTED<=2
    Decay: w+ > u d~ WEIGHTED<=2
  Decay: t~ > w- b~ WEIGHTED<=2
    Decay: w- > s u~ WEIGHTED<=2 
INFO: Generating Feynman diagrams for Process: u u~ > t t~ c c~ QED=0 @2
  Decay: t > w+ b WEIGHTED<=2
    Decay: w+ > u s~ WEIGHTED<=2
  Decay: t~ > w- b~ WEIGHTED<=2
    Decay: w- > s u~ WEIGHTED<=2 
INFO: Generating Feynman diagrams for Process: u u~ > t t~ c c~ QED=0 @2
  Decay: t > w+ b WEIGHTED<=2
    Decay: w+ > u b~ WEIGHTED<=2
  Decay: t~ > w- b~ WEIGHTED<=2
    Decay: w- > s u~ WEIGHTED<=2 
INFO: Generating Feynman diagrams for Process: u u~ > t t~ c c~ QED=0 @2
  Decay: t > w+ b WEIGHTED<=2
    Decay: w+ > c d~ WEIGHTED<=2
  Decay: t~ > w- b~ WEIGHTED<=2
    Decay: w- > s u~ WEIGHTED<=2 
INFO: Generating Feynman diagrams for Process: u u~ > t t~ c c~ QED=0 @2
  Decay: t > w+ b WEIGHTED<=2
    Decay: w+ > c s~ WEIGHTED<=2
  Decay: t~ > w- b~ WEIGHTED<=2
    Decay: w- > s u~ WEIGHTED<=2 
INFO: Generating Feynman diagrams for Process: u u~ > t t~ c c~ QED=0 @2
  Decay: t > w+ b WEIGHTED<=2
    Decay: w+ > c b~ WEIGHTED<=2
  Decay: t~ > w- b~ WEIGHTED<=2
    Decay: w- > s u~ WEIGHTED<=2 
INFO: Generating Feynman diagrams for Process: u u~ > t t~ c c~ QED=0 @2
  Decay: t > w+ b WEIGHTED<=2
    Decay: w+ > u d~ WEIGHTED<=2
  Decay: t~ > w- b~ WEIGHTED<=2
    Decay: w- > s c~ WEIGHTED<=2 
INFO: Generating Feynman diagrams for Process: u u~ > t t~ c c~ QED=0 @2
  Decay: t > w+ b WEIGHTED<=2
    Decay: w+ > u s~ WEIGHTED<=2
  Decay: t~ > w- b~ WEIGHTED<=2
    Decay: w- > s c~ WEIGHTED<=2 
INFO: Generating Feynman diagrams for Process: u u~ > t t~ c c~ QED=0 @2
  Decay: t > w+ b WEIGHTED<=2
    Decay: w+ > u b~ WEIGHTED<=2
  Decay: t~ > w- b~ WEIGHTED<=2
    Decay: w- > s c~ WEIGHTED<=2 
INFO: Generating Feynman diagrams for Process: u u~ > t t~ c c~ QED=0 @2
  Decay: t > w+ b WEIGHTED<=2
    Decay: w+ > c d~ WEIGHTED<=2
  Decay: t~ > w- b~ WEIGHTED<=2
    Decay: w- > s c~ WEIGHTED<=2 
INFO: Generating Feynman diagrams for Process: u u~ > t t~ c c~ QED=0 @2
  Decay: t > w+ b WEIGHTED<=2
    Decay: w+ > c s~ WEIGHTED<=2
  Decay: t~ > w- b~ WEIGHTED<=2
    Decay: w- > s c~ WEIGHTED<=2 
INFO: Generating Feynman diagrams for Process: u u~ > t t~ c c~ QED=0 @2
  Decay: t > w+ b WEIGHTED<=2
    Decay: w+ > c b~ WEIGHTED<=2
  Decay: t~ > w- b~ WEIGHTED<=2
    Decay: w- > s c~ WEIGHTED<=2 
INFO: Generating Feynman diagrams for Process: u u~ > t t~ c c~ QED=0 @2
  Decay: t > w+ b WEIGHTED<=2
    Decay: w+ > u d~ WEIGHTED<=2
  Decay: t~ > w- b~ WEIGHTED<=2
    Decay: w- > b u~ WEIGHTED<=2 
INFO: Generating Feynman diagrams for Process: u u~ > t t~ c c~ QED=0 @2
  Decay: t > w+ b WEIGHTED<=2
    Decay: w+ > u s~ WEIGHTED<=2
  Decay: t~ > w- b~ WEIGHTED<=2
    Decay: w- > b u~ WEIGHTED<=2 
INFO: Generating Feynman diagrams for Process: u u~ > t t~ c c~ QED=0 @2
  Decay: t > w+ b WEIGHTED<=2
    Decay: w+ > u b~ WEIGHTED<=2
  Decay: t~ > w- b~ WEIGHTED<=2
    Decay: w- > b u~ WEIGHTED<=2 
INFO: Generating Feynman diagrams for Process: u u~ > t t~ c c~ QED=0 @2
  Decay: t > w+ b WEIGHTED<=2
    Decay: w+ > c d~ WEIGHTED<=2
  Decay: t~ > w- b~ WEIGHTED<=2
    Decay: w- > b u~ WEIGHTED<=2 
INFO: Generating Feynman diagrams for Process: u u~ > t t~ c c~ QED=0 @2
  Decay: t > w+ b WEIGHTED<=2
    Decay: w+ > c s~ WEIGHTED<=2
  Decay: t~ > w- b~ WEIGHTED<=2
    Decay: w- > b u~ WEIGHTED<=2 
INFO: Generating Feynman diagrams for Process: u u~ > t t~ c c~ QED=0 @2
  Decay: t > w+ b WEIGHTED<=2
    Decay: w+ > c b~ WEIGHTED<=2
  Decay: t~ > w- b~ WEIGHTED<=2
    Decay: w- > b u~ WEIGHTED<=2 
INFO: Generating Feynman diagrams for Process: u u~ > t t~ c c~ QED=0 @2
  Decay: t > w+ b WEIGHTED<=2
    Decay: w+ > u d~ WEIGHTED<=2
  Decay: t~ > w- b~ WEIGHTED<=2
    Decay: w- > b c~ WEIGHTED<=2 
INFO: Generating Feynman diagrams for Process: u u~ > t t~ c c~ QED=0 @2
  Decay: t > w+ b WEIGHTED<=2
    Decay: w+ > u s~ WEIGHTED<=2
  Decay: t~ > w- b~ WEIGHTED<=2
    Decay: w- > b c~ WEIGHTED<=2 
INFO: Generating Feynman diagrams for Process: u u~ > t t~ c c~ QED=0 @2
  Decay: t > w+ b WEIGHTED<=2
    Decay: w+ > u b~ WEIGHTED<=2
  Decay: t~ > w- b~ WEIGHTED<=2
    Decay: w- > b c~ WEIGHTED<=2 
INFO: Generating Feynman diagrams for Process: u u~ > t t~ c c~ QED=0 @2
  Decay: t > w+ b WEIGHTED<=2
    Decay: w+ > c d~ WEIGHTED<=2
  Decay: t~ > w- b~ WEIGHTED<=2
    Decay: w- > b c~ WEIGHTED<=2 
INFO: Generating Feynman diagrams for Process: u u~ > t t~ c c~ QED=0 @2
  Decay: t > w+ b WEIGHTED<=2
    Decay: w+ > c s~ WEIGHTED<=2
  Decay: t~ > w- b~ WEIGHTED<=2
    Decay: w- > b c~ WEIGHTED<=2 
INFO: Generating Feynman diagrams for Process: u u~ > t t~ c c~ QED=0 @2
  Decay: t > w+ b WEIGHTED<=2
    Decay: w+ > c b~ WEIGHTED<=2
  Decay: t~ > w- b~ WEIGHTED<=2
    Decay: w- > b c~ WEIGHTED<=2 
INFO: Generating Feynman diagrams for Process: u c~ > t t~ u c~ QED=0 @2
  Decay: t > w+ b WEIGHTED<=2
    Decay: w+ > u d~ WEIGHTED<=2
  Decay: t~ > w- b~ WEIGHTED<=2
    Decay: w- > d u~ WEIGHTED<=2 
INFO: Generating Feynman diagrams for Process: u c~ > t t~ u c~ QED=0 @2
  Decay: t > w+ b WEIGHTED<=2
    Decay: w+ > u s~ WEIGHTED<=2
  Decay: t~ > w- b~ WEIGHTED<=2
    Decay: w- > d u~ WEIGHTED<=2 
INFO: Generating Feynman diagrams for Process: u c~ > t t~ u c~ QED=0 @2
  Decay: t > w+ b WEIGHTED<=2
    Decay: w+ > u b~ WEIGHTED<=2
  Decay: t~ > w- b~ WEIGHTED<=2
    Decay: w- > d u~ WEIGHTED<=2 
INFO: Generating Feynman diagrams for Process: u c~ > t t~ u c~ QED=0 @2
  Decay: t > w+ b WEIGHTED<=2
    Decay: w+ > c d~ WEIGHTED<=2
  Decay: t~ > w- b~ WEIGHTED<=2
    Decay: w- > d u~ WEIGHTED<=2 
INFO: Generating Feynman diagrams for Process: u c~ > t t~ u c~ QED=0 @2
  Decay: t > w+ b WEIGHTED<=2
    Decay: w+ > c s~ WEIGHTED<=2
  Decay: t~ > w- b~ WEIGHTED<=2
    Decay: w- > d u~ WEIGHTED<=2 
INFO: Generating Feynman diagrams for Process: u c~ > t t~ u c~ QED=0 @2
  Decay: t > w+ b WEIGHTED<=2
    Decay: w+ > c b~ WEIGHTED<=2
  Decay: t~ > w- b~ WEIGHTED<=2
    Decay: w- > d u~ WEIGHTED<=2 
INFO: Generating Feynman diagrams for Process: u c~ > t t~ u c~ QED=0 @2
  Decay: t > w+ b WEIGHTED<=2
    Decay: w+ > u d~ WEIGHTED<=2
  Decay: t~ > w- b~ WEIGHTED<=2
    Decay: w- > d c~ WEIGHTED<=2 
INFO: Generating Feynman diagrams for Process: u c~ > t t~ u c~ QED=0 @2
  Decay: t > w+ b WEIGHTED<=2
    Decay: w+ > u s~ WEIGHTED<=2
  Decay: t~ > w- b~ WEIGHTED<=2
    Decay: w- > d c~ WEIGHTED<=2 
INFO: Generating Feynman diagrams for Process: u c~ > t t~ u c~ QED=0 @2
  Decay: t > w+ b WEIGHTED<=2
    Decay: w+ > u b~ WEIGHTED<=2
  Decay: t~ > w- b~ WEIGHTED<=2
    Decay: w- > d c~ WEIGHTED<=2 
INFO: Generating Feynman diagrams for Process: u c~ > t t~ u c~ QED=0 @2
  Decay: t > w+ b WEIGHTED<=2
    Decay: w+ > c d~ WEIGHTED<=2
  Decay: t~ > w- b~ WEIGHTED<=2
    Decay: w- > d c~ WEIGHTED<=2 
INFO: Generating Feynman diagrams for Process: u c~ > t t~ u c~ QED=0 @2
  Decay: t > w+ b WEIGHTED<=2
    Decay: w+ > c s~ WEIGHTED<=2
  Decay: t~ > w- b~ WEIGHTED<=2
    Decay: w- > d c~ WEIGHTED<=2 
INFO: Generating Feynman diagrams for Process: u c~ > t t~ u c~ QED=0 @2
  Decay: t > w+ b WEIGHTED<=2
    Decay: w+ > c b~ WEIGHTED<=2
  Decay: t~ > w- b~ WEIGHTED<=2
    Decay: w- > d c~ WEIGHTED<=2 
INFO: Generating Feynman diagrams for Process: u c~ > t t~ u c~ QED=0 @2
  Decay: t > w+ b WEIGHTED<=2
    Decay: w+ > u d~ WEIGHTED<=2
  Decay: t~ > w- b~ WEIGHTED<=2
    Decay: w- > s u~ WEIGHTED<=2 
INFO: Generating Feynman diagrams for Process: u c~ > t t~ u c~ QED=0 @2
  Decay: t > w+ b WEIGHTED<=2
    Decay: w+ > u s~ WEIGHTED<=2
  Decay: t~ > w- b~ WEIGHTED<=2
    Decay: w- > s u~ WEIGHTED<=2 
INFO: Generating Feynman diagrams for Process: u c~ > t t~ u c~ QED=0 @2
  Decay: t > w+ b WEIGHTED<=2
    Decay: w+ > u b~ WEIGHTED<=2
  Decay: t~ > w- b~ WEIGHTED<=2
    Decay: w- > s u~ WEIGHTED<=2 
INFO: Generating Feynman diagrams for Process: u c~ > t t~ u c~ QED=0 @2
  Decay: t > w+ b WEIGHTED<=2
    Decay: w+ > c d~ WEIGHTED<=2
  Decay: t~ > w- b~ WEIGHTED<=2
    Decay: w- > s u~ WEIGHTED<=2 
INFO: Generating Feynman diagrams for Process: u c~ > t t~ u c~ QED=0 @2
  Decay: t > w+ b WEIGHTED<=2
    Decay: w+ > c s~ WEIGHTED<=2
  Decay: t~ > w- b~ WEIGHTED<=2
    Decay: w- > s u~ WEIGHTED<=2 
INFO: Generating Feynman diagrams for Process: u c~ > t t~ u c~ QED=0 @2
  Decay: t > w+ b WEIGHTED<=2
    Decay: w+ > c b~ WEIGHTED<=2
  Decay: t~ > w- b~ WEIGHTED<=2
    Decay: w- > s u~ WEIGHTED<=2 
INFO: Generating Feynman diagrams for Process: u c~ > t t~ u c~ QED=0 @2
  Decay: t > w+ b WEIGHTED<=2
    Decay: w+ > u d~ WEIGHTED<=2
  Decay: t~ > w- b~ WEIGHTED<=2
    Decay: w- > s c~ WEIGHTED<=2 
INFO: Generating Feynman diagrams for Process: u c~ > t t~ u c~ QED=0 @2
  Decay: t > w+ b WEIGHTED<=2
    Decay: w+ > u s~ WEIGHTED<=2
  Decay: t~ > w- b~ WEIGHTED<=2
    Decay: w- > s c~ WEIGHTED<=2 
INFO: Generating Feynman diagrams for Process: u c~ > t t~ u c~ QED=0 @2
  Decay: t > w+ b WEIGHTED<=2
    Decay: w+ > u b~ WEIGHTED<=2
  Decay: t~ > w- b~ WEIGHTED<=2
    Decay: w- > s c~ WEIGHTED<=2 
INFO: Generating Feynman diagrams for Process: u c~ > t t~ u c~ QED=0 @2
  Decay: t > w+ b WEIGHTED<=2
    Decay: w+ > c d~ WEIGHTED<=2
  Decay: t~ > w- b~ WEIGHTED<=2
    Decay: w- > s c~ WEIGHTED<=2 
INFO: Generating Feynman diagrams for Process: u c~ > t t~ u c~ QED=0 @2
  Decay: t > w+ b WEIGHTED<=2
    Decay: w+ > c s~ WEIGHTED<=2
  Decay: t~ > w- b~ WEIGHTED<=2
    Decay: w- > s c~ WEIGHTED<=2 
INFO: Generating Feynman diagrams for Process: u c~ > t t~ u c~ QED=0 @2
  Decay: t > w+ b WEIGHTED<=2
    Decay: w+ > c b~ WEIGHTED<=2
  Decay: t~ > w- b~ WEIGHTED<=2
    Decay: w- > s c~ WEIGHTED<=2 
INFO: Generating Feynman diagrams for Process: u c~ > t t~ u c~ QED=0 @2
  Decay: t > w+ b WEIGHTED<=2
    Decay: w+ > u d~ WEIGHTED<=2
  Decay: t~ > w- b~ WEIGHTED<=2
    Decay: w- > b u~ WEIGHTED<=2 
INFO: Generating Feynman diagrams for Process: u c~ > t t~ u c~ QED=0 @2
  Decay: t > w+ b WEIGHTED<=2
    Decay: w+ > u s~ WEIGHTED<=2
  Decay: t~ > w- b~ WEIGHTED<=2
    Decay: w- > b u~ WEIGHTED<=2 
INFO: Generating Feynman diagrams for Process: u c~ > t t~ u c~ QED=0 @2
  Decay: t > w+ b WEIGHTED<=2
    Decay: w+ > u b~ WEIGHTED<=2
  Decay: t~ > w- b~ WEIGHTED<=2
    Decay: w- > b u~ WEIGHTED<=2 
INFO: Generating Feynman diagrams for Process: u c~ > t t~ u c~ QED=0 @2
  Decay: t > w+ b WEIGHTED<=2
    Decay: w+ > c d~ WEIGHTED<=2
  Decay: t~ > w- b~ WEIGHTED<=2
    Decay: w- > b u~ WEIGHTED<=2 
INFO: Generating Feynman diagrams for Process: u c~ > t t~ u c~ QED=0 @2
  Decay: t > w+ b WEIGHTED<=2
    Decay: w+ > c s~ WEIGHTED<=2
  Decay: t~ > w- b~ WEIGHTED<=2
    Decay: w- > b u~ WEIGHTED<=2 
INFO: Generating Feynman diagrams for Process: u c~ > t t~ u c~ QED=0 @2
  Decay: t > w+ b WEIGHTED<=2
    Decay: w+ > c b~ WEIGHTED<=2
  Decay: t~ > w- b~ WEIGHTED<=2
    Decay: w- > b u~ WEIGHTED<=2 
INFO: Generating Feynman diagrams for Process: u c~ > t t~ u c~ QED=0 @2
  Decay: t > w+ b WEIGHTED<=2
    Decay: w+ > u d~ WEIGHTED<=2
  Decay: t~ > w- b~ WEIGHTED<=2
    Decay: w- > b c~ WEIGHTED<=2 
INFO: Generating Feynman diagrams for Process: u c~ > t t~ u c~ QED=0 @2
  Decay: t > w+ b WEIGHTED<=2
    Decay: w+ > u s~ WEIGHTED<=2
  Decay: t~ > w- b~ WEIGHTED<=2
    Decay: w- > b c~ WEIGHTED<=2 
INFO: Generating Feynman diagrams for Process: u c~ > t t~ u c~ QED=0 @2
  Decay: t > w+ b WEIGHTED<=2
    Decay: w+ > u b~ WEIGHTED<=2
  Decay: t~ > w- b~ WEIGHTED<=2
    Decay: w- > b c~ WEIGHTED<=2 
INFO: Generating Feynman diagrams for Process: u c~ > t t~ u c~ QED=0 @2
  Decay: t > w+ b WEIGHTED<=2
    Decay: w+ > c d~ WEIGHTED<=2
  Decay: t~ > w- b~ WEIGHTED<=2
    Decay: w- > b c~ WEIGHTED<=2 
INFO: Generating Feynman diagrams for Process: u c~ > t t~ u c~ QED=0 @2
  Decay: t > w+ b WEIGHTED<=2
    Decay: w+ > c s~ WEIGHTED<=2
  Decay: t~ > w- b~ WEIGHTED<=2
    Decay: w- > b c~ WEIGHTED<=2 
INFO: Generating Feynman diagrams for Process: u c~ > t t~ u c~ QED=0 @2
  Decay: t > w+ b WEIGHTED<=2
    Decay: w+ > c b~ WEIGHTED<=2
  Decay: t~ > w- b~ WEIGHTED<=2
    Decay: w- > b c~ WEIGHTED<=2 
INFO: Generating Feynman diagrams for Process: u~ u~ > t t~ u~ u~ QED=0 @2
  Decay: t > w+ b WEIGHTED<=2
    Decay: w+ > u d~ WEIGHTED<=2
  Decay: t~ > w- b~ WEIGHTED<=2
    Decay: w- > d u~ WEIGHTED<=2 
INFO: Generating Feynman diagrams for Process: u~ u~ > t t~ u~ u~ QED=0 @2
  Decay: t > w+ b WEIGHTED<=2
    Decay: w+ > u s~ WEIGHTED<=2
  Decay: t~ > w- b~ WEIGHTED<=2
    Decay: w- > d u~ WEIGHTED<=2 
INFO: Generating Feynman diagrams for Process: u~ u~ > t t~ u~ u~ QED=0 @2
  Decay: t > w+ b WEIGHTED<=2
    Decay: w+ > u b~ WEIGHTED<=2
  Decay: t~ > w- b~ WEIGHTED<=2
    Decay: w- > d u~ WEIGHTED<=2 
INFO: Generating Feynman diagrams for Process: u~ u~ > t t~ u~ u~ QED=0 @2
  Decay: t > w+ b WEIGHTED<=2
    Decay: w+ > c d~ WEIGHTED<=2
  Decay: t~ > w- b~ WEIGHTED<=2
    Decay: w- > d u~ WEIGHTED<=2 
INFO: Generating Feynman diagrams for Process: u~ u~ > t t~ u~ u~ QED=0 @2
  Decay: t > w+ b WEIGHTED<=2
    Decay: w+ > c b~ WEIGHTED<=2
  Decay: t~ > w- b~ WEIGHTED<=2
    Decay: w- > d u~ WEIGHTED<=2 
INFO: Generating Feynman diagrams for Process: u~ u~ > t t~ u~ u~ QED=0 @2
  Decay: t > w+ b WEIGHTED<=2
    Decay: w+ > u d~ WEIGHTED<=2
  Decay: t~ > w- b~ WEIGHTED<=2
    Decay: w- > d c~ WEIGHTED<=2 
INFO: Generating Feynman diagrams for Process: u~ u~ > t t~ u~ u~ QED=0 @2
  Decay: t > w+ b WEIGHTED<=2
    Decay: w+ > u s~ WEIGHTED<=2
  Decay: t~ > w- b~ WEIGHTED<=2
    Decay: w- > d c~ WEIGHTED<=2 
INFO: Generating Feynman diagrams for Process: u~ u~ > t t~ u~ u~ QED=0 @2
  Decay: t > w+ b WEIGHTED<=2
    Decay: w+ > u b~ WEIGHTED<=2
  Decay: t~ > w- b~ WEIGHTED<=2
    Decay: w- > d c~ WEIGHTED<=2 
INFO: Generating Feynman diagrams for Process: u~ u~ > t t~ u~ u~ QED=0 @2
  Decay: t > w+ b WEIGHTED<=2
    Decay: w+ > c d~ WEIGHTED<=2
  Decay: t~ > w- b~ WEIGHTED<=2
    Decay: w- > d c~ WEIGHTED<=2 
INFO: Generating Feynman diagrams for Process: u~ u~ > t t~ u~ u~ QED=0 @2
  Decay: t > w+ b WEIGHTED<=2
    Decay: w+ > c b~ WEIGHTED<=2
  Decay: t~ > w- b~ WEIGHTED<=2
    Decay: w- > d c~ WEIGHTED<=2 
INFO: Generating Feynman diagrams for Process: u~ u~ > t t~ u~ u~ QED=0 @2
  Decay: t > w+ b WEIGHTED<=2
    Decay: w+ > u d~ WEIGHTED<=2
  Decay: t~ > w- b~ WEIGHTED<=2
    Decay: w- > s u~ WEIGHTED<=2 
INFO: Generating Feynman diagrams for Process: u~ u~ > t t~ u~ u~ QED=0 @2
  Decay: t > w+ b WEIGHTED<=2
    Decay: w+ > u s~ WEIGHTED<=2
  Decay: t~ > w- b~ WEIGHTED<=2
    Decay: w- > s u~ WEIGHTED<=2 
INFO: Generating Feynman diagrams for Process: u~ u~ > t t~ u~ u~ QED=0 @2
  Decay: t > w+ b WEIGHTED<=2
    Decay: w+ > u b~ WEIGHTED<=2
  Decay: t~ > w- b~ WEIGHTED<=2
    Decay: w- > s u~ WEIGHTED<=2 
INFO: Generating Feynman diagrams for Process: u~ u~ > t t~ u~ u~ QED=0 @2
  Decay: t > w+ b WEIGHTED<=2
    Decay: w+ > c d~ WEIGHTED<=2
  Decay: t~ > w- b~ WEIGHTED<=2
    Decay: w- > s u~ WEIGHTED<=2 
INFO: Generating Feynman diagrams for Process: u~ u~ > t t~ u~ u~ QED=0 @2
  Decay: t > w+ b WEIGHTED<=2
    Decay: w+ > c b~ WEIGHTED<=2
  Decay: t~ > w- b~ WEIGHTED<=2
    Decay: w- > s u~ WEIGHTED<=2 
INFO: Generating Feynman diagrams for Process: u~ u~ > t t~ u~ u~ QED=0 @2
  Decay: t > w+ b WEIGHTED<=2
    Decay: w+ > u d~ WEIGHTED<=2
  Decay: t~ > w- b~ WEIGHTED<=2
    Decay: w- > s c~ WEIGHTED<=2 
INFO: Generating Feynman diagrams for Process: u~ u~ > t t~ u~ u~ QED=0 @2
  Decay: t > w+ b WEIGHTED<=2
    Decay: w+ > u s~ WEIGHTED<=2
  Decay: t~ > w- b~ WEIGHTED<=2
    Decay: w- > s c~ WEIGHTED<=2 
INFO: Generating Feynman diagrams for Process: u~ u~ > t t~ u~ u~ QED=0 @2
  Decay: t > w+ b WEIGHTED<=2
    Decay: w+ > u b~ WEIGHTED<=2
  Decay: t~ > w- b~ WEIGHTED<=2
    Decay: w- > s c~ WEIGHTED<=2 
INFO: Generating Feynman diagrams for Process: u~ u~ > t t~ u~ u~ QED=0 @2
  Decay: t > w+ b WEIGHTED<=2
    Decay: w+ > c d~ WEIGHTED<=2
  Decay: t~ > w- b~ WEIGHTED<=2
    Decay: w- > s c~ WEIGHTED<=2 
INFO: Generating Feynman diagrams for Process: u~ u~ > t t~ u~ u~ QED=0 @2
  Decay: t > w+ b WEIGHTED<=2
    Decay: w+ > c b~ WEIGHTED<=2
  Decay: t~ > w- b~ WEIGHTED<=2
    Decay: w- > s c~ WEIGHTED<=2 
INFO: Generating Feynman diagrams for Process: u~ u~ > t t~ u~ u~ QED=0 @2
  Decay: t > w+ b WEIGHTED<=2
    Decay: w+ > u d~ WEIGHTED<=2
  Decay: t~ > w- b~ WEIGHTED<=2
    Decay: w- > b u~ WEIGHTED<=2 
INFO: Generating Feynman diagrams for Process: u~ u~ > t t~ u~ u~ QED=0 @2
  Decay: t > w+ b WEIGHTED<=2
    Decay: w+ > u s~ WEIGHTED<=2
  Decay: t~ > w- b~ WEIGHTED<=2
    Decay: w- > b u~ WEIGHTED<=2 
INFO: Generating Feynman diagrams for Process: u~ u~ > t t~ u~ u~ QED=0 @2
  Decay: t > w+ b WEIGHTED<=2
    Decay: w+ > u b~ WEIGHTED<=2
  Decay: t~ > w- b~ WEIGHTED<=2
    Decay: w- > b u~ WEIGHTED<=2 
INFO: Generating Feynman diagrams for Process: u~ u~ > t t~ u~ u~ QED=0 @2
  Decay: t > w+ b WEIGHTED<=2
    Decay: w+ > c d~ WEIGHTED<=2
  Decay: t~ > w- b~ WEIGHTED<=2
    Decay: w- > b u~ WEIGHTED<=2 
INFO: Generating Feynman diagrams for Process: u~ u~ > t t~ u~ u~ QED=0 @2
  Decay: t > w+ b WEIGHTED<=2
    Decay: w+ > c b~ WEIGHTED<=2
  Decay: t~ > w- b~ WEIGHTED<=2
    Decay: w- > b u~ WEIGHTED<=2 
INFO: Generating Feynman diagrams for Process: u~ u~ > t t~ u~ u~ QED=0 @2
  Decay: t > w+ b WEIGHTED<=2
    Decay: w+ > u d~ WEIGHTED<=2
  Decay: t~ > w- b~ WEIGHTED<=2
    Decay: w- > b c~ WEIGHTED<=2 
INFO: Generating Feynman diagrams for Process: u~ u~ > t t~ u~ u~ QED=0 @2
  Decay: t > w+ b WEIGHTED<=2
    Decay: w+ > u s~ WEIGHTED<=2
  Decay: t~ > w- b~ WEIGHTED<=2
    Decay: w- > b c~ WEIGHTED<=2 
INFO: Generating Feynman diagrams for Process: u~ u~ > t t~ u~ u~ QED=0 @2
  Decay: t > w+ b WEIGHTED<=2
    Decay: w+ > u b~ WEIGHTED<=2
  Decay: t~ > w- b~ WEIGHTED<=2
    Decay: w- > b c~ WEIGHTED<=2 
INFO: Generating Feynman diagrams for Process: u~ u~ > t t~ u~ u~ QED=0 @2
  Decay: t > w+ b WEIGHTED<=2
    Decay: w+ > c d~ WEIGHTED<=2
  Decay: t~ > w- b~ WEIGHTED<=2
    Decay: w- > b c~ WEIGHTED<=2 
INFO: Generating Feynman diagrams for Process: u~ u~ > t t~ u~ u~ QED=0 @2
  Decay: t > w+ b WEIGHTED<=2
    Decay: w+ > c b~ WEIGHTED<=2
  Decay: t~ > w- b~ WEIGHTED<=2
    Decay: w- > b c~ WEIGHTED<=2 
INFO: Generating Feynman diagrams for Process: u~ c~ > t t~ u~ c~ QED=0 @2
  Decay: t > w+ b WEIGHTED<=2
    Decay: w+ > u d~ WEIGHTED<=2
  Decay: t~ > w- b~ WEIGHTED<=2
    Decay: w- > d u~ WEIGHTED<=2 
INFO: Generating Feynman diagrams for Process: u~ c~ > t t~ u~ c~ QED=0 @2
  Decay: t > w+ b WEIGHTED<=2
    Decay: w+ > u s~ WEIGHTED<=2
  Decay: t~ > w- b~ WEIGHTED<=2
    Decay: w- > d u~ WEIGHTED<=2 
INFO: Generating Feynman diagrams for Process: u~ c~ > t t~ u~ c~ QED=0 @2
  Decay: t > w+ b WEIGHTED<=2
    Decay: w+ > u b~ WEIGHTED<=2
  Decay: t~ > w- b~ WEIGHTED<=2
    Decay: w- > d u~ WEIGHTED<=2 
INFO: Generating Feynman diagrams for Process: u~ c~ > t t~ u~ c~ QED=0 @2
  Decay: t > w+ b WEIGHTED<=2
    Decay: w+ > c d~ WEIGHTED<=2
  Decay: t~ > w- b~ WEIGHTED<=2
    Decay: w- > d u~ WEIGHTED<=2 
INFO: Generating Feynman diagrams for Process: u~ c~ > t t~ u~ c~ QED=0 @2
  Decay: t > w+ b WEIGHTED<=2
    Decay: w+ > c b~ WEIGHTED<=2
  Decay: t~ > w- b~ WEIGHTED<=2
    Decay: w- > d u~ WEIGHTED<=2 
INFO: Generating Feynman diagrams for Process: u~ c~ > t t~ u~ c~ QED=0 @2
  Decay: t > w+ b WEIGHTED<=2
    Decay: w+ > u d~ WEIGHTED<=2
  Decay: t~ > w- b~ WEIGHTED<=2
    Decay: w- > d c~ WEIGHTED<=2 
INFO: Generating Feynman diagrams for Process: u~ c~ > t t~ u~ c~ QED=0 @2
  Decay: t > w+ b WEIGHTED<=2
    Decay: w+ > u s~ WEIGHTED<=2
  Decay: t~ > w- b~ WEIGHTED<=2
    Decay: w- > d c~ WEIGHTED<=2 
INFO: Generating Feynman diagrams for Process: u~ c~ > t t~ u~ c~ QED=0 @2
  Decay: t > w+ b WEIGHTED<=2
    Decay: w+ > u b~ WEIGHTED<=2
  Decay: t~ > w- b~ WEIGHTED<=2
    Decay: w- > d c~ WEIGHTED<=2 
INFO: Generating Feynman diagrams for Process: u~ c~ > t t~ u~ c~ QED=0 @2
  Decay: t > w+ b WEIGHTED<=2
    Decay: w+ > c d~ WEIGHTED<=2
  Decay: t~ > w- b~ WEIGHTED<=2
    Decay: w- > d c~ WEIGHTED<=2 
INFO: Generating Feynman diagrams for Process: u~ c~ > t t~ u~ c~ QED=0 @2
  Decay: t > w+ b WEIGHTED<=2
    Decay: w+ > c b~ WEIGHTED<=2
  Decay: t~ > w- b~ WEIGHTED<=2
    Decay: w- > d c~ WEIGHTED<=2 
INFO: Generating Feynman diagrams for Process: u~ c~ > t t~ u~ c~ QED=0 @2
  Decay: t > w+ b WEIGHTED<=2
    Decay: w+ > u d~ WEIGHTED<=2
  Decay: t~ > w- b~ WEIGHTED<=2
    Decay: w- > s u~ WEIGHTED<=2 
INFO: Generating Feynman diagrams for Process: u~ c~ > t t~ u~ c~ QED=0 @2
  Decay: t > w+ b WEIGHTED<=2
    Decay: w+ > u s~ WEIGHTED<=2
  Decay: t~ > w- b~ WEIGHTED<=2
    Decay: w- > s u~ WEIGHTED<=2 
INFO: Generating Feynman diagrams for Process: u~ c~ > t t~ u~ c~ QED=0 @2
  Decay: t > w+ b WEIGHTED<=2
    Decay: w+ > u b~ WEIGHTED<=2
  Decay: t~ > w- b~ WEIGHTED<=2
    Decay: w- > s u~ WEIGHTED<=2 
INFO: Generating Feynman diagrams for Process: u~ c~ > t t~ u~ c~ QED=0 @2
  Decay: t > w+ b WEIGHTED<=2
    Decay: w+ > c d~ WEIGHTED<=2
  Decay: t~ > w- b~ WEIGHTED<=2
    Decay: w- > s u~ WEIGHTED<=2 
INFO: Generating Feynman diagrams for Process: u~ c~ > t t~ u~ c~ QED=0 @2
  Decay: t > w+ b WEIGHTED<=2
    Decay: w+ > c b~ WEIGHTED<=2
  Decay: t~ > w- b~ WEIGHTED<=2
    Decay: w- > s u~ WEIGHTED<=2 
INFO: Generating Feynman diagrams for Process: u~ c~ > t t~ u~ c~ QED=0 @2
  Decay: t > w+ b WEIGHTED<=2
    Decay: w+ > u d~ WEIGHTED<=2
  Decay: t~ > w- b~ WEIGHTED<=2
    Decay: w- > s c~ WEIGHTED<=2 
INFO: Generating Feynman diagrams for Process: u~ c~ > t t~ u~ c~ QED=0 @2
  Decay: t > w+ b WEIGHTED<=2
    Decay: w+ > u s~ WEIGHTED<=2
  Decay: t~ > w- b~ WEIGHTED<=2
    Decay: w- > s c~ WEIGHTED<=2 
INFO: Generating Feynman diagrams for Process: u~ c~ > t t~ u~ c~ QED=0 @2
  Decay: t > w+ b WEIGHTED<=2
    Decay: w+ > u b~ WEIGHTED<=2
  Decay: t~ > w- b~ WEIGHTED<=2
    Decay: w- > s c~ WEIGHTED<=2 
INFO: Generating Feynman diagrams for Process: u~ c~ > t t~ u~ c~ QED=0 @2
  Decay: t > w+ b WEIGHTED<=2
    Decay: w+ > c d~ WEIGHTED<=2
  Decay: t~ > w- b~ WEIGHTED<=2
    Decay: w- > s c~ WEIGHTED<=2 
INFO: Generating Feynman diagrams for Process: u~ c~ > t t~ u~ c~ QED=0 @2
  Decay: t > w+ b WEIGHTED<=2
    Decay: w+ > c b~ WEIGHTED<=2
  Decay: t~ > w- b~ WEIGHTED<=2
    Decay: w- > s c~ WEIGHTED<=2 
INFO: Generating Feynman diagrams for Process: u~ c~ > t t~ u~ c~ QED=0 @2
  Decay: t > w+ b WEIGHTED<=2
    Decay: w+ > u d~ WEIGHTED<=2
  Decay: t~ > w- b~ WEIGHTED<=2
    Decay: w- > b u~ WEIGHTED<=2 
INFO: Generating Feynman diagrams for Process: u~ c~ > t t~ u~ c~ QED=0 @2
  Decay: t > w+ b WEIGHTED<=2
    Decay: w+ > u s~ WEIGHTED<=2
  Decay: t~ > w- b~ WEIGHTED<=2
    Decay: w- > b u~ WEIGHTED<=2 
INFO: Generating Feynman diagrams for Process: u~ c~ > t t~ u~ c~ QED=0 @2
  Decay: t > w+ b WEIGHTED<=2
    Decay: w+ > u b~ WEIGHTED<=2
  Decay: t~ > w- b~ WEIGHTED<=2
    Decay: w- > b u~ WEIGHTED<=2 
INFO: Generating Feynman diagrams for Process: u~ c~ > t t~ u~ c~ QED=0 @2
  Decay: t > w+ b WEIGHTED<=2
    Decay: w+ > c d~ WEIGHTED<=2
  Decay: t~ > w- b~ WEIGHTED<=2
    Decay: w- > b u~ WEIGHTED<=2 
INFO: Generating Feynman diagrams for Process: u~ c~ > t t~ u~ c~ QED=0 @2
  Decay: t > w+ b WEIGHTED<=2
    Decay: w+ > c b~ WEIGHTED<=2
  Decay: t~ > w- b~ WEIGHTED<=2
    Decay: w- > b u~ WEIGHTED<=2 
INFO: Generating Feynman diagrams for Process: u~ c~ > t t~ u~ c~ QED=0 @2
  Decay: t > w+ b WEIGHTED<=2
    Decay: w+ > u d~ WEIGHTED<=2
  Decay: t~ > w- b~ WEIGHTED<=2
    Decay: w- > b c~ WEIGHTED<=2 
INFO: Generating Feynman diagrams for Process: u~ c~ > t t~ u~ c~ QED=0 @2
  Decay: t > w+ b WEIGHTED<=2
    Decay: w+ > u s~ WEIGHTED<=2
  Decay: t~ > w- b~ WEIGHTED<=2
    Decay: w- > b c~ WEIGHTED<=2 
INFO: Generating Feynman diagrams for Process: u~ c~ > t t~ u~ c~ QED=0 @2
  Decay: t > w+ b WEIGHTED<=2
    Decay: w+ > u b~ WEIGHTED<=2
  Decay: t~ > w- b~ WEIGHTED<=2
    Decay: w- > b c~ WEIGHTED<=2 
INFO: Generating Feynman diagrams for Process: u~ c~ > t t~ u~ c~ QED=0 @2
  Decay: t > w+ b WEIGHTED<=2
    Decay: w+ > c d~ WEIGHTED<=2
  Decay: t~ > w- b~ WEIGHTED<=2
    Decay: w- > b c~ WEIGHTED<=2 
INFO: Generating Feynman diagrams for Process: u~ c~ > t t~ u~ c~ QED=0 @2
  Decay: t > w+ b WEIGHTED<=2
    Decay: w+ > c b~ WEIGHTED<=2
  Decay: t~ > w- b~ WEIGHTED<=2
    Decay: w- > b c~ WEIGHTED<=2 
INFO: Generating Feynman diagrams for Process: u~ b > t t~ b u~ QED=0 @2
  Decay: t > w+ b WEIGHTED<=2
    Decay: w+ > u d~ WEIGHTED<=2
  Decay: t~ > w- b~ WEIGHTED<=2
    Decay: w- > d u~ WEIGHTED<=2 
INFO: Generating Feynman diagrams for Process: u~ b > t t~ b u~ QED=0 @2
  Decay: t > w+ b WEIGHTED<=2
    Decay: w+ > u s~ WEIGHTED<=2
  Decay: t~ > w- b~ WEIGHTED<=2
    Decay: w- > d u~ WEIGHTED<=2 
INFO: Generating Feynman diagrams for Process: u~ b > t t~ b u~ QED=0 @2
  Decay: t > w+ b WEIGHTED<=2
    Decay: w+ > u b~ WEIGHTED<=2
  Decay: t~ > w- b~ WEIGHTED<=2
    Decay: w- > d u~ WEIGHTED<=2 
INFO: Generating Feynman diagrams for Process: u~ b > t t~ b u~ QED=0 @2
  Decay: t > w+ b WEIGHTED<=2
    Decay: w+ > c d~ WEIGHTED<=2
  Decay: t~ > w- b~ WEIGHTED<=2
    Decay: w- > d u~ WEIGHTED<=2 
INFO: Generating Feynman diagrams for Process: u~ b > t t~ b u~ QED=0 @2
  Decay: t > w+ b WEIGHTED<=2
    Decay: w+ > c b~ WEIGHTED<=2
  Decay: t~ > w- b~ WEIGHTED<=2
    Decay: w- > d u~ WEIGHTED<=2 
INFO: Generating Feynman diagrams for Process: u~ b > t t~ b u~ QED=0 @2
  Decay: t > w+ b WEIGHTED<=2
    Decay: w+ > u d~ WEIGHTED<=2
  Decay: t~ > w- b~ WEIGHTED<=2
    Decay: w- > d c~ WEIGHTED<=2 
INFO: Generating Feynman diagrams for Process: u~ b > t t~ b u~ QED=0 @2
  Decay: t > w+ b WEIGHTED<=2
    Decay: w+ > u s~ WEIGHTED<=2
  Decay: t~ > w- b~ WEIGHTED<=2
    Decay: w- > d c~ WEIGHTED<=2 
INFO: Generating Feynman diagrams for Process: u~ b > t t~ b u~ QED=0 @2
  Decay: t > w+ b WEIGHTED<=2
    Decay: w+ > u b~ WEIGHTED<=2
  Decay: t~ > w- b~ WEIGHTED<=2
    Decay: w- > d c~ WEIGHTED<=2 
INFO: Generating Feynman diagrams for Process: u~ b > t t~ b u~ QED=0 @2
  Decay: t > w+ b WEIGHTED<=2
    Decay: w+ > c d~ WEIGHTED<=2
  Decay: t~ > w- b~ WEIGHTED<=2
    Decay: w- > d c~ WEIGHTED<=2 
INFO: Generating Feynman diagrams for Process: u~ b > t t~ b u~ QED=0 @2
  Decay: t > w+ b WEIGHTED<=2
    Decay: w+ > c b~ WEIGHTED<=2
  Decay: t~ > w- b~ WEIGHTED<=2
    Decay: w- > d c~ WEIGHTED<=2 
INFO: Generating Feynman diagrams for Process: u~ b > t t~ b u~ QED=0 @2
  Decay: t > w+ b WEIGHTED<=2
    Decay: w+ > u d~ WEIGHTED<=2
  Decay: t~ > w- b~ WEIGHTED<=2
    Decay: w- > s u~ WEIGHTED<=2 
INFO: Generating Feynman diagrams for Process: u~ b > t t~ b u~ QED=0 @2
  Decay: t > w+ b WEIGHTED<=2
    Decay: w+ > u s~ WEIGHTED<=2
  Decay: t~ > w- b~ WEIGHTED<=2
    Decay: w- > s u~ WEIGHTED<=2 
INFO: Generating Feynman diagrams for Process: u~ b > t t~ b u~ QED=0 @2
  Decay: t > w+ b WEIGHTED<=2
    Decay: w+ > u b~ WEIGHTED<=2
  Decay: t~ > w- b~ WEIGHTED<=2
    Decay: w- > s u~ WEIGHTED<=2 
INFO: Generating Feynman diagrams for Process: u~ b > t t~ b u~ QED=0 @2
  Decay: t > w+ b WEIGHTED<=2
    Decay: w+ > c d~ WEIGHTED<=2
  Decay: t~ > w- b~ WEIGHTED<=2
    Decay: w- > s u~ WEIGHTED<=2 
INFO: Generating Feynman diagrams for Process: u~ b > t t~ b u~ QED=0 @2
  Decay: t > w+ b WEIGHTED<=2
    Decay: w+ > c b~ WEIGHTED<=2
  Decay: t~ > w- b~ WEIGHTED<=2
    Decay: w- > s u~ WEIGHTED<=2 
INFO: Generating Feynman diagrams for Process: u~ b > t t~ b u~ QED=0 @2
  Decay: t > w+ b WEIGHTED<=2
    Decay: w+ > u d~ WEIGHTED<=2
  Decay: t~ > w- b~ WEIGHTED<=2
    Decay: w- > s c~ WEIGHTED<=2 
INFO: Generating Feynman diagrams for Process: u~ b > t t~ b u~ QED=0 @2
  Decay: t > w+ b WEIGHTED<=2
    Decay: w+ > u s~ WEIGHTED<=2
  Decay: t~ > w- b~ WEIGHTED<=2
    Decay: w- > s c~ WEIGHTED<=2 
INFO: Generating Feynman diagrams for Process: u~ b > t t~ b u~ QED=0 @2
  Decay: t > w+ b WEIGHTED<=2
    Decay: w+ > u b~ WEIGHTED<=2
  Decay: t~ > w- b~ WEIGHTED<=2
    Decay: w- > s c~ WEIGHTED<=2 
INFO: Generating Feynman diagrams for Process: u~ b > t t~ b u~ QED=0 @2
  Decay: t > w+ b WEIGHTED<=2
    Decay: w+ > c d~ WEIGHTED<=2
  Decay: t~ > w- b~ WEIGHTED<=2
    Decay: w- > s c~ WEIGHTED<=2 
INFO: Generating Feynman diagrams for Process: u~ b > t t~ b u~ QED=0 @2
  Decay: t > w+ b WEIGHTED<=2
    Decay: w+ > c b~ WEIGHTED<=2
  Decay: t~ > w- b~ WEIGHTED<=2
    Decay: w- > s c~ WEIGHTED<=2 
INFO: Generating Feynman diagrams for Process: u~ b > t t~ b u~ QED=0 @2
  Decay: t > w+ b WEIGHTED<=2
    Decay: w+ > u d~ WEIGHTED<=2
  Decay: t~ > w- b~ WEIGHTED<=2
    Decay: w- > b u~ WEIGHTED<=2 
INFO: Generating Feynman diagrams for Process: u~ b > t t~ b u~ QED=0 @2
  Decay: t > w+ b WEIGHTED<=2
    Decay: w+ > u s~ WEIGHTED<=2
  Decay: t~ > w- b~ WEIGHTED<=2
    Decay: w- > b u~ WEIGHTED<=2 
INFO: Generating Feynman diagrams for Process: u~ b > t t~ b u~ QED=0 @2
  Decay: t > w+ b WEIGHTED<=2
    Decay: w+ > u b~ WEIGHTED<=2
  Decay: t~ > w- b~ WEIGHTED<=2
    Decay: w- > b u~ WEIGHTED<=2 
INFO: Generating Feynman diagrams for Process: u~ b > t t~ b u~ QED=0 @2
  Decay: t > w+ b WEIGHTED<=2
    Decay: w+ > c d~ WEIGHTED<=2
  Decay: t~ > w- b~ WEIGHTED<=2
    Decay: w- > b u~ WEIGHTED<=2 
INFO: Generating Feynman diagrams for Process: u~ b > t t~ b u~ QED=0 @2
  Decay: t > w+ b WEIGHTED<=2
    Decay: w+ > c b~ WEIGHTED<=2
  Decay: t~ > w- b~ WEIGHTED<=2
    Decay: w- > b u~ WEIGHTED<=2 
INFO: Generating Feynman diagrams for Process: u~ b > t t~ b u~ QED=0 @2
  Decay: t > w+ b WEIGHTED<=2
    Decay: w+ > u d~ WEIGHTED<=2
  Decay: t~ > w- b~ WEIGHTED<=2
    Decay: w- > b c~ WEIGHTED<=2 
INFO: Generating Feynman diagrams for Process: u~ b > t t~ b u~ QED=0 @2
  Decay: t > w+ b WEIGHTED<=2
    Decay: w+ > u s~ WEIGHTED<=2
  Decay: t~ > w- b~ WEIGHTED<=2
    Decay: w- > b c~ WEIGHTED<=2 
INFO: Generating Feynman diagrams for Process: u~ b > t t~ b u~ QED=0 @2
  Decay: t > w+ b WEIGHTED<=2
    Decay: w+ > u b~ WEIGHTED<=2
  Decay: t~ > w- b~ WEIGHTED<=2
    Decay: w- > b c~ WEIGHTED<=2 
INFO: Generating Feynman diagrams for Process: u~ b > t t~ b u~ QED=0 @2
  Decay: t > w+ b WEIGHTED<=2
    Decay: w+ > c d~ WEIGHTED<=2
  Decay: t~ > w- b~ WEIGHTED<=2
    Decay: w- > b c~ WEIGHTED<=2 
INFO: Generating Feynman diagrams for Process: u~ b > t t~ b u~ QED=0 @2
  Decay: t > w+ b WEIGHTED<=2
    Decay: w+ > c b~ WEIGHTED<=2
  Decay: t~ > w- b~ WEIGHTED<=2
    Decay: w- > b c~ WEIGHTED<=2 
INFO: Finding symmetric diagrams for subprocess group qq_ttxqq_t_wpq_wp_qq_tx_wmq_wm_qq 
INFO: Creating files in directory P2_qq_ttxgg_t_wpq_wp_qq_tx_wmq_wm_qq 
INFO: Generating Feynman diagrams for Process: u u~ > t t~ g g QED=0 @2
  Decay: t > w+ b WEIGHTED<=2
    Decay: w+ > u d~ WEIGHTED<=2
  Decay: t~ > w- b~ WEIGHTED<=2
    Decay: w- > d u~ WEIGHTED<=2 
INFO: Generating Feynman diagrams for Process: u u~ > t t~ g g QED=0 @2
  Decay: t > w+ b WEIGHTED<=2
    Decay: w+ > u s~ WEIGHTED<=2
  Decay: t~ > w- b~ WEIGHTED<=2
    Decay: w- > d u~ WEIGHTED<=2 
INFO: Generating Feynman diagrams for Process: u u~ > t t~ g g QED=0 @2
  Decay: t > w+ b WEIGHTED<=2
    Decay: w+ > u b~ WEIGHTED<=2
  Decay: t~ > w- b~ WEIGHTED<=2
    Decay: w- > d u~ WEIGHTED<=2 
INFO: Generating Feynman diagrams for Process: u u~ > t t~ g g QED=0 @2
  Decay: t > w+ b WEIGHTED<=2
    Decay: w+ > c d~ WEIGHTED<=2
  Decay: t~ > w- b~ WEIGHTED<=2
    Decay: w- > d u~ WEIGHTED<=2 
INFO: Generating Feynman diagrams for Process: u u~ > t t~ g g QED=0 @2
  Decay: t > w+ b WEIGHTED<=2
    Decay: w+ > c b~ WEIGHTED<=2
  Decay: t~ > w- b~ WEIGHTED<=2
    Decay: w- > d u~ WEIGHTED<=2 
INFO: Generating Feynman diagrams for Process: u u~ > t t~ g g QED=0 @2
  Decay: t > w+ b WEIGHTED<=2
    Decay: w+ > u d~ WEIGHTED<=2
  Decay: t~ > w- b~ WEIGHTED<=2
    Decay: w- > d c~ WEIGHTED<=2 
INFO: Generating Feynman diagrams for Process: u u~ > t t~ g g QED=0 @2
  Decay: t > w+ b WEIGHTED<=2
    Decay: w+ > u s~ WEIGHTED<=2
  Decay: t~ > w- b~ WEIGHTED<=2
    Decay: w- > d c~ WEIGHTED<=2 
INFO: Generating Feynman diagrams for Process: u u~ > t t~ g g QED=0 @2
  Decay: t > w+ b WEIGHTED<=2
    Decay: w+ > u b~ WEIGHTED<=2
  Decay: t~ > w- b~ WEIGHTED<=2
    Decay: w- > d c~ WEIGHTED<=2 
INFO: Generating Feynman diagrams for Process: u u~ > t t~ g g QED=0 @2
  Decay: t > w+ b WEIGHTED<=2
    Decay: w+ > c d~ WEIGHTED<=2
  Decay: t~ > w- b~ WEIGHTED<=2
    Decay: w- > d c~ WEIGHTED<=2 
INFO: Generating Feynman diagrams for Process: u u~ > t t~ g g QED=0 @2
  Decay: t > w+ b WEIGHTED<=2
    Decay: w+ > c b~ WEIGHTED<=2
  Decay: t~ > w- b~ WEIGHTED<=2
    Decay: w- > d c~ WEIGHTED<=2 
INFO: Generating Feynman diagrams for Process: u u~ > t t~ g g QED=0 @2
  Decay: t > w+ b WEIGHTED<=2
    Decay: w+ > u d~ WEIGHTED<=2
  Decay: t~ > w- b~ WEIGHTED<=2
    Decay: w- > s u~ WEIGHTED<=2 
INFO: Generating Feynman diagrams for Process: u u~ > t t~ g g QED=0 @2
  Decay: t > w+ b WEIGHTED<=2
    Decay: w+ > u s~ WEIGHTED<=2
  Decay: t~ > w- b~ WEIGHTED<=2
    Decay: w- > s u~ WEIGHTED<=2 
INFO: Generating Feynman diagrams for Process: u u~ > t t~ g g QED=0 @2
  Decay: t > w+ b WEIGHTED<=2
    Decay: w+ > u b~ WEIGHTED<=2
  Decay: t~ > w- b~ WEIGHTED<=2
    Decay: w- > s u~ WEIGHTED<=2 
INFO: Generating Feynman diagrams for Process: u u~ > t t~ g g QED=0 @2
  Decay: t > w+ b WEIGHTED<=2
    Decay: w+ > c d~ WEIGHTED<=2
  Decay: t~ > w- b~ WEIGHTED<=2
    Decay: w- > s u~ WEIGHTED<=2 
INFO: Generating Feynman diagrams for Process: u u~ > t t~ g g QED=0 @2
  Decay: t > w+ b WEIGHTED<=2
    Decay: w+ > c b~ WEIGHTED<=2
  Decay: t~ > w- b~ WEIGHTED<=2
    Decay: w- > s u~ WEIGHTED<=2 
INFO: Generating Feynman diagrams for Process: u u~ > t t~ g g QED=0 @2
  Decay: t > w+ b WEIGHTED<=2
    Decay: w+ > u d~ WEIGHTED<=2
  Decay: t~ > w- b~ WEIGHTED<=2
    Decay: w- > b u~ WEIGHTED<=2 
INFO: Generating Feynman diagrams for Process: u u~ > t t~ g g QED=0 @2
  Decay: t > w+ b WEIGHTED<=2
    Decay: w+ > u s~ WEIGHTED<=2
  Decay: t~ > w- b~ WEIGHTED<=2
    Decay: w- > b u~ WEIGHTED<=2 
INFO: Generating Feynman diagrams for Process: u u~ > t t~ g g QED=0 @2
  Decay: t > w+ b WEIGHTED<=2
    Decay: w+ > u b~ WEIGHTED<=2
  Decay: t~ > w- b~ WEIGHTED<=2
    Decay: w- > b u~ WEIGHTED<=2 
INFO: Generating Feynman diagrams for Process: u u~ > t t~ g g QED=0 @2
  Decay: t > w+ b WEIGHTED<=2
    Decay: w+ > c d~ WEIGHTED<=2
  Decay: t~ > w- b~ WEIGHTED<=2
    Decay: w- > b u~ WEIGHTED<=2 
INFO: Generating Feynman diagrams for Process: u u~ > t t~ g g QED=0 @2
  Decay: t > w+ b WEIGHTED<=2
    Decay: w+ > c b~ WEIGHTED<=2
  Decay: t~ > w- b~ WEIGHTED<=2
    Decay: w- > b u~ WEIGHTED<=2 
INFO: Generating Feynman diagrams for Process: u u~ > t t~ g g QED=0 @2
  Decay: t > w+ b WEIGHTED<=2
    Decay: w+ > u d~ WEIGHTED<=2
  Decay: t~ > w- b~ WEIGHTED<=2
    Decay: w- > b c~ WEIGHTED<=2 
INFO: Generating Feynman diagrams for Process: u u~ > t t~ g g QED=0 @2
  Decay: t > w+ b WEIGHTED<=2
    Decay: w+ > u s~ WEIGHTED<=2
  Decay: t~ > w- b~ WEIGHTED<=2
    Decay: w- > b c~ WEIGHTED<=2 
INFO: Generating Feynman diagrams for Process: u u~ > t t~ g g QED=0 @2
  Decay: t > w+ b WEIGHTED<=2
    Decay: w+ > u b~ WEIGHTED<=2
  Decay: t~ > w- b~ WEIGHTED<=2
    Decay: w- > b c~ WEIGHTED<=2 
INFO: Generating Feynman diagrams for Process: u u~ > t t~ g g QED=0 @2
  Decay: t > w+ b WEIGHTED<=2
    Decay: w+ > c d~ WEIGHTED<=2
  Decay: t~ > w- b~ WEIGHTED<=2
    Decay: w- > b c~ WEIGHTED<=2 
INFO: Generating Feynman diagrams for Process: u u~ > t t~ g g QED=0 @2
  Decay: t > w+ b WEIGHTED<=2
    Decay: w+ > c b~ WEIGHTED<=2
  Decay: t~ > w- b~ WEIGHTED<=2
    Decay: w- > b c~ WEIGHTED<=2 
INFO: Finding symmetric diagrams for subprocess group qq_ttxgg_t_wpq_wp_qq_tx_wmq_wm_qq 
INFO: Creating files in directory P1_gg_ttxg_t_wpq_wp_qq_tx_wmq_wm_qq 
INFO: Generating Feynman diagrams for Process: g g > t t~ g QED=0 @1
  Decay: t > w+ b WEIGHTED<=2
    Decay: w+ > u d~ WEIGHTED<=2
  Decay: t~ > w- b~ WEIGHTED<=2
    Decay: w- > d u~ WEIGHTED<=2 
INFO: Generating Feynman diagrams for Process: g g > t t~ g QED=0 @1
  Decay: t > w+ b WEIGHTED<=2
    Decay: w+ > u s~ WEIGHTED<=2
  Decay: t~ > w- b~ WEIGHTED<=2
    Decay: w- > d u~ WEIGHTED<=2 
INFO: Generating Feynman diagrams for Process: g g > t t~ g QED=0 @1
  Decay: t > w+ b WEIGHTED<=2
    Decay: w+ > u b~ WEIGHTED<=2
  Decay: t~ > w- b~ WEIGHTED<=2
    Decay: w- > d u~ WEIGHTED<=2 
INFO: Generating Feynman diagrams for Process: g g > t t~ g QED=0 @1
  Decay: t > w+ b WEIGHTED<=2
    Decay: w+ > c d~ WEIGHTED<=2
  Decay: t~ > w- b~ WEIGHTED<=2
    Decay: w- > d u~ WEIGHTED<=2 
INFO: Generating Feynman diagrams for Process: g g > t t~ g QED=0 @1
  Decay: t > w+ b WEIGHTED<=2
    Decay: w+ > c b~ WEIGHTED<=2
  Decay: t~ > w- b~ WEIGHTED<=2
    Decay: w- > d u~ WEIGHTED<=2 
INFO: Generating Feynman diagrams for Process: g g > t t~ g QED=0 @1
  Decay: t > w+ b WEIGHTED<=2
    Decay: w+ > u d~ WEIGHTED<=2
  Decay: t~ > w- b~ WEIGHTED<=2
    Decay: w- > d c~ WEIGHTED<=2 
INFO: Generating Feynman diagrams for Process: g g > t t~ g QED=0 @1
  Decay: t > w+ b WEIGHTED<=2
    Decay: w+ > u s~ WEIGHTED<=2
  Decay: t~ > w- b~ WEIGHTED<=2
    Decay: w- > d c~ WEIGHTED<=2 
INFO: Generating Feynman diagrams for Process: g g > t t~ g QED=0 @1
  Decay: t > w+ b WEIGHTED<=2
    Decay: w+ > u b~ WEIGHTED<=2
  Decay: t~ > w- b~ WEIGHTED<=2
    Decay: w- > d c~ WEIGHTED<=2 
INFO: Generating Feynman diagrams for Process: g g > t t~ g QED=0 @1
  Decay: t > w+ b WEIGHTED<=2
    Decay: w+ > c d~ WEIGHTED<=2
  Decay: t~ > w- b~ WEIGHTED<=2
    Decay: w- > d c~ WEIGHTED<=2 
INFO: Generating Feynman diagrams for Process: g g > t t~ g QED=0 @1
  Decay: t > w+ b WEIGHTED<=2
    Decay: w+ > c b~ WEIGHTED<=2
  Decay: t~ > w- b~ WEIGHTED<=2
    Decay: w- > d c~ WEIGHTED<=2 
INFO: Generating Feynman diagrams for Process: g g > t t~ g QED=0 @1
  Decay: t > w+ b WEIGHTED<=2
    Decay: w+ > u d~ WEIGHTED<=2
  Decay: t~ > w- b~ WEIGHTED<=2
    Decay: w- > s u~ WEIGHTED<=2 
INFO: Generating Feynman diagrams for Process: g g > t t~ g QED=0 @1
  Decay: t > w+ b WEIGHTED<=2
    Decay: w+ > u s~ WEIGHTED<=2
  Decay: t~ > w- b~ WEIGHTED<=2
    Decay: w- > s u~ WEIGHTED<=2 
INFO: Generating Feynman diagrams for Process: g g > t t~ g QED=0 @1
  Decay: t > w+ b WEIGHTED<=2
    Decay: w+ > u b~ WEIGHTED<=2
  Decay: t~ > w- b~ WEIGHTED<=2
    Decay: w- > s u~ WEIGHTED<=2 
INFO: Generating Feynman diagrams for Process: g g > t t~ g QED=0 @1
  Decay: t > w+ b WEIGHTED<=2
    Decay: w+ > c d~ WEIGHTED<=2
  Decay: t~ > w- b~ WEIGHTED<=2
    Decay: w- > s u~ WEIGHTED<=2 
INFO: Generating Feynman diagrams for Process: g g > t t~ g QED=0 @1
  Decay: t > w+ b WEIGHTED<=2
    Decay: w+ > c b~ WEIGHTED<=2
  Decay: t~ > w- b~ WEIGHTED<=2
    Decay: w- > s u~ WEIGHTED<=2 
INFO: Generating Feynman diagrams for Process: g g > t t~ g QED=0 @1
  Decay: t > w+ b WEIGHTED<=2
    Decay: w+ > u d~ WEIGHTED<=2
  Decay: t~ > w- b~ WEIGHTED<=2
    Decay: w- > b u~ WEIGHTED<=2 
INFO: Generating Feynman diagrams for Process: g g > t t~ g QED=0 @1
  Decay: t > w+ b WEIGHTED<=2
    Decay: w+ > u s~ WEIGHTED<=2
  Decay: t~ > w- b~ WEIGHTED<=2
    Decay: w- > b u~ WEIGHTED<=2 
INFO: Generating Feynman diagrams for Process: g g > t t~ g QED=0 @1
  Decay: t > w+ b WEIGHTED<=2
    Decay: w+ > u b~ WEIGHTED<=2
  Decay: t~ > w- b~ WEIGHTED<=2
    Decay: w- > b u~ WEIGHTED<=2 
INFO: Generating Feynman diagrams for Process: g g > t t~ g QED=0 @1
  Decay: t > w+ b WEIGHTED<=2
    Decay: w+ > c d~ WEIGHTED<=2
  Decay: t~ > w- b~ WEIGHTED<=2
    Decay: w- > b u~ WEIGHTED<=2 
INFO: Generating Feynman diagrams for Process: g g > t t~ g QED=0 @1
  Decay: t > w+ b WEIGHTED<=2
    Decay: w+ > c b~ WEIGHTED<=2
  Decay: t~ > w- b~ WEIGHTED<=2
    Decay: w- > b u~ WEIGHTED<=2 
INFO: Generating Feynman diagrams for Process: g g > t t~ g QED=0 @1
  Decay: t > w+ b WEIGHTED<=2
    Decay: w+ > u d~ WEIGHTED<=2
  Decay: t~ > w- b~ WEIGHTED<=2
    Decay: w- > b c~ WEIGHTED<=2 
INFO: Generating Feynman diagrams for Process: g g > t t~ g QED=0 @1
  Decay: t > w+ b WEIGHTED<=2
    Decay: w+ > u s~ WEIGHTED<=2
  Decay: t~ > w- b~ WEIGHTED<=2
    Decay: w- > b c~ WEIGHTED<=2 
INFO: Generating Feynman diagrams for Process: g g > t t~ g QED=0 @1
  Decay: t > w+ b WEIGHTED<=2
    Decay: w+ > u b~ WEIGHTED<=2
  Decay: t~ > w- b~ WEIGHTED<=2
    Decay: w- > b c~ WEIGHTED<=2 
INFO: Generating Feynman diagrams for Process: g g > t t~ g QED=0 @1
  Decay: t > w+ b WEIGHTED<=2
    Decay: w+ > c d~ WEIGHTED<=2
  Decay: t~ > w- b~ WEIGHTED<=2
    Decay: w- > b c~ WEIGHTED<=2 
INFO: Generating Feynman diagrams for Process: g g > t t~ g QED=0 @1
  Decay: t > w+ b WEIGHTED<=2
    Decay: w+ > c b~ WEIGHTED<=2
  Decay: t~ > w- b~ WEIGHTED<=2
    Decay: w- > b c~ WEIGHTED<=2 
INFO: Finding symmetric diagrams for subprocess group gg_ttxg_t_wpq_wp_qq_tx_wmq_wm_qq 
INFO: Creating files in directory P1_gq_ttxq_t_wpq_wp_qq_tx_wmq_wm_qq 
INFO: Generating Feynman diagrams for Process: g u > t t~ u QED=0 @1
  Decay: t > w+ b WEIGHTED<=2
    Decay: w+ > u d~ WEIGHTED<=2
  Decay: t~ > w- b~ WEIGHTED<=2
    Decay: w- > d u~ WEIGHTED<=2 
INFO: Generating Feynman diagrams for Process: g u > t t~ u QED=0 @1
  Decay: t > w+ b WEIGHTED<=2
    Decay: w+ > u s~ WEIGHTED<=2
  Decay: t~ > w- b~ WEIGHTED<=2
    Decay: w- > d u~ WEIGHTED<=2 
INFO: Generating Feynman diagrams for Process: g u > t t~ u QED=0 @1
  Decay: t > w+ b WEIGHTED<=2
    Decay: w+ > u b~ WEIGHTED<=2
  Decay: t~ > w- b~ WEIGHTED<=2
    Decay: w- > d u~ WEIGHTED<=2 
INFO: Generating Feynman diagrams for Process: g u > t t~ u QED=0 @1
  Decay: t > w+ b WEIGHTED<=2
    Decay: w+ > c d~ WEIGHTED<=2
  Decay: t~ > w- b~ WEIGHTED<=2
    Decay: w- > d u~ WEIGHTED<=2 
INFO: Generating Feynman diagrams for Process: g u > t t~ u QED=0 @1
  Decay: t > w+ b WEIGHTED<=2
    Decay: w+ > c s~ WEIGHTED<=2
  Decay: t~ > w- b~ WEIGHTED<=2
    Decay: w- > d u~ WEIGHTED<=2 
INFO: Generating Feynman diagrams for Process: g u > t t~ u QED=0 @1
  Decay: t > w+ b WEIGHTED<=2
    Decay: w+ > c b~ WEIGHTED<=2
  Decay: t~ > w- b~ WEIGHTED<=2
    Decay: w- > d u~ WEIGHTED<=2 
INFO: Generating Feynman diagrams for Process: g u > t t~ u QED=0 @1
  Decay: t > w+ b WEIGHTED<=2
    Decay: w+ > u d~ WEIGHTED<=2
  Decay: t~ > w- b~ WEIGHTED<=2
    Decay: w- > d c~ WEIGHTED<=2 
INFO: Generating Feynman diagrams for Process: g u > t t~ u QED=0 @1
  Decay: t > w+ b WEIGHTED<=2
    Decay: w+ > u s~ WEIGHTED<=2
  Decay: t~ > w- b~ WEIGHTED<=2
    Decay: w- > d c~ WEIGHTED<=2 
INFO: Generating Feynman diagrams for Process: g u > t t~ u QED=0 @1
  Decay: t > w+ b WEIGHTED<=2
    Decay: w+ > u b~ WEIGHTED<=2
  Decay: t~ > w- b~ WEIGHTED<=2
    Decay: w- > d c~ WEIGHTED<=2 
INFO: Generating Feynman diagrams for Process: g u > t t~ u QED=0 @1
  Decay: t > w+ b WEIGHTED<=2
    Decay: w+ > c d~ WEIGHTED<=2
  Decay: t~ > w- b~ WEIGHTED<=2
    Decay: w- > d c~ WEIGHTED<=2 
INFO: Generating Feynman diagrams for Process: g u > t t~ u QED=0 @1
  Decay: t > w+ b WEIGHTED<=2
    Decay: w+ > c s~ WEIGHTED<=2
  Decay: t~ > w- b~ WEIGHTED<=2
    Decay: w- > d c~ WEIGHTED<=2 
INFO: Generating Feynman diagrams for Process: g u > t t~ u QED=0 @1
  Decay: t > w+ b WEIGHTED<=2
    Decay: w+ > c b~ WEIGHTED<=2
  Decay: t~ > w- b~ WEIGHTED<=2
    Decay: w- > d c~ WEIGHTED<=2 
INFO: Generating Feynman diagrams for Process: g u > t t~ u QED=0 @1
  Decay: t > w+ b WEIGHTED<=2
    Decay: w+ > u d~ WEIGHTED<=2
  Decay: t~ > w- b~ WEIGHTED<=2
    Decay: w- > s u~ WEIGHTED<=2 
INFO: Generating Feynman diagrams for Process: g u > t t~ u QED=0 @1
  Decay: t > w+ b WEIGHTED<=2
    Decay: w+ > u s~ WEIGHTED<=2
  Decay: t~ > w- b~ WEIGHTED<=2
    Decay: w- > s u~ WEIGHTED<=2 
INFO: Generating Feynman diagrams for Process: g u > t t~ u QED=0 @1
  Decay: t > w+ b WEIGHTED<=2
    Decay: w+ > u b~ WEIGHTED<=2
  Decay: t~ > w- b~ WEIGHTED<=2
    Decay: w- > s u~ WEIGHTED<=2 
INFO: Generating Feynman diagrams for Process: g u > t t~ u QED=0 @1
  Decay: t > w+ b WEIGHTED<=2
    Decay: w+ > c d~ WEIGHTED<=2
  Decay: t~ > w- b~ WEIGHTED<=2
    Decay: w- > s u~ WEIGHTED<=2 
INFO: Generating Feynman diagrams for Process: g u > t t~ u QED=0 @1
  Decay: t > w+ b WEIGHTED<=2
    Decay: w+ > c s~ WEIGHTED<=2
  Decay: t~ > w- b~ WEIGHTED<=2
    Decay: w- > s u~ WEIGHTED<=2 
INFO: Generating Feynman diagrams for Process: g u > t t~ u QED=0 @1
  Decay: t > w+ b WEIGHTED<=2
    Decay: w+ > c b~ WEIGHTED<=2
  Decay: t~ > w- b~ WEIGHTED<=2
    Decay: w- > s u~ WEIGHTED<=2 
INFO: Generating Feynman diagrams for Process: g u > t t~ u QED=0 @1
  Decay: t > w+ b WEIGHTED<=2
    Decay: w+ > u d~ WEIGHTED<=2
  Decay: t~ > w- b~ WEIGHTED<=2
    Decay: w- > b u~ WEIGHTED<=2 
INFO: Generating Feynman diagrams for Process: g u > t t~ u QED=0 @1
  Decay: t > w+ b WEIGHTED<=2
    Decay: w+ > u s~ WEIGHTED<=2
  Decay: t~ > w- b~ WEIGHTED<=2
    Decay: w- > b u~ WEIGHTED<=2 
INFO: Generating Feynman diagrams for Process: g u > t t~ u QED=0 @1
  Decay: t > w+ b WEIGHTED<=2
    Decay: w+ > u b~ WEIGHTED<=2
  Decay: t~ > w- b~ WEIGHTED<=2
    Decay: w- > b u~ WEIGHTED<=2 
INFO: Generating Feynman diagrams for Process: g u > t t~ u QED=0 @1
  Decay: t > w+ b WEIGHTED<=2
    Decay: w+ > c d~ WEIGHTED<=2
  Decay: t~ > w- b~ WEIGHTED<=2
    Decay: w- > b u~ WEIGHTED<=2 
INFO: Generating Feynman diagrams for Process: g u > t t~ u QED=0 @1
  Decay: t > w+ b WEIGHTED<=2
    Decay: w+ > c s~ WEIGHTED<=2
  Decay: t~ > w- b~ WEIGHTED<=2
    Decay: w- > b u~ WEIGHTED<=2 
INFO: Generating Feynman diagrams for Process: g u > t t~ u QED=0 @1
  Decay: t > w+ b WEIGHTED<=2
    Decay: w+ > c b~ WEIGHTED<=2
  Decay: t~ > w- b~ WEIGHTED<=2
    Decay: w- > b u~ WEIGHTED<=2 
INFO: Generating Feynman diagrams for Process: g u > t t~ u QED=0 @1
  Decay: t > w+ b WEIGHTED<=2
    Decay: w+ > u d~ WEIGHTED<=2
  Decay: t~ > w- b~ WEIGHTED<=2
    Decay: w- > b c~ WEIGHTED<=2 
INFO: Generating Feynman diagrams for Process: g u > t t~ u QED=0 @1
  Decay: t > w+ b WEIGHTED<=2
    Decay: w+ > u s~ WEIGHTED<=2
  Decay: t~ > w- b~ WEIGHTED<=2
    Decay: w- > b c~ WEIGHTED<=2 
INFO: Generating Feynman diagrams for Process: g u > t t~ u QED=0 @1
  Decay: t > w+ b WEIGHTED<=2
    Decay: w+ > u b~ WEIGHTED<=2
  Decay: t~ > w- b~ WEIGHTED<=2
    Decay: w- > b c~ WEIGHTED<=2 
INFO: Generating Feynman diagrams for Process: g u > t t~ u QED=0 @1
  Decay: t > w+ b WEIGHTED<=2
    Decay: w+ > c d~ WEIGHTED<=2
  Decay: t~ > w- b~ WEIGHTED<=2
    Decay: w- > b c~ WEIGHTED<=2 
INFO: Generating Feynman diagrams for Process: g u > t t~ u QED=0 @1
  Decay: t > w+ b WEIGHTED<=2
    Decay: w+ > c s~ WEIGHTED<=2
  Decay: t~ > w- b~ WEIGHTED<=2
    Decay: w- > b c~ WEIGHTED<=2 
INFO: Generating Feynman diagrams for Process: g u > t t~ u QED=0 @1
  Decay: t > w+ b WEIGHTED<=2
    Decay: w+ > c b~ WEIGHTED<=2
  Decay: t~ > w- b~ WEIGHTED<=2
    Decay: w- > b c~ WEIGHTED<=2 
INFO: Generating Feynman diagrams for Process: g u~ > t t~ u~ QED=0 @1
  Decay: t > w+ b WEIGHTED<=2
    Decay: w+ > u d~ WEIGHTED<=2
  Decay: t~ > w- b~ WEIGHTED<=2
    Decay: w- > d u~ WEIGHTED<=2 
INFO: Generating Feynman diagrams for Process: g u~ > t t~ u~ QED=0 @1
  Decay: t > w+ b WEIGHTED<=2
    Decay: w+ > u s~ WEIGHTED<=2
  Decay: t~ > w- b~ WEIGHTED<=2
    Decay: w- > d u~ WEIGHTED<=2 
INFO: Generating Feynman diagrams for Process: g u~ > t t~ u~ QED=0 @1
  Decay: t > w+ b WEIGHTED<=2
    Decay: w+ > u b~ WEIGHTED<=2
  Decay: t~ > w- b~ WEIGHTED<=2
    Decay: w- > d u~ WEIGHTED<=2 
INFO: Generating Feynman diagrams for Process: g u~ > t t~ u~ QED=0 @1
  Decay: t > w+ b WEIGHTED<=2
    Decay: w+ > c d~ WEIGHTED<=2
  Decay: t~ > w- b~ WEIGHTED<=2
    Decay: w- > d u~ WEIGHTED<=2 
INFO: Generating Feynman diagrams for Process: g u~ > t t~ u~ QED=0 @1
  Decay: t > w+ b WEIGHTED<=2
    Decay: w+ > c b~ WEIGHTED<=2
  Decay: t~ > w- b~ WEIGHTED<=2
    Decay: w- > d u~ WEIGHTED<=2 
INFO: Generating Feynman diagrams for Process: g u~ > t t~ u~ QED=0 @1
  Decay: t > w+ b WEIGHTED<=2
    Decay: w+ > u d~ WEIGHTED<=2
  Decay: t~ > w- b~ WEIGHTED<=2
    Decay: w- > d c~ WEIGHTED<=2 
INFO: Generating Feynman diagrams for Process: g u~ > t t~ u~ QED=0 @1
  Decay: t > w+ b WEIGHTED<=2
    Decay: w+ > u s~ WEIGHTED<=2
  Decay: t~ > w- b~ WEIGHTED<=2
    Decay: w- > d c~ WEIGHTED<=2 
INFO: Generating Feynman diagrams for Process: g u~ > t t~ u~ QED=0 @1
  Decay: t > w+ b WEIGHTED<=2
    Decay: w+ > u b~ WEIGHTED<=2
  Decay: t~ > w- b~ WEIGHTED<=2
    Decay: w- > d c~ WEIGHTED<=2 
INFO: Generating Feynman diagrams for Process: g u~ > t t~ u~ QED=0 @1
  Decay: t > w+ b WEIGHTED<=2
    Decay: w+ > c d~ WEIGHTED<=2
  Decay: t~ > w- b~ WEIGHTED<=2
    Decay: w- > d c~ WEIGHTED<=2 
INFO: Generating Feynman diagrams for Process: g u~ > t t~ u~ QED=0 @1
  Decay: t > w+ b WEIGHTED<=2
    Decay: w+ > c b~ WEIGHTED<=2
  Decay: t~ > w- b~ WEIGHTED<=2
    Decay: w- > d c~ WEIGHTED<=2 
INFO: Generating Feynman diagrams for Process: g u~ > t t~ u~ QED=0 @1
  Decay: t > w+ b WEIGHTED<=2
    Decay: w+ > u d~ WEIGHTED<=2
  Decay: t~ > w- b~ WEIGHTED<=2
    Decay: w- > s u~ WEIGHTED<=2 
INFO: Generating Feynman diagrams for Process: g u~ > t t~ u~ QED=0 @1
  Decay: t > w+ b WEIGHTED<=2
    Decay: w+ > u s~ WEIGHTED<=2
  Decay: t~ > w- b~ WEIGHTED<=2
    Decay: w- > s u~ WEIGHTED<=2 
INFO: Generating Feynman diagrams for Process: g u~ > t t~ u~ QED=0 @1
  Decay: t > w+ b WEIGHTED<=2
    Decay: w+ > u b~ WEIGHTED<=2
  Decay: t~ > w- b~ WEIGHTED<=2
    Decay: w- > s u~ WEIGHTED<=2 
INFO: Generating Feynman diagrams for Process: g u~ > t t~ u~ QED=0 @1
  Decay: t > w+ b WEIGHTED<=2
    Decay: w+ > c d~ WEIGHTED<=2
  Decay: t~ > w- b~ WEIGHTED<=2
    Decay: w- > s u~ WEIGHTED<=2 
INFO: Generating Feynman diagrams for Process: g u~ > t t~ u~ QED=0 @1
  Decay: t > w+ b WEIGHTED<=2
    Decay: w+ > c b~ WEIGHTED<=2
  Decay: t~ > w- b~ WEIGHTED<=2
    Decay: w- > s u~ WEIGHTED<=2 
INFO: Generating Feynman diagrams for Process: g u~ > t t~ u~ QED=0 @1
  Decay: t > w+ b WEIGHTED<=2
    Decay: w+ > u d~ WEIGHTED<=2
  Decay: t~ > w- b~ WEIGHTED<=2
    Decay: w- > s c~ WEIGHTED<=2 
INFO: Generating Feynman diagrams for Process: g u~ > t t~ u~ QED=0 @1
  Decay: t > w+ b WEIGHTED<=2
    Decay: w+ > u s~ WEIGHTED<=2
  Decay: t~ > w- b~ WEIGHTED<=2
    Decay: w- > s c~ WEIGHTED<=2 
INFO: Generating Feynman diagrams for Process: g u~ > t t~ u~ QED=0 @1
  Decay: t > w+ b WEIGHTED<=2
    Decay: w+ > u b~ WEIGHTED<=2
  Decay: t~ > w- b~ WEIGHTED<=2
    Decay: w- > s c~ WEIGHTED<=2 
INFO: Generating Feynman diagrams for Process: g u~ > t t~ u~ QED=0 @1
  Decay: t > w+ b WEIGHTED<=2
    Decay: w+ > c d~ WEIGHTED<=2
  Decay: t~ > w- b~ WEIGHTED<=2
    Decay: w- > s c~ WEIGHTED<=2 
INFO: Generating Feynman diagrams for Process: g u~ > t t~ u~ QED=0 @1
  Decay: t > w+ b WEIGHTED<=2
    Decay: w+ > c b~ WEIGHTED<=2
  Decay: t~ > w- b~ WEIGHTED<=2
    Decay: w- > s c~ WEIGHTED<=2 
INFO: Generating Feynman diagrams for Process: g u~ > t t~ u~ QED=0 @1
  Decay: t > w+ b WEIGHTED<=2
    Decay: w+ > u d~ WEIGHTED<=2
  Decay: t~ > w- b~ WEIGHTED<=2
    Decay: w- > b u~ WEIGHTED<=2 
INFO: Generating Feynman diagrams for Process: g u~ > t t~ u~ QED=0 @1
  Decay: t > w+ b WEIGHTED<=2
    Decay: w+ > u s~ WEIGHTED<=2
  Decay: t~ > w- b~ WEIGHTED<=2
    Decay: w- > b u~ WEIGHTED<=2 
INFO: Generating Feynman diagrams for Process: g u~ > t t~ u~ QED=0 @1
  Decay: t > w+ b WEIGHTED<=2
    Decay: w+ > u b~ WEIGHTED<=2
  Decay: t~ > w- b~ WEIGHTED<=2
    Decay: w- > b u~ WEIGHTED<=2 
INFO: Generating Feynman diagrams for Process: g u~ > t t~ u~ QED=0 @1
  Decay: t > w+ b WEIGHTED<=2
    Decay: w+ > c d~ WEIGHTED<=2
  Decay: t~ > w- b~ WEIGHTED<=2
    Decay: w- > b u~ WEIGHTED<=2 
INFO: Generating Feynman diagrams for Process: g u~ > t t~ u~ QED=0 @1
  Decay: t > w+ b WEIGHTED<=2
    Decay: w+ > c b~ WEIGHTED<=2
  Decay: t~ > w- b~ WEIGHTED<=2
    Decay: w- > b u~ WEIGHTED<=2 
INFO: Generating Feynman diagrams for Process: g u~ > t t~ u~ QED=0 @1
  Decay: t > w+ b WEIGHTED<=2
    Decay: w+ > u d~ WEIGHTED<=2
  Decay: t~ > w- b~ WEIGHTED<=2
    Decay: w- > b c~ WEIGHTED<=2 
INFO: Generating Feynman diagrams for Process: g u~ > t t~ u~ QED=0 @1
  Decay: t > w+ b WEIGHTED<=2
    Decay: w+ > u s~ WEIGHTED<=2
  Decay: t~ > w- b~ WEIGHTED<=2
    Decay: w- > b c~ WEIGHTED<=2 
INFO: Generating Feynman diagrams for Process: g u~ > t t~ u~ QED=0 @1
  Decay: t > w+ b WEIGHTED<=2
    Decay: w+ > u b~ WEIGHTED<=2
  Decay: t~ > w- b~ WEIGHTED<=2
    Decay: w- > b c~ WEIGHTED<=2 
INFO: Generating Feynman diagrams for Process: g u~ > t t~ u~ QED=0 @1
  Decay: t > w+ b WEIGHTED<=2
    Decay: w+ > c d~ WEIGHTED<=2
  Decay: t~ > w- b~ WEIGHTED<=2
    Decay: w- > b c~ WEIGHTED<=2 
INFO: Generating Feynman diagrams for Process: g u~ > t t~ u~ QED=0 @1
  Decay: t > w+ b WEIGHTED<=2
    Decay: w+ > c b~ WEIGHTED<=2
  Decay: t~ > w- b~ WEIGHTED<=2
    Decay: w- > b c~ WEIGHTED<=2 
INFO: Finding symmetric diagrams for subprocess group gq_ttxq_t_wpq_wp_qq_tx_wmq_wm_qq 
INFO: Creating files in directory P1_qq_ttxg_t_wpq_wp_qq_tx_wmq_wm_qq 
INFO: Generating Feynman diagrams for Process: u u~ > t t~ g QED=0 @1
  Decay: t > w+ b WEIGHTED<=2
    Decay: w+ > u d~ WEIGHTED<=2
  Decay: t~ > w- b~ WEIGHTED<=2
    Decay: w- > d u~ WEIGHTED<=2 
INFO: Generating Feynman diagrams for Process: u u~ > t t~ g QED=0 @1
  Decay: t > w+ b WEIGHTED<=2
    Decay: w+ > u s~ WEIGHTED<=2
  Decay: t~ > w- b~ WEIGHTED<=2
    Decay: w- > d u~ WEIGHTED<=2 
INFO: Generating Feynman diagrams for Process: u u~ > t t~ g QED=0 @1
  Decay: t > w+ b WEIGHTED<=2
    Decay: w+ > u b~ WEIGHTED<=2
  Decay: t~ > w- b~ WEIGHTED<=2
    Decay: w- > d u~ WEIGHTED<=2 
INFO: Generating Feynman diagrams for Process: u u~ > t t~ g QED=0 @1
  Decay: t > w+ b WEIGHTED<=2
    Decay: w+ > c d~ WEIGHTED<=2
  Decay: t~ > w- b~ WEIGHTED<=2
    Decay: w- > d u~ WEIGHTED<=2 
INFO: Generating Feynman diagrams for Process: u u~ > t t~ g QED=0 @1
  Decay: t > w+ b WEIGHTED<=2
    Decay: w+ > c b~ WEIGHTED<=2
  Decay: t~ > w- b~ WEIGHTED<=2
    Decay: w- > d u~ WEIGHTED<=2 
INFO: Generating Feynman diagrams for Process: u u~ > t t~ g QED=0 @1
  Decay: t > w+ b WEIGHTED<=2
    Decay: w+ > u d~ WEIGHTED<=2
  Decay: t~ > w- b~ WEIGHTED<=2
    Decay: w- > d c~ WEIGHTED<=2 
INFO: Generating Feynman diagrams for Process: u u~ > t t~ g QED=0 @1
  Decay: t > w+ b WEIGHTED<=2
    Decay: w+ > u s~ WEIGHTED<=2
  Decay: t~ > w- b~ WEIGHTED<=2
    Decay: w- > d c~ WEIGHTED<=2 
INFO: Generating Feynman diagrams for Process: u u~ > t t~ g QED=0 @1
  Decay: t > w+ b WEIGHTED<=2
    Decay: w+ > u b~ WEIGHTED<=2
  Decay: t~ > w- b~ WEIGHTED<=2
    Decay: w- > d c~ WEIGHTED<=2 
INFO: Generating Feynman diagrams for Process: u u~ > t t~ g QED=0 @1
  Decay: t > w+ b WEIGHTED<=2
    Decay: w+ > c d~ WEIGHTED<=2
  Decay: t~ > w- b~ WEIGHTED<=2
    Decay: w- > d c~ WEIGHTED<=2 
INFO: Generating Feynman diagrams for Process: u u~ > t t~ g QED=0 @1
  Decay: t > w+ b WEIGHTED<=2
    Decay: w+ > c b~ WEIGHTED<=2
  Decay: t~ > w- b~ WEIGHTED<=2
    Decay: w- > d c~ WEIGHTED<=2 
INFO: Generating Feynman diagrams for Process: u u~ > t t~ g QED=0 @1
  Decay: t > w+ b WEIGHTED<=2
    Decay: w+ > u d~ WEIGHTED<=2
  Decay: t~ > w- b~ WEIGHTED<=2
    Decay: w- > s u~ WEIGHTED<=2 
INFO: Generating Feynman diagrams for Process: u u~ > t t~ g QED=0 @1
  Decay: t > w+ b WEIGHTED<=2
    Decay: w+ > u s~ WEIGHTED<=2
  Decay: t~ > w- b~ WEIGHTED<=2
    Decay: w- > s u~ WEIGHTED<=2 
INFO: Generating Feynman diagrams for Process: u u~ > t t~ g QED=0 @1
  Decay: t > w+ b WEIGHTED<=2
    Decay: w+ > u b~ WEIGHTED<=2
  Decay: t~ > w- b~ WEIGHTED<=2
    Decay: w- > s u~ WEIGHTED<=2 
INFO: Generating Feynman diagrams for Process: u u~ > t t~ g QED=0 @1
  Decay: t > w+ b WEIGHTED<=2
    Decay: w+ > c d~ WEIGHTED<=2
  Decay: t~ > w- b~ WEIGHTED<=2
    Decay: w- > s u~ WEIGHTED<=2 
INFO: Generating Feynman diagrams for Process: u u~ > t t~ g QED=0 @1
  Decay: t > w+ b WEIGHTED<=2
    Decay: w+ > c b~ WEIGHTED<=2
  Decay: t~ > w- b~ WEIGHTED<=2
    Decay: w- > s u~ WEIGHTED<=2 
INFO: Generating Feynman diagrams for Process: u u~ > t t~ g QED=0 @1
  Decay: t > w+ b WEIGHTED<=2
    Decay: w+ > u d~ WEIGHTED<=2
  Decay: t~ > w- b~ WEIGHTED<=2
    Decay: w- > b u~ WEIGHTED<=2 
INFO: Generating Feynman diagrams for Process: u u~ > t t~ g QED=0 @1
  Decay: t > w+ b WEIGHTED<=2
    Decay: w+ > u s~ WEIGHTED<=2
  Decay: t~ > w- b~ WEIGHTED<=2
    Decay: w- > b u~ WEIGHTED<=2 
INFO: Generating Feynman diagrams for Process: u u~ > t t~ g QED=0 @1
  Decay: t > w+ b WEIGHTED<=2
    Decay: w+ > u b~ WEIGHTED<=2
  Decay: t~ > w- b~ WEIGHTED<=2
    Decay: w- > b u~ WEIGHTED<=2 
INFO: Generating Feynman diagrams for Process: u u~ > t t~ g QED=0 @1
  Decay: t > w+ b WEIGHTED<=2
    Decay: w+ > c d~ WEIGHTED<=2
  Decay: t~ > w- b~ WEIGHTED<=2
    Decay: w- > b u~ WEIGHTED<=2 
INFO: Generating Feynman diagrams for Process: u u~ > t t~ g QED=0 @1
  Decay: t > w+ b WEIGHTED<=2
    Decay: w+ > c b~ WEIGHTED<=2
  Decay: t~ > w- b~ WEIGHTED<=2
    Decay: w- > b u~ WEIGHTED<=2 
INFO: Generating Feynman diagrams for Process: u u~ > t t~ g QED=0 @1
  Decay: t > w+ b WEIGHTED<=2
    Decay: w+ > u d~ WEIGHTED<=2
  Decay: t~ > w- b~ WEIGHTED<=2
    Decay: w- > b c~ WEIGHTED<=2 
INFO: Generating Feynman diagrams for Process: u u~ > t t~ g QED=0 @1
  Decay: t > w+ b WEIGHTED<=2
    Decay: w+ > u s~ WEIGHTED<=2
  Decay: t~ > w- b~ WEIGHTED<=2
    Decay: w- > b c~ WEIGHTED<=2 
INFO: Generating Feynman diagrams for Process: u u~ > t t~ g QED=0 @1
  Decay: t > w+ b WEIGHTED<=2
    Decay: w+ > u b~ WEIGHTED<=2
  Decay: t~ > w- b~ WEIGHTED<=2
    Decay: w- > b c~ WEIGHTED<=2 
INFO: Generating Feynman diagrams for Process: u u~ > t t~ g QED=0 @1
  Decay: t > w+ b WEIGHTED<=2
    Decay: w+ > c d~ WEIGHTED<=2
  Decay: t~ > w- b~ WEIGHTED<=2
    Decay: w- > b c~ WEIGHTED<=2 
INFO: Generating Feynman diagrams for Process: u u~ > t t~ g QED=0 @1
  Decay: t > w+ b WEIGHTED<=2
    Decay: w+ > c b~ WEIGHTED<=2
  Decay: t~ > w- b~ WEIGHTED<=2
    Decay: w- > b c~ WEIGHTED<=2 
INFO: Finding symmetric diagrams for subprocess group qq_ttxg_t_wpq_wp_qq_tx_wmq_wm_qq 
INFO: Creating files in directory P0_gg_ttx_t_wpq_wp_qq_tx_wmq_wm_qq 
INFO: Generating Feynman diagrams for Process: g g > t t~ QED=0
  Decay: t > w+ b WEIGHTED<=2
    Decay: w+ > u d~ WEIGHTED<=2
  Decay: t~ > w- b~ WEIGHTED<=2
    Decay: w- > d u~ WEIGHTED<=2 
INFO: Generating Feynman diagrams for Process: g g > t t~ QED=0
  Decay: t > w+ b WEIGHTED<=2
    Decay: w+ > u s~ WEIGHTED<=2
  Decay: t~ > w- b~ WEIGHTED<=2
    Decay: w- > d u~ WEIGHTED<=2 
INFO: Generating Feynman diagrams for Process: g g > t t~ QED=0
  Decay: t > w+ b WEIGHTED<=2
    Decay: w+ > u b~ WEIGHTED<=2
  Decay: t~ > w- b~ WEIGHTED<=2
    Decay: w- > d u~ WEIGHTED<=2 
INFO: Generating Feynman diagrams for Process: g g > t t~ QED=0
  Decay: t > w+ b WEIGHTED<=2
    Decay: w+ > c d~ WEIGHTED<=2
  Decay: t~ > w- b~ WEIGHTED<=2
    Decay: w- > d u~ WEIGHTED<=2 
INFO: Generating Feynman diagrams for Process: g g > t t~ QED=0
  Decay: t > w+ b WEIGHTED<=2
    Decay: w+ > c b~ WEIGHTED<=2
  Decay: t~ > w- b~ WEIGHTED<=2
    Decay: w- > d u~ WEIGHTED<=2 
INFO: Generating Feynman diagrams for Process: g g > t t~ QED=0
  Decay: t > w+ b WEIGHTED<=2
    Decay: w+ > u d~ WEIGHTED<=2
  Decay: t~ > w- b~ WEIGHTED<=2
    Decay: w- > d c~ WEIGHTED<=2 
INFO: Generating Feynman diagrams for Process: g g > t t~ QED=0
  Decay: t > w+ b WEIGHTED<=2
    Decay: w+ > u s~ WEIGHTED<=2
  Decay: t~ > w- b~ WEIGHTED<=2
    Decay: w- > d c~ WEIGHTED<=2 
INFO: Generating Feynman diagrams for Process: g g > t t~ QED=0
  Decay: t > w+ b WEIGHTED<=2
    Decay: w+ > u b~ WEIGHTED<=2
  Decay: t~ > w- b~ WEIGHTED<=2
    Decay: w- > d c~ WEIGHTED<=2 
INFO: Generating Feynman diagrams for Process: g g > t t~ QED=0
  Decay: t > w+ b WEIGHTED<=2
    Decay: w+ > c d~ WEIGHTED<=2
  Decay: t~ > w- b~ WEIGHTED<=2
    Decay: w- > d c~ WEIGHTED<=2 
INFO: Generating Feynman diagrams for Process: g g > t t~ QED=0
  Decay: t > w+ b WEIGHTED<=2
    Decay: w+ > c b~ WEIGHTED<=2
  Decay: t~ > w- b~ WEIGHTED<=2
    Decay: w- > d c~ WEIGHTED<=2 
INFO: Generating Feynman diagrams for Process: g g > t t~ QED=0
  Decay: t > w+ b WEIGHTED<=2
    Decay: w+ > u d~ WEIGHTED<=2
  Decay: t~ > w- b~ WEIGHTED<=2
    Decay: w- > s u~ WEIGHTED<=2 
INFO: Generating Feynman diagrams for Process: g g > t t~ QED=0
  Decay: t > w+ b WEIGHTED<=2
    Decay: w+ > u s~ WEIGHTED<=2
  Decay: t~ > w- b~ WEIGHTED<=2
    Decay: w- > s u~ WEIGHTED<=2 
INFO: Generating Feynman diagrams for Process: g g > t t~ QED=0
  Decay: t > w+ b WEIGHTED<=2
    Decay: w+ > u b~ WEIGHTED<=2
  Decay: t~ > w- b~ WEIGHTED<=2
    Decay: w- > s u~ WEIGHTED<=2 
INFO: Generating Feynman diagrams for Process: g g > t t~ QED=0
  Decay: t > w+ b WEIGHTED<=2
    Decay: w+ > c d~ WEIGHTED<=2
  Decay: t~ > w- b~ WEIGHTED<=2
    Decay: w- > s u~ WEIGHTED<=2 
INFO: Generating Feynman diagrams for Process: g g > t t~ QED=0
  Decay: t > w+ b WEIGHTED<=2
    Decay: w+ > c b~ WEIGHTED<=2
  Decay: t~ > w- b~ WEIGHTED<=2
    Decay: w- > s u~ WEIGHTED<=2 
INFO: Generating Feynman diagrams for Process: g g > t t~ QED=0
  Decay: t > w+ b WEIGHTED<=2
    Decay: w+ > u d~ WEIGHTED<=2
  Decay: t~ > w- b~ WEIGHTED<=2
    Decay: w- > b u~ WEIGHTED<=2 
INFO: Generating Feynman diagrams for Process: g g > t t~ QED=0
  Decay: t > w+ b WEIGHTED<=2
    Decay: w+ > u s~ WEIGHTED<=2
  Decay: t~ > w- b~ WEIGHTED<=2
    Decay: w- > b u~ WEIGHTED<=2 
INFO: Generating Feynman diagrams for Process: g g > t t~ QED=0
  Decay: t > w+ b WEIGHTED<=2
    Decay: w+ > u b~ WEIGHTED<=2
  Decay: t~ > w- b~ WEIGHTED<=2
    Decay: w- > b u~ WEIGHTED<=2 
INFO: Generating Feynman diagrams for Process: g g > t t~ QED=0
  Decay: t > w+ b WEIGHTED<=2
    Decay: w+ > c d~ WEIGHTED<=2
  Decay: t~ > w- b~ WEIGHTED<=2
    Decay: w- > b u~ WEIGHTED<=2 
INFO: Generating Feynman diagrams for Process: g g > t t~ QED=0
  Decay: t > w+ b WEIGHTED<=2
    Decay: w+ > c b~ WEIGHTED<=2
  Decay: t~ > w- b~ WEIGHTED<=2
    Decay: w- > b u~ WEIGHTED<=2 
INFO: Generating Feynman diagrams for Process: g g > t t~ QED=0
  Decay: t > w+ b WEIGHTED<=2
    Decay: w+ > u d~ WEIGHTED<=2
  Decay: t~ > w- b~ WEIGHTED<=2
    Decay: w- > b c~ WEIGHTED<=2 
INFO: Generating Feynman diagrams for Process: g g > t t~ QED=0
  Decay: t > w+ b WEIGHTED<=2
    Decay: w+ > u s~ WEIGHTED<=2
  Decay: t~ > w- b~ WEIGHTED<=2
    Decay: w- > b c~ WEIGHTED<=2 
INFO: Generating Feynman diagrams for Process: g g > t t~ QED=0
  Decay: t > w+ b WEIGHTED<=2
    Decay: w+ > u b~ WEIGHTED<=2
  Decay: t~ > w- b~ WEIGHTED<=2
    Decay: w- > b c~ WEIGHTED<=2 
INFO: Generating Feynman diagrams for Process: g g > t t~ QED=0
  Decay: t > w+ b WEIGHTED<=2
    Decay: w+ > c d~ WEIGHTED<=2
  Decay: t~ > w- b~ WEIGHTED<=2
    Decay: w- > b c~ WEIGHTED<=2 
INFO: Generating Feynman diagrams for Process: g g > t t~ QED=0
  Decay: t > w+ b WEIGHTED<=2
    Decay: w+ > c b~ WEIGHTED<=2
  Decay: t~ > w- b~ WEIGHTED<=2
    Decay: w- > b c~ WEIGHTED<=2 
INFO: Finding symmetric diagrams for subprocess group gg_ttx_t_wpq_wp_qq_tx_wmq_wm_qq 
INFO: Creating files in directory P0_qq_ttx_t_wpq_wp_qq_tx_wmq_wm_qq 
INFO: Generating Feynman diagrams for Process: u u~ > t t~ QED=0
  Decay: t > w+ b WEIGHTED<=2
    Decay: w+ > u d~ WEIGHTED<=2
  Decay: t~ > w- b~ WEIGHTED<=2
    Decay: w- > d u~ WEIGHTED<=2 
INFO: Generating Feynman diagrams for Process: u u~ > t t~ QED=0
  Decay: t > w+ b WEIGHTED<=2
    Decay: w+ > u s~ WEIGHTED<=2
  Decay: t~ > w- b~ WEIGHTED<=2
    Decay: w- > d u~ WEIGHTED<=2 
INFO: Generating Feynman diagrams for Process: u u~ > t t~ QED=0
  Decay: t > w+ b WEIGHTED<=2
    Decay: w+ > u b~ WEIGHTED<=2
  Decay: t~ > w- b~ WEIGHTED<=2
    Decay: w- > d u~ WEIGHTED<=2 
INFO: Generating Feynman diagrams for Process: u u~ > t t~ QED=0
  Decay: t > w+ b WEIGHTED<=2
    Decay: w+ > c d~ WEIGHTED<=2
  Decay: t~ > w- b~ WEIGHTED<=2
    Decay: w- > d u~ WEIGHTED<=2 
INFO: Generating Feynman diagrams for Process: u u~ > t t~ QED=0
  Decay: t > w+ b WEIGHTED<=2
    Decay: w+ > c b~ WEIGHTED<=2
  Decay: t~ > w- b~ WEIGHTED<=2
    Decay: w- > d u~ WEIGHTED<=2 
INFO: Generating Feynman diagrams for Process: u u~ > t t~ QED=0
  Decay: t > w+ b WEIGHTED<=2
    Decay: w+ > u d~ WEIGHTED<=2
  Decay: t~ > w- b~ WEIGHTED<=2
    Decay: w- > d c~ WEIGHTED<=2 
INFO: Generating Feynman diagrams for Process: u u~ > t t~ QED=0
  Decay: t > w+ b WEIGHTED<=2
    Decay: w+ > u s~ WEIGHTED<=2
  Decay: t~ > w- b~ WEIGHTED<=2
    Decay: w- > d c~ WEIGHTED<=2 
INFO: Generating Feynman diagrams for Process: u u~ > t t~ QED=0
  Decay: t > w+ b WEIGHTED<=2
    Decay: w+ > u b~ WEIGHTED<=2
  Decay: t~ > w- b~ WEIGHTED<=2
    Decay: w- > d c~ WEIGHTED<=2 
INFO: Generating Feynman diagrams for Process: u u~ > t t~ QED=0
  Decay: t > w+ b WEIGHTED<=2
    Decay: w+ > c d~ WEIGHTED<=2
  Decay: t~ > w- b~ WEIGHTED<=2
    Decay: w- > d c~ WEIGHTED<=2 
INFO: Generating Feynman diagrams for Process: u u~ > t t~ QED=0
  Decay: t > w+ b WEIGHTED<=2
    Decay: w+ > c b~ WEIGHTED<=2
  Decay: t~ > w- b~ WEIGHTED<=2
    Decay: w- > d c~ WEIGHTED<=2 
INFO: Generating Feynman diagrams for Process: u u~ > t t~ QED=0
  Decay: t > w+ b WEIGHTED<=2
    Decay: w+ > u d~ WEIGHTED<=2
  Decay: t~ > w- b~ WEIGHTED<=2
    Decay: w- > s u~ WEIGHTED<=2 
INFO: Generating Feynman diagrams for Process: u u~ > t t~ QED=0
  Decay: t > w+ b WEIGHTED<=2
    Decay: w+ > u s~ WEIGHTED<=2
  Decay: t~ > w- b~ WEIGHTED<=2
    Decay: w- > s u~ WEIGHTED<=2 
INFO: Generating Feynman diagrams for Process: u u~ > t t~ QED=0
  Decay: t > w+ b WEIGHTED<=2
    Decay: w+ > u b~ WEIGHTED<=2
  Decay: t~ > w- b~ WEIGHTED<=2
    Decay: w- > s u~ WEIGHTED<=2 
INFO: Generating Feynman diagrams for Process: u u~ > t t~ QED=0
  Decay: t > w+ b WEIGHTED<=2
    Decay: w+ > c d~ WEIGHTED<=2
  Decay: t~ > w- b~ WEIGHTED<=2
    Decay: w- > s u~ WEIGHTED<=2 
INFO: Generating Feynman diagrams for Process: u u~ > t t~ QED=0
  Decay: t > w+ b WEIGHTED<=2
    Decay: w+ > c b~ WEIGHTED<=2
  Decay: t~ > w- b~ WEIGHTED<=2
    Decay: w- > s u~ WEIGHTED<=2 
INFO: Generating Feynman diagrams for Process: u u~ > t t~ QED=0
  Decay: t > w+ b WEIGHTED<=2
    Decay: w+ > u d~ WEIGHTED<=2
  Decay: t~ > w- b~ WEIGHTED<=2
    Decay: w- > b u~ WEIGHTED<=2 
INFO: Generating Feynman diagrams for Process: u u~ > t t~ QED=0
  Decay: t > w+ b WEIGHTED<=2
    Decay: w+ > u s~ WEIGHTED<=2
  Decay: t~ > w- b~ WEIGHTED<=2
    Decay: w- > b u~ WEIGHTED<=2 
INFO: Generating Feynman diagrams for Process: u u~ > t t~ QED=0
  Decay: t > w+ b WEIGHTED<=2
    Decay: w+ > u b~ WEIGHTED<=2
  Decay: t~ > w- b~ WEIGHTED<=2
    Decay: w- > b u~ WEIGHTED<=2 
INFO: Generating Feynman diagrams for Process: u u~ > t t~ QED=0
  Decay: t > w+ b WEIGHTED<=2
    Decay: w+ > c d~ WEIGHTED<=2
  Decay: t~ > w- b~ WEIGHTED<=2
    Decay: w- > b u~ WEIGHTED<=2 
INFO: Generating Feynman diagrams for Process: u u~ > t t~ QED=0
  Decay: t > w+ b WEIGHTED<=2
    Decay: w+ > c b~ WEIGHTED<=2
  Decay: t~ > w- b~ WEIGHTED<=2
    Decay: w- > b u~ WEIGHTED<=2 
INFO: Generating Feynman diagrams for Process: u u~ > t t~ QED=0
  Decay: t > w+ b WEIGHTED<=2
    Decay: w+ > u d~ WEIGHTED<=2
  Decay: t~ > w- b~ WEIGHTED<=2
    Decay: w- > b c~ WEIGHTED<=2 
INFO: Generating Feynman diagrams for Process: u u~ > t t~ QED=0
  Decay: t > w+ b WEIGHTED<=2
    Decay: w+ > u s~ WEIGHTED<=2
  Decay: t~ > w- b~ WEIGHTED<=2
    Decay: w- > b c~ WEIGHTED<=2 
INFO: Generating Feynman diagrams for Process: u u~ > t t~ QED=0
  Decay: t > w+ b WEIGHTED<=2
    Decay: w+ > u b~ WEIGHTED<=2
  Decay: t~ > w- b~ WEIGHTED<=2
    Decay: w- > b c~ WEIGHTED<=2 
INFO: Generating Feynman diagrams for Process: u u~ > t t~ QED=0
  Decay: t > w+ b WEIGHTED<=2
    Decay: w+ > c d~ WEIGHTED<=2
  Decay: t~ > w- b~ WEIGHTED<=2
    Decay: w- > b c~ WEIGHTED<=2 
INFO: Generating Feynman diagrams for Process: u u~ > t t~ QED=0
  Decay: t > w+ b WEIGHTED<=2
    Decay: w+ > c b~ WEIGHTED<=2
  Decay: t~ > w- b~ WEIGHTED<=2
    Decay: w- > b c~ WEIGHTED<=2 
INFO: Finding symmetric diagrams for subprocess group qq_ttx_t_wpq_wp_qq_tx_wmq_wm_qq 
Generated helas calls for 564 subprocesses (10834 diagrams) in 52.889 s
Wrote files for 28575 helas calls in 714.336 s
ALOHA: aloha starts to compute helicity amplitudes
ALOHA: aloha creates 6 routines in  3.729 s
save configuration file to /eos/project/f/foundational-model-dataset/samples/pu200_ryliu/tt0123j_5f_ckm_LO_MLM_hadronic-2000-20001/Cards/me5_configuration.txt
INFO: Use Fortran compiler /usr/bin/gfortran 
INFO: Use c++ compiler g++ 
INFO: Generate web pages 
Output to directory /eos/project/f/foundational-model-dataset/samples/pu200_ryliu/tt0123j_5f_ckm_LO_MLM_hadronic-2000-20001 done.
Type "launch" to generate events from this process, or see
/eos/project/f/foundational-model-dataset/samples/pu200_ryliu/tt0123j_5f_ckm_LO_MLM_hadronic-2000-20001/README
Run "open index.html" to see more information about this process.
quit
************************************************************
*                                                          *
*                      W E L C O M E to                    *
*             M A D G R A P H 5 _ a M C @ N L O            *
*                      M A D E V E N T                     *
*                                                          *
*                 *                       *                *
*                   *        * *        *                  *
*                     * * * * 5 * * * *                    *
*                   *        * *        *                  *
*                 *                       *                *
*                                                          *
*         VERSION 3.5.3                                    *
*                                                          *
*    The MadGraph5_aMC@NLO Development Team - Find us at   *
*    https://server06.fynu.ucl.ac.be/projects/madgraph     *
*                                                          *
*               Type 'help' for in-line help.              *
*                                                          *
************************************************************
INFO: load configuration from /eos/project/f/foundational-model-dataset/samples/pu200_ryliu/tt0123j_5f_ckm_LO_MLM_hadronic-2000-20001/Cards/me5_configuration.txt  
INFO: load configuration from /usr/local/MG5_aMC_v3_5_3/input/mg5_configuration.txt  
INFO: load configuration from /eos/project/f/foundational-model-dataset/samples/pu200_ryliu/tt0123j_5f_ckm_LO_MLM_hadronic-2000-20001/Cards/me5_configuration.txt  
No valid eps viewer found. Please set in ./input/mg5_configuration.txt
No valid web browser found. Please set in ./input/mg5_configuration.txt
import command /eos/project/f/foundational-model-dataset/samples/pu200_ryliu/tt0123j_5f_ckm_LO_MLM_hadronic-2000-20001/Cards/launchrun.dat
launch
The following switches determine which programs are run:
/===========================================================================\
| 1. Choose the shower/hadronization program   [1m  shower[0m = [31mOFF[0m               |
| 2. Choose the detector simulation program    [1mdetector[0m = [31mOFF[0m               |
| 3. Choose an analysis package (plot/convert) [1manalysis[0m = [01mNot Avail.[0m        |
| 4. Decay onshell particles                   [1m madspin[0m = [31mOFF[0m               |
| 5. Add weights to events for new hypp.       [1mreweight[0m = [31mOFF[0m               |
\===========================================================================/
Either type the switch number (1 to 5) to change its setting,
Set any switch explicitly (e.g. type 'shower=Pythia8' at the prompt)
Type 'help' for the list of all valid option
Type '0', 'auto', 'done' or just press enter when you are done.
The following switches determine which programs are run:
/===========================================================================\
| 1. Choose the shower/hadronization program   [1m  shower[0m = [31mOFF[0m               |
| 2. Choose the detector simulation program    [1mdetector[0m = [31mOFF[0m               |
| 3. Choose an analysis package (plot/convert) [1manalysis[0m = [01mNot Avail.[0m        |
| 4. Decay onshell particles                   [1m madspin[0m = [31mOFF[0m               |
| 5. Add weights to events for new hypp.       [1mreweight[0m = [31mOFF[0m               |
\===========================================================================/
Either type the switch number (1 to 5) to change its setting,
Set any switch explicitly (e.g. type 'shower=Pythia8' at the prompt)
Type 'help' for the list of all valid option
Type '0', 'auto', 'done' or just press enter when you are done.
malformed node or string: <_ast.Name object at 0x1463ca710070>
[1;34mFound unexpected entry in run_card: "reweight_pdf" with value "NNPDF31_nnlo_hessian_pdfas ".
  The type was assigned to str. 
  The definition of that variable will be automatically added to fortran file 
  The value of that variable will be passed to the fortran code via fortran file [0m
[1;34mrun_card missed argument time_of_flight. Takes default: -1.0[0m
[1;34mrun_card missed argument custom_fcts. Takes default: [][0m
[1;34mrun_card missed argument pt_min_pdg. Takes default: {}[0m
[1;34mrun_card missed argument pt_max_pdg. Takes default: {}[0m
[1;34mrun_card missed argument eta_min_pdg. Takes default: {}[0m
[1;34mrun_card missed argument eta_max_pdg. Takes default: {}[0m
[1;34mrun_card missed argument mxx_min_pdg. Takes default: {}[0m
[1;34mrun_card missed argument mxx_only_part_antipart. Takes default: {'default': False}[0m
[1;34mThe parameter ptonium is not supported anymore. This parameter will be ignored.[0m
[1;34mThe parameter etaonium is not supported anymore. This parameter will be ignored.[0m
set nevents 2000
[1mINFO: modify parameter nevents of the run_card.dat to 2000 [0m
set param_card mass 6 172.5
[1mINFO: modify param_card information BLOCK mass with id (6,) set to 172.5 [0m
set param_card mass 25 125.0
[1mINFO: modify param_card information BLOCK mass with id (25,) set to 125.0 [0m
set param_card yukawa 6 172.5
[1mINFO: modify param_card information BLOCK yukawa with id (6,) set to 172.5 [0m
[1;34mWARNING: Particle 15 with small width detected (2.27e-12): See https://answers.launchpad.net/mg5amcnlo/+faq/3053 to learn the special handling of that case [0m
[1mINFO: Pythia8 needs a specific normalisation of the events. We will change it accordingly. [0m
[1mINFO: modify parameter event_norm of the run_card.dat to average [0m
INFO: Update the dependent parameter of the param_card.dat 
[1;34mWARNING: update the strong coupling value (alpha_s) to the value from the pdf selected: 0.11800215829284905 [0m
unexpected indent (<unknown>, line 1)
[1;34mThe parameter ptonium is not supported anymore. This parameter will be ignored.[0m
[1;34mThe parameter etaonium is not supported anymore. This parameter will be ignored.[0m
Generating 2000 events with run name run_01
survey  run_01 
unexpected indent (<unknown>, line 1)
[1;34mThe parameter ptonium is not supported anymore. This parameter will be ignored.[0m
[1;34mThe parameter etaonium is not supported anymore. This parameter will be ignored.[0m
INFO: compile directory 
[1;34mNot able to open file /eos/project/f/foundational-model-dataset/samples/pu200_ryliu/tt0123j_5f_ckm_LO_MLM_hadronic-2000-20001/crossx.html since no program configured.Please set one in ./input/mg5_configuration.txt[0m
INFO: Using LHAPDF v6.3.0 interface for PDFs 
[1;34mThe parameter ptonium is not supported anymore. This parameter will be ignored.[0m
[1;34mThe parameter etaonium is not supported anymore. This parameter will be ignored.[0m
compile Source Directory
Using random number seed offset = 20001
INFO: Running Survey 
Creating Jobs
Working on SubProcesses
INFO: Compiling for process 1/10. 
INFO:     P2_gg_ttxgg_t_wpq_wp_qq_tx_wmq_wm_qq  
INFO: Compiling for process 2/10. 
INFO:     P2_gg_ttxqq_t_wpq_wp_qq_tx_wmq_wm_qq  
INFO: Compiling for process 3/10. 
INFO:     P2_gq_ttxgq_t_wpq_wp_qq_tx_wmq_wm_qq  
INFO: Compiling for process 4/10. 
INFO:     P2_qq_ttxqq_t_wpq_wp_qq_tx_wmq_wm_qq  
INFO: Compiling for process 5/10. 
INFO:     P2_qq_ttxgg_t_wpq_wp_qq_tx_wmq_wm_qq  
INFO: Compiling for process 6/10. 
INFO:     P1_gg_ttxg_t_wpq_wp_qq_tx_wmq_wm_qq  
INFO: Compiling for process 7/10. 
INFO:     P1_gq_ttxq_t_wpq_wp_qq_tx_wmq_wm_qq  
INFO: Compiling for process 8/10. 
INFO:     P1_qq_ttxg_t_wpq_wp_qq_tx_wmq_wm_qq  
INFO: Compiling for process 9/10. 
INFO:     P0_gg_ttx_t_wpq_wp_qq_tx_wmq_wm_qq  
INFO: Compiling for process 10/10. 
INFO:     P0_qq_ttx_t_wpq_wp_qq_tx_wmq_wm_qq  
INFO:     P2_gg_ttxgg_t_wpq_wp_qq_tx_wmq_wm_qq  
INFO:     P2_gg_ttxqq_t_wpq_wp_qq_tx_wmq_wm_qq  
INFO:     P2_gq_ttxgq_t_wpq_wp_qq_tx_wmq_wm_qq  
INFO:     P2_qq_ttxqq_t_wpq_wp_qq_tx_wmq_wm_qq  
INFO:     P2_qq_ttxgg_t_wpq_wp_qq_tx_wmq_wm_qq  
INFO:     P1_gg_ttxg_t_wpq_wp_qq_tx_wmq_wm_qq  
INFO:     P1_gq_ttxq_t_wpq_wp_qq_tx_wmq_wm_qq  
INFO:     P1_qq_ttxg_t_wpq_wp_qq_tx_wmq_wm_qq  
INFO:     P0_gg_ttx_t_wpq_wp_qq_tx_wmq_wm_qq  
INFO:     P0_qq_ttx_t_wpq_wp_qq_tx_wmq_wm_qq  
INFO:  Idle: 1,  Running: 7,  Completed: 294 [ current time: 10h22 ] 
INFO:  Idle: 0,  Running: 8,  Completed: 294 [  0.027s  ] 
INFO:  Idle: 0,  Running: 4,  Completed: 298 [  5.2s  ] 
INFO:  Idle: 0,  Running: 3,  Completed: 299 [  58.9s  ] 
INFO:  Idle: 0,  Running: 2,  Completed: 300 [  4m 36s  ] 
INFO:  Idle: 0,  Running: 1,  Completed: 301 [  4m 59s  ] 
INFO:  Idle: 0,  Running: 0,  Completed: 302 [  5m 28s  ] 
INFO:  Idle: 0,  Running: 0,  Completed: 302 [  5m 28s  ] 
INFO: End survey 
refine 2000
Creating Jobs
INFO: Refine results to 2000 
INFO: Generating 2000.0 unweighted events. 
sum of cpu time of last step: 1h17m08s
INFO: Effective Luminosity 2.904375642604541 pb^-1 
INFO: need to improve 13 channels 
- Current estimate of cross-section: 825.569577254774 +- 6.321427504846628
    P2_gg_ttxgg_t_wpq_wp_qq_tx_wmq_wm_qq 
    P2_gg_ttxqq_t_wpq_wp_qq_tx_wmq_wm_qq 
    P2_gq_ttxgq_t_wpq_wp_qq_tx_wmq_wm_qq 
    P2_qq_ttxqq_t_wpq_wp_qq_tx_wmq_wm_qq 
    P2_qq_ttxgg_t_wpq_wp_qq_tx_wmq_wm_qq 
    P1_gg_ttxg_t_wpq_wp_qq_tx_wmq_wm_qq 
    P1_gq_ttxq_t_wpq_wp_qq_tx_wmq_wm_qq 
    P1_qq_ttxg_t_wpq_wp_qq_tx_wmq_wm_qq 
    P0_gg_ttx_t_wpq_wp_qq_tx_wmq_wm_qq 
    P0_qq_ttx_t_wpq_wp_qq_tx_wmq_wm_qq 
INFO:  Idle: 0,  Running: 13,  Completed: 0 [ current time: 10h28 ] 
INFO:  Idle: 0,  Running: 12,  Completed: 1 [  2.9s  ] 
INFO:  Idle: 0,  Running: 11,  Completed: 2 [  6s  ] 
INFO:  Idle: 0,  Running: 7,  Completed: 6 [  9.7s  ] 
INFO:  Idle: 0,  Running: 5,  Completed: 8 [  16.2s  ] 
INFO:  Idle: 0,  Running: 4,  Completed: 9 [  29.3s  ] 
INFO:  Idle: 0,  Running: 2,  Completed: 11 [  45.7s  ] 
INFO:  Idle: 0,  Running: 1,  Completed: 12 [  1m 21s  ] 
INFO:  Idle: 0,  Running: 0,  Completed: 13 [  3m 0s  ] 
INFO:  Idle: 0,  Running: 0,  Completed: 13 [  3m 0s  ] 
INFO: Combining runs 
sum of cpu time of last step: 1h06m18s
INFO: finish refine 
refine 2000 --treshold=0.9
No need for second refine due to stability of cross-section
INFO: Combining Events 
unexpected indent (<unknown>, line 1)
[1;34mThe parameter ptonium is not supported anymore. This parameter will be ignored.[0m
[1;34mThe parameter etaonium is not supported anymore. This parameter will be ignored.[0m
combination of events done in 20.35356092453003 s 
  === Results Summary for run: run_01 tag: tag_1 ===

     Cross-section :   827.7 +- 4.357 pb
     Nb of events :  2000
 
INFO: Running Systematics computation 
unexpected indent (<unknown>, line 1)
[1;34mThe parameter ptonium is not supported anymore. This parameter will be ignored.[0m
[1;34mThe parameter etaonium is not supported anymore. This parameter will be ignored.[0m
INFO: # Events generated with PDF: NNPDF31_nnlo_hessian_pdfas (306000) 
INFO: # Will Compute 147 weights per event. 
INFO: # Currently at event 0 [elapsed time: 0.012 s] 
INFO: #***************************************************************************
#
# original cross-section: 828.5492899999956
#     scale variation: +29.1% -20.8%
#     central scheme variation: + 0% -32.6%
# PDF variation: +4.74% -4.74%
#
# dynamical scheme # 1 : 651.013 +26.2% -19.6% # \sum ET
# dynamical scheme # 2 : 651.013 +26.2% -19.6% # \sum\sqrt{m^2+pt^2}
# dynamical scheme # 3 : 821.716 +28.7% -20.8% # 0.5 \sum\sqrt{m^2+pt^2}
# dynamical scheme # 4 : 558.471 +24.8% -18.8% # \sqrt{\hat s}
#***************************************************************************
 
INFO: End of systematics computation 
store_events
INFO: Storing parton level results 
INFO: End Parton 
reweight -from_cards
decay_events -from_cards
INFO: [92mRunning Pythia8 [arXiv:1410.3012][0m 
No user-defined value for Pythia8 parameter 'JetMatching:nJetMax'. Setting it automatically to 2.
Splitting .lhe event file for PY8 parallelization...
Submitting Pythia8 jobs...
Pythia8 shower jobs: 1 Idle, 19 Running, 0 Done [8 seconds]
Pythia8 shower jobs: 0 Idle, 19 Running, 1 Done [2m54s]
Pythia8 shower jobs: 0 Idle, 18 Running, 2 Done [2m57s]
Pythia8 shower jobs: 0 Idle, 17 Running, 3 Done [2m57s]
Pythia8 shower jobs: 0 Idle, 16 Running, 4 Done [2m58s]
Pythia8 shower jobs: 0 Idle, 15 Running, 5 Done [2m58s]
Pythia8 shower jobs: 0 Idle, 14 Running, 6 Done [2m58s]
Pythia8 shower jobs: 0 Idle, 13 Running, 7 Done [2m58s]
Pythia8 shower jobs: 0 Idle, 12 Running, 8 Done [2m59s]
Pythia8 shower jobs: 0 Idle, 11 Running, 9 Done [3m02s]
Pythia8 shower jobs: 0 Idle, 10 Running, 10 Done [3m03s]
Pythia8 shower jobs: 0 Idle, 9 Running, 11 Done [3m13s]
Pythia8 shower jobs: 0 Idle, 8 Running, 12 Done [3m19s]
Pythia8 shower jobs: 0 Idle, 7 Running, 13 Done [3m21s]
Pythia8 shower jobs: 0 Idle, 6 Running, 14 Done [3m22s]
Pythia8 shower jobs: 0 Idle, 5 Running, 15 Done [3m24s]
Pythia8 shower jobs: 0 Idle, 4 Running, 16 Done [3m25s]
Pythia8 shower jobs: 0 Idle, 3 Running, 17 Done [3m26s]
Pythia8 shower jobs: 0 Idle, 2 Running, 18 Done [3m26s]
Pythia8 shower jobs: 0 Idle, 1 Running, 19 Done [3m27s]
Pythia8 shower jobs: 0 Idle, 0 Running, 20 Done [3m30s]
Merging results from the split PY8 runs...
INFO: Create matching plots for Pythia8 
[1;34mWARNING: Install gnuplot to be able to view the plots generated at :
   /eos/project/f/foundational-model-dataset/samples/pu200_ryliu/tt0123j_5f_ckm_LO_MLM_hadronic-2000-20001/HTML/run_01/tag_1_PY8_plots/central_qCut_djr_plots.gnuplot.gnuplot
   /eos/project/f/foundational-model-dataset/samples/pu200_ryliu/tt0123j_5f_ckm_LO_MLM_hadronic-2000-20001/HTML/run_01/tag_1_PY8_plots/central_qCut_pt_plots.gnuplot.gnuplot
   /eos/project/f/foundational-model-dataset/samples/pu200_ryliu/tt0123j_5f_ckm_LO_MLM_hadronic-2000-20001/HTML/run_01/tag_1_PY8_plots/min_max_qCut_djr_comparison.gnuplot.gnuplot
   /eos/project/f/foundational-model-dataset/samples/pu200_ryliu/tt0123j_5f_ckm_LO_MLM_hadronic-2000-20001/HTML/run_01/tag_1_PY8_plots/min_max_qCut_pt_comparison.gnuplot.gnuplot
   /eos/project/f/foundational-model-dataset/samples/pu200_ryliu/tt0123j_5f_ckm_LO_MLM_hadronic-2000-20001/HTML/run_01/tag_1_PY8_plots/qCut_45_djr_plots.gnuplot.gnuplot
   /eos/project/f/foundational-model-dataset/samples/pu200_ryliu/tt0123j_5f_ckm_LO_MLM_hadronic-2000-20001/HTML/run_01/tag_1_PY8_plots/qCut_45_pt_plots.gnuplot.gnuplot
   /eos/project/f/foundational-model-dataset/samples/pu200_ryliu/tt0123j_5f_ckm_LO_MLM_hadronic-2000-20001/HTML/run_01/tag_1_PY8_plots/qCut_60_djr_plots.gnuplot.gnuplot
   /eos/project/f/foundational-model-dataset/samples/pu200_ryliu/tt0123j_5f_ckm_LO_MLM_hadronic-2000-20001/HTML/run_01/tag_1_PY8_plots/qCut_60_pt_plots.gnuplot.gnuplot [0m
INFO: Pythia8 shower finished after 5m58s. 
INFO: prepare delphes run 
INFO: Running Delphes 
INFO: If you are interested in lhco output. please run root2lhco converter. 
INFO:  or edit bin/internal/run_delphes3 to run the converter automatically. 
INFO: delphes done 
  === Results Summary for run: run_01 tag: tag_1 ===

     Cross-section :   827.7 +- 4.357 pb
     Nb of events :  2000
     Pythia8 merged cross-sections are:
      > Merging scale = 30     : 152.04      +/- 0.4     [pb]
      > Merging scale = 45     : 174.82      +/- 0.43    [pb]
      > Merging scale = 60     : 181.45      +/- 0.43    [pb]
     Notice that because Systematics computation is turned on, the merging did not veto events but modified their weights instead.
     The resulting hepmc/stdhep file should therefore be use with those weights.
 
INFO: storing files of previous run 
INFO: Storing Pythia8 files of previous run 
INFO: Done 
quit
INFO:  
launch in debug mode
Found the following event record:  tag_1_delphes_events.root
Done!
