process,nevents,seed
minbias,10000,59000001
minbias,10000,59000002
minbias,10000,59000003
minbias,10000,59000004
minbias,10000,59000005
minbias,10000,59000006
minbias,10000,59000007
minbias,10000,59000008
minbias,10000,59000009
minbias,10000,59000010
minbias,10000,59000011
minbias,10000,59000012
minbias,10000,59000013
minbias,10000,59000014
minbias,10000,59000015
minbias,10000,59000016
minbias,10000,59000017
minbias,10000,59000018
minbias,10000,59000019
minbias,10000,59000020
minbias,10000,59000021
minbias,10000,59000022
minbias,10000,59000023
minbias,10000,59000024
minbias,10000,59000025
minbias,10000,59000026
minbias,10000,59000027
minbias,10000,59000028
minbias,10000,59000029
minbias,10000,59000030
minbias,10000,59000031
minbias,10000,59000032
minbias,10000,59000033
minbias,10000,59000034
minbias,10000,59000035
minbias,10000,59000036
minbias,10000,59000037
minbias,10000,59000038
minbias,10000,59000039
minbias,10000,59000040
minbias,10000,59000041
minbias,10000,59000042
minbias,10000,59000043
minbias,10000,59000044
minbias,10000,59000045
minbias,10000,59000046
minbias,10000,59000047
minbias,10000,59000048
minbias,10000,59000049
minbias,10000,59000050
minbias,10000,59000051
minbias,10000,59000052
minbias,10000,59000053
minbias,10000,59000054
minbias,10000,59000055
minbias,10000,59000056
minbias,10000,59000057
minbias,10000,59000058
minbias,10000,59000059
minbias,10000,59000060
minbias,10000,59000061
minbias,10000,59000062
minbias,10000,59000063
minbias,10000,59000064
minbias,10000,59000065
minbias,10000,59000066
minbias,10000,59000067
minbias,10000,59000068
minbias,10000,59000069
minbias,10000,59000070
minbias,10000,59000071
minbias,10000,59000072
minbias,10000,59000073
minbias,10000,59000074
minbias,10000,59000075
minbias,10000,59000076
minbias,10000,59000077
minbias,10000,59000078
minbias,10000,59000079
minbias,10000,59000080
minbias,10000,59000081
minbias,10000,59000082
minbias,10000,59000083
minbias,10000,59000084
minbias,10000,59000085
minbias,10000,59000086
minbias,10000,59000087
minbias,10000,59000088
minbias,10000,59000089
minbias,10000,59000090
minbias,10000,59000091
minbias,10000,59000092
minbias,10000,59000093
minbias,10000,59000094
minbias,10000,59000095
minbias,10000,59000096
minbias,10000,59000097
minbias,10000,59000098
minbias,10000,59000099
minbias,10000,59000100
minbias,10000,59000101
minbias,10000,59000102
minbias,10000,59000103
minbias,10000,59000104
minbias,10000,59000105
minbias,10000,59000106
minbias,10000,59000107
minbias,10000,59000108
minbias,10000,59000109
minbias,10000,59000110
minbias,10000,59000111
minbias,10000,59000112
minbias,10000,59000113
minbias,10000,59000114
minbias,10000,59000115
minbias,10000,59000116
minbias,10000,59000117
minbias,10000,59000118
minbias,10000,59000119
minbias,10000,59000120
minbias,10000,59000121
minbias,10000,59000122
minbias,10000,59000123
minbias,10000,59000124
minbias,10000,59000125
minbias,10000,59000126
minbias,10000,59000127
minbias,10000,59000128
minbias,10000,59000129
minbias,10000,59000130
minbias,10000,59000131
minbias,10000,59000132
minbias,10000,59000133
minbias,10000,59000134
minbias,10000,59000135
minbias,10000,59000136
minbias,10000,59000137
minbias,10000,59000138
minbias,10000,59000139
minbias,10000,59000140
minbias,10000,59000141
minbias,10000,59000142
minbias,10000,59000143
minbias,10000,59000144
minbias,10000,59000145
minbias,10000,59000146
minbias,10000,59000147
minbias,10000,59000148
minbias,10000,59000149
minbias,10000,59000150
minbias,10000,59000151
minbias,10000,59000152
minbias,10000,59000153
minbias,10000,59000154
minbias,10000,59000155
minbias,10000,59000156
minbias,10000,59000157
minbias,10000,59000158
minbias,10000,59000159
minbias,10000,59000160
minbias,10000,59000161
minbias,10000,59000162
minbias,10000,59000163
minbias,10000,59000164
minbias,10000,59000165
minbias,10000,59000166
minbias,10000,59000167
minbias,10000,59000168
minbias,10000,59000169
minbias,10000,59000170
minbias,10000,59000171
minbias,10000,59000172
minbias,10000,59000173
minbias,10000,59000174
minbias,10000,59000175
minbias,10000,59000176
minbias,10000,59000177
minbias,10000,59000178
minbias,10000,59000179
minbias,10000,59000180
minbias,10000,59000181
minbias,10000,59000182
minbias,10000,59000183
minbias,10000,59000184
minbias,10000,59000185
minbias,10000,59000186
minbias,10000,59000187
minbias,10000,59000188
minbias,10000,59000189
minbias,10000,59000190
minbias,10000,59000191
minbias,10000,59000192
minbias,10000,59000193
minbias,10000,59000194
minbias,10000,59000195
minbias,10000,59000196
minbias,10000,59000197
minbias,10000,59000198
minbias,10000,59000199
minbias,10000,59000200
minbias,10000,59000201
minbias,10000,59000202
minbias,10000,59000203
minbias,10000,59000204
minbias,10000,59000205
minbias,10000,59000206
minbias,10000,59000207
minbias,10000,59000208
minbias,10000,59000209
minbias,10000,59000210
minbias,10000,59000211
minbias,10000,59000212
minbias,10000,59000213
minbias,10000,59000214
minbias,10000,59000215
minbias,10000,59000216
minbias,10000,59000217
minbias,10000,59000218
minbias,10000,59000219
minbias,10000,59000220
minbias,10000,59000221
minbias,10000,59000222
minbias,10000,59000223
minbias,10000,59000224
minbias,10000,59000225
minbias,10000,59000226
minbias,10000,59000227
minbias,10000,59000228
minbias,10000,59000229
minbias,10000,59000230
minbias,10000,59000231
minbias,10000,59000232
minbias,10000,59000233
minbias,10000,59000234
minbias,10000,59000235
minbias,10000,59000236
minbias,10000,59000237
minbias,10000,59000238
minbias,10000,59000239
minbias,10000,59000240
minbias,10000,59000241
minbias,10000,59000242
minbias,10000,59000243
minbias,10000,59000244
minbias,10000,59000245
minbias,10000,59000246
minbias,10000,59000247
minbias,10000,59000248
minbias,10000,59000249
minbias,10000,59000250
minbias,10000,59000251
minbias,10000,59000252
minbias,10000,59000253
minbias,10000,59000254
minbias,10000,59000255
minbias,10000,59000256
minbias,10000,59000257
minbias,10000,59000258
minbias,10000,59000259
minbias,10000,59000260
minbias,10000,59000261
minbias,10000,59000262
minbias,10000,59000263
minbias,10000,59000264
minbias,10000,59000265
minbias,10000,59000266
minbias,10000,59000267
minbias,10000,59000268
minbias,10000,59000269
minbias,10000,59000270
minbias,10000,59000271
minbias,10000,59000272
minbias,10000,59000273
minbias,10000,59000274
minbias,10000,59000275
minbias,10000,59000276
minbias,10000,59000277
minbias,10000,59000278
minbias,10000,59000279
minbias,10000,59000280
minbias,10000,59000281
minbias,10000,59000282
minbias,10000,59000283
minbias,10000,59000284
minbias,10000,59000285
minbias,10000,59000286
minbias,10000,59000287
minbias,10000,59000288
minbias,10000,59000289
minbias,10000,59000290
minbias,10000,59000291
minbias,10000,59000292
minbias,10000,59000293
minbias,10000,59000294
minbias,10000,59000295
minbias,10000,59000296
minbias,10000,59000297
minbias,10000,59000298
minbias,10000,59000299
minbias,10000,59000300
minbias,10000,59000301
minbias,10000,59000302
minbias,10000,59000303
minbias,10000,59000304
minbias,10000,59000305
minbias,10000,59000306
minbias,10000,59000307
minbias,10000,59000308
minbias,10000,59000309
minbias,10000,59000310
minbias,10000,59000311
minbias,10000,59000312
minbias,10000,59000313
minbias,10000,59000314
minbias,10000,59000315
minbias,10000,59000316
minbias,10000,59000317
minbias,10000,59000318
minbias,10000,59000319
minbias,10000,59000320
minbias,10000,59000321
minbias,10000,59000322
minbias,10000,59000323
minbias,10000,59000324
minbias,10000,59000325
minbias,10000,59000326
minbias,10000,59000327
minbias,10000,59000328
minbias,10000,59000329
minbias,10000,59000330
minbias,10000,59000331
minbias,10000,59000332
minbias,10000,59000333
minbias,10000,59000334
minbias,10000,59000335
minbias,10000,59000336
minbias,10000,59000337
minbias,10000,59000338
minbias,10000,59000339
minbias,10000,59000340
minbias,10000,59000341
minbias,10000,59000342
minbias,10000,59000343
minbias,10000,59000344
minbias,10000,59000345
minbias,10000,59000346
minbias,10000,59000347
minbias,10000,59000348
minbias,10000,59000349
minbias,10000,59000350
minbias,10000,59000351
minbias,10000,59000352
minbias,10000,59000353
minbias,10000,59000354
minbias,10000,59000355
minbias,10000,59000356
minbias,10000,59000357
minbias,10000,59000358
minbias,10000,59000359
minbias,10000,59000360
minbias,10000,59000361
minbias,10000,59000362
minbias,10000,59000363
minbias,10000,59000364
minbias,10000,59000365
minbias,10000,59000366
minbias,10000,59000367
minbias,10000,59000368
minbias,10000,59000369
minbias,10000,59000370
minbias,10000,59000371
minbias,10000,59000372
minbias,10000,59000373
minbias,10000,59000374
minbias,10000,59000375
minbias,10000,59000376
minbias,10000,59000377
minbias,10000,59000378
minbias,10000,59000379
minbias,10000,59000380
minbias,10000,59000381
minbias,10000,59000382
minbias,10000,59000383
minbias,10000,59000384
minbias,10000,59000385
minbias,10000,59000386
minbias,10000,59000387
minbias,10000,59000388
minbias,10000,59000389
minbias,10000,59000390
minbias,10000,59000391
minbias,10000,59000392
minbias,10000,59000393
minbias,10000,59000394
minbias,10000,59000395
minbias,10000,59000396
minbias,10000,59000397
minbias,10000,59000398
minbias,10000,59000399
minbias,10000,59000400
minbias,10000,59000401
minbias,10000,59000402
minbias,10000,59000403
minbias,10000,59000404
minbias,10000,59000405
minbias,10000,59000406
minbias,10000,59000407
minbias,10000,59000408
minbias,10000,59000409
minbias,10000,59000410
minbias,10000,59000411
minbias,10000,59000412
minbias,10000,59000413
minbias,10000,59000414
minbias,10000,59000415
minbias,10000,59000416
minbias,10000,59000417
minbias,10000,59000418
minbias,10000,59000419
minbias,10000,59000420
minbias,10000,59000421
minbias,10000,59000422
minbias,10000,59000423
minbias,10000,59000424
minbias,10000,59000425
minbias,10000,59000426
minbias,10000,59000427
minbias,10000,59000428
minbias,10000,59000429
minbias,10000,59000430
minbias,10000,59000431
minbias,10000,59000432
minbias,10000,59000433
minbias,10000,59000434
minbias,10000,59000435
minbias,10000,59000436
minbias,10000,59000437
minbias,10000,59000438
minbias,10000,59000439
minbias,10000,59000440
minbias,10000,59000441
minbias,10000,59000442
minbias,10000,59000443
minbias,10000,59000444
minbias,10000,59000445
minbias,10000,59000446
minbias,10000,59000447
minbias,10000,59000448
minbias,10000,59000449
minbias,10000,59000450
minbias,10000,59000451
minbias,10000,59000452
minbias,10000,59000453
minbias,10000,59000454
minbias,10000,59000455
minbias,10000,59000456
minbias,10000,59000457
minbias,10000,59000458
minbias,10000,59000459
minbias,10000,59000460
minbias,10000,59000461
minbias,10000,59000462
minbias,10000,59000463
minbias,10000,59000464
minbias,10000,59000465
minbias,10000,59000466
minbias,10000,59000467
minbias,10000,59000468
minbias,10000,59000469
minbias,10000,59000470
minbias,10000,59000471
minbias,10000,59000472
minbias,10000,59000473
minbias,10000,59000474
minbias,10000,59000475
minbias,10000,59000476
minbias,10000,59000477
minbias,10000,59000478
minbias,10000,59000479
minbias,10000,59000480
minbias,10000,59000481
minbias,10000,59000482
minbias,10000,59000483
minbias,10000,59000484
minbias,10000,59000485
minbias,10000,59000486
minbias,10000,59000487
minbias,10000,59000488
minbias,10000,59000489
minbias,10000,59000490
minbias,10000,59000491
minbias,10000,59000492
minbias,10000,59000493
minbias,10000,59000494
minbias,10000,59000495
minbias,10000,59000496
minbias,10000,59000497
minbias,10000,59000498
minbias,10000,59000499
minbias,10000,59000500
minbias,10000,59000501
minbias,10000,59000502
minbias,10000,59000503
minbias,10000,59000504
minbias,10000,59000505
minbias,10000,59000506
minbias,10000,59000507
minbias,10000,59000508
minbias,10000,59000509
minbias,10000,59000510
minbias,10000,59000511
minbias,10000,59000512
minbias,10000,59000513
minbias,10000,59000514
minbias,10000,59000515
minbias,10000,59000516
minbias,10000,59000517
minbias,10000,59000518
minbias,10000,59000519
minbias,10000,59000520
minbias,10000,59000521
minbias,10000,59000522
minbias,10000,59000523
minbias,10000,59000524
minbias,10000,59000525
minbias,10000,59000526
minbias,10000,59000527
minbias,10000,59000528
minbias,10000,59000529
minbias,10000,59000530
minbias,10000,59000531
minbias,10000,59000532
minbias,10000,59000533
minbias,10000,59000534
minbias,10000,59000535
minbias,10000,59000536
minbias,10000,59000537
minbias,10000,59000538
minbias,10000,59000539
minbias,10000,59000540
minbias,10000,59000541
minbias,10000,59000542
minbias,10000,59000543
minbias,10000,59000544
minbias,10000,59000545
minbias,10000,59000546
minbias,10000,59000547
minbias,10000,59000548
minbias,10000,59000549
minbias,10000,59000550
minbias,10000,59000551
minbias,10000,59000552
minbias,10000,59000553
minbias,10000,59000554
minbias,10000,59000555
minbias,10000,59000556
minbias,10000,59000557
minbias,10000,59000558
minbias,10000,59000559
minbias,10000,59000560
minbias,10000,59000561
minbias,10000,59000562
minbias,10000,59000563
minbias,10000,59000564
minbias,10000,59000565
minbias,10000,59000566
minbias,10000,59000567
minbias,10000,59000568
minbias,10000,59000569
minbias,10000,59000570
minbias,10000,59000571
minbias,10000,59000572
minbias,10000,59000573
minbias,10000,59000574
minbias,10000,59000575
minbias,10000,59000576
minbias,10000,59000577
minbias,10000,59000578
minbias,10000,59000579
minbias,10000,59000580
minbias,10000,59000581
minbias,10000,59000582
minbias,10000,59000583
minbias,10000,59000584
minbias,10000,59000585
minbias,10000,59000586
minbias,10000,59000587
minbias,10000,59000588
minbias,10000,59000589
minbias,10000,59000590
minbias,10000,59000591
minbias,10000,59000592
minbias,10000,59000593
minbias,10000,59000594
minbias,10000,59000595
minbias,10000,59000596
minbias,10000,59000597
minbias,10000,59000598
minbias,10000,59000599
minbias,10000,59000600
minbias,10000,59000601
minbias,10000,59000602
minbias,10000,59000603
minbias,10000,59000604
minbias,10000,59000605
minbias,10000,59000606
minbias,10000,59000607
minbias,10000,59000608
minbias,10000,59000609
minbias,10000,59000610
minbias,10000,59000611
minbias,10000,59000612
minbias,10000,59000613
minbias,10000,59000614
minbias,10000,59000615
minbias,10000,59000616
minbias,10000,59000617
minbias,10000,59000618
minbias,10000,59000619
minbias,10000,59000620
minbias,10000,59000621
minbias,10000,59000622
minbias,10000,59000623
minbias,10000,59000624
minbias,10000,59000625
minbias,10000,59000626
minbias,10000,59000627
minbias,10000,59000628
minbias,10000,59000629
minbias,10000,59000630
minbias,10000,59000631
minbias,10000,59000632
minbias,10000,59000633
minbias,10000,59000634
minbias,10000,59000635
minbias,10000,59000636
minbias,10000,59000637
minbias,10000,59000638
minbias,10000,59000639
minbias,10000,59000640
minbias,10000,59000641
minbias,10000,59000642
minbias,10000,59000643
minbias,10000,59000644
minbias,10000,59000645
minbias,10000,59000646
minbias,10000,59000647
minbias,10000,59000648
minbias,10000,59000649
minbias,10000,59000650
minbias,10000,59000651
minbias,10000,59000652
minbias,10000,59000653
minbias,10000,59000654
minbias,10000,59000655
minbias,10000,59000656
minbias,10000,59000657
minbias,10000,59000658
minbias,10000,59000659
minbias,10000,59000660
minbias,10000,59000661
minbias,10000,59000662
minbias,10000,59000663
minbias,10000,59000664
minbias,10000,59000665
minbias,10000,59000666
minbias,10000,59000667
minbias,10000,59000668
minbias,10000,59000669
minbias,10000,59000670
minbias,10000,59000671
minbias,10000,59000672
minbias,10000,59000673
minbias,10000,59000674
minbias,10000,59000675
minbias,10000,59000676
minbias,10000,59000677
minbias,10000,59000678
minbias,10000,59000679
minbias,10000,59000680
minbias,10000,59000681
minbias,10000,59000682
minbias,10000,59000683
minbias,10000,59000684
minbias,10000,59000685
minbias,10000,59000686
minbias,10000,59000687
minbias,10000,59000688
minbias,10000,59000689
minbias,10000,59000690
minbias,10000,59000691
minbias,10000,59000692
minbias,10000,59000693
minbias,10000,59000694
minbias,10000,59000695
minbias,10000,59000696
minbias,10000,59000697
minbias,10000,59000698
minbias,10000,59000699
minbias,10000,59000700
minbias,10000,59000701
minbias,10000,59000702
minbias,10000,59000703
minbias,10000,59000704
minbias,10000,59000705
minbias,10000,59000706
minbias,10000,59000707
minbias,10000,59000708
minbias,10000,59000709
minbias,10000,59000710
minbias,10000,59000711
minbias,10000,59000712
minbias,10000,59000713
minbias,10000,59000714
minbias,10000,59000715
minbias,10000,59000716
minbias,10000,59000717
minbias,10000,59000718
minbias,10000,59000719
minbias,10000,59000720
minbias,10000,59000721
minbias,10000,59000722
minbias,10000,59000723
minbias,10000,59000724
minbias,10000,59000725
minbias,10000,59000726
minbias,10000,59000727
minbias,10000,59000728
minbias,10000,59000729
minbias,10000,59000730
minbias,10000,59000731
minbias,10000,59000732
minbias,10000,59000733
minbias,10000,59000734
minbias,10000,59000735
minbias,10000,59000736
minbias,10000,59000737
minbias,10000,59000738
minbias,10000,59000739
minbias,10000,59000740
minbias,10000,59000741
minbias,10000,59000742
minbias,10000,59000743
minbias,10000,59000744
minbias,10000,59000745
minbias,10000,59000746
minbias,10000,59000747
minbias,10000,59000748
minbias,10000,59000749
minbias,10000,59000750
minbias,10000,59000751
minbias,10000,59000752
minbias,10000,59000753
minbias,10000,59000754
minbias,10000,59000755
minbias,10000,59000756
minbias,10000,59000757
minbias,10000,59000758
minbias,10000,59000759
minbias,10000,59000760
minbias,10000,59000761
minbias,10000,59000762
minbias,10000,59000763
minbias,10000,59000764
minbias,10000,59000765
minbias,10000,59000766
minbias,10000,59000767
minbias,10000,59000768
minbias,10000,59000769
minbias,10000,59000770
minbias,10000,59000771
minbias,10000,59000772
minbias,10000,59000773
minbias,10000,59000774
minbias,10000,59000775
minbias,10000,59000776
minbias,10000,59000777
minbias,10000,59000778
minbias,10000,59000779
minbias,10000,59000780
minbias,10000,59000781
minbias,10000,59000782
minbias,10000,59000783
minbias,10000,59000784
minbias,10000,59000785
minbias,10000,59000786
minbias,10000,59000787
minbias,10000,59000788
minbias,10000,59000789
minbias,10000,59000790
minbias,10000,59000791
minbias,10000,59000792
minbias,10000,59000793
minbias,10000,59000794
minbias,10000,59000795
minbias,10000,59000796
minbias,10000,59000797
minbias,10000,59000798
minbias,10000,59000799
minbias,10000,59000800
minbias,10000,59000801
minbias,10000,59000802
minbias,10000,59000803
minbias,10000,59000804
minbias,10000,59000805
minbias,10000,59000806
minbias,10000,59000807
minbias,10000,59000808
minbias,10000,59000809
minbias,10000,59000810
minbias,10000,59000811
minbias,10000,59000812
minbias,10000,59000813
minbias,10000,59000814
minbias,10000,59000815
minbias,10000,59000816
minbias,10000,59000817
minbias,10000,59000818
minbias,10000,59000819
minbias,10000,59000820
minbias,10000,59000821
minbias,10000,59000822
minbias,10000,59000823
minbias,10000,59000824
minbias,10000,59000825
minbias,10000,59000826
minbias,10000,59000827
minbias,10000,59000828
minbias,10000,59000829
minbias,10000,59000830
minbias,10000,59000831
minbias,10000,59000832
minbias,10000,59000833
minbias,10000,59000834
minbias,10000,59000835
minbias,10000,59000836
minbias,10000,59000837
minbias,10000,59000838
minbias,10000,59000839
minbias,10000,59000840
minbias,10000,59000841
minbias,10000,59000842
minbias,10000,59000843
minbias,10000,59000844
minbias,10000,59000845
minbias,10000,59000846
minbias,10000,59000847
minbias,10000,59000848
minbias,10000,59000849
minbias,10000,59000850
minbias,10000,59000851
minbias,10000,59000852
minbias,10000,59000853
minbias,10000,59000854
minbias,10000,59000855
minbias,10000,59000856
minbias,10000,59000857
minbias,10000,59000858
minbias,10000,59000859
minbias,10000,59000860
minbias,10000,59000861
minbias,10000,59000862
minbias,10000,59000863
minbias,10000,59000864
minbias,10000,59000865
minbias,10000,59000866
minbias,10000,59000867
minbias,10000,59000868
minbias,10000,59000869
minbias,10000,59000870
minbias,10000,59000871
minbias,10000,59000872
minbias,10000,59000873
minbias,10000,59000874
minbias,10000,59000875
minbias,10000,59000876
minbias,10000,59000877
minbias,10000,59000878
minbias,10000,59000879
minbias,10000,59000880
minbias,10000,59000881
minbias,10000,59000882
minbias,10000,59000883
minbias,10000,59000884
minbias,10000,59000885
minbias,10000,59000886
minbias,10000,59000887
minbias,10000,59000888
minbias,10000,59000889
minbias,10000,59000890
minbias,10000,59000891
minbias,10000,59000892
minbias,10000,59000893
minbias,10000,59000894
minbias,10000,59000895
minbias,10000,59000896
minbias,10000,59000897
minbias,10000,59000898
minbias,10000,59000899
minbias,10000,59000900
minbias,10000,59000901
minbias,10000,59000902
minbias,10000,59000903
minbias,10000,59000904
minbias,10000,59000905
minbias,10000,59000906
minbias,10000,59000907
minbias,10000,59000908
minbias,10000,59000909
minbias,10000,59000910
minbias,10000,59000911
minbias,10000,59000912
minbias,10000,59000913
minbias,10000,59000914
minbias,10000,59000915
minbias,10000,59000916
minbias,10000,59000917
minbias,10000,59000918
minbias,10000,59000919
minbias,10000,59000920
minbias,10000,59000921
minbias,10000,59000922
minbias,10000,59000923
minbias,10000,59000924
minbias,10000,59000925
minbias,10000,59000926
minbias,10000,59000927
minbias,10000,59000928
minbias,10000,59000929
minbias,10000,59000930
minbias,10000,59000931
minbias,10000,59000932
minbias,10000,59000933
minbias,10000,59000934
minbias,10000,59000935
minbias,10000,59000936
minbias,10000,59000937
minbias,10000,59000938
minbias,10000,59000939
minbias,10000,59000940
minbias,10000,59000941
minbias,10000,59000942
minbias,10000,59000943
minbias,10000,59000944
minbias,10000,59000945
minbias,10000,59000946
minbias,10000,59000947
minbias,10000,59000948
minbias,10000,59000949
minbias,10000,59000950
minbias,10000,59000951
minbias,10000,59000952
minbias,10000,59000953
minbias,10000,59000954
minbias,10000,59000955
minbias,10000,59000956
minbias,10000,59000957
minbias,10000,59000958
minbias,10000,59000959
minbias,10000,59000960
minbias,10000,59000961
minbias,10000,59000962
minbias,10000,59000963
minbias,10000,59000964
minbias,10000,59000965
minbias,10000,59000966
minbias,10000,59000967
minbias,10000,59000968
minbias,10000,59000969
minbias,10000,59000970
minbias,10000,59000971
minbias,10000,59000972
minbias,10000,59000973
minbias,10000,59000974
minbias,10000,59000975
minbias,10000,59000976
minbias,10000,59000977
minbias,10000,59000978
minbias,10000,59000979
minbias,10000,59000980
minbias,10000,59000981
minbias,10000,59000982
minbias,10000,59000983
minbias,10000,59000984
minbias,10000,59000985
minbias,10000,59000986
minbias,10000,59000987
minbias,10000,59000988
minbias,10000,59000989
minbias,10000,59000990
minbias,10000,59000991
minbias,10000,59000992
minbias,10000,59000993
minbias,10000,59000994
minbias,10000,59000995
minbias,10000,59000996
minbias,10000,59000997
minbias,10000,59000998
minbias,10000,59000999
minbias,10000,59001000
minbias,10000,59001001
minbias,10000,59001002
minbias,10000,59001003
minbias,10000,59001004
minbias,10000,59001005
minbias,10000,59001006
minbias,10000,59001007
minbias,10000,59001008
minbias,10000,59001009
minbias,10000,59001010
minbias,10000,59001011
minbias,10000,59001012
minbias,10000,59001013
minbias,10000,59001014
minbias,10000,59001015
minbias,10000,59001016
minbias,10000,59001017
minbias,10000,59001018
minbias,10000,59001019
minbias,10000,59001020
minbias,10000,59001021
minbias,10000,59001022
minbias,10000,59001023
minbias,10000,59001024
minbias,10000,59001025
minbias,10000,59001026
minbias,10000,59001027
minbias,10000,59001028
minbias,10000,59001029
minbias,10000,59001030
minbias,10000,59001031
minbias,10000,59001032
minbias,10000,59001033
minbias,10000,59001034
minbias,10000,59001035
minbias,10000,59001036
minbias,10000,59001037
minbias,10000,59001038
minbias,10000,59001039
minbias,10000,59001040
minbias,10000,59001041
minbias,10000,59001042
minbias,10000,59001043
minbias,10000,59001044
minbias,10000,59001045
minbias,10000,59001046
minbias,10000,59001047
minbias,10000,59001048
minbias,10000,59001049
minbias,10000,59001050
minbias,10000,59001051
minbias,10000,59001052
minbias,10000,59001053
minbias,10000,59001054
minbias,10000,59001055
minbias,10000,59001056
minbias,10000,59001057
minbias,10000,59001058
minbias,10000,59001059
minbias,10000,59001060
minbias,10000,59001061
minbias,10000,59001062
minbias,10000,59001063
minbias,10000,59001064
minbias,10000,59001065
minbias,10000,59001066
minbias,10000,59001067
minbias,10000,59001068
minbias,10000,59001069
minbias,10000,59001070
minbias,10000,59001071
minbias,10000,59001072
minbias,10000,59001073
minbias,10000,59001074
minbias,10000,59001075
minbias,10000,59001076
minbias,10000,59001077
minbias,10000,59001078
minbias,10000,59001079
minbias,10000,59001080
minbias,10000,59001081
minbias,10000,59001082
minbias,10000,59001083
minbias,10000,59001084
minbias,10000,59001085
minbias,10000,59001086
minbias,10000,59001087
minbias,10000,59001088
minbias,10000,59001089
minbias,10000,59001090
minbias,10000,59001091
minbias,10000,59001092
minbias,10000,59001093
minbias,10000,59001094
minbias,10000,59001095
minbias,10000,59001096
minbias,10000,59001097
minbias,10000,59001098
minbias,10000,59001099
minbias,10000,59001100
minbias,10000,59001101
minbias,10000,59001102
minbias,10000,59001103
minbias,10000,59001104
minbias,10000,59001105
minbias,10000,59001106
minbias,10000,59001107
minbias,10000,59001108
minbias,10000,59001109
minbias,10000,59001110
minbias,10000,59001111
minbias,10000,59001112
minbias,10000,59001113
minbias,10000,59001114
minbias,10000,59001115
minbias,10000,59001116
minbias,10000,59001117
minbias,10000,59001118
minbias,10000,59001119
minbias,10000,59001120
minbias,10000,59001121
minbias,10000,59001122
minbias,10000,59001123
minbias,10000,59001124
minbias,10000,59001125
minbias,10000,59001126
minbias,10000,59001127
minbias,10000,59001128
minbias,10000,59001129
minbias,10000,59001130
minbias,10000,59001131
minbias,10000,59001132
minbias,10000,59001133
minbias,10000,59001134
minbias,10000,59001135
minbias,10000,59001136
minbias,10000,59001137
minbias,10000,59001138
minbias,10000,59001139
minbias,10000,59001140
minbias,10000,59001141
minbias,10000,59001142
minbias,10000,59001143
minbias,10000,59001144
minbias,10000,59001145
minbias,10000,59001146
minbias,10000,59001147
minbias,10000,59001148
minbias,10000,59001149
minbias,10000,59001150
minbias,10000,59001151
minbias,10000,59001152
minbias,10000,59001153
minbias,10000,59001154
minbias,10000,59001155
minbias,10000,59001156
minbias,10000,59001157
minbias,10000,59001158
minbias,10000,59001159
minbias,10000,59001160
minbias,10000,59001161
minbias,10000,59001162
minbias,10000,59001163
minbias,10000,59001164
minbias,10000,59001165
minbias,10000,59001166
minbias,10000,59001167
minbias,10000,59001168
minbias,10000,59001169
minbias,10000,59001170
minbias,10000,59001171
minbias,10000,59001172
minbias,10000,59001173
minbias,10000,59001174
minbias,10000,59001175
minbias,10000,59001176
minbias,10000,59001177
minbias,10000,59001178
minbias,10000,59001179
minbias,10000,59001180
minbias,10000,59001181
minbias,10000,59001182
minbias,10000,59001183
minbias,10000,59001184
minbias,10000,59001185
minbias,10000,59001186
minbias,10000,59001187
minbias,10000,59001188
minbias,10000,59001189
minbias,10000,59001190
minbias,10000,59001191
minbias,10000,59001192
minbias,10000,59001193
minbias,10000,59001194
minbias,10000,59001195
minbias,10000,59001196
minbias,10000,59001197
minbias,10000,59001198
minbias,10000,59001199
minbias,10000,59001200
minbias,10000,59001201
minbias,10000,59001202
minbias,10000,59001203
minbias,10000,59001204
minbias,10000,59001205
minbias,10000,59001206
minbias,10000,59001207
minbias,10000,59001208
minbias,10000,59001209
minbias,10000,59001210
minbias,10000,59001211
minbias,10000,59001212
minbias,10000,59001213
minbias,10000,59001214
minbias,10000,59001215
minbias,10000,59001216
minbias,10000,59001217
minbias,10000,59001218
minbias,10000,59001219
minbias,10000,59001220
minbias,10000,59001221
minbias,10000,59001222
minbias,10000,59001223
minbias,10000,59001224
minbias,10000,59001225
minbias,10000,59001226
minbias,10000,59001227
minbias,10000,59001228
minbias,10000,59001229
minbias,10000,59001230
minbias,10000,59001231
minbias,10000,59001232
minbias,10000,59001233
minbias,10000,59001234
minbias,10000,59001235
minbias,10000,59001236
minbias,10000,59001237
minbias,10000,59001238
minbias,10000,59001239
minbias,10000,59001240
minbias,10000,59001241
minbias,10000,59001242
minbias,10000,59001243
minbias,10000,59001244
minbias,10000,59001245
minbias,10000,59001246
minbias,10000,59001247
minbias,10000,59001248
minbias,10000,59001249
minbias,10000,59001250
minbias,10000,59001251
minbias,10000,59001252
minbias,10000,59001253
minbias,10000,59001254
minbias,10000,59001255
minbias,10000,59001256
minbias,10000,59001257
minbias,10000,59001258
minbias,10000,59001259
minbias,10000,59001260
minbias,10000,59001261
minbias,10000,59001262
minbias,10000,59001263
minbias,10000,59001264
minbias,10000,59001265
minbias,10000,59001266
minbias,10000,59001267
minbias,10000,59001268
minbias,10000,59001269
minbias,10000,59001270
minbias,10000,59001271
minbias,10000,59001272
minbias,10000,59001273
minbias,10000,59001274
minbias,10000,59001275
minbias,10000,59001276
minbias,10000,59001277
minbias,10000,59001278
minbias,10000,59001279
minbias,10000,59001280
minbias,10000,59001281
minbias,10000,59001282
minbias,10000,59001283
minbias,10000,59001284
minbias,10000,59001285
minbias,10000,59001286
minbias,10000,59001287
minbias,10000,59001288
minbias,10000,59001289
minbias,10000,59001290
minbias,10000,59001291
minbias,10000,59001292
minbias,10000,59001293
minbias,10000,59001294
minbias,10000,59001295
minbias,10000,59001296
minbias,10000,59001297
minbias,10000,59001298
minbias,10000,59001299
minbias,10000,59001300
minbias,10000,59001301
minbias,10000,59001302
minbias,10000,59001303
minbias,10000,59001304
minbias,10000,59001305
minbias,10000,59001306
minbias,10000,59001307
minbias,10000,59001308
minbias,10000,59001309
minbias,10000,59001310
minbias,10000,59001311
minbias,10000,59001312
minbias,10000,59001313
minbias,10000,59001314
minbias,10000,59001315
minbias,10000,59001316
minbias,10000,59001317
minbias,10000,59001318
minbias,10000,59001319
minbias,10000,59001320
minbias,10000,59001321
minbias,10000,59001322
minbias,10000,59001323
minbias,10000,59001324
minbias,10000,59001325
minbias,10000,59001326
minbias,10000,59001327
minbias,10000,59001328
minbias,10000,59001329
minbias,10000,59001330
minbias,10000,59001331
minbias,10000,59001332
minbias,10000,59001333
minbias,10000,59001334
minbias,10000,59001335
minbias,10000,59001336
minbias,10000,59001337
minbias,10000,59001338
minbias,10000,59001339
minbias,10000,59001340
minbias,10000,59001341
minbias,10000,59001342
minbias,10000,59001343
minbias,10000,59001344
minbias,10000,59001345
minbias,10000,59001346
minbias,10000,59001347
minbias,10000,59001348
minbias,10000,59001349
minbias,10000,59001350
minbias,10000,59001351
minbias,10000,59001352
minbias,10000,59001353
minbias,10000,59001354
minbias,10000,59001355
minbias,10000,59001356
minbias,10000,59001357
minbias,10000,59001358
minbias,10000,59001359
minbias,10000,59001360
minbias,10000,59001361
minbias,10000,59001362
minbias,10000,59001363
minbias,10000,59001364
minbias,10000,59001365
minbias,10000,59001366
minbias,10000,59001367
minbias,10000,59001368
minbias,10000,59001369
minbias,10000,59001370
minbias,10000,59001371
minbias,10000,59001372
minbias,10000,59001373
minbias,10000,59001374
minbias,10000,59001375
minbias,10000,59001376
minbias,10000,59001377
minbias,10000,59001378
minbias,10000,59001379
minbias,10000,59001380
minbias,10000,59001381
minbias,10000,59001382
minbias,10000,59001383
minbias,10000,59001384
minbias,10000,59001385
minbias,10000,59001386
minbias,10000,59001387
minbias,10000,59001388
minbias,10000,59001389
minbias,10000,59001390
minbias,10000,59001391
minbias,10000,59001392
minbias,10000,59001393
minbias,10000,59001394
minbias,10000,59001395
minbias,10000,59001396
minbias,10000,59001397
minbias,10000,59001398
minbias,10000,59001399
minbias,10000,59001400
minbias,10000,59001401
minbias,10000,59001402
minbias,10000,59001403
minbias,10000,59001404
minbias,10000,59001405
minbias,10000,59001406
minbias,10000,59001407
minbias,10000,59001408
minbias,10000,59001409
minbias,10000,59001410
minbias,10000,59001411
minbias,10000,59001412
minbias,10000,59001413
minbias,10000,59001414
minbias,10000,59001415
minbias,10000,59001416
minbias,10000,59001417
minbias,10000,59001418
minbias,10000,59001419
minbias,10000,59001420
minbias,10000,59001421
minbias,10000,59001422
minbias,10000,59001423
minbias,10000,59001424
minbias,10000,59001425
minbias,10000,59001426
minbias,10000,59001427
minbias,10000,59001428
minbias,10000,59001429
minbias,10000,59001430
minbias,10000,59001431
minbias,10000,59001432
minbias,10000,59001433
minbias,10000,59001434
minbias,10000,59001435
minbias,10000,59001436
minbias,10000,59001437
minbias,10000,59001438
minbias,10000,59001439
minbias,10000,59001440
minbias,10000,59001441
minbias,10000,59001442
minbias,10000,59001443
minbias,10000,59001444
minbias,10000,59001445
minbias,10000,59001446
minbias,10000,59001447
minbias,10000,59001448
minbias,10000,59001449
minbias,10000,59001450
minbias,10000,59001451
minbias,10000,59001452
minbias,10000,59001453
minbias,10000,59001454
minbias,10000,59001455
minbias,10000,59001456
minbias,10000,59001457
minbias,10000,59001458
minbias,10000,59001459
minbias,10000,59001460
minbias,10000,59001461
minbias,10000,59001462
minbias,10000,59001463
minbias,10000,59001464
minbias,10000,59001465
minbias,10000,59001466
minbias,10000,59001467
minbias,10000,59001468
minbias,10000,59001469
minbias,10000,59001470
minbias,10000,59001471
minbias,10000,59001472
minbias,10000,59001473
minbias,10000,59001474
minbias,10000,59001475
minbias,10000,59001476
minbias,10000,59001477
minbias,10000,59001478
minbias,10000,59001479
minbias,10000,59001480
minbias,10000,59001481
minbias,10000,59001482
minbias,10000,59001483
minbias,10000,59001484
minbias,10000,59001485
minbias,10000,59001486
minbias,10000,59001487
minbias,10000,59001488
minbias,10000,59001489
minbias,10000,59001490
minbias,10000,59001491
minbias,10000,59001492
minbias,10000,59001493
minbias,10000,59001494
minbias,10000,59001495
minbias,10000,59001496
minbias,10000,59001497
minbias,10000,59001498
minbias,10000,59001499
minbias,10000,59001500
minbias,10000,59001501
minbias,10000,59001502
minbias,10000,59001503
minbias,10000,59001504
minbias,10000,59001505
minbias,10000,59001506
minbias,10000,59001507
minbias,10000,59001508
minbias,10000,59001509
minbias,10000,59001510
minbias,10000,59001511
minbias,10000,59001512
minbias,10000,59001513
minbias,10000,59001514
minbias,10000,59001515
minbias,10000,59001516
minbias,10000,59001517
minbias,10000,59001518
minbias,10000,59001519
minbias,10000,59001520
minbias,10000,59001521
minbias,10000,59001522
minbias,10000,59001523
minbias,10000,59001524
minbias,10000,59001525
minbias,10000,59001526
minbias,10000,59001527
minbias,10000,59001528
minbias,10000,59001529
minbias,10000,59001530
minbias,10000,59001531
minbias,10000,59001532
minbias,10000,59001533
minbias,10000,59001534
minbias,10000,59001535
minbias,10000,59001536
minbias,10000,59001537
minbias,10000,59001538
minbias,10000,59001539
minbias,10000,59001540
minbias,10000,59001541
minbias,10000,59001542
minbias,10000,59001543
minbias,10000,59001544
minbias,10000,59001545
minbias,10000,59001546
minbias,10000,59001547
minbias,10000,59001548
minbias,10000,59001549
minbias,10000,59001550
minbias,10000,59001551
minbias,10000,59001552
minbias,10000,59001553
minbias,10000,59001554
minbias,10000,59001555
minbias,10000,59001556
minbias,10000,59001557
minbias,10000,59001558
minbias,10000,59001559
minbias,10000,59001560
minbias,10000,59001561
minbias,10000,59001562
minbias,10000,59001563
minbias,10000,59001564
minbias,10000,59001565
minbias,10000,59001566
minbias,10000,59001567
minbias,10000,59001568
minbias,10000,59001569
minbias,10000,59001570
minbias,10000,59001571
minbias,10000,59001572
minbias,10000,59001573
minbias,10000,59001574
minbias,10000,59001575
minbias,10000,59001576
minbias,10000,59001577
minbias,10000,59001578
minbias,10000,59001579
minbias,10000,59001580
minbias,10000,59001581
minbias,10000,59001582
minbias,10000,59001583
minbias,10000,59001584
minbias,10000,59001585
minbias,10000,59001586
minbias,10000,59001587
minbias,10000,59001588
minbias,10000,59001589
minbias,10000,59001590
minbias,10000,59001591
minbias,10000,59001592
minbias,10000,59001593
minbias,10000,59001594
minbias,10000,59001595
minbias,10000,59001596
minbias,10000,59001597
minbias,10000,59001598
minbias,10000,59001599
minbias,10000,59001600
minbias,10000,59001601
minbias,10000,59001602
minbias,10000,59001603
minbias,10000,59001604
minbias,10000,59001605
minbias,10000,59001606
minbias,10000,59001607
minbias,10000,59001608
minbias,10000,59001609
minbias,10000,59001610
minbias,10000,59001611
minbias,10000,59001612
minbias,10000,59001613
minbias,10000,59001614
minbias,10000,59001615
minbias,10000,59001616
minbias,10000,59001617
minbias,10000,59001618
minbias,10000,59001619
minbias,10000,59001620
minbias,10000,59001621
minbias,10000,59001622
minbias,10000,59001623
minbias,10000,59001624
minbias,10000,59001625
minbias,10000,59001626
minbias,10000,59001627
minbias,10000,59001628
minbias,10000,59001629
minbias,10000,59001630
minbias,10000,59001631
minbias,10000,59001632
minbias,10000,59001633
minbias,10000,59001634
minbias,10000,59001635
minbias,10000,59001636
minbias,10000,59001637
minbias,10000,59001638
minbias,10000,59001639
minbias,10000,59001640
minbias,10000,59001641
minbias,10000,59001642
minbias,10000,59001643
minbias,10000,59001644
minbias,10000,59001645
minbias,10000,59001646
minbias,10000,59001647
minbias,10000,59001648
minbias,10000,59001649
minbias,10000,59001650
minbias,10000,59001651
minbias,10000,59001652
minbias,10000,59001653
minbias,10000,59001654
minbias,10000,59001655
minbias,10000,59001656
minbias,10000,59001657
minbias,10000,59001658
minbias,10000,59001659
minbias,10000,59001660
minbias,10000,59001661
minbias,10000,59001662
minbias,10000,59001663
minbias,10000,59001664
minbias,10000,59001665
minbias,10000,59001666
minbias,10000,59001667
minbias,10000,59001668
minbias,10000,59001669
minbias,10000,59001670
minbias,10000,59001671
minbias,10000,59001672
minbias,10000,59001673
minbias,10000,59001674
minbias,10000,59001675
minbias,10000,59001676
minbias,10000,59001677
minbias,10000,59001678
minbias,10000,59001679
minbias,10000,59001680
minbias,10000,59001681
minbias,10000,59001682
minbias,10000,59001683
minbias,10000,59001684
minbias,10000,59001685
minbias,10000,59001686
minbias,10000,59001687
minbias,10000,59001688
minbias,10000,59001689
minbias,10000,59001690
minbias,10000,59001691
minbias,10000,59001692
minbias,10000,59001693
minbias,10000,59001694
minbias,10000,59001695
minbias,10000,59001696
minbias,10000,59001697
minbias,10000,59001698
minbias,10000,59001699
minbias,10000,59001700
minbias,10000,59001701
minbias,10000,59001702
minbias,10000,59001703
minbias,10000,59001704
minbias,10000,59001705
minbias,10000,59001706
minbias,10000,59001707
minbias,10000,59001708
minbias,10000,59001709
minbias,10000,59001710
minbias,10000,59001711
minbias,10000,59001712
minbias,10000,59001713
minbias,10000,59001714
minbias,10000,59001715
minbias,10000,59001716
minbias,10000,59001717
minbias,10000,59001718
minbias,10000,59001719
minbias,10000,59001720
minbias,10000,59001721
minbias,10000,59001722
minbias,10000,59001723
minbias,10000,59001724
minbias,10000,59001725
minbias,10000,59001726
minbias,10000,59001727
minbias,10000,59001728
minbias,10000,59001729
minbias,10000,59001730
minbias,10000,59001731
minbias,10000,59001732
minbias,10000,59001733
minbias,10000,59001734
minbias,10000,59001735
minbias,10000,59001736
minbias,10000,59001737
minbias,10000,59001738
minbias,10000,59001739
minbias,10000,59001740
minbias,10000,59001741
minbias,10000,59001742
minbias,10000,59001743
minbias,10000,59001744
minbias,10000,59001745
minbias,10000,59001746
minbias,10000,59001747
minbias,10000,59001748
minbias,10000,59001749
minbias,10000,59001750
minbias,10000,59001751
minbias,10000,59001752
minbias,10000,59001753
minbias,10000,59001754
minbias,10000,59001755
minbias,10000,59001756
minbias,10000,59001757
minbias,10000,59001758
minbias,10000,59001759
minbias,10000,59001760
minbias,10000,59001761
minbias,10000,59001762
minbias,10000,59001763
minbias,10000,59001764
minbias,10000,59001765
minbias,10000,59001766
minbias,10000,59001767
minbias,10000,59001768
minbias,10000,59001769
minbias,10000,59001770
minbias,10000,59001771
minbias,10000,59001772
minbias,10000,59001773
minbias,10000,59001774
minbias,10000,59001775
minbias,10000,59001776
minbias,10000,59001777
minbias,10000,59001778
minbias,10000,59001779
minbias,10000,59001780
minbias,10000,59001781
minbias,10000,59001782
minbias,10000,59001783
minbias,10000,59001784
minbias,10000,59001785
minbias,10000,59001786
minbias,10000,59001787
minbias,10000,59001788
minbias,10000,59001789
minbias,10000,59001790
minbias,10000,59001791
minbias,10000,59001792
minbias,10000,59001793
minbias,10000,59001794
minbias,10000,59001795
minbias,10000,59001796
minbias,10000,59001797
minbias,10000,59001798
minbias,10000,59001799
minbias,10000,59001800
minbias,10000,59001801
minbias,10000,59001802
minbias,10000,59001803
minbias,10000,59001804
minbias,10000,59001805
minbias,10000,59001806
minbias,10000,59001807
minbias,10000,59001808
minbias,10000,59001809
minbias,10000,59001810
minbias,10000,59001811
minbias,10000,59001812
minbias,10000,59001813
minbias,10000,59001814
minbias,10000,59001815
minbias,10000,59001816
minbias,10000,59001817
minbias,10000,59001818
minbias,10000,59001819
minbias,10000,59001820
minbias,10000,59001821
minbias,10000,59001822
minbias,10000,59001823
minbias,10000,59001824
minbias,10000,59001825
minbias,10000,59001826
minbias,10000,59001827
minbias,10000,59001828
minbias,10000,59001829
minbias,10000,59001830
minbias,10000,59001831
minbias,10000,59001832
minbias,10000,59001833
minbias,10000,59001834
minbias,10000,59001835
minbias,10000,59001836
minbias,10000,59001837
minbias,10000,59001838
minbias,10000,59001839
minbias,10000,59001840
minbias,10000,59001841
minbias,10000,59001842
minbias,10000,59001843
minbias,10000,59001844
minbias,10000,59001845
minbias,10000,59001846
minbias,10000,59001847
minbias,10000,59001848
minbias,10000,59001849
minbias,10000,59001850
minbias,10000,59001851
minbias,10000,59001852
minbias,10000,59001853
minbias,10000,59001854
minbias,10000,59001855
minbias,10000,59001856
minbias,10000,59001857
minbias,10000,59001858
minbias,10000,59001859
minbias,10000,59001860
minbias,10000,59001861
minbias,10000,59001862
minbias,10000,59001863
minbias,10000,59001864
minbias,10000,59001865
minbias,10000,59001866
minbias,10000,59001867
minbias,10000,59001868
minbias,10000,59001869
minbias,10000,59001870
minbias,10000,59001871
minbias,10000,59001872
minbias,10000,59001873
minbias,10000,59001874
minbias,10000,59001875
minbias,10000,59001876
minbias,10000,59001877
minbias,10000,59001878
minbias,10000,59001879
minbias,10000,59001880
minbias,10000,59001881
minbias,10000,59001882
minbias,10000,59001883
minbias,10000,59001884
minbias,10000,59001885
minbias,10000,59001886
minbias,10000,59001887
minbias,10000,59001888
minbias,10000,59001889
minbias,10000,59001890
minbias,10000,59001891
minbias,10000,59001892
minbias,10000,59001893
minbias,10000,59001894
minbias,10000,59001895
minbias,10000,59001896
minbias,10000,59001897
minbias,10000,59001898
minbias,10000,59001899
minbias,10000,59001900
minbias,10000,59001901
minbias,10000,59001902
minbias,10000,59001903
minbias,10000,59001904
minbias,10000,59001905
minbias,10000,59001906
minbias,10000,59001907
minbias,10000,59001908
minbias,10000,59001909
minbias,10000,59001910
minbias,10000,59001911
minbias,10000,59001912
minbias,10000,59001913
minbias,10000,59001914
minbias,10000,59001915
minbias,10000,59001916
minbias,10000,59001917
minbias,10000,59001918
minbias,10000,59001919
minbias,10000,59001920
minbias,10000,59001921
minbias,10000,59001922
minbias,10000,59001923
minbias,10000,59001924
minbias,10000,59001925
minbias,10000,59001926
minbias,10000,59001927
minbias,10000,59001928
minbias,10000,59001929
minbias,10000,59001930
minbias,10000,59001931
minbias,10000,59001932
minbias,10000,59001933
minbias,10000,59001934
minbias,10000,59001935
minbias,10000,59001936
minbias,10000,59001937
minbias,10000,59001938
minbias,10000,59001939
minbias,10000,59001940
minbias,10000,59001941
minbias,10000,59001942
minbias,10000,59001943
minbias,10000,59001944
minbias,10000,59001945
minbias,10000,59001946
minbias,10000,59001947
minbias,10000,59001948
minbias,10000,59001949
minbias,10000,59001950
minbias,10000,59001951
minbias,10000,59001952
minbias,10000,59001953
minbias,10000,59001954
minbias,10000,59001955
minbias,10000,59001956
minbias,10000,59001957
minbias,10000,59001958
minbias,10000,59001959
minbias,10000,59001960
minbias,10000,59001961
minbias,10000,59001962
minbias,10000,59001963
minbias,10000,59001964
minbias,10000,59001965
minbias,10000,59001966
minbias,10000,59001967
minbias,10000,59001968
minbias,10000,59001969
minbias,10000,59001970
minbias,10000,59001971
minbias,10000,59001972
minbias,10000,59001973
minbias,10000,59001974
minbias,10000,59001975
minbias,10000,59001976
minbias,10000,59001977
minbias,10000,59001978
minbias,10000,59001979
minbias,10000,59001980
minbias,10000,59001981
minbias,10000,59001982
minbias,10000,59001983
minbias,10000,59001984
minbias,10000,59001985
minbias,10000,59001986
minbias,10000,59001987
minbias,10000,59001988
minbias,10000,59001989
minbias,10000,59001990
minbias,10000,59001991
minbias,10000,59001992
minbias,10000,59001993
minbias,10000,59001994
minbias,10000,59001995
minbias,10000,59001996
minbias,10000,59001997
minbias,10000,59001998
minbias,10000,59001999
minbias,10000,59002000
minbias,10000,59002001
minbias,10000,59002002
minbias,10000,59002003
minbias,10000,59002004
minbias,10000,59002005
minbias,10000,59002006
minbias,10000,59002007
minbias,10000,59002008
minbias,10000,59002009
minbias,10000,59002010
minbias,10000,59002011
minbias,10000,59002012
minbias,10000,59002013
minbias,10000,59002014
minbias,10000,59002015
minbias,10000,59002016
minbias,10000,59002017
minbias,10000,59002018
minbias,10000,59002019
minbias,10000,59002020
minbias,10000,59002021
minbias,10000,59002022
minbias,10000,59002023
minbias,10000,59002024
minbias,10000,59002025
minbias,10000,59002026
minbias,10000,59002027
minbias,10000,59002028
minbias,10000,59002029
minbias,10000,59002030
minbias,10000,59002031
minbias,10000,59002032
minbias,10000,59002033
minbias,10000,59002034
minbias,10000,59002035
minbias,10000,59002036
minbias,10000,59002037
minbias,10000,59002038
minbias,10000,59002039
minbias,10000,59002040
minbias,10000,59002041
minbias,10000,59002042
minbias,10000,59002043
minbias,10000,59002044
minbias,10000,59002045
minbias,10000,59002046
minbias,10000,59002047
minbias,10000,59002048
minbias,10000,59002049
minbias,10000,59002050
minbias,10000,59002051
minbias,10000,59002052
minbias,10000,59002053
minbias,10000,59002054
minbias,10000,59002055
minbias,10000,59002056
minbias,10000,59002057
minbias,10000,59002058
minbias,10000,59002059
minbias,10000,59002060
minbias,10000,59002061
minbias,10000,59002062
minbias,10000,59002063
minbias,10000,59002064
minbias,10000,59002065
minbias,10000,59002066
minbias,10000,59002067
minbias,10000,59002068
minbias,10000,59002069
minbias,10000,59002070
minbias,10000,59002071
minbias,10000,59002072
minbias,10000,59002073
minbias,10000,59002074
minbias,10000,59002075
minbias,10000,59002076
minbias,10000,59002077
minbias,10000,59002078
minbias,10000,59002079
minbias,10000,59002080
minbias,10000,59002081
minbias,10000,59002082
minbias,10000,59002083
minbias,10000,59002084
minbias,10000,59002085
minbias,10000,59002086
minbias,10000,59002087
minbias,10000,59002088
minbias,10000,59002089
minbias,10000,59002090
minbias,10000,59002091
minbias,10000,59002092
minbias,10000,59002093
minbias,10000,59002094
minbias,10000,59002095
minbias,10000,59002096
minbias,10000,59002097
minbias,10000,59002098
minbias,10000,59002099
minbias,10000,59002100
minbias,10000,59002101
minbias,10000,59002102
minbias,10000,59002103
minbias,10000,59002104
minbias,10000,59002105
minbias,10000,59002106
minbias,10000,59002107
minbias,10000,59002108
minbias,10000,59002109
minbias,10000,59002110
minbias,10000,59002111
minbias,10000,59002112
minbias,10000,59002113
minbias,10000,59002114
minbias,10000,59002115
minbias,10000,59002116
minbias,10000,59002117
minbias,10000,59002118
minbias,10000,59002119
minbias,10000,59002120
minbias,10000,59002121
minbias,10000,59002122
minbias,10000,59002123
minbias,10000,59002124
minbias,10000,59002125
minbias,10000,59002126
minbias,10000,59002127
minbias,10000,59002128
minbias,10000,59002129
minbias,10000,59002130
minbias,10000,59002131
minbias,10000,59002132
minbias,10000,59002133
minbias,10000,59002134
minbias,10000,59002135
minbias,10000,59002136
minbias,10000,59002137
minbias,10000,59002138
minbias,10000,59002139
minbias,10000,59002140
minbias,10000,59002141
minbias,10000,59002142
minbias,10000,59002143
minbias,10000,59002144
minbias,10000,59002145
minbias,10000,59002146
minbias,10000,59002147
minbias,10000,59002148
minbias,10000,59002149
minbias,10000,59002150
minbias,10000,59002151
minbias,10000,59002152
minbias,10000,59002153
minbias,10000,59002154
minbias,10000,59002155
minbias,10000,59002156
minbias,10000,59002157
minbias,10000,59002158
minbias,10000,59002159
minbias,10000,59002160
minbias,10000,59002161
minbias,10000,59002162
minbias,10000,59002163
minbias,10000,59002164
minbias,10000,59002165
minbias,10000,59002166
minbias,10000,59002167
minbias,10000,59002168
minbias,10000,59002169
minbias,10000,59002170
minbias,10000,59002171
minbias,10000,59002172
minbias,10000,59002173
minbias,10000,59002174
minbias,10000,59002175
minbias,10000,59002176
minbias,10000,59002177
minbias,10000,59002178
minbias,10000,59002179
minbias,10000,59002180
minbias,10000,59002181
minbias,10000,59002182
minbias,10000,59002183
minbias,10000,59002184
minbias,10000,59002185
minbias,10000,59002186
minbias,10000,59002187
minbias,10000,59002188
minbias,10000,59002189
minbias,10000,59002190
minbias,10000,59002191
minbias,10000,59002192
minbias,10000,59002193
minbias,10000,59002194
minbias,10000,59002195
minbias,10000,59002196
minbias,10000,59002197
minbias,10000,59002198
minbias,10000,59002199
minbias,10000,59002200
minbias,10000,59002201
minbias,10000,59002202
minbias,10000,59002203
minbias,10000,59002204
minbias,10000,59002205
minbias,10000,59002206
minbias,10000,59002207
minbias,10000,59002208
minbias,10000,59002209
minbias,10000,59002210
minbias,10000,59002211
minbias,10000,59002212
minbias,10000,59002213
minbias,10000,59002214
minbias,10000,59002215
minbias,10000,59002216
minbias,10000,59002217
minbias,10000,59002218
minbias,10000,59002219
minbias,10000,59002220
minbias,10000,59002221
minbias,10000,59002222
minbias,10000,59002223
minbias,10000,59002224
minbias,10000,59002225
minbias,10000,59002226
minbias,10000,59002227
minbias,10000,59002228
minbias,10000,59002229
minbias,10000,59002230
minbias,10000,59002231
minbias,10000,59002232
minbias,10000,59002233
minbias,10000,59002234
minbias,10000,59002235
minbias,10000,59002236
minbias,10000,59002237
minbias,10000,59002238
minbias,10000,59002239
minbias,10000,59002240
minbias,10000,59002241
minbias,10000,59002242
minbias,10000,59002243
minbias,10000,59002244
minbias,10000,59002245
minbias,10000,59002246
minbias,10000,59002247
minbias,10000,59002248
minbias,10000,59002249
minbias,10000,59002250
minbias,10000,59002251
minbias,10000,59002252
minbias,10000,59002253
minbias,10000,59002254
minbias,10000,59002255
minbias,10000,59002256
minbias,10000,59002257
minbias,10000,59002258
minbias,10000,59002259
minbias,10000,59002260
minbias,10000,59002261
minbias,10000,59002262
minbias,10000,59002263
minbias,10000,59002264
minbias,10000,59002265
minbias,10000,59002266
minbias,10000,59002267
minbias,10000,59002268
minbias,10000,59002269
minbias,10000,59002270
minbias,10000,59002271
minbias,10000,59002272
minbias,10000,59002273
minbias,10000,59002274
minbias,10000,59002275
minbias,10000,59002276
minbias,10000,59002277
minbias,10000,59002278
minbias,10000,59002279
minbias,10000,59002280
minbias,10000,59002281
minbias,10000,59002282
minbias,10000,59002283
minbias,10000,59002284
minbias,10000,59002285
minbias,10000,59002286
minbias,10000,59002287
minbias,10000,59002288
minbias,10000,59002289
minbias,10000,59002290
minbias,10000,59002291
minbias,10000,59002292
minbias,10000,59002293
minbias,10000,59002294
minbias,10000,59002295
minbias,10000,59002296
minbias,10000,59002297
minbias,10000,59002298
minbias,10000,59002299
minbias,10000,59002300
minbias,10000,59002301
minbias,10000,59002302
minbias,10000,59002303
minbias,10000,59002304
minbias,10000,59002305
minbias,10000,59002306
minbias,10000,59002307
minbias,10000,59002308
minbias,10000,59002309
minbias,10000,59002310
minbias,10000,59002311
minbias,10000,59002312
minbias,10000,59002313
minbias,10000,59002314
minbias,10000,59002315
minbias,10000,59002316
minbias,10000,59002317
minbias,10000,59002318
minbias,10000,59002319
minbias,10000,59002320
minbias,10000,59002321
minbias,10000,59002322
minbias,10000,59002323
minbias,10000,59002324
minbias,10000,59002325
minbias,10000,59002326
minbias,10000,59002327
minbias,10000,59002328
minbias,10000,59002329
minbias,10000,59002330
minbias,10000,59002331
minbias,10000,59002332
minbias,10000,59002333
minbias,10000,59002334
minbias,10000,59002335
minbias,10000,59002336
minbias,10000,59002337
minbias,10000,59002338
minbias,10000,59002339
minbias,10000,59002340
minbias,10000,59002341
minbias,10000,59002342
minbias,10000,59002343
minbias,10000,59002344
minbias,10000,59002345
minbias,10000,59002346
minbias,10000,59002347
minbias,10000,59002348
minbias,10000,59002349
minbias,10000,59002350
minbias,10000,59002351
minbias,10000,59002352
minbias,10000,59002353
minbias,10000,59002354
minbias,10000,59002355
minbias,10000,59002356
minbias,10000,59002357
minbias,10000,59002358
minbias,10000,59002359
minbias,10000,59002360
minbias,10000,59002361
minbias,10000,59002362
minbias,10000,59002363
minbias,10000,59002364
minbias,10000,59002365
minbias,10000,59002366
minbias,10000,59002367
minbias,10000,59002368
minbias,10000,59002369
minbias,10000,59002370
minbias,10000,59002371
minbias,10000,59002372
minbias,10000,59002373
minbias,10000,59002374
minbias,10000,59002375
minbias,10000,59002376
minbias,10000,59002377
minbias,10000,59002378
minbias,10000,59002379
minbias,10000,59002380
minbias,10000,59002381
minbias,10000,59002382
minbias,10000,59002383
minbias,10000,59002384
minbias,10000,59002385
minbias,10000,59002386
minbias,10000,59002387
minbias,10000,59002388
minbias,10000,59002389
minbias,10000,59002390
minbias,10000,59002391
minbias,10000,59002392
minbias,10000,59002393
minbias,10000,59002394
minbias,10000,59002395
minbias,10000,59002396
minbias,10000,59002397
minbias,10000,59002398
minbias,10000,59002399
minbias,10000,59002400
minbias,10000,59002401
minbias,10000,59002402
minbias,10000,59002403
minbias,10000,59002404
minbias,10000,59002405
minbias,10000,59002406
minbias,10000,59002407
minbias,10000,59002408
minbias,10000,59002409
minbias,10000,59002410
minbias,10000,59002411
minbias,10000,59002412
minbias,10000,59002413
minbias,10000,59002414
minbias,10000,59002415
minbias,10000,59002416
minbias,10000,59002417
minbias,10000,59002418
minbias,10000,59002419
minbias,10000,59002420
minbias,10000,59002421
minbias,10000,59002422
minbias,10000,59002423
minbias,10000,59002424
minbias,10000,59002425
minbias,10000,59002426
minbias,10000,59002427
minbias,10000,59002428
minbias,10000,59002429
minbias,10000,59002430
minbias,10000,59002431
minbias,10000,59002432
minbias,10000,59002433
minbias,10000,59002434
minbias,10000,59002435
minbias,10000,59002436
minbias,10000,59002437
minbias,10000,59002438
minbias,10000,59002439
minbias,10000,59002440
minbias,10000,59002441
minbias,10000,59002442
minbias,10000,59002443
minbias,10000,59002444
minbias,10000,59002445
minbias,10000,59002446
minbias,10000,59002447
minbias,10000,59002448
minbias,10000,59002449
minbias,10000,59002450
minbias,10000,59002451
minbias,10000,59002452
minbias,10000,59002453
minbias,10000,59002454
minbias,10000,59002455
minbias,10000,59002456
minbias,10000,59002457
minbias,10000,59002458
minbias,10000,59002459
minbias,10000,59002460
minbias,10000,59002461
minbias,10000,59002462
minbias,10000,59002463
minbias,10000,59002464
minbias,10000,59002465
minbias,10000,59002466
minbias,10000,59002467
minbias,10000,59002468
minbias,10000,59002469
minbias,10000,59002470
minbias,10000,59002471
minbias,10000,59002472
minbias,10000,59002473
minbias,10000,59002474
minbias,10000,59002475
minbias,10000,59002476
minbias,10000,59002477
minbias,10000,59002478
minbias,10000,59002479
minbias,10000,59002480
minbias,10000,59002481
minbias,10000,59002482
minbias,10000,59002483
minbias,10000,59002484
minbias,10000,59002485
minbias,10000,59002486
minbias,10000,59002487
minbias,10000,59002488
minbias,10000,59002489
minbias,10000,59002490
minbias,10000,59002491
minbias,10000,59002492
minbias,10000,59002493
minbias,10000,59002494
minbias,10000,59002495
minbias,10000,59002496
minbias,10000,59002497
minbias,10000,59002498
minbias,10000,59002499
minbias,10000,59002500
minbias,10000,59002501
minbias,10000,59002502
minbias,10000,59002503
minbias,10000,59002504
minbias,10000,59002505
minbias,10000,59002506
minbias,10000,59002507
minbias,10000,59002508
minbias,10000,59002509
minbias,10000,59002510
minbias,10000,59002511
minbias,10000,59002512
minbias,10000,59002513
minbias,10000,59002514
minbias,10000,59002515
minbias,10000,59002516
minbias,10000,59002517
minbias,10000,59002518
minbias,10000,59002519
minbias,10000,59002520
minbias,10000,59002521
minbias,10000,59002522
minbias,10000,59002523
minbias,10000,59002524
minbias,10000,59002525
minbias,10000,59002526
minbias,10000,59002527
minbias,10000,59002528
minbias,10000,59002529
minbias,10000,59002530
minbias,10000,59002531
minbias,10000,59002532
minbias,10000,59002533
minbias,10000,59002534
minbias,10000,59002535
minbias,10000,59002536
minbias,10000,59002537
minbias,10000,59002538
minbias,10000,59002539
minbias,10000,59002540
minbias,10000,59002541
minbias,10000,59002542
minbias,10000,59002543
minbias,10000,59002544
minbias,10000,59002545
minbias,10000,59002546
minbias,10000,59002547
minbias,10000,59002548
minbias,10000,59002549
minbias,10000,59002550
minbias,10000,59002551
minbias,10000,59002552
minbias,10000,59002553
minbias,10000,59002554
minbias,10000,59002555
minbias,10000,59002556
minbias,10000,59002557
minbias,10000,59002558
minbias,10000,59002559
minbias,10000,59002560
minbias,10000,59002561
minbias,10000,59002562
minbias,10000,59002563
minbias,10000,59002564
minbias,10000,59002565
minbias,10000,59002566
minbias,10000,59002567
minbias,10000,59002568
minbias,10000,59002569
minbias,10000,59002570
minbias,10000,59002571
minbias,10000,59002572
minbias,10000,59002573
minbias,10000,59002574
minbias,10000,59002575
minbias,10000,59002576
minbias,10000,59002577
minbias,10000,59002578
minbias,10000,59002579
minbias,10000,59002580
minbias,10000,59002581
minbias,10000,59002582
minbias,10000,59002583
minbias,10000,59002584
minbias,10000,59002585
minbias,10000,59002586
minbias,10000,59002587
minbias,10000,59002588
minbias,10000,59002589
minbias,10000,59002590
minbias,10000,59002591
minbias,10000,59002592
minbias,10000,59002593
minbias,10000,59002594
minbias,10000,59002595
minbias,10000,59002596
minbias,10000,59002597
minbias,10000,59002598
minbias,10000,59002599
minbias,10000,59002600
minbias,10000,59002601
minbias,10000,59002602
minbias,10000,59002603
minbias,10000,59002604
minbias,10000,59002605
minbias,10000,59002606
minbias,10000,59002607
minbias,10000,59002608
minbias,10000,59002609
minbias,10000,59002610
minbias,10000,59002611
minbias,10000,59002612
minbias,10000,59002613
minbias,10000,59002614
minbias,10000,59002615
minbias,10000,59002616
minbias,10000,59002617
minbias,10000,59002618
minbias,10000,59002619
minbias,10000,59002620
minbias,10000,59002621
minbias,10000,59002622
minbias,10000,59002623
minbias,10000,59002624
minbias,10000,59002625
minbias,10000,59002626
minbias,10000,59002627
minbias,10000,59002628
minbias,10000,59002629
minbias,10000,59002630
minbias,10000,59002631
minbias,10000,59002632
minbias,10000,59002633
minbias,10000,59002634
minbias,10000,59002635
minbias,10000,59002636
minbias,10000,59002637
minbias,10000,59002638
minbias,10000,59002639
minbias,10000,59002640
minbias,10000,59002641
minbias,10000,59002642
minbias,10000,59002643
minbias,10000,59002644
minbias,10000,59002645
minbias,10000,59002646
minbias,10000,59002647
minbias,10000,59002648
minbias,10000,59002649
minbias,10000,59002650
minbias,10000,59002651
minbias,10000,59002652
minbias,10000,59002653
minbias,10000,59002654
minbias,10000,59002655
minbias,10000,59002656
minbias,10000,59002657
minbias,10000,59002658
minbias,10000,59002659
minbias,10000,59002660
minbias,10000,59002661
minbias,10000,59002662
minbias,10000,59002663
minbias,10000,59002664
minbias,10000,59002665
minbias,10000,59002666
minbias,10000,59002667
minbias,10000,59002668
minbias,10000,59002669
minbias,10000,59002670
minbias,10000,59002671
minbias,10000,59002672
minbias,10000,59002673
minbias,10000,59002674
minbias,10000,59002675
minbias,10000,59002676
minbias,10000,59002677
minbias,10000,59002678
minbias,10000,59002679
minbias,10000,59002680
minbias,10000,59002681
minbias,10000,59002682
minbias,10000,59002683
minbias,10000,59002684
minbias,10000,59002685
minbias,10000,59002686
minbias,10000,59002687
minbias,10000,59002688
minbias,10000,59002689
minbias,10000,59002690
minbias,10000,59002691
minbias,10000,59002692
minbias,10000,59002693
minbias,10000,59002694
minbias,10000,59002695
minbias,10000,59002696
minbias,10000,59002697
minbias,10000,59002698
minbias,10000,59002699
minbias,10000,59002700
minbias,10000,59002701
minbias,10000,59002702
minbias,10000,59002703
minbias,10000,59002704
minbias,10000,59002705
minbias,10000,59002706
minbias,10000,59002707
minbias,10000,59002708
minbias,10000,59002709
minbias,10000,59002710
minbias,10000,59002711
minbias,10000,59002712
minbias,10000,59002713
minbias,10000,59002714
minbias,10000,59002715
minbias,10000,59002716
minbias,10000,59002717
minbias,10000,59002718
minbias,10000,59002719
minbias,10000,59002720
minbias,10000,59002721
minbias,10000,59002722
minbias,10000,59002723
minbias,10000,59002724
minbias,10000,59002725
minbias,10000,59002726
minbias,10000,59002727
minbias,10000,59002728
minbias,10000,59002729
minbias,10000,59002730
minbias,10000,59002731
minbias,10000,59002732
minbias,10000,59002733
minbias,10000,59002734
minbias,10000,59002735
minbias,10000,59002736
minbias,10000,59002737
minbias,10000,59002738
minbias,10000,59002739
minbias,10000,59002740
minbias,10000,59002741
minbias,10000,59002742
minbias,10000,59002743
minbias,10000,59002744
minbias,10000,59002745
minbias,10000,59002746
minbias,10000,59002747
minbias,10000,59002748
minbias,10000,59002749
minbias,10000,59002750
minbias,10000,59002751
minbias,10000,59002752
minbias,10000,59002753
minbias,10000,59002754
minbias,10000,59002755
minbias,10000,59002756
minbias,10000,59002757
minbias,10000,59002758
minbias,10000,59002759
minbias,10000,59002760
minbias,10000,59002761
minbias,10000,59002762
minbias,10000,59002763
minbias,10000,59002764
minbias,10000,59002765
minbias,10000,59002766
minbias,10000,59002767
minbias,10000,59002768
minbias,10000,59002769
minbias,10000,59002770
minbias,10000,59002771
minbias,10000,59002772
minbias,10000,59002773
minbias,10000,59002774
minbias,10000,59002775
minbias,10000,59002776
minbias,10000,59002777
minbias,10000,59002778
minbias,10000,59002779
minbias,10000,59002780
minbias,10000,59002781
minbias,10000,59002782
minbias,10000,59002783
minbias,10000,59002784
minbias,10000,59002785
minbias,10000,59002786
minbias,10000,59002787
minbias,10000,59002788
minbias,10000,59002789
minbias,10000,59002790
minbias,10000,59002791
minbias,10000,59002792
minbias,10000,59002793
minbias,10000,59002794
minbias,10000,59002795
minbias,10000,59002796
minbias,10000,59002797
minbias,10000,59002798
minbias,10000,59002799
minbias,10000,59002800
minbias,10000,59002801
minbias,10000,59002802
minbias,10000,59002803
minbias,10000,59002804
minbias,10000,59002805
minbias,10000,59002806
minbias,10000,59002807
minbias,10000,59002808
minbias,10000,59002809
minbias,10000,59002810
minbias,10000,59002811
minbias,10000,59002812
minbias,10000,59002813
minbias,10000,59002814
minbias,10000,59002815
minbias,10000,59002816
minbias,10000,59002817
minbias,10000,59002818
minbias,10000,59002819
minbias,10000,59002820
minbias,10000,59002821
minbias,10000,59002822
minbias,10000,59002823
minbias,10000,59002824
minbias,10000,59002825
minbias,10000,59002826
minbias,10000,59002827
minbias,10000,59002828
minbias,10000,59002829
minbias,10000,59002830
minbias,10000,59002831
minbias,10000,59002832
minbias,10000,59002833
minbias,10000,59002834
minbias,10000,59002835
minbias,10000,59002836
minbias,10000,59002837
minbias,10000,59002838
minbias,10000,59002839
minbias,10000,59002840
minbias,10000,59002841
minbias,10000,59002842
minbias,10000,59002843
minbias,10000,59002844
minbias,10000,59002845
minbias,10000,59002846
minbias,10000,59002847
minbias,10000,59002848
minbias,10000,59002849
minbias,10000,59002850
minbias,10000,59002851
minbias,10000,59002852
minbias,10000,59002853
minbias,10000,59002854
minbias,10000,59002855
minbias,10000,59002856
minbias,10000,59002857
minbias,10000,59002858
minbias,10000,59002859
minbias,10000,59002860
minbias,10000,59002861
minbias,10000,59002862
minbias,10000,59002863
minbias,10000,59002864
minbias,10000,59002865
minbias,10000,59002866
minbias,10000,59002867
minbias,10000,59002868
minbias,10000,59002869
minbias,10000,59002870
minbias,10000,59002871
minbias,10000,59002872
minbias,10000,59002873
minbias,10000,59002874
minbias,10000,59002875
minbias,10000,59002876
minbias,10000,59002877
minbias,10000,59002878
minbias,10000,59002879
minbias,10000,59002880
minbias,10000,59002881
minbias,10000,59002882
minbias,10000,59002883
minbias,10000,59002884
minbias,10000,59002885
minbias,10000,59002886
minbias,10000,59002887
minbias,10000,59002888
minbias,10000,59002889
minbias,10000,59002890
minbias,10000,59002891
minbias,10000,59002892
minbias,10000,59002893
minbias,10000,59002894
minbias,10000,59002895
minbias,10000,59002896
minbias,10000,59002897
minbias,10000,59002898
minbias,10000,59002899
minbias,10000,59002900
minbias,10000,59002901
minbias,10000,59002902
minbias,10000,59002903
minbias,10000,59002904
minbias,10000,59002905
minbias,10000,59002906
minbias,10000,59002907
minbias,10000,59002908
minbias,10000,59002909
minbias,10000,59002910
minbias,10000,59002911
minbias,10000,59002912
minbias,10000,59002913
minbias,10000,59002914
minbias,10000,59002915
minbias,10000,59002916
minbias,10000,59002917
minbias,10000,59002918
minbias,10000,59002919
minbias,10000,59002920
minbias,10000,59002921
minbias,10000,59002922
minbias,10000,59002923
minbias,10000,59002924
minbias,10000,59002925
minbias,10000,59002926
minbias,10000,59002927
minbias,10000,59002928
minbias,10000,59002929
minbias,10000,59002930
minbias,10000,59002931
minbias,10000,59002932
minbias,10000,59002933
minbias,10000,59002934
minbias,10000,59002935
minbias,10000,59002936
minbias,10000,59002937
minbias,10000,59002938
minbias,10000,59002939
minbias,10000,59002940
minbias,10000,59002941
minbias,10000,59002942
minbias,10000,59002943
minbias,10000,59002944
minbias,10000,59002945
minbias,10000,59002946
minbias,10000,59002947
minbias,10000,59002948
minbias,10000,59002949
minbias,10000,59002950
minbias,10000,59002951
minbias,10000,59002952
minbias,10000,59002953
minbias,10000,59002954
minbias,10000,59002955
minbias,10000,59002956
minbias,10000,59002957
minbias,10000,59002958
minbias,10000,59002959
minbias,10000,59002960
minbias,10000,59002961
minbias,10000,59002962
minbias,10000,59002963
minbias,10000,59002964
minbias,10000,59002965
minbias,10000,59002966
minbias,10000,59002967
minbias,10000,59002968
minbias,10000,59002969
minbias,10000,59002970
minbias,10000,59002971
minbias,10000,59002972
minbias,10000,59002973
minbias,10000,59002974
minbias,10000,59002975
minbias,10000,59002976
minbias,10000,59002977
minbias,10000,59002978
minbias,10000,59002979
minbias,10000,59002980
minbias,10000,59002981
minbias,10000,59002982
minbias,10000,59002983
minbias,10000,59002984
minbias,10000,59002985
minbias,10000,59002986
minbias,10000,59002987
minbias,10000,59002988
minbias,10000,59002989
minbias,10000,59002990
minbias,10000,59002991
minbias,10000,59002992
minbias,10000,59002993
minbias,10000,59002994
minbias,10000,59002995
minbias,10000,59002996
minbias,10000,59002997
minbias,10000,59002998
minbias,10000,59002999
minbias,10000,59003000
minbias,10000,59003001
minbias,10000,59003002
minbias,10000,59003003
minbias,10000,59003004
minbias,10000,59003005
minbias,10000,59003006
minbias,10000,59003007
minbias,10000,59003008
minbias,10000,59003009
minbias,10000,59003010
minbias,10000,59003011
minbias,10000,59003012
minbias,10000,59003013
minbias,10000,59003014
minbias,10000,59003015
minbias,10000,59003016
minbias,10000,59003017
minbias,10000,59003018
minbias,10000,59003019
minbias,10000,59003020
minbias,10000,59003021
minbias,10000,59003022
minbias,10000,59003023
minbias,10000,59003024
minbias,10000,59003025
minbias,10000,59003026
minbias,10000,59003027
minbias,10000,59003028
minbias,10000,59003029
minbias,10000,59003030
minbias,10000,59003031
minbias,10000,59003032
minbias,10000,59003033
minbias,10000,59003034
minbias,10000,59003035
minbias,10000,59003036
minbias,10000,59003037
minbias,10000,59003038
minbias,10000,59003039
minbias,10000,59003040
minbias,10000,59003041
minbias,10000,59003042
minbias,10000,59003043
minbias,10000,59003044
minbias,10000,59003045
minbias,10000,59003046
minbias,10000,59003047
minbias,10000,59003048
minbias,10000,59003049
minbias,10000,59003050
minbias,10000,59003051
minbias,10000,59003052
minbias,10000,59003053
minbias,10000,59003054
minbias,10000,59003055
minbias,10000,59003056
minbias,10000,59003057
minbias,10000,59003058
minbias,10000,59003059
minbias,10000,59003060
minbias,10000,59003061
minbias,10000,59003062
minbias,10000,59003063
minbias,10000,59003064
minbias,10000,59003065
minbias,10000,59003066
minbias,10000,59003067
minbias,10000,59003068
minbias,10000,59003069
minbias,10000,59003070
minbias,10000,59003071
minbias,10000,59003072
minbias,10000,59003073
minbias,10000,59003074
minbias,10000,59003075
minbias,10000,59003076
minbias,10000,59003077
minbias,10000,59003078
minbias,10000,59003079
minbias,10000,59003080
minbias,10000,59003081
minbias,10000,59003082
minbias,10000,59003083
minbias,10000,59003084
minbias,10000,59003085
minbias,10000,59003086
minbias,10000,59003087
minbias,10000,59003088
minbias,10000,59003089
minbias,10000,59003090
minbias,10000,59003091
minbias,10000,59003092
minbias,10000,59003093
minbias,10000,59003094
minbias,10000,59003095
minbias,10000,59003096
minbias,10000,59003097
minbias,10000,59003098
minbias,10000,59003099
minbias,10000,59003100
minbias,10000,59003101
minbias,10000,59003102
minbias,10000,59003103
minbias,10000,59003104
minbias,10000,59003105
minbias,10000,59003106
minbias,10000,59003107
minbias,10000,59003108
minbias,10000,59003109
minbias,10000,59003110
minbias,10000,59003111
minbias,10000,59003112
minbias,10000,59003113
minbias,10000,59003114
minbias,10000,59003115
minbias,10000,59003116
minbias,10000,59003117
minbias,10000,59003118
minbias,10000,59003119
minbias,10000,59003120
minbias,10000,59003121
minbias,10000,59003122
minbias,10000,59003123
minbias,10000,59003124
minbias,10000,59003125
minbias,10000,59003126
minbias,10000,59003127
minbias,10000,59003128
minbias,10000,59003129
minbias,10000,59003130
minbias,10000,59003131
minbias,10000,59003132
minbias,10000,59003133
minbias,10000,59003134
minbias,10000,59003135
minbias,10000,59003136
minbias,10000,59003137
minbias,10000,59003138
minbias,10000,59003139
minbias,10000,59003140
minbias,10000,59003141
minbias,10000,59003142
minbias,10000,59003143
minbias,10000,59003144
minbias,10000,59003145
minbias,10000,59003146
minbias,10000,59003147
minbias,10000,59003148
minbias,10000,59003149
minbias,10000,59003150
minbias,10000,59003151
minbias,10000,59003152
minbias,10000,59003153
minbias,10000,59003154
minbias,10000,59003155
minbias,10000,59003156
minbias,10000,59003157
minbias,10000,59003158
minbias,10000,59003159
minbias,10000,59003160
minbias,10000,59003161
minbias,10000,59003162
minbias,10000,59003163
minbias,10000,59003164
minbias,10000,59003165
minbias,10000,59003166
minbias,10000,59003167
minbias,10000,59003168
minbias,10000,59003169
minbias,10000,59003170
minbias,10000,59003171
minbias,10000,59003172
minbias,10000,59003173
minbias,10000,59003174
minbias,10000,59003175
minbias,10000,59003176
minbias,10000,59003177
minbias,10000,59003178
minbias,10000,59003179
minbias,10000,59003180
minbias,10000,59003181
minbias,10000,59003182
minbias,10000,59003183
minbias,10000,59003184
minbias,10000,59003185
minbias,10000,59003186
minbias,10000,59003187
minbias,10000,59003188
minbias,10000,59003189
minbias,10000,59003190
minbias,10000,59003191
minbias,10000,59003192
minbias,10000,59003193
minbias,10000,59003194
minbias,10000,59003195
minbias,10000,59003196
minbias,10000,59003197
minbias,10000,59003198
minbias,10000,59003199
minbias,10000,59003200
minbias,10000,59003201
minbias,10000,59003202
minbias,10000,59003203
minbias,10000,59003204
minbias,10000,59003205
minbias,10000,59003206
minbias,10000,59003207
minbias,10000,59003208
minbias,10000,59003209
minbias,10000,59003210
minbias,10000,59003211
minbias,10000,59003212
minbias,10000,59003213
minbias,10000,59003214
minbias,10000,59003215
minbias,10000,59003216
minbias,10000,59003217
minbias,10000,59003218
minbias,10000,59003219
minbias,10000,59003220
minbias,10000,59003221
minbias,10000,59003222
minbias,10000,59003223
minbias,10000,59003224
minbias,10000,59003225
minbias,10000,59003226
minbias,10000,59003227
minbias,10000,59003228
minbias,10000,59003229
minbias,10000,59003230
minbias,10000,59003231
minbias,10000,59003232
minbias,10000,59003233
minbias,10000,59003234
minbias,10000,59003235
minbias,10000,59003236
minbias,10000,59003237
minbias,10000,59003238
minbias,10000,59003239
minbias,10000,59003240
minbias,10000,59003241
minbias,10000,59003242
minbias,10000,59003243
minbias,10000,59003244
minbias,10000,59003245
minbias,10000,59003246
minbias,10000,59003247
minbias,10000,59003248
minbias,10000,59003249
minbias,10000,59003250
minbias,10000,59003251
minbias,10000,59003252
minbias,10000,59003253
minbias,10000,59003254
minbias,10000,59003255
minbias,10000,59003256
minbias,10000,59003257
minbias,10000,59003258
minbias,10000,59003259
minbias,10000,59003260
minbias,10000,59003261
minbias,10000,59003262
minbias,10000,59003263
minbias,10000,59003264
minbias,10000,59003265
minbias,10000,59003266
minbias,10000,59003267
minbias,10000,59003268
minbias,10000,59003269
minbias,10000,59003270
minbias,10000,59003271
minbias,10000,59003272
minbias,10000,59003273
minbias,10000,59003274
minbias,10000,59003275
minbias,10000,59003276
minbias,10000,59003277
minbias,10000,59003278
minbias,10000,59003279
minbias,10000,59003280
minbias,10000,59003281
minbias,10000,59003282
minbias,10000,59003283
minbias,10000,59003284
minbias,10000,59003285
minbias,10000,59003286
minbias,10000,59003287
minbias,10000,59003288
minbias,10000,59003289
minbias,10000,59003290
minbias,10000,59003291
minbias,10000,59003292
minbias,10000,59003293
minbias,10000,59003294
minbias,10000,59003295
minbias,10000,59003296
minbias,10000,59003297
minbias,10000,59003298
minbias,10000,59003299
minbias,10000,59003300
minbias,10000,59003301
minbias,10000,59003302
minbias,10000,59003303
minbias,10000,59003304
minbias,10000,59003305
minbias,10000,59003306
minbias,10000,59003307
minbias,10000,59003308
minbias,10000,59003309
minbias,10000,59003310
minbias,10000,59003311
minbias,10000,59003312
minbias,10000,59003313
minbias,10000,59003314
minbias,10000,59003315
minbias,10000,59003316
minbias,10000,59003317
minbias,10000,59003318
minbias,10000,59003319
minbias,10000,59003320
minbias,10000,59003321
minbias,10000,59003322
minbias,10000,59003323
minbias,10000,59003324
minbias,10000,59003325
minbias,10000,59003326
minbias,10000,59003327
minbias,10000,59003328
minbias,10000,59003329
minbias,10000,59003330
minbias,10000,59003331
minbias,10000,59003332
minbias,10000,59003333
minbias,10000,59003334
minbias,10000,59003335
minbias,10000,59003336
minbias,10000,59003337
minbias,10000,59003338
minbias,10000,59003339
minbias,10000,59003340
minbias,10000,59003341
minbias,10000,59003342
minbias,10000,59003343
minbias,10000,59003344
minbias,10000,59003345
minbias,10000,59003346
minbias,10000,59003347
minbias,10000,59003348
minbias,10000,59003349
minbias,10000,59003350
minbias,10000,59003351
minbias,10000,59003352
minbias,10000,59003353
minbias,10000,59003354
minbias,10000,59003355
minbias,10000,59003356
minbias,10000,59003357
minbias,10000,59003358
minbias,10000,59003359
minbias,10000,59003360
minbias,10000,59003361
minbias,10000,59003362
minbias,10000,59003363
minbias,10000,59003364
minbias,10000,59003365
minbias,10000,59003366
minbias,10000,59003367
minbias,10000,59003368
minbias,10000,59003369
minbias,10000,59003370
minbias,10000,59003371
minbias,10000,59003372
minbias,10000,59003373
minbias,10000,59003374
minbias,10000,59003375
minbias,10000,59003376
minbias,10000,59003377
minbias,10000,59003378
minbias,10000,59003379
minbias,10000,59003380
minbias,10000,59003381
minbias,10000,59003382
minbias,10000,59003383
minbias,10000,59003384
minbias,10000,59003385
minbias,10000,59003386
minbias,10000,59003387
minbias,10000,59003388
minbias,10000,59003389
minbias,10000,59003390
minbias,10000,59003391
minbias,10000,59003392
minbias,10000,59003393
minbias,10000,59003394
minbias,10000,59003395
minbias,10000,59003396
minbias,10000,59003397
minbias,10000,59003398
minbias,10000,59003399
minbias,10000,59003400
minbias,10000,59003401
minbias,10000,59003402
minbias,10000,59003403
minbias,10000,59003404
minbias,10000,59003405
minbias,10000,59003406
minbias,10000,59003407
minbias,10000,59003408
minbias,10000,59003409
minbias,10000,59003410
minbias,10000,59003411
minbias,10000,59003412
minbias,10000,59003413
minbias,10000,59003414
minbias,10000,59003415
minbias,10000,59003416
minbias,10000,59003417
minbias,10000,59003418
minbias,10000,59003419
minbias,10000,59003420
minbias,10000,59003421
minbias,10000,59003422
minbias,10000,59003423
minbias,10000,59003424
minbias,10000,59003425
minbias,10000,59003426
minbias,10000,59003427
minbias,10000,59003428
minbias,10000,59003429
minbias,10000,59003430
minbias,10000,59003431
minbias,10000,59003432
minbias,10000,59003433
minbias,10000,59003434
minbias,10000,59003435
minbias,10000,59003436
minbias,10000,59003437
minbias,10000,59003438
minbias,10000,59003439
minbias,10000,59003440
minbias,10000,59003441
minbias,10000,59003442
minbias,10000,59003443
minbias,10000,59003444
minbias,10000,59003445
minbias,10000,59003446
minbias,10000,59003447
minbias,10000,59003448
minbias,10000,59003449
minbias,10000,59003450
minbias,10000,59003451
minbias,10000,59003452
minbias,10000,59003453
minbias,10000,59003454
minbias,10000,59003455
minbias,10000,59003456
minbias,10000,59003457
minbias,10000,59003458
minbias,10000,59003459
minbias,10000,59003460
minbias,10000,59003461
minbias,10000,59003462
minbias,10000,59003463
minbias,10000,59003464
minbias,10000,59003465
minbias,10000,59003466
minbias,10000,59003467
minbias,10000,59003468
minbias,10000,59003469
minbias,10000,59003470
minbias,10000,59003471
minbias,10000,59003472
minbias,10000,59003473
minbias,10000,59003474
minbias,10000,59003475
minbias,10000,59003476
minbias,10000,59003477
minbias,10000,59003478
minbias,10000,59003479
minbias,10000,59003480
minbias,10000,59003481
minbias,10000,59003482
minbias,10000,59003483
minbias,10000,59003484
minbias,10000,59003485
minbias,10000,59003486
minbias,10000,59003487
minbias,10000,59003488
minbias,10000,59003489
minbias,10000,59003490
minbias,10000,59003491
minbias,10000,59003492
minbias,10000,59003493
minbias,10000,59003494
minbias,10000,59003495
minbias,10000,59003496
minbias,10000,59003497
minbias,10000,59003498
minbias,10000,59003499
minbias,10000,59003500
minbias,10000,59003501
minbias,10000,59003502
minbias,10000,59003503
minbias,10000,59003504
minbias,10000,59003505
minbias,10000,59003506
minbias,10000,59003507
minbias,10000,59003508
minbias,10000,59003509
minbias,10000,59003510
minbias,10000,59003511
minbias,10000,59003512
minbias,10000,59003513
minbias,10000,59003514
minbias,10000,59003515
minbias,10000,59003516
minbias,10000,59003517
minbias,10000,59003518
minbias,10000,59003519
minbias,10000,59003520
minbias,10000,59003521
minbias,10000,59003522
minbias,10000,59003523
minbias,10000,59003524
minbias,10000,59003525
minbias,10000,59003526
minbias,10000,59003527
minbias,10000,59003528
minbias,10000,59003529
minbias,10000,59003530
minbias,10000,59003531
minbias,10000,59003532
minbias,10000,59003533
minbias,10000,59003534
minbias,10000,59003535
minbias,10000,59003536
minbias,10000,59003537
minbias,10000,59003538
minbias,10000,59003539
minbias,10000,59003540
minbias,10000,59003541
minbias,10000,59003542
minbias,10000,59003543
minbias,10000,59003544
minbias,10000,59003545
minbias,10000,59003546
minbias,10000,59003547
minbias,10000,59003548
minbias,10000,59003549
minbias,10000,59003550
minbias,10000,59003551
minbias,10000,59003552
minbias,10000,59003553
minbias,10000,59003554
minbias,10000,59003555
minbias,10000,59003556
minbias,10000,59003557
minbias,10000,59003558
minbias,10000,59003559
minbias,10000,59003560
minbias,10000,59003561
minbias,10000,59003562
minbias,10000,59003563
minbias,10000,59003564
minbias,10000,59003565
minbias,10000,59003566
minbias,10000,59003567
minbias,10000,59003568
minbias,10000,59003569
minbias,10000,59003570
minbias,10000,59003571
minbias,10000,59003572
minbias,10000,59003573
minbias,10000,59003574
minbias,10000,59003575
minbias,10000,59003576
minbias,10000,59003577
minbias,10000,59003578
minbias,10000,59003579
minbias,10000,59003580
minbias,10000,59003581
minbias,10000,59003582
minbias,10000,59003583
minbias,10000,59003584
minbias,10000,59003585
minbias,10000,59003586
minbias,10000,59003587
minbias,10000,59003588
minbias,10000,59003589
minbias,10000,59003590
minbias,10000,59003591
minbias,10000,59003592
minbias,10000,59003593
minbias,10000,59003594
minbias,10000,59003595
minbias,10000,59003596
minbias,10000,59003597
minbias,10000,59003598
minbias,10000,59003599
minbias,10000,59003600
minbias,10000,59003601
minbias,10000,59003602
minbias,10000,59003603
minbias,10000,59003604
minbias,10000,59003605
minbias,10000,59003606
minbias,10000,59003607
minbias,10000,59003608
minbias,10000,59003609
minbias,10000,59003610
minbias,10000,59003611
minbias,10000,59003612
minbias,10000,59003613
minbias,10000,59003614
minbias,10000,59003615
minbias,10000,59003616
minbias,10000,59003617
minbias,10000,59003618
minbias,10000,59003619
minbias,10000,59003620
minbias,10000,59003621
minbias,10000,59003622
minbias,10000,59003623
minbias,10000,59003624
minbias,10000,59003625
minbias,10000,59003626
minbias,10000,59003627
minbias,10000,59003628
minbias,10000,59003629
minbias,10000,59003630
minbias,10000,59003631
minbias,10000,59003632
minbias,10000,59003633
minbias,10000,59003634
minbias,10000,59003635
minbias,10000,59003636
minbias,10000,59003637
minbias,10000,59003638
minbias,10000,59003639
minbias,10000,59003640
minbias,10000,59003641
minbias,10000,59003642
minbias,10000,59003643
minbias,10000,59003644
minbias,10000,59003645
minbias,10000,59003646
minbias,10000,59003647
minbias,10000,59003648
minbias,10000,59003649
minbias,10000,59003650
minbias,10000,59003651
minbias,10000,59003652
minbias,10000,59003653
minbias,10000,59003654
minbias,10000,59003655
minbias,10000,59003656
minbias,10000,59003657
minbias,10000,59003658
minbias,10000,59003659
minbias,10000,59003660
minbias,10000,59003661
minbias,10000,59003662
minbias,10000,59003663
minbias,10000,59003664
minbias,10000,59003665
minbias,10000,59003666
minbias,10000,59003667
minbias,10000,59003668
minbias,10000,59003669
minbias,10000,59003670
minbias,10000,59003671
minbias,10000,59003672
minbias,10000,59003673
minbias,10000,59003674
minbias,10000,59003675
minbias,10000,59003676
minbias,10000,59003677
minbias,10000,59003678
minbias,10000,59003679
minbias,10000,59003680
minbias,10000,59003681
minbias,10000,59003682
minbias,10000,59003683
minbias,10000,59003684
minbias,10000,59003685
minbias,10000,59003686
minbias,10000,59003687
minbias,10000,59003688
minbias,10000,59003689
minbias,10000,59003690
minbias,10000,59003691
minbias,10000,59003692
minbias,10000,59003693
minbias,10000,59003694
minbias,10000,59003695
minbias,10000,59003696
minbias,10000,59003697
minbias,10000,59003698
minbias,10000,59003699
minbias,10000,59003700
minbias,10000,59003701
minbias,10000,59003702
minbias,10000,59003703
minbias,10000,59003704
minbias,10000,59003705
minbias,10000,59003706
minbias,10000,59003707
minbias,10000,59003708
minbias,10000,59003709
minbias,10000,59003710
minbias,10000,59003711
minbias,10000,59003712
minbias,10000,59003713
minbias,10000,59003714
minbias,10000,59003715
minbias,10000,59003716
minbias,10000,59003717
minbias,10000,59003718
minbias,10000,59003719
minbias,10000,59003720
minbias,10000,59003721
minbias,10000,59003722
minbias,10000,59003723
minbias,10000,59003724
minbias,10000,59003725
minbias,10000,59003726
minbias,10000,59003727
minbias,10000,59003728
minbias,10000,59003729
minbias,10000,59003730
minbias,10000,59003731
minbias,10000,59003732
minbias,10000,59003733
minbias,10000,59003734
minbias,10000,59003735
minbias,10000,59003736
minbias,10000,59003737
minbias,10000,59003738
minbias,10000,59003739
minbias,10000,59003740
minbias,10000,59003741
minbias,10000,59003742
minbias,10000,59003743
minbias,10000,59003744
minbias,10000,59003745
minbias,10000,59003746
minbias,10000,59003747
minbias,10000,59003748
minbias,10000,59003749
minbias,10000,59003750
minbias,10000,59003751
minbias,10000,59003752
minbias,10000,59003753
minbias,10000,59003754
minbias,10000,59003755
minbias,10000,59003756
minbias,10000,59003757
minbias,10000,59003758
minbias,10000,59003759
minbias,10000,59003760
minbias,10000,59003761
minbias,10000,59003762
minbias,10000,59003763
minbias,10000,59003764
minbias,10000,59003765
minbias,10000,59003766
minbias,10000,59003767
minbias,10000,59003768
minbias,10000,59003769
minbias,10000,59003770
minbias,10000,59003771
minbias,10000,59003772
minbias,10000,59003773
minbias,10000,59003774
minbias,10000,59003775
minbias,10000,59003776
minbias,10000,59003777
minbias,10000,59003778
minbias,10000,59003779
minbias,10000,59003780
minbias,10000,59003781
minbias,10000,59003782
minbias,10000,59003783
minbias,10000,59003784
minbias,10000,59003785
minbias,10000,59003786
minbias,10000,59003787
minbias,10000,59003788
minbias,10000,59003789
minbias,10000,59003790
minbias,10000,59003791
minbias,10000,59003792
minbias,10000,59003793
minbias,10000,59003794
minbias,10000,59003795
minbias,10000,59003796
minbias,10000,59003797
minbias,10000,59003798
minbias,10000,59003799
minbias,10000,59003800
minbias,10000,59003801
minbias,10000,59003802
minbias,10000,59003803
minbias,10000,59003804
minbias,10000,59003805
minbias,10000,59003806
minbias,10000,59003807
minbias,10000,59003808
minbias,10000,59003809
minbias,10000,59003810
minbias,10000,59003811
minbias,10000,59003812
minbias,10000,59003813
minbias,10000,59003814
minbias,10000,59003815
minbias,10000,59003816
minbias,10000,59003817
minbias,10000,59003818
minbias,10000,59003819
minbias,10000,59003820
minbias,10000,59003821
minbias,10000,59003822
minbias,10000,59003823
minbias,10000,59003824
minbias,10000,59003825
minbias,10000,59003826
minbias,10000,59003827
minbias,10000,59003828
minbias,10000,59003829
minbias,10000,59003830
minbias,10000,59003831
minbias,10000,59003832
minbias,10000,59003833
minbias,10000,59003834
minbias,10000,59003835
minbias,10000,59003836
minbias,10000,59003837
minbias,10000,59003838
minbias,10000,59003839
minbias,10000,59003840
minbias,10000,59003841
minbias,10000,59003842
minbias,10000,59003843
minbias,10000,59003844
minbias,10000,59003845
minbias,10000,59003846
minbias,10000,59003847
minbias,10000,59003848
minbias,10000,59003849
minbias,10000,59003850
minbias,10000,59003851
minbias,10000,59003852
minbias,10000,59003853
minbias,10000,59003854
minbias,10000,59003855
minbias,10000,59003856
minbias,10000,59003857
minbias,10000,59003858
minbias,10000,59003859
minbias,10000,59003860
minbias,10000,59003861
minbias,10000,59003862
minbias,10000,59003863
minbias,10000,59003864
minbias,10000,59003865
minbias,10000,59003866
minbias,10000,59003867
minbias,10000,59003868
minbias,10000,59003869
minbias,10000,59003870
minbias,10000,59003871
minbias,10000,59003872
minbias,10000,59003873
minbias,10000,59003874
minbias,10000,59003875
minbias,10000,59003876
minbias,10000,59003877
minbias,10000,59003878
minbias,10000,59003879
minbias,10000,59003880
minbias,10000,59003881
minbias,10000,59003882
minbias,10000,59003883
minbias,10000,59003884
minbias,10000,59003885
minbias,10000,59003886
minbias,10000,59003887
minbias,10000,59003888
minbias,10000,59003889
minbias,10000,59003890
minbias,10000,59003891
minbias,10000,59003892
minbias,10000,59003893
minbias,10000,59003894
minbias,10000,59003895
minbias,10000,59003896
minbias,10000,59003897
minbias,10000,59003898
minbias,10000,59003899
minbias,10000,59003900
minbias,10000,59003901
minbias,10000,59003902
minbias,10000,59003903
minbias,10000,59003904
minbias,10000,59003905
minbias,10000,59003906
minbias,10000,59003907
minbias,10000,59003908
minbias,10000,59003909
minbias,10000,59003910
minbias,10000,59003911
minbias,10000,59003912
minbias,10000,59003913
minbias,10000,59003914
minbias,10000,59003915
minbias,10000,59003916
minbias,10000,59003917
minbias,10000,59003918
minbias,10000,59003919
minbias,10000,59003920
minbias,10000,59003921
minbias,10000,59003922
minbias,10000,59003923
minbias,10000,59003924
minbias,10000,59003925
minbias,10000,59003926
minbias,10000,59003927
minbias,10000,59003928
minbias,10000,59003929
minbias,10000,59003930
minbias,10000,59003931
minbias,10000,59003932
minbias,10000,59003933
minbias,10000,59003934
minbias,10000,59003935
minbias,10000,59003936
minbias,10000,59003937
minbias,10000,59003938
minbias,10000,59003939
minbias,10000,59003940
minbias,10000,59003941
minbias,10000,59003942
minbias,10000,59003943
minbias,10000,59003944
minbias,10000,59003945
minbias,10000,59003946
minbias,10000,59003947
minbias,10000,59003948
minbias,10000,59003949
minbias,10000,59003950
minbias,10000,59003951
minbias,10000,59003952
minbias,10000,59003953
minbias,10000,59003954
minbias,10000,59003955
minbias,10000,59003956
minbias,10000,59003957
minbias,10000,59003958
minbias,10000,59003959
minbias,10000,59003960
minbias,10000,59003961
minbias,10000,59003962
minbias,10000,59003963
minbias,10000,59003964
minbias,10000,59003965
minbias,10000,59003966
minbias,10000,59003967
minbias,10000,59003968
minbias,10000,59003969
minbias,10000,59003970
minbias,10000,59003971
minbias,10000,59003972
minbias,10000,59003973
minbias,10000,59003974
minbias,10000,59003975
minbias,10000,59003976
minbias,10000,59003977
minbias,10000,59003978
minbias,10000,59003979
minbias,10000,59003980
minbias,10000,59003981
minbias,10000,59003982
minbias,10000,59003983
minbias,10000,59003984
minbias,10000,59003985
minbias,10000,59003986
minbias,10000,59003987
minbias,10000,59003988
minbias,10000,59003989
minbias,10000,59003990
minbias,10000,59003991
minbias,10000,59003992
minbias,10000,59003993
minbias,10000,59003994
minbias,10000,59003995
minbias,10000,59003996
minbias,10000,59003997
minbias,10000,59003998
minbias,10000,59003999
minbias,10000,59004000
minbias,10000,59004001
minbias,10000,59004002
minbias,10000,59004003
minbias,10000,59004004
minbias,10000,59004005
minbias,10000,59004006
minbias,10000,59004007
minbias,10000,59004008
minbias,10000,59004009
minbias,10000,59004010
minbias,10000,59004011
minbias,10000,59004012
minbias,10000,59004013
minbias,10000,59004014
minbias,10000,59004015
minbias,10000,59004016
minbias,10000,59004017
minbias,10000,59004018
minbias,10000,59004019
minbias,10000,59004020
minbias,10000,59004021
minbias,10000,59004022
minbias,10000,59004023
minbias,10000,59004024
minbias,10000,59004025
minbias,10000,59004026
minbias,10000,59004027
minbias,10000,59004028
minbias,10000,59004029
minbias,10000,59004030
minbias,10000,59004031
minbias,10000,59004032
minbias,10000,59004033
minbias,10000,59004034
minbias,10000,59004035
minbias,10000,59004036
minbias,10000,59004037
minbias,10000,59004038
minbias,10000,59004039
minbias,10000,59004040
minbias,10000,59004041
minbias,10000,59004042
minbias,10000,59004043
minbias,10000,59004044
minbias,10000,59004045
minbias,10000,59004046
minbias,10000,59004047
minbias,10000,59004048
minbias,10000,59004049
minbias,10000,59004050
minbias,10000,59004051
minbias,10000,59004052
minbias,10000,59004053
minbias,10000,59004054
minbias,10000,59004055
minbias,10000,59004056
minbias,10000,59004057
minbias,10000,59004058
minbias,10000,59004059
minbias,10000,59004060
minbias,10000,59004061
minbias,10000,59004062
minbias,10000,59004063
minbias,10000,59004064
minbias,10000,59004065
minbias,10000,59004066
minbias,10000,59004067
minbias,10000,59004068
minbias,10000,59004069
minbias,10000,59004070
minbias,10000,59004071
minbias,10000,59004072
minbias,10000,59004073
minbias,10000,59004074
minbias,10000,59004075
minbias,10000,59004076
minbias,10000,59004077
minbias,10000,59004078
minbias,10000,59004079
minbias,10000,59004080
minbias,10000,59004081
minbias,10000,59004082
minbias,10000,59004083
minbias,10000,59004084
minbias,10000,59004085
minbias,10000,59004086
minbias,10000,59004087
minbias,10000,59004088
minbias,10000,59004089
minbias,10000,59004090
minbias,10000,59004091
minbias,10000,59004092
minbias,10000,59004093
minbias,10000,59004094
minbias,10000,59004095
minbias,10000,59004096
minbias,10000,59004097
minbias,10000,59004098
minbias,10000,59004099
minbias,10000,59004100
minbias,10000,59004101
minbias,10000,59004102
minbias,10000,59004103
minbias,10000,59004104
minbias,10000,59004105
minbias,10000,59004106
minbias,10000,59004107
minbias,10000,59004108
minbias,10000,59004109
minbias,10000,59004110
minbias,10000,59004111
minbias,10000,59004112
minbias,10000,59004113
minbias,10000,59004114
minbias,10000,59004115
minbias,10000,59004116
minbias,10000,59004117
minbias,10000,59004118
minbias,10000,59004119
minbias,10000,59004120
minbias,10000,59004121
minbias,10000,59004122
minbias,10000,59004123
minbias,10000,59004124
minbias,10000,59004125
minbias,10000,59004126
minbias,10000,59004127
minbias,10000,59004128
minbias,10000,59004129
minbias,10000,59004130
minbias,10000,59004131
minbias,10000,59004132
minbias,10000,59004133
minbias,10000,59004134
minbias,10000,59004135
minbias,10000,59004136
minbias,10000,59004137
minbias,10000,59004138
minbias,10000,59004139
minbias,10000,59004140
minbias,10000,59004141
minbias,10000,59004142
minbias,10000,59004143
minbias,10000,59004144
minbias,10000,59004145
minbias,10000,59004146
minbias,10000,59004147
minbias,10000,59004148
minbias,10000,59004149
minbias,10000,59004150
minbias,10000,59004151
minbias,10000,59004152
minbias,10000,59004153
minbias,10000,59004154
minbias,10000,59004155
minbias,10000,59004156
minbias,10000,59004157
minbias,10000,59004158
minbias,10000,59004159
minbias,10000,59004160
minbias,10000,59004161
minbias,10000,59004162
minbias,10000,59004163
minbias,10000,59004164
minbias,10000,59004165
minbias,10000,59004166
minbias,10000,59004167
minbias,10000,59004168
minbias,10000,59004169
minbias,10000,59004170
minbias,10000,59004171
minbias,10000,59004172
minbias,10000,59004173
minbias,10000,59004174
minbias,10000,59004175
minbias,10000,59004176
minbias,10000,59004177
minbias,10000,59004178
minbias,10000,59004179
minbias,10000,59004180
minbias,10000,59004181
minbias,10000,59004182
minbias,10000,59004183
minbias,10000,59004184
minbias,10000,59004185
minbias,10000,59004186
minbias,10000,59004187
minbias,10000,59004188
minbias,10000,59004189
minbias,10000,59004190
minbias,10000,59004191
minbias,10000,59004192
minbias,10000,59004193
minbias,10000,59004194
minbias,10000,59004195
minbias,10000,59004196
minbias,10000,59004197
minbias,10000,59004198
minbias,10000,59004199
minbias,10000,59004200
minbias,10000,59004201
minbias,10000,59004202
minbias,10000,59004203
minbias,10000,59004204
minbias,10000,59004205
minbias,10000,59004206
minbias,10000,59004207
minbias,10000,59004208
minbias,10000,59004209
minbias,10000,59004210
minbias,10000,59004211
minbias,10000,59004212
minbias,10000,59004213
minbias,10000,59004214
minbias,10000,59004215
minbias,10000,59004216
minbias,10000,59004217
minbias,10000,59004218
minbias,10000,59004219
minbias,10000,59004220
minbias,10000,59004221
minbias,10000,59004222
minbias,10000,59004223
minbias,10000,59004224
minbias,10000,59004225
minbias,10000,59004226
minbias,10000,59004227
minbias,10000,59004228
minbias,10000,59004229
minbias,10000,59004230
minbias,10000,59004231
minbias,10000,59004232
minbias,10000,59004233
minbias,10000,59004234
minbias,10000,59004235
minbias,10000,59004236
minbias,10000,59004237
minbias,10000,59004238
minbias,10000,59004239
minbias,10000,59004240
minbias,10000,59004241
minbias,10000,59004242
minbias,10000,59004243
minbias,10000,59004244
minbias,10000,59004245
minbias,10000,59004246
minbias,10000,59004247
minbias,10000,59004248
minbias,10000,59004249
minbias,10000,59004250
minbias,10000,59004251
minbias,10000,59004252
minbias,10000,59004253
minbias,10000,59004254
minbias,10000,59004255
minbias,10000,59004256
minbias,10000,59004257
minbias,10000,59004258
minbias,10000,59004259
minbias,10000,59004260
minbias,10000,59004261
minbias,10000,59004262
minbias,10000,59004263
minbias,10000,59004264
minbias,10000,59004265
minbias,10000,59004266
minbias,10000,59004267
minbias,10000,59004268
minbias,10000,59004269
minbias,10000,59004270
minbias,10000,59004271
minbias,10000,59004272
minbias,10000,59004273
minbias,10000,59004274
minbias,10000,59004275
minbias,10000,59004276
minbias,10000,59004277
minbias,10000,59004278
minbias,10000,59004279
minbias,10000,59004280
minbias,10000,59004281
minbias,10000,59004282
minbias,10000,59004283
minbias,10000,59004284
minbias,10000,59004285
minbias,10000,59004286
minbias,10000,59004287
minbias,10000,59004288
minbias,10000,59004289
minbias,10000,59004290
minbias,10000,59004291
minbias,10000,59004292
minbias,10000,59004293
minbias,10000,59004294
minbias,10000,59004295
minbias,10000,59004296
minbias,10000,59004297
minbias,10000,59004298
minbias,10000,59004299
minbias,10000,59004300
minbias,10000,59004301
minbias,10000,59004302
minbias,10000,59004303
minbias,10000,59004304
minbias,10000,59004305
minbias,10000,59004306
minbias,10000,59004307
minbias,10000,59004308
minbias,10000,59004309
minbias,10000,59004310
minbias,10000,59004311
minbias,10000,59004312
minbias,10000,59004313
minbias,10000,59004314
minbias,10000,59004315
minbias,10000,59004316
minbias,10000,59004317
minbias,10000,59004318
minbias,10000,59004319
minbias,10000,59004320
minbias,10000,59004321
minbias,10000,59004322
minbias,10000,59004323
minbias,10000,59004324
minbias,10000,59004325
minbias,10000,59004326
minbias,10000,59004327
minbias,10000,59004328
minbias,10000,59004329
minbias,10000,59004330
minbias,10000,59004331
minbias,10000,59004332
minbias,10000,59004333
minbias,10000,59004334
minbias,10000,59004335
minbias,10000,59004336
minbias,10000,59004337
minbias,10000,59004338
minbias,10000,59004339
minbias,10000,59004340
minbias,10000,59004341
minbias,10000,59004342
minbias,10000,59004343
minbias,10000,59004344
minbias,10000,59004345
minbias,10000,59004346
minbias,10000,59004347
minbias,10000,59004348
minbias,10000,59004349
minbias,10000,59004350
minbias,10000,59004351
minbias,10000,59004352
minbias,10000,59004353
minbias,10000,59004354
minbias,10000,59004355
minbias,10000,59004356
minbias,10000,59004357
minbias,10000,59004358
minbias,10000,59004359
minbias,10000,59004360
minbias,10000,59004361
minbias,10000,59004362
minbias,10000,59004363
minbias,10000,59004364
minbias,10000,59004365
minbias,10000,59004366
minbias,10000,59004367
minbias,10000,59004368
minbias,10000,59004369
minbias,10000,59004370
minbias,10000,59004371
minbias,10000,59004372
minbias,10000,59004373
minbias,10000,59004374
minbias,10000,59004375
minbias,10000,59004376
minbias,10000,59004377
minbias,10000,59004378
minbias,10000,59004379
minbias,10000,59004380
minbias,10000,59004381
minbias,10000,59004382
minbias,10000,59004383
minbias,10000,59004384
minbias,10000,59004385
minbias,10000,59004386
minbias,10000,59004387
minbias,10000,59004388
minbias,10000,59004389
minbias,10000,59004390
minbias,10000,59004391
minbias,10000,59004392
minbias,10000,59004393
minbias,10000,59004394
minbias,10000,59004395
minbias,10000,59004396
minbias,10000,59004397
minbias,10000,59004398
minbias,10000,59004399
minbias,10000,59004400
minbias,10000,59004401
minbias,10000,59004402
minbias,10000,59004403
minbias,10000,59004404
minbias,10000,59004405
minbias,10000,59004406
minbias,10000,59004407
minbias,10000,59004408
minbias,10000,59004409
minbias,10000,59004410
minbias,10000,59004411
minbias,10000,59004412
minbias,10000,59004413
minbias,10000,59004414
minbias,10000,59004415
minbias,10000,59004416
minbias,10000,59004417
minbias,10000,59004418
minbias,10000,59004419
minbias,10000,59004420
minbias,10000,59004421
minbias,10000,59004422
minbias,10000,59004423
minbias,10000,59004424
minbias,10000,59004425
minbias,10000,59004426
minbias,10000,59004427
minbias,10000,59004428
minbias,10000,59004429
minbias,10000,59004430
minbias,10000,59004431
minbias,10000,59004432
minbias,10000,59004433
minbias,10000,59004434
minbias,10000,59004435
minbias,10000,59004436
minbias,10000,59004437
minbias,10000,59004438
minbias,10000,59004439
minbias,10000,59004440
minbias,10000,59004441
minbias,10000,59004442
minbias,10000,59004443
minbias,10000,59004444
minbias,10000,59004445
minbias,10000,59004446
minbias,10000,59004447
minbias,10000,59004448
minbias,10000,59004449
minbias,10000,59004450
minbias,10000,59004451
minbias,10000,59004452
minbias,10000,59004453
minbias,10000,59004454
minbias,10000,59004455
minbias,10000,59004456
minbias,10000,59004457
minbias,10000,59004458
minbias,10000,59004459
minbias,10000,59004460
minbias,10000,59004461
minbias,10000,59004462
minbias,10000,59004463
minbias,10000,59004464
minbias,10000,59004465
minbias,10000,59004466
minbias,10000,59004467
minbias,10000,59004468
minbias,10000,59004469
minbias,10000,59004470
minbias,10000,59004471
minbias,10000,59004472
minbias,10000,59004473
minbias,10000,59004474
minbias,10000,59004475
minbias,10000,59004476
minbias,10000,59004477
minbias,10000,59004478
minbias,10000,59004479
minbias,10000,59004480
minbias,10000,59004481
minbias,10000,59004482
minbias,10000,59004483
minbias,10000,59004484
minbias,10000,59004485
minbias,10000,59004486
minbias,10000,59004487
minbias,10000,59004488
minbias,10000,59004489
minbias,10000,59004490
minbias,10000,59004491
minbias,10000,59004492
minbias,10000,59004493
minbias,10000,59004494
minbias,10000,59004495
minbias,10000,59004496
minbias,10000,59004497
minbias,10000,59004498
minbias,10000,59004499
minbias,10000,59004500
minbias,10000,59004501
minbias,10000,59004502
minbias,10000,59004503
minbias,10000,59004504
minbias,10000,59004505
minbias,10000,59004506
minbias,10000,59004507
minbias,10000,59004508
minbias,10000,59004509
minbias,10000,59004510
minbias,10000,59004511
minbias,10000,59004512
minbias,10000,59004513
minbias,10000,59004514
minbias,10000,59004515
minbias,10000,59004516
minbias,10000,59004517
minbias,10000,59004518
minbias,10000,59004519
minbias,10000,59004520
minbias,10000,59004521
minbias,10000,59004522
minbias,10000,59004523
minbias,10000,59004524
minbias,10000,59004525
minbias,10000,59004526
minbias,10000,59004527
minbias,10000,59004528
minbias,10000,59004529
minbias,10000,59004530
minbias,10000,59004531
minbias,10000,59004532
minbias,10000,59004533
minbias,10000,59004534
minbias,10000,59004535
minbias,10000,59004536
minbias,10000,59004537
minbias,10000,59004538
minbias,10000,59004539
minbias,10000,59004540
minbias,10000,59004541
minbias,10000,59004542
minbias,10000,59004543
minbias,10000,59004544
minbias,10000,59004545
minbias,10000,59004546
minbias,10000,59004547
minbias,10000,59004548
minbias,10000,59004549
minbias,10000,59004550
minbias,10000,59004551
minbias,10000,59004552
minbias,10000,59004553
minbias,10000,59004554
minbias,10000,59004555
minbias,10000,59004556
minbias,10000,59004557
minbias,10000,59004558
minbias,10000,59004559
minbias,10000,59004560
minbias,10000,59004561
minbias,10000,59004562
minbias,10000,59004563
minbias,10000,59004564
minbias,10000,59004565
minbias,10000,59004566
minbias,10000,59004567
minbias,10000,59004568
minbias,10000,59004569
minbias,10000,59004570
minbias,10000,59004571
minbias,10000,59004572
minbias,10000,59004573
minbias,10000,59004574
minbias,10000,59004575
minbias,10000,59004576
minbias,10000,59004577
minbias,10000,59004578
minbias,10000,59004579
minbias,10000,59004580
minbias,10000,59004581
minbias,10000,59004582
minbias,10000,59004583
minbias,10000,59004584
minbias,10000,59004585
minbias,10000,59004586
minbias,10000,59004587
minbias,10000,59004588
minbias,10000,59004589
minbias,10000,59004590
minbias,10000,59004591
minbias,10000,59004592
minbias,10000,59004593
minbias,10000,59004594
minbias,10000,59004595
minbias,10000,59004596
minbias,10000,59004597
minbias,10000,59004598
minbias,10000,59004599
minbias,10000,59004600
minbias,10000,59004601
minbias,10000,59004602
minbias,10000,59004603
minbias,10000,59004604
minbias,10000,59004605
minbias,10000,59004606
minbias,10000,59004607
minbias,10000,59004608
minbias,10000,59004609
minbias,10000,59004610
minbias,10000,59004611
minbias,10000,59004612
minbias,10000,59004613
minbias,10000,59004614
minbias,10000,59004615
minbias,10000,59004616
minbias,10000,59004617
minbias,10000,59004618
minbias,10000,59004619
minbias,10000,59004620
minbias,10000,59004621
minbias,10000,59004622
minbias,10000,59004623
minbias,10000,59004624
minbias,10000,59004625
minbias,10000,59004626
minbias,10000,59004627
minbias,10000,59004628
minbias,10000,59004629
minbias,10000,59004630
minbias,10000,59004631
minbias,10000,59004632
minbias,10000,59004633
minbias,10000,59004634
minbias,10000,59004635
minbias,10000,59004636
minbias,10000,59004637
minbias,10000,59004638
minbias,10000,59004639
minbias,10000,59004640
minbias,10000,59004641
minbias,10000,59004642
minbias,10000,59004643
minbias,10000,59004644
minbias,10000,59004645
minbias,10000,59004646
minbias,10000,59004647
minbias,10000,59004648
minbias,10000,59004649
minbias,10000,59004650
minbias,10000,59004651
minbias,10000,59004652
minbias,10000,59004653
minbias,10000,59004654
minbias,10000,59004655
minbias,10000,59004656
minbias,10000,59004657
minbias,10000,59004658
minbias,10000,59004659
minbias,10000,59004660
minbias,10000,59004661
minbias,10000,59004662
minbias,10000,59004663
minbias,10000,59004664
minbias,10000,59004665
minbias,10000,59004666
minbias,10000,59004667
minbias,10000,59004668
minbias,10000,59004669
minbias,10000,59004670
minbias,10000,59004671
minbias,10000,59004672
minbias,10000,59004673
minbias,10000,59004674
minbias,10000,59004675
minbias,10000,59004676
minbias,10000,59004677
minbias,10000,59004678
minbias,10000,59004679
minbias,10000,59004680
minbias,10000,59004681
minbias,10000,59004682
minbias,10000,59004683
minbias,10000,59004684
minbias,10000,59004685
minbias,10000,59004686
minbias,10000,59004687
minbias,10000,59004688
minbias,10000,59004689
minbias,10000,59004690
minbias,10000,59004691
minbias,10000,59004692
minbias,10000,59004693
minbias,10000,59004694
minbias,10000,59004695
minbias,10000,59004696
minbias,10000,59004697
minbias,10000,59004698
minbias,10000,59004699
minbias,10000,59004700
minbias,10000,59004701
minbias,10000,59004702
minbias,10000,59004703
minbias,10000,59004704
minbias,10000,59004705
minbias,10000,59004706
minbias,10000,59004707
minbias,10000,59004708
minbias,10000,59004709
minbias,10000,59004710
minbias,10000,59004711
minbias,10000,59004712
minbias,10000,59004713
minbias,10000,59004714
minbias,10000,59004715
minbias,10000,59004716
minbias,10000,59004717
minbias,10000,59004718
minbias,10000,59004719
minbias,10000,59004720
minbias,10000,59004721
minbias,10000,59004722
minbias,10000,59004723
minbias,10000,59004724
minbias,10000,59004725
minbias,10000,59004726
minbias,10000,59004727
minbias,10000,59004728
minbias,10000,59004729
minbias,10000,59004730
minbias,10000,59004731
minbias,10000,59004732
minbias,10000,59004733
minbias,10000,59004734
minbias,10000,59004735
minbias,10000,59004736
minbias,10000,59004737
minbias,10000,59004738
minbias,10000,59004739
minbias,10000,59004740
minbias,10000,59004741
minbias,10000,59004742
minbias,10000,59004743
minbias,10000,59004744
minbias,10000,59004745
minbias,10000,59004746
minbias,10000,59004747
minbias,10000,59004748
minbias,10000,59004749
minbias,10000,59004750
minbias,10000,59004751
minbias,10000,59004752
minbias,10000,59004753
minbias,10000,59004754
minbias,10000,59004755
minbias,10000,59004756
minbias,10000,59004757
minbias,10000,59004758
minbias,10000,59004759
minbias,10000,59004760
minbias,10000,59004761
minbias,10000,59004762
minbias,10000,59004763
minbias,10000,59004764
minbias,10000,59004765
minbias,10000,59004766
minbias,10000,59004767
minbias,10000,59004768
minbias,10000,59004769
minbias,10000,59004770
minbias,10000,59004771
minbias,10000,59004772
minbias,10000,59004773
minbias,10000,59004774
minbias,10000,59004775
minbias,10000,59004776
minbias,10000,59004777
minbias,10000,59004778
minbias,10000,59004779
minbias,10000,59004780
minbias,10000,59004781
minbias,10000,59004782
minbias,10000,59004783
minbias,10000,59004784
minbias,10000,59004785
minbias,10000,59004786
minbias,10000,59004787
minbias,10000,59004788
minbias,10000,59004789
minbias,10000,59004790
minbias,10000,59004791
minbias,10000,59004792
minbias,10000,59004793
minbias,10000,59004794
minbias,10000,59004795
minbias,10000,59004796
minbias,10000,59004797
minbias,10000,59004798
minbias,10000,59004799
minbias,10000,59004800
minbias,10000,59004801
minbias,10000,59004802
minbias,10000,59004803
minbias,10000,59004804
minbias,10000,59004805
minbias,10000,59004806
minbias,10000,59004807
minbias,10000,59004808
minbias,10000,59004809
minbias,10000,59004810
minbias,10000,59004811
minbias,10000,59004812
minbias,10000,59004813
minbias,10000,59004814
minbias,10000,59004815
minbias,10000,59004816
minbias,10000,59004817
minbias,10000,59004818
minbias,10000,59004819
minbias,10000,59004820
minbias,10000,59004821
minbias,10000,59004822
minbias,10000,59004823
minbias,10000,59004824
minbias,10000,59004825
minbias,10000,59004826
minbias,10000,59004827
minbias,10000,59004828
minbias,10000,59004829
minbias,10000,59004830
minbias,10000,59004831
minbias,10000,59004832
minbias,10000,59004833
minbias,10000,59004834
minbias,10000,59004835
minbias,10000,59004836
minbias,10000,59004837
minbias,10000,59004838
minbias,10000,59004839
minbias,10000,59004840
minbias,10000,59004841
minbias,10000,59004842
minbias,10000,59004843
minbias,10000,59004844
minbias,10000,59004845
minbias,10000,59004846
minbias,10000,59004847
minbias,10000,59004848
minbias,10000,59004849
minbias,10000,59004850
minbias,10000,59004851
minbias,10000,59004852
minbias,10000,59004853
minbias,10000,59004854
minbias,10000,59004855
minbias,10000,59004856
minbias,10000,59004857
minbias,10000,59004858
minbias,10000,59004859
minbias,10000,59004860
minbias,10000,59004861
minbias,10000,59004862
minbias,10000,59004863
minbias,10000,59004864
minbias,10000,59004865
minbias,10000,59004866
minbias,10000,59004867
minbias,10000,59004868
minbias,10000,59004869
minbias,10000,59004870
minbias,10000,59004871
minbias,10000,59004872
minbias,10000,59004873
minbias,10000,59004874
minbias,10000,59004875
minbias,10000,59004876
minbias,10000,59004877
minbias,10000,59004878
minbias,10000,59004879
minbias,10000,59004880
minbias,10000,59004881
minbias,10000,59004882
minbias,10000,59004883
minbias,10000,59004884
minbias,10000,59004885
minbias,10000,59004886
minbias,10000,59004887
minbias,10000,59004888
minbias,10000,59004889
minbias,10000,59004890
minbias,10000,59004891
minbias,10000,59004892
minbias,10000,59004893
minbias,10000,59004894
minbias,10000,59004895
minbias,10000,59004896
minbias,10000,59004897
minbias,10000,59004898
minbias,10000,59004899
minbias,10000,59004900
minbias,10000,59004901
minbias,10000,59004902
minbias,10000,59004903
minbias,10000,59004904
minbias,10000,59004905
minbias,10000,59004906
minbias,10000,59004907
minbias,10000,59004908
minbias,10000,59004909
minbias,10000,59004910
minbias,10000,59004911
minbias,10000,59004912
minbias,10000,59004913
minbias,10000,59004914
minbias,10000,59004915
minbias,10000,59004916
minbias,10000,59004917
minbias,10000,59004918
minbias,10000,59004919
minbias,10000,59004920
minbias,10000,59004921
minbias,10000,59004922
minbias,10000,59004923
minbias,10000,59004924
minbias,10000,59004925
minbias,10000,59004926
minbias,10000,59004927
minbias,10000,59004928
minbias,10000,59004929
minbias,10000,59004930
minbias,10000,59004931
minbias,10000,59004932
minbias,10000,59004933
minbias,10000,59004934
minbias,10000,59004935
minbias,10000,59004936
minbias,10000,59004937
minbias,10000,59004938
minbias,10000,59004939
minbias,10000,59004940
minbias,10000,59004941
minbias,10000,59004942
minbias,10000,59004943
minbias,10000,59004944
minbias,10000,59004945
minbias,10000,59004946
minbias,10000,59004947
minbias,10000,59004948
minbias,10000,59004949
minbias,10000,59004950
minbias,10000,59004951
minbias,10000,59004952
minbias,10000,59004953
minbias,10000,59004954
minbias,10000,59004955
minbias,10000,59004956
minbias,10000,59004957
minbias,10000,59004958
minbias,10000,59004959
minbias,10000,59004960
minbias,10000,59004961
minbias,10000,59004962
minbias,10000,59004963
minbias,10000,59004964
minbias,10000,59004965
minbias,10000,59004966
minbias,10000,59004967
minbias,10000,59004968
minbias,10000,59004969
minbias,10000,59004970
minbias,10000,59004971
minbias,10000,59004972
minbias,10000,59004973
minbias,10000,59004974
minbias,10000,59004975
minbias,10000,59004976
minbias,10000,59004977
minbias,10000,59004978
minbias,10000,59004979
minbias,10000,59004980
minbias,10000,59004981
minbias,10000,59004982
minbias,10000,59004983
minbias,10000,59004984
minbias,10000,59004985
minbias,10000,59004986
minbias,10000,59004987
minbias,10000,59004988
minbias,10000,59004989
minbias,10000,59004990
minbias,10000,59004991
minbias,10000,59004992
minbias,10000,59004993
minbias,10000,59004994
minbias,10000,59004995
minbias,10000,59004996
minbias,10000,59004997
minbias,10000,59004998
minbias,10000,59004999
minbias,10000,59005000
minbias,10000,59005001
minbias,10000,59005002
minbias,10000,59005003
minbias,10000,59005004
minbias,10000,59005005
minbias,10000,59005006
minbias,10000,59005007
minbias,10000,59005008
minbias,10000,59005009
minbias,10000,59005010
minbias,10000,59005011
minbias,10000,59005012
minbias,10000,59005013
minbias,10000,59005014
minbias,10000,59005015
minbias,10000,59005016
minbias,10000,59005017
minbias,10000,59005018
minbias,10000,59005019
minbias,10000,59005020
minbias,10000,59005021
minbias,10000,59005022
minbias,10000,59005023
minbias,10000,59005024
minbias,10000,59005025
minbias,10000,59005026
minbias,10000,59005027
minbias,10000,59005028
minbias,10000,59005029
minbias,10000,59005030
minbias,10000,59005031
minbias,10000,59005032
minbias,10000,59005033
minbias,10000,59005034
minbias,10000,59005035
minbias,10000,59005036
minbias,10000,59005037
minbias,10000,59005038
minbias,10000,59005039
minbias,10000,59005040
minbias,10000,59005041
minbias,10000,59005042
minbias,10000,59005043
minbias,10000,59005044
minbias,10000,59005045
minbias,10000,59005046
minbias,10000,59005047
minbias,10000,59005048
minbias,10000,59005049
minbias,10000,59005050
minbias,10000,59005051
minbias,10000,59005052
minbias,10000,59005053
minbias,10000,59005054
minbias,10000,59005055
minbias,10000,59005056
minbias,10000,59005057
minbias,10000,59005058
minbias,10000,59005059
minbias,10000,59005060
minbias,10000,59005061
minbias,10000,59005062
minbias,10000,59005063
minbias,10000,59005064
minbias,10000,59005065
minbias,10000,59005066
minbias,10000,59005067
minbias,10000,59005068
minbias,10000,59005069
minbias,10000,59005070
minbias,10000,59005071
minbias,10000,59005072
minbias,10000,59005073
minbias,10000,59005074
minbias,10000,59005075
minbias,10000,59005076
minbias,10000,59005077
minbias,10000,59005078
minbias,10000,59005079
minbias,10000,59005080
minbias,10000,59005081
minbias,10000,59005082
minbias,10000,59005083
minbias,10000,59005084
minbias,10000,59005085
minbias,10000,59005086
minbias,10000,59005087
minbias,10000,59005088
minbias,10000,59005089
minbias,10000,59005090
minbias,10000,59005091
minbias,10000,59005092
minbias,10000,59005093
minbias,10000,59005094
minbias,10000,59005095
minbias,10000,59005096
minbias,10000,59005097
minbias,10000,59005098
minbias,10000,59005099
minbias,10000,59005100
minbias,10000,59005101
minbias,10000,59005102
minbias,10000,59005103
minbias,10000,59005104
minbias,10000,59005105
minbias,10000,59005106
minbias,10000,59005107
minbias,10000,59005108
minbias,10000,59005109
minbias,10000,59005110
minbias,10000,59005111
minbias,10000,59005112
minbias,10000,59005113
minbias,10000,59005114
minbias,10000,59005115
minbias,10000,59005116
minbias,10000,59005117
minbias,10000,59005118
minbias,10000,59005119
minbias,10000,59005120
minbias,10000,59005121
minbias,10000,59005122
minbias,10000,59005123
minbias,10000,59005124
minbias,10000,59005125
minbias,10000,59005126
minbias,10000,59005127
minbias,10000,59005128
minbias,10000,59005129
minbias,10000,59005130
minbias,10000,59005131
minbias,10000,59005132
minbias,10000,59005133
minbias,10000,59005134
minbias,10000,59005135
minbias,10000,59005136
minbias,10000,59005137
minbias,10000,59005138
minbias,10000,59005139
minbias,10000,59005140
minbias,10000,59005141
minbias,10000,59005142
minbias,10000,59005143
minbias,10000,59005144
minbias,10000,59005145
minbias,10000,59005146
minbias,10000,59005147
minbias,10000,59005148
minbias,10000,59005149
minbias,10000,59005150
minbias,10000,59005151
minbias,10000,59005152
minbias,10000,59005153
minbias,10000,59005154
minbias,10000,59005155
minbias,10000,59005156
minbias,10000,59005157
minbias,10000,59005158
minbias,10000,59005159
minbias,10000,59005160
minbias,10000,59005161
minbias,10000,59005162
minbias,10000,59005163
minbias,10000,59005164
minbias,10000,59005165
minbias,10000,59005166
minbias,10000,59005167
minbias,10000,59005168
minbias,10000,59005169
minbias,10000,59005170
minbias,10000,59005171
minbias,10000,59005172
minbias,10000,59005173
minbias,10000,59005174
minbias,10000,59005175
minbias,10000,59005176
minbias,10000,59005177
minbias,10000,59005178
minbias,10000,59005179
minbias,10000,59005180
minbias,10000,59005181
minbias,10000,59005182
minbias,10000,59005183
minbias,10000,59005184
minbias,10000,59005185
minbias,10000,59005186
minbias,10000,59005187
minbias,10000,59005188
minbias,10000,59005189
minbias,10000,59005190
minbias,10000,59005191
minbias,10000,59005192
minbias,10000,59005193
minbias,10000,59005194
minbias,10000,59005195
minbias,10000,59005196
minbias,10000,59005197
minbias,10000,59005198
minbias,10000,59005199
minbias,10000,59005200
minbias,10000,59005201
minbias,10000,59005202
minbias,10000,59005203
minbias,10000,59005204
minbias,10000,59005205
minbias,10000,59005206
minbias,10000,59005207
minbias,10000,59005208
minbias,10000,59005209
minbias,10000,59005210
minbias,10000,59005211
minbias,10000,59005212
minbias,10000,59005213
minbias,10000,59005214
minbias,10000,59005215
minbias,10000,59005216
minbias,10000,59005217
minbias,10000,59005218
minbias,10000,59005219
minbias,10000,59005220
minbias,10000,59005221
minbias,10000,59005222
minbias,10000,59005223
minbias,10000,59005224
minbias,10000,59005225
minbias,10000,59005226
minbias,10000,59005227
minbias,10000,59005228
minbias,10000,59005229
minbias,10000,59005230
minbias,10000,59005231
minbias,10000,59005232
minbias,10000,59005233
minbias,10000,59005234
minbias,10000,59005235
minbias,10000,59005236
minbias,10000,59005237
minbias,10000,59005238
minbias,10000,59005239
minbias,10000,59005240
minbias,10000,59005241
minbias,10000,59005242
minbias,10000,59005243
minbias,10000,59005244
minbias,10000,59005245
minbias,10000,59005246
minbias,10000,59005247
minbias,10000,59005248
minbias,10000,59005249
minbias,10000,59005250
minbias,10000,59005251
minbias,10000,59005252
minbias,10000,59005253
minbias,10000,59005254
minbias,10000,59005255
minbias,10000,59005256
minbias,10000,59005257
minbias,10000,59005258
minbias,10000,59005259
minbias,10000,59005260
minbias,10000,59005261
minbias,10000,59005262
minbias,10000,59005263
minbias,10000,59005264
minbias,10000,59005265
minbias,10000,59005266
minbias,10000,59005267
minbias,10000,59005268
minbias,10000,59005269
minbias,10000,59005270
minbias,10000,59005271
minbias,10000,59005272
minbias,10000,59005273
minbias,10000,59005274
minbias,10000,59005275
minbias,10000,59005276
minbias,10000,59005277
minbias,10000,59005278
minbias,10000,59005279
minbias,10000,59005280
minbias,10000,59005281
minbias,10000,59005282
minbias,10000,59005283
minbias,10000,59005284
minbias,10000,59005285
minbias,10000,59005286
minbias,10000,59005287
minbias,10000,59005288
minbias,10000,59005289
minbias,10000,59005290
minbias,10000,59005291
minbias,10000,59005292
minbias,10000,59005293
minbias,10000,59005294
minbias,10000,59005295
minbias,10000,59005296
minbias,10000,59005297
minbias,10000,59005298
minbias,10000,59005299
minbias,10000,59005300
minbias,10000,59005301
minbias,10000,59005302
minbias,10000,59005303
minbias,10000,59005304
minbias,10000,59005305
minbias,10000,59005306
minbias,10000,59005307
minbias,10000,59005308
minbias,10000,59005309
minbias,10000,59005310
minbias,10000,59005311
minbias,10000,59005312
minbias,10000,59005313
minbias,10000,59005314
minbias,10000,59005315
minbias,10000,59005316
minbias,10000,59005317
minbias,10000,59005318
minbias,10000,59005319
minbias,10000,59005320
minbias,10000,59005321
minbias,10000,59005322
minbias,10000,59005323
minbias,10000,59005324
minbias,10000,59005325
minbias,10000,59005326
minbias,10000,59005327
minbias,10000,59005328
minbias,10000,59005329
minbias,10000,59005330
minbias,10000,59005331
minbias,10000,59005332
minbias,10000,59005333
minbias,10000,59005334
minbias,10000,59005335
minbias,10000,59005336
minbias,10000,59005337
minbias,10000,59005338
minbias,10000,59005339
minbias,10000,59005340
minbias,10000,59005341
minbias,10000,59005342
minbias,10000,59005343
minbias,10000,59005344
minbias,10000,59005345
minbias,10000,59005346
minbias,10000,59005347
minbias,10000,59005348
minbias,10000,59005349
minbias,10000,59005350
minbias,10000,59005351
minbias,10000,59005352
minbias,10000,59005353
minbias,10000,59005354
minbias,10000,59005355
minbias,10000,59005356
minbias,10000,59005357
minbias,10000,59005358
minbias,10000,59005359
minbias,10000,59005360
minbias,10000,59005361
minbias,10000,59005362
minbias,10000,59005363
minbias,10000,59005364
minbias,10000,59005365
minbias,10000,59005366
minbias,10000,59005367
minbias,10000,59005368
minbias,10000,59005369
minbias,10000,59005370
minbias,10000,59005371
minbias,10000,59005372
minbias,10000,59005373
minbias,10000,59005374
minbias,10000,59005375
minbias,10000,59005376
minbias,10000,59005377
minbias,10000,59005378
minbias,10000,59005379
minbias,10000,59005380
minbias,10000,59005381
minbias,10000,59005382
minbias,10000,59005383
minbias,10000,59005384
minbias,10000,59005385
minbias,10000,59005386
minbias,10000,59005387
minbias,10000,59005388
minbias,10000,59005389
minbias,10000,59005390
minbias,10000,59005391
minbias,10000,59005392
minbias,10000,59005393
minbias,10000,59005394
minbias,10000,59005395
minbias,10000,59005396
minbias,10000,59005397
minbias,10000,59005398
minbias,10000,59005399
minbias,10000,59005400
minbias,10000,59005401
minbias,10000,59005402
minbias,10000,59005403
minbias,10000,59005404
minbias,10000,59005405
minbias,10000,59005406
minbias,10000,59005407
minbias,10000,59005408
minbias,10000,59005409
minbias,10000,59005410
minbias,10000,59005411
minbias,10000,59005412
minbias,10000,59005413
minbias,10000,59005414
minbias,10000,59005415
minbias,10000,59005416
minbias,10000,59005417
minbias,10000,59005418
minbias,10000,59005419
minbias,10000,59005420
minbias,10000,59005421
minbias,10000,59005422
minbias,10000,59005423
minbias,10000,59005424
minbias,10000,59005425
minbias,10000,59005426
minbias,10000,59005427
minbias,10000,59005428
minbias,10000,59005429
minbias,10000,59005430
minbias,10000,59005431
minbias,10000,59005432
minbias,10000,59005433
minbias,10000,59005434
minbias,10000,59005435
minbias,10000,59005436
minbias,10000,59005437
minbias,10000,59005438
minbias,10000,59005439
minbias,10000,59005440
minbias,10000,59005441
minbias,10000,59005442
minbias,10000,59005443
minbias,10000,59005444
minbias,10000,59005445
minbias,10000,59005446
minbias,10000,59005447
minbias,10000,59005448
minbias,10000,59005449
minbias,10000,59005450
minbias,10000,59005451
minbias,10000,59005452
minbias,10000,59005453
minbias,10000,59005454
minbias,10000,59005455
minbias,10000,59005456
minbias,10000,59005457
minbias,10000,59005458
minbias,10000,59005459
minbias,10000,59005460
minbias,10000,59005461
minbias,10000,59005462
minbias,10000,59005463
minbias,10000,59005464
minbias,10000,59005465
minbias,10000,59005466
minbias,10000,59005467
minbias,10000,59005468
minbias,10000,59005469
minbias,10000,59005470
minbias,10000,59005471
minbias,10000,59005472
minbias,10000,59005473
minbias,10000,59005474
minbias,10000,59005475
minbias,10000,59005476
minbias,10000,59005477
minbias,10000,59005478
minbias,10000,59005479
minbias,10000,59005480
minbias,10000,59005481
minbias,10000,59005482
minbias,10000,59005483
minbias,10000,59005484
minbias,10000,59005485
minbias,10000,59005486
minbias,10000,59005487
minbias,10000,59005488
minbias,10000,59005489
minbias,10000,59005490
minbias,10000,59005491
minbias,10000,59005492
minbias,10000,59005493
minbias,10000,59005494
minbias,10000,59005495
minbias,10000,59005496
minbias,10000,59005497
minbias,10000,59005498
minbias,10000,59005499
minbias,10000,59005500
minbias,10000,59005501
minbias,10000,59005502
minbias,10000,59005503
minbias,10000,59005504
minbias,10000,59005505
minbias,10000,59005506
minbias,10000,59005507
minbias,10000,59005508
minbias,10000,59005509
minbias,10000,59005510
minbias,10000,59005511
minbias,10000,59005512
minbias,10000,59005513
minbias,10000,59005514
minbias,10000,59005515
minbias,10000,59005516
minbias,10000,59005517
minbias,10000,59005518
minbias,10000,59005519
minbias,10000,59005520
minbias,10000,59005521
minbias,10000,59005522
minbias,10000,59005523
minbias,10000,59005524
minbias,10000,59005525
minbias,10000,59005526
minbias,10000,59005527
minbias,10000,59005528
minbias,10000,59005529
minbias,10000,59005530
minbias,10000,59005531
minbias,10000,59005532
minbias,10000,59005533
minbias,10000,59005534
minbias,10000,59005535
minbias,10000,59005536
minbias,10000,59005537
minbias,10000,59005538
minbias,10000,59005539
minbias,10000,59005540
minbias,10000,59005541
minbias,10000,59005542
minbias,10000,59005543
minbias,10000,59005544
minbias,10000,59005545
minbias,10000,59005546
minbias,10000,59005547
minbias,10000,59005548
minbias,10000,59005549
minbias,10000,59005550
minbias,10000,59005551
minbias,10000,59005552
minbias,10000,59005553
minbias,10000,59005554
minbias,10000,59005555
minbias,10000,59005556
minbias,10000,59005557
minbias,10000,59005558
minbias,10000,59005559
minbias,10000,59005560
minbias,10000,59005561
minbias,10000,59005562
minbias,10000,59005563
minbias,10000,59005564
minbias,10000,59005565
minbias,10000,59005566
minbias,10000,59005567
minbias,10000,59005568
minbias,10000,59005569
minbias,10000,59005570
minbias,10000,59005571
minbias,10000,59005572
minbias,10000,59005573
minbias,10000,59005574
minbias,10000,59005575
minbias,10000,59005576
minbias,10000,59005577
minbias,10000,59005578
minbias,10000,59005579
minbias,10000,59005580
minbias,10000,59005581
minbias,10000,59005582
minbias,10000,59005583
minbias,10000,59005584
minbias,10000,59005585
minbias,10000,59005586
minbias,10000,59005587
minbias,10000,59005588
minbias,10000,59005589
minbias,10000,59005590
minbias,10000,59005591
minbias,10000,59005592
minbias,10000,59005593
minbias,10000,59005594
minbias,10000,59005595
minbias,10000,59005596
minbias,10000,59005597
minbias,10000,59005598
minbias,10000,59005599
minbias,10000,59005600
minbias,10000,59005601
minbias,10000,59005602
minbias,10000,59005603
minbias,10000,59005604
minbias,10000,59005605
minbias,10000,59005606
minbias,10000,59005607
minbias,10000,59005608
minbias,10000,59005609
minbias,10000,59005610
minbias,10000,59005611
minbias,10000,59005612
minbias,10000,59005613
minbias,10000,59005614
minbias,10000,59005615
minbias,10000,59005616
minbias,10000,59005617
minbias,10000,59005618
minbias,10000,59005619
minbias,10000,59005620
minbias,10000,59005621
minbias,10000,59005622
minbias,10000,59005623
minbias,10000,59005624
minbias,10000,59005625
minbias,10000,59005626
minbias,10000,59005627
minbias,10000,59005628
minbias,10000,59005629
minbias,10000,59005630
minbias,10000,59005631
minbias,10000,59005632
minbias,10000,59005633
minbias,10000,59005634
minbias,10000,59005635
minbias,10000,59005636
minbias,10000,59005637
minbias,10000,59005638
minbias,10000,59005639
minbias,10000,59005640
minbias,10000,59005641
minbias,10000,59005642
minbias,10000,59005643
minbias,10000,59005644
minbias,10000,59005645
minbias,10000,59005646
minbias,10000,59005647
minbias,10000,59005648
minbias,10000,59005649
minbias,10000,59005650
minbias,10000,59005651
minbias,10000,59005652
minbias,10000,59005653
minbias,10000,59005654
minbias,10000,59005655
minbias,10000,59005656
minbias,10000,59005657
minbias,10000,59005658
minbias,10000,59005659
minbias,10000,59005660
minbias,10000,59005661
minbias,10000,59005662
minbias,10000,59005663
minbias,10000,59005664
minbias,10000,59005665
minbias,10000,59005666
minbias,10000,59005667
minbias,10000,59005668
minbias,10000,59005669
minbias,10000,59005670
minbias,10000,59005671
minbias,10000,59005672
minbias,10000,59005673
minbias,10000,59005674
minbias,10000,59005675
minbias,10000,59005676
minbias,10000,59005677
minbias,10000,59005678
minbias,10000,59005679
minbias,10000,59005680
minbias,10000,59005681
minbias,10000,59005682
minbias,10000,59005683
minbias,10000,59005684
minbias,10000,59005685
minbias,10000,59005686
minbias,10000,59005687
minbias,10000,59005688
minbias,10000,59005689
minbias,10000,59005690
minbias,10000,59005691
minbias,10000,59005692
minbias,10000,59005693
minbias,10000,59005694
minbias,10000,59005695
minbias,10000,59005696
minbias,10000,59005697
minbias,10000,59005698
minbias,10000,59005699
minbias,10000,59005700
minbias,10000,59005701
minbias,10000,59005702
minbias,10000,59005703
minbias,10000,59005704
minbias,10000,59005705
minbias,10000,59005706
minbias,10000,59005707
minbias,10000,59005708
minbias,10000,59005709
minbias,10000,59005710
minbias,10000,59005711
minbias,10000,59005712
minbias,10000,59005713
minbias,10000,59005714
minbias,10000,59005715
minbias,10000,59005716
minbias,10000,59005717
minbias,10000,59005718
minbias,10000,59005719
minbias,10000,59005720
minbias,10000,59005721
minbias,10000,59005722
minbias,10000,59005723
minbias,10000,59005724
minbias,10000,59005725
minbias,10000,59005726
minbias,10000,59005727
minbias,10000,59005728
minbias,10000,59005729
minbias,10000,59005730
minbias,10000,59005731
minbias,10000,59005732
minbias,10000,59005733
minbias,10000,59005734
minbias,10000,59005735
minbias,10000,59005736
minbias,10000,59005737
minbias,10000,59005738
minbias,10000,59005739
minbias,10000,59005740
minbias,10000,59005741
minbias,10000,59005742
minbias,10000,59005743
minbias,10000,59005744
minbias,10000,59005745
minbias,10000,59005746
minbias,10000,59005747
minbias,10000,59005748
minbias,10000,59005749
minbias,10000,59005750
minbias,10000,59005751
minbias,10000,59005752
minbias,10000,59005753
minbias,10000,59005754
minbias,10000,59005755
minbias,10000,59005756
minbias,10000,59005757
minbias,10000,59005758
minbias,10000,59005759
minbias,10000,59005760
minbias,10000,59005761
minbias,10000,59005762
minbias,10000,59005763
minbias,10000,59005764
minbias,10000,59005765
minbias,10000,59005766
minbias,10000,59005767
minbias,10000,59005768
minbias,10000,59005769
minbias,10000,59005770
minbias,10000,59005771
minbias,10000,59005772
minbias,10000,59005773
minbias,10000,59005774
minbias,10000,59005775
minbias,10000,59005776
minbias,10000,59005777
minbias,10000,59005778
minbias,10000,59005779
minbias,10000,59005780
minbias,10000,59005781
minbias,10000,59005782
minbias,10000,59005783
minbias,10000,59005784
minbias,10000,59005785
minbias,10000,59005786
minbias,10000,59005787
minbias,10000,59005788
minbias,10000,59005789
minbias,10000,59005790
minbias,10000,59005791
minbias,10000,59005792
minbias,10000,59005793
minbias,10000,59005794
minbias,10000,59005795
minbias,10000,59005796
minbias,10000,59005797
minbias,10000,59005798
minbias,10000,59005799
minbias,10000,59005800
minbias,10000,59005801
minbias,10000,59005802
minbias,10000,59005803
minbias,10000,59005804
minbias,10000,59005805
minbias,10000,59005806
minbias,10000,59005807
minbias,10000,59005808
minbias,10000,59005809
minbias,10000,59005810
minbias,10000,59005811
minbias,10000,59005812
minbias,10000,59005813
minbias,10000,59005814
minbias,10000,59005815
minbias,10000,59005816
minbias,10000,59005817
minbias,10000,59005818
minbias,10000,59005819
minbias,10000,59005820
minbias,10000,59005821
minbias,10000,59005822
minbias,10000,59005823
minbias,10000,59005824
minbias,10000,59005825
minbias,10000,59005826
minbias,10000,59005827
minbias,10000,59005828
minbias,10000,59005829
minbias,10000,59005830
minbias,10000,59005831
minbias,10000,59005832
minbias,10000,59005833
minbias,10000,59005834
minbias,10000,59005835
minbias,10000,59005836
minbias,10000,59005837
minbias,10000,59005838
minbias,10000,59005839
minbias,10000,59005840
minbias,10000,59005841
minbias,10000,59005842
minbias,10000,59005843
minbias,10000,59005844
minbias,10000,59005845
minbias,10000,59005846
minbias,10000,59005847
minbias,10000,59005848
minbias,10000,59005849
minbias,10000,59005850
minbias,10000,59005851
minbias,10000,59005852
minbias,10000,59005853
minbias,10000,59005854
minbias,10000,59005855
minbias,10000,59005856
minbias,10000,59005857
minbias,10000,59005858
minbias,10000,59005859
minbias,10000,59005860
minbias,10000,59005861
minbias,10000,59005862
minbias,10000,59005863
minbias,10000,59005864
minbias,10000,59005865
minbias,10000,59005866
minbias,10000,59005867
minbias,10000,59005868
minbias,10000,59005869
minbias,10000,59005870
minbias,10000,59005871
minbias,10000,59005872
minbias,10000,59005873
minbias,10000,59005874
minbias,10000,59005875
minbias,10000,59005876
minbias,10000,59005877
minbias,10000,59005878
minbias,10000,59005879
minbias,10000,59005880
minbias,10000,59005881
minbias,10000,59005882
minbias,10000,59005883
minbias,10000,59005884
minbias,10000,59005885
minbias,10000,59005886
minbias,10000,59005887
minbias,10000,59005888
minbias,10000,59005889
minbias,10000,59005890
minbias,10000,59005891
minbias,10000,59005892
minbias,10000,59005893
minbias,10000,59005894
minbias,10000,59005895
minbias,10000,59005896
minbias,10000,59005897
minbias,10000,59005898
minbias,10000,59005899
minbias,10000,59005900
minbias,10000,59005901
minbias,10000,59005902
minbias,10000,59005903
minbias,10000,59005904
minbias,10000,59005905
minbias,10000,59005906
minbias,10000,59005907
minbias,10000,59005908
minbias,10000,59005909
minbias,10000,59005910
minbias,10000,59005911
minbias,10000,59005912
minbias,10000,59005913
minbias,10000,59005914
minbias,10000,59005915
minbias,10000,59005916
minbias,10000,59005917
minbias,10000,59005918
minbias,10000,59005919
minbias,10000,59005920
minbias,10000,59005921
minbias,10000,59005922
minbias,10000,59005923
minbias,10000,59005924
minbias,10000,59005925
minbias,10000,59005926
minbias,10000,59005927
minbias,10000,59005928
minbias,10000,59005929
minbias,10000,59005930
minbias,10000,59005931
minbias,10000,59005932
minbias,10000,59005933
minbias,10000,59005934
minbias,10000,59005935
minbias,10000,59005936
minbias,10000,59005937
minbias,10000,59005938
minbias,10000,59005939
minbias,10000,59005940
minbias,10000,59005941
minbias,10000,59005942
minbias,10000,59005943
minbias,10000,59005944
minbias,10000,59005945
minbias,10000,59005946
minbias,10000,59005947
minbias,10000,59005948
minbias,10000,59005949
minbias,10000,59005950
minbias,10000,59005951
minbias,10000,59005952
minbias,10000,59005953
minbias,10000,59005954
minbias,10000,59005955
minbias,10000,59005956
minbias,10000,59005957
minbias,10000,59005958
minbias,10000,59005959
minbias,10000,59005960
minbias,10000,59005961
minbias,10000,59005962
minbias,10000,59005963
minbias,10000,59005964
minbias,10000,59005965
minbias,10000,59005966
minbias,10000,59005967
minbias,10000,59005968
minbias,10000,59005969
minbias,10000,59005970
minbias,10000,59005971
minbias,10000,59005972
minbias,10000,59005973
minbias,10000,59005974
minbias,10000,59005975
minbias,10000,59005976
minbias,10000,59005977
minbias,10000,59005978
minbias,10000,59005979
minbias,10000,59005980
minbias,10000,59005981
minbias,10000,59005982
minbias,10000,59005983
minbias,10000,59005984
minbias,10000,59005985
minbias,10000,59005986
minbias,10000,59005987
minbias,10000,59005988
minbias,10000,59005989
minbias,10000,59005990
minbias,10000,59005991
minbias,10000,59005992
minbias,10000,59005993
minbias,10000,59005994
minbias,10000,59005995
minbias,10000,59005996
minbias,10000,59005997
minbias,10000,59005998
minbias,10000,59005999
minbias,10000,59006000
minbias,10000,59006001
minbias,10000,59006002
minbias,10000,59006003
minbias,10000,59006004
minbias,10000,59006005
minbias,10000,59006006
minbias,10000,59006007
minbias,10000,59006008
minbias,10000,59006009
minbias,10000,59006010
minbias,10000,59006011
minbias,10000,59006012
minbias,10000,59006013
minbias,10000,59006014
minbias,10000,59006015
minbias,10000,59006016
minbias,10000,59006017
minbias,10000,59006018
minbias,10000,59006019
minbias,10000,59006020
minbias,10000,59006021
minbias,10000,59006022
minbias,10000,59006023
minbias,10000,59006024
minbias,10000,59006025
minbias,10000,59006026
minbias,10000,59006027
minbias,10000,59006028
minbias,10000,59006029
minbias,10000,59006030
minbias,10000,59006031
minbias,10000,59006032
minbias,10000,59006033
minbias,10000,59006034
minbias,10000,59006035
minbias,10000,59006036
minbias,10000,59006037
minbias,10000,59006038
minbias,10000,59006039
minbias,10000,59006040
minbias,10000,59006041
minbias,10000,59006042
minbias,10000,59006043
minbias,10000,59006044
minbias,10000,59006045
minbias,10000,59006046
minbias,10000,59006047
minbias,10000,59006048
minbias,10000,59006049
minbias,10000,59006050
minbias,10000,59006051
minbias,10000,59006052
minbias,10000,59006053
minbias,10000,59006054
minbias,10000,59006055
minbias,10000,59006056
minbias,10000,59006057
minbias,10000,59006058
minbias,10000,59006059
minbias,10000,59006060
minbias,10000,59006061
minbias,10000,59006062
minbias,10000,59006063
minbias,10000,59006064
minbias,10000,59006065
minbias,10000,59006066
minbias,10000,59006067
minbias,10000,59006068
minbias,10000,59006069
minbias,10000,59006070
minbias,10000,59006071
minbias,10000,59006072
minbias,10000,59006073
minbias,10000,59006074
minbias,10000,59006075
minbias,10000,59006076
minbias,10000,59006077
minbias,10000,59006078
minbias,10000,59006079
minbias,10000,59006080
minbias,10000,59006081
minbias,10000,59006082
minbias,10000,59006083
minbias,10000,59006084
minbias,10000,59006085
minbias,10000,59006086
minbias,10000,59006087
minbias,10000,59006088
minbias,10000,59006089
minbias,10000,59006090
minbias,10000,59006091
minbias,10000,59006092
minbias,10000,59006093
minbias,10000,59006094
minbias,10000,59006095
minbias,10000,59006096
minbias,10000,59006097
minbias,10000,59006098
minbias,10000,59006099
minbias,10000,59006100
minbias,10000,59006101
minbias,10000,59006102
minbias,10000,59006103
minbias,10000,59006104
minbias,10000,59006105
minbias,10000,59006106
minbias,10000,59006107
minbias,10000,59006108
minbias,10000,59006109
minbias,10000,59006110
minbias,10000,59006111
minbias,10000,59006112
minbias,10000,59006113
minbias,10000,59006114
minbias,10000,59006115
minbias,10000,59006116
minbias,10000,59006117
minbias,10000,59006118
minbias,10000,59006119
minbias,10000,59006120
minbias,10000,59006121
minbias,10000,59006122
minbias,10000,59006123
minbias,10000,59006124
minbias,10000,59006125
minbias,10000,59006126
minbias,10000,59006127
minbias,10000,59006128
minbias,10000,59006129
minbias,10000,59006130
minbias,10000,59006131
minbias,10000,59006132
minbias,10000,59006133
minbias,10000,59006134
minbias,10000,59006135
minbias,10000,59006136
minbias,10000,59006137
minbias,10000,59006138
minbias,10000,59006139
minbias,10000,59006140
minbias,10000,59006141
minbias,10000,59006142
minbias,10000,59006143
minbias,10000,59006144
minbias,10000,59006145
minbias,10000,59006146
minbias,10000,59006147
minbias,10000,59006148
minbias,10000,59006149
minbias,10000,59006150
minbias,10000,59006151
minbias,10000,59006152
minbias,10000,59006153
minbias,10000,59006154
minbias,10000,59006155
minbias,10000,59006156
minbias,10000,59006157
minbias,10000,59006158
minbias,10000,59006159
minbias,10000,59006160
minbias,10000,59006161
minbias,10000,59006162
minbias,10000,59006163
minbias,10000,59006164
minbias,10000,59006165
minbias,10000,59006166
minbias,10000,59006167
minbias,10000,59006168
minbias,10000,59006169
minbias,10000,59006170
minbias,10000,59006171
minbias,10000,59006172
minbias,10000,59006173
minbias,10000,59006174
minbias,10000,59006175
minbias,10000,59006176
minbias,10000,59006177
minbias,10000,59006178
minbias,10000,59006179
minbias,10000,59006180
minbias,10000,59006181
minbias,10000,59006182
minbias,10000,59006183
minbias,10000,59006184
minbias,10000,59006185
minbias,10000,59006186
minbias,10000,59006187
minbias,10000,59006188
minbias,10000,59006189
minbias,10000,59006190
minbias,10000,59006191
minbias,10000,59006192
minbias,10000,59006193
minbias,10000,59006194
minbias,10000,59006195
minbias,10000,59006196
minbias,10000,59006197
minbias,10000,59006198
minbias,10000,59006199
minbias,10000,59006200
minbias,10000,59006201
minbias,10000,59006202
minbias,10000,59006203
minbias,10000,59006204
minbias,10000,59006205
minbias,10000,59006206
minbias,10000,59006207
minbias,10000,59006208
minbias,10000,59006209
minbias,10000,59006210
minbias,10000,59006211
minbias,10000,59006212
minbias,10000,59006213
minbias,10000,59006214
minbias,10000,59006215
minbias,10000,59006216
minbias,10000,59006217
minbias,10000,59006218
minbias,10000,59006219
minbias,10000,59006220
minbias,10000,59006221
minbias,10000,59006222
minbias,10000,59006223
minbias,10000,59006224
minbias,10000,59006225
minbias,10000,59006226
minbias,10000,59006227
minbias,10000,59006228
minbias,10000,59006229
minbias,10000,59006230
minbias,10000,59006231
minbias,10000,59006232
minbias,10000,59006233
minbias,10000,59006234
minbias,10000,59006235
minbias,10000,59006236
minbias,10000,59006237
minbias,10000,59006238
minbias,10000,59006239
minbias,10000,59006240
minbias,10000,59006241
minbias,10000,59006242
minbias,10000,59006243
minbias,10000,59006244
minbias,10000,59006245
minbias,10000,59006246
minbias,10000,59006247
minbias,10000,59006248
minbias,10000,59006249
minbias,10000,59006250
minbias,10000,59006251
minbias,10000,59006252
minbias,10000,59006253
minbias,10000,59006254
minbias,10000,59006255
minbias,10000,59006256
minbias,10000,59006257
minbias,10000,59006258
minbias,10000,59006259
minbias,10000,59006260
minbias,10000,59006261
minbias,10000,59006262
minbias,10000,59006263
minbias,10000,59006264
minbias,10000,59006265
minbias,10000,59006266
minbias,10000,59006267
minbias,10000,59006268
minbias,10000,59006269
minbias,10000,59006270
minbias,10000,59006271
minbias,10000,59006272
minbias,10000,59006273
minbias,10000,59006274
minbias,10000,59006275
minbias,10000,59006276
minbias,10000,59006277
minbias,10000,59006278
minbias,10000,59006279
minbias,10000,59006280
minbias,10000,59006281
minbias,10000,59006282
minbias,10000,59006283
minbias,10000,59006284
minbias,10000,59006285
minbias,10000,59006286
minbias,10000,59006287
minbias,10000,59006288
minbias,10000,59006289
minbias,10000,59006290
minbias,10000,59006291
minbias,10000,59006292
minbias,10000,59006293
minbias,10000,59006294
minbias,10000,59006295
minbias,10000,59006296
minbias,10000,59006297
minbias,10000,59006298
minbias,10000,59006299
minbias,10000,59006300
minbias,10000,59006301
minbias,10000,59006302
minbias,10000,59006303
minbias,10000,59006304
minbias,10000,59006305
minbias,10000,59006306
minbias,10000,59006307
minbias,10000,59006308
minbias,10000,59006309
minbias,10000,59006310
minbias,10000,59006311
minbias,10000,59006312
minbias,10000,59006313
minbias,10000,59006314
minbias,10000,59006315
minbias,10000,59006316
minbias,10000,59006317
minbias,10000,59006318
minbias,10000,59006319
minbias,10000,59006320
minbias,10000,59006321
minbias,10000,59006322
minbias,10000,59006323
minbias,10000,59006324
minbias,10000,59006325
minbias,10000,59006326
minbias,10000,59006327
minbias,10000,59006328
minbias,10000,59006329
minbias,10000,59006330
minbias,10000,59006331
minbias,10000,59006332
minbias,10000,59006333
minbias,10000,59006334
minbias,10000,59006335
minbias,10000,59006336
minbias,10000,59006337
minbias,10000,59006338
minbias,10000,59006339
minbias,10000,59006340
minbias,10000,59006341
minbias,10000,59006342
minbias,10000,59006343
minbias,10000,59006344
minbias,10000,59006345
minbias,10000,59006346
minbias,10000,59006347
minbias,10000,59006348
minbias,10000,59006349
minbias,10000,59006350
minbias,10000,59006351
minbias,10000,59006352
minbias,10000,59006353
minbias,10000,59006354
minbias,10000,59006355
minbias,10000,59006356
minbias,10000,59006357
minbias,10000,59006358
minbias,10000,59006359
minbias,10000,59006360
minbias,10000,59006361
minbias,10000,59006362
minbias,10000,59006363
minbias,10000,59006364
minbias,10000,59006365
minbias,10000,59006366
minbias,10000,59006367
minbias,10000,59006368
minbias,10000,59006369
minbias,10000,59006370
minbias,10000,59006371
minbias,10000,59006372
minbias,10000,59006373
minbias,10000,59006374
minbias,10000,59006375
minbias,10000,59006376
minbias,10000,59006377
minbias,10000,59006378
minbias,10000,59006379
minbias,10000,59006380
minbias,10000,59006381
minbias,10000,59006382
minbias,10000,59006383
minbias,10000,59006384
minbias,10000,59006385
minbias,10000,59006386
minbias,10000,59006387
minbias,10000,59006388
minbias,10000,59006389
minbias,10000,59006390
minbias,10000,59006391
minbias,10000,59006392
minbias,10000,59006393
minbias,10000,59006394
minbias,10000,59006395
minbias,10000,59006396
minbias,10000,59006397
minbias,10000,59006398
minbias,10000,59006399
minbias,10000,59006400
minbias,10000,59006401
minbias,10000,59006402
minbias,10000,59006403
minbias,10000,59006404
minbias,10000,59006405
minbias,10000,59006406
minbias,10000,59006407
minbias,10000,59006408
minbias,10000,59006409
minbias,10000,59006410
minbias,10000,59006411
minbias,10000,59006412
minbias,10000,59006413
minbias,10000,59006414
minbias,10000,59006415
minbias,10000,59006416
minbias,10000,59006417
minbias,10000,59006418
minbias,10000,59006419
minbias,10000,59006420
minbias,10000,59006421
minbias,10000,59006422
minbias,10000,59006423
minbias,10000,59006424
minbias,10000,59006425
minbias,10000,59006426
minbias,10000,59006427
minbias,10000,59006428
minbias,10000,59006429
minbias,10000,59006430
minbias,10000,59006431
minbias,10000,59006432
minbias,10000,59006433
minbias,10000,59006434
minbias,10000,59006435
minbias,10000,59006436
minbias,10000,59006437
minbias,10000,59006438
minbias,10000,59006439
minbias,10000,59006440
minbias,10000,59006441
minbias,10000,59006442
minbias,10000,59006443
minbias,10000,59006444
minbias,10000,59006445
minbias,10000,59006446
minbias,10000,59006447
minbias,10000,59006448
minbias,10000,59006449
minbias,10000,59006450
minbias,10000,59006451
minbias,10000,59006452
minbias,10000,59006453
minbias,10000,59006454
minbias,10000,59006455
minbias,10000,59006456
minbias,10000,59006457
minbias,10000,59006458
minbias,10000,59006459
minbias,10000,59006460
minbias,10000,59006461
minbias,10000,59006462
minbias,10000,59006463
minbias,10000,59006464
minbias,10000,59006465
minbias,10000,59006466
minbias,10000,59006467
minbias,10000,59006468
minbias,10000,59006469
minbias,10000,59006470
minbias,10000,59006471
minbias,10000,59006472
minbias,10000,59006473
minbias,10000,59006474
minbias,10000,59006475
minbias,10000,59006476
minbias,10000,59006477
minbias,10000,59006478
minbias,10000,59006479
minbias,10000,59006480
minbias,10000,59006481
minbias,10000,59006482
minbias,10000,59006483
minbias,10000,59006484
minbias,10000,59006485
minbias,10000,59006486
minbias,10000,59006487
minbias,10000,59006488
minbias,10000,59006489
minbias,10000,59006490
minbias,10000,59006491
minbias,10000,59006492
minbias,10000,59006493
minbias,10000,59006494
minbias,10000,59006495
minbias,10000,59006496
minbias,10000,59006497
minbias,10000,59006498
minbias,10000,59006499
minbias,10000,59006500
minbias,10000,59006501
minbias,10000,59006502
minbias,10000,59006503
minbias,10000,59006504
minbias,10000,59006505
minbias,10000,59006506
minbias,10000,59006507
minbias,10000,59006508
minbias,10000,59006509
minbias,10000,59006510
minbias,10000,59006511
minbias,10000,59006512
minbias,10000,59006513
minbias,10000,59006514
minbias,10000,59006515
minbias,10000,59006516
minbias,10000,59006517
minbias,10000,59006518
minbias,10000,59006519
minbias,10000,59006520
minbias,10000,59006521
minbias,10000,59006522
minbias,10000,59006523
minbias,10000,59006524
minbias,10000,59006525
minbias,10000,59006526
minbias,10000,59006527
minbias,10000,59006528
minbias,10000,59006529
minbias,10000,59006530
minbias,10000,59006531
minbias,10000,59006532
minbias,10000,59006533
minbias,10000,59006534
minbias,10000,59006535
minbias,10000,59006536
minbias,10000,59006537
minbias,10000,59006538
minbias,10000,59006539
minbias,10000,59006540
minbias,10000,59006541
minbias,10000,59006542
minbias,10000,59006543
minbias,10000,59006544
minbias,10000,59006545
minbias,10000,59006546
minbias,10000,59006547
minbias,10000,59006548
minbias,10000,59006549
minbias,10000,59006550
minbias,10000,59006551
minbias,10000,59006552
minbias,10000,59006553
minbias,10000,59006554
minbias,10000,59006555
minbias,10000,59006556
minbias,10000,59006557
minbias,10000,59006558
minbias,10000,59006559
minbias,10000,59006560
minbias,10000,59006561
minbias,10000,59006562
minbias,10000,59006563
minbias,10000,59006564
minbias,10000,59006565
minbias,10000,59006566
minbias,10000,59006567
minbias,10000,59006568
minbias,10000,59006569
minbias,10000,59006570
minbias,10000,59006571
minbias,10000,59006572
minbias,10000,59006573
minbias,10000,59006574
minbias,10000,59006575
minbias,10000,59006576
minbias,10000,59006577
minbias,10000,59006578
minbias,10000,59006579
minbias,10000,59006580
minbias,10000,59006581
minbias,10000,59006582
minbias,10000,59006583
minbias,10000,59006584
minbias,10000,59006585
minbias,10000,59006586
minbias,10000,59006587
minbias,10000,59006588
minbias,10000,59006589
minbias,10000,59006590
minbias,10000,59006591
minbias,10000,59006592
minbias,10000,59006593
minbias,10000,59006594
minbias,10000,59006595
minbias,10000,59006596
minbias,10000,59006597
minbias,10000,59006598
minbias,10000,59006599
minbias,10000,59006600
minbias,10000,59006601
minbias,10000,59006602
minbias,10000,59006603
minbias,10000,59006604
minbias,10000,59006605
minbias,10000,59006606
minbias,10000,59006607
minbias,10000,59006608
minbias,10000,59006609
minbias,10000,59006610
minbias,10000,59006611
minbias,10000,59006612
minbias,10000,59006613
minbias,10000,59006614
minbias,10000,59006615
minbias,10000,59006616
minbias,10000,59006617
minbias,10000,59006618
minbias,10000,59006619
minbias,10000,59006620
minbias,10000,59006621
minbias,10000,59006622
minbias,10000,59006623
minbias,10000,59006624
minbias,10000,59006625
minbias,10000,59006626
minbias,10000,59006627
minbias,10000,59006628
minbias,10000,59006629
minbias,10000,59006630
minbias,10000,59006631
minbias,10000,59006632
minbias,10000,59006633
minbias,10000,59006634
minbias,10000,59006635
minbias,10000,59006636
minbias,10000,59006637
minbias,10000,59006638
minbias,10000,59006639
minbias,10000,59006640
minbias,10000,59006641
minbias,10000,59006642
minbias,10000,59006643
minbias,10000,59006644
minbias,10000,59006645
minbias,10000,59006646
minbias,10000,59006647
minbias,10000,59006648
minbias,10000,59006649
minbias,10000,59006650
minbias,10000,59006651
minbias,10000,59006652
minbias,10000,59006653
minbias,10000,59006654
minbias,10000,59006655
minbias,10000,59006656
minbias,10000,59006657
minbias,10000,59006658
minbias,10000,59006659
minbias,10000,59006660
minbias,10000,59006661
minbias,10000,59006662
minbias,10000,59006663
minbias,10000,59006664
minbias,10000,59006665
minbias,10000,59006666
minbias,10000,59006667
minbias,10000,59006668
minbias,10000,59006669
minbias,10000,59006670
minbias,10000,59006671
minbias,10000,59006672
minbias,10000,59006673
minbias,10000,59006674
minbias,10000,59006675
minbias,10000,59006676
minbias,10000,59006677
minbias,10000,59006678
minbias,10000,59006679
minbias,10000,59006680
minbias,10000,59006681
minbias,10000,59006682
minbias,10000,59006683
minbias,10000,59006684
minbias,10000,59006685
minbias,10000,59006686
minbias,10000,59006687
minbias,10000,59006688
minbias,10000,59006689
minbias,10000,59006690
minbias,10000,59006691
minbias,10000,59006692
minbias,10000,59006693
minbias,10000,59006694
minbias,10000,59006695
minbias,10000,59006696
minbias,10000,59006697
minbias,10000,59006698
minbias,10000,59006699
minbias,10000,59006700
minbias,10000,59006701
minbias,10000,59006702
minbias,10000,59006703
minbias,10000,59006704
minbias,10000,59006705
minbias,10000,59006706
minbias,10000,59006707
minbias,10000,59006708
minbias,10000,59006709
minbias,10000,59006710
minbias,10000,59006711
minbias,10000,59006712
minbias,10000,59006713
minbias,10000,59006714
minbias,10000,59006715
minbias,10000,59006716
minbias,10000,59006717
minbias,10000,59006718
minbias,10000,59006719
minbias,10000,59006720
minbias,10000,59006721
minbias,10000,59006722
minbias,10000,59006723
minbias,10000,59006724
minbias,10000,59006725
minbias,10000,59006726
minbias,10000,59006727
minbias,10000,59006728
minbias,10000,59006729
minbias,10000,59006730
minbias,10000,59006731
minbias,10000,59006732
minbias,10000,59006733
minbias,10000,59006734
minbias,10000,59006735
minbias,10000,59006736
minbias,10000,59006737
minbias,10000,59006738
minbias,10000,59006739
minbias,10000,59006740
minbias,10000,59006741
minbias,10000,59006742
minbias,10000,59006743
minbias,10000,59006744
minbias,10000,59006745
minbias,10000,59006746
minbias,10000,59006747
minbias,10000,59006748
minbias,10000,59006749
minbias,10000,59006750
minbias,10000,59006751
minbias,10000,59006752
minbias,10000,59006753
minbias,10000,59006754
minbias,10000,59006755
minbias,10000,59006756
minbias,10000,59006757
minbias,10000,59006758
minbias,10000,59006759
minbias,10000,59006760
minbias,10000,59006761
minbias,10000,59006762
minbias,10000,59006763
minbias,10000,59006764
minbias,10000,59006765
minbias,10000,59006766
minbias,10000,59006767
minbias,10000,59006768
minbias,10000,59006769
minbias,10000,59006770
minbias,10000,59006771
minbias,10000,59006772
minbias,10000,59006773
minbias,10000,59006774
minbias,10000,59006775
minbias,10000,59006776
minbias,10000,59006777
minbias,10000,59006778
minbias,10000,59006779
minbias,10000,59006780
minbias,10000,59006781
minbias,10000,59006782
minbias,10000,59006783
minbias,10000,59006784
minbias,10000,59006785
minbias,10000,59006786
minbias,10000,59006787
minbias,10000,59006788
minbias,10000,59006789
minbias,10000,59006790
minbias,10000,59006791
minbias,10000,59006792
minbias,10000,59006793
minbias,10000,59006794
minbias,10000,59006795
minbias,10000,59006796
minbias,10000,59006797
minbias,10000,59006798
minbias,10000,59006799
minbias,10000,59006800
minbias,10000,59006801
minbias,10000,59006802
minbias,10000,59006803
minbias,10000,59006804
minbias,10000,59006805
minbias,10000,59006806
minbias,10000,59006807
minbias,10000,59006808
minbias,10000,59006809
minbias,10000,59006810
minbias,10000,59006811
minbias,10000,59006812
minbias,10000,59006813
minbias,10000,59006814
minbias,10000,59006815
minbias,10000,59006816
minbias,10000,59006817
minbias,10000,59006818
minbias,10000,59006819
minbias,10000,59006820
minbias,10000,59006821
minbias,10000,59006822
minbias,10000,59006823
minbias,10000,59006824
minbias,10000,59006825
minbias,10000,59006826
minbias,10000,59006827
minbias,10000,59006828
minbias,10000,59006829
minbias,10000,59006830
minbias,10000,59006831
minbias,10000,59006832
minbias,10000,59006833
minbias,10000,59006834
minbias,10000,59006835
minbias,10000,59006836
minbias,10000,59006837
minbias,10000,59006838
minbias,10000,59006839
minbias,10000,59006840
minbias,10000,59006841
minbias,10000,59006842
minbias,10000,59006843
minbias,10000,59006844
minbias,10000,59006845
minbias,10000,59006846
minbias,10000,59006847
minbias,10000,59006848
minbias,10000,59006849
minbias,10000,59006850
minbias,10000,59006851
minbias,10000,59006852
minbias,10000,59006853
minbias,10000,59006854
minbias,10000,59006855
minbias,10000,59006856
minbias,10000,59006857
minbias,10000,59006858
minbias,10000,59006859
minbias,10000,59006860
minbias,10000,59006861
minbias,10000,59006862
minbias,10000,59006863
minbias,10000,59006864
minbias,10000,59006865
minbias,10000,59006866
minbias,10000,59006867
minbias,10000,59006868
minbias,10000,59006869
minbias,10000,59006870
minbias,10000,59006871
minbias,10000,59006872
minbias,10000,59006873
minbias,10000,59006874
minbias,10000,59006875
minbias,10000,59006876
minbias,10000,59006877
minbias,10000,59006878
minbias,10000,59006879
minbias,10000,59006880
minbias,10000,59006881
minbias,10000,59006882
minbias,10000,59006883
minbias,10000,59006884
minbias,10000,59006885
minbias,10000,59006886
minbias,10000,59006887
minbias,10000,59006888
minbias,10000,59006889
minbias,10000,59006890
minbias,10000,59006891
minbias,10000,59006892
minbias,10000,59006893
minbias,10000,59006894
minbias,10000,59006895
minbias,10000,59006896
minbias,10000,59006897
minbias,10000,59006898
minbias,10000,59006899
minbias,10000,59006900
minbias,10000,59006901
minbias,10000,59006902
minbias,10000,59006903
minbias,10000,59006904
minbias,10000,59006905
minbias,10000,59006906
minbias,10000,59006907
minbias,10000,59006908
minbias,10000,59006909
minbias,10000,59006910
minbias,10000,59006911
minbias,10000,59006912
minbias,10000,59006913
minbias,10000,59006914
minbias,10000,59006915
minbias,10000,59006916
minbias,10000,59006917
minbias,10000,59006918
minbias,10000,59006919
minbias,10000,59006920
minbias,10000,59006921
minbias,10000,59006922
minbias,10000,59006923
minbias,10000,59006924
minbias,10000,59006925
minbias,10000,59006926
minbias,10000,59006927
minbias,10000,59006928
minbias,10000,59006929
minbias,10000,59006930
minbias,10000,59006931
minbias,10000,59006932
minbias,10000,59006933
minbias,10000,59006934
minbias,10000,59006935
minbias,10000,59006936
minbias,10000,59006937
minbias,10000,59006938
minbias,10000,59006939
minbias,10000,59006940
minbias,10000,59006941
minbias,10000,59006942
minbias,10000,59006943
minbias,10000,59006944
minbias,10000,59006945
minbias,10000,59006946
minbias,10000,59006947
minbias,10000,59006948
minbias,10000,59006949
minbias,10000,59006950
minbias,10000,59006951
minbias,10000,59006952
minbias,10000,59006953
minbias,10000,59006954
minbias,10000,59006955
minbias,10000,59006956
minbias,10000,59006957
minbias,10000,59006958
minbias,10000,59006959
minbias,10000,59006960
minbias,10000,59006961
minbias,10000,59006962
minbias,10000,59006963
minbias,10000,59006964
minbias,10000,59006965
minbias,10000,59006966
minbias,10000,59006967
minbias,10000,59006968
minbias,10000,59006969
minbias,10000,59006970
minbias,10000,59006971
minbias,10000,59006972
minbias,10000,59006973
minbias,10000,59006974
minbias,10000,59006975
minbias,10000,59006976
minbias,10000,59006977
minbias,10000,59006978
minbias,10000,59006979
minbias,10000,59006980
minbias,10000,59006981
minbias,10000,59006982
minbias,10000,59006983
minbias,10000,59006984
minbias,10000,59006985
minbias,10000,59006986
minbias,10000,59006987
minbias,10000,59006988
minbias,10000,59006989
minbias,10000,59006990
minbias,10000,59006991
minbias,10000,59006992
minbias,10000,59006993
minbias,10000,59006994
minbias,10000,59006995
minbias,10000,59006996
minbias,10000,59006997
minbias,10000,59006998
minbias,10000,59006999
minbias,10000,59007000
minbias,10000,59007001
minbias,10000,59007002
minbias,10000,59007003
minbias,10000,59007004
minbias,10000,59007005
minbias,10000,59007006
minbias,10000,59007007
minbias,10000,59007008
minbias,10000,59007009
minbias,10000,59007010
minbias,10000,59007011
minbias,10000,59007012
minbias,10000,59007013
minbias,10000,59007014
minbias,10000,59007015
minbias,10000,59007016
minbias,10000,59007017
minbias,10000,59007018
minbias,10000,59007019
minbias,10000,59007020
minbias,10000,59007021
minbias,10000,59007022
minbias,10000,59007023
minbias,10000,59007024
minbias,10000,59007025
minbias,10000,59007026
minbias,10000,59007027
minbias,10000,59007028
minbias,10000,59007029
minbias,10000,59007030
minbias,10000,59007031
minbias,10000,59007032
minbias,10000,59007033
minbias,10000,59007034
minbias,10000,59007035
minbias,10000,59007036
minbias,10000,59007037
minbias,10000,59007038
minbias,10000,59007039
minbias,10000,59007040
minbias,10000,59007041
minbias,10000,59007042
minbias,10000,59007043
minbias,10000,59007044
minbias,10000,59007045
minbias,10000,59007046
minbias,10000,59007047
minbias,10000,59007048
minbias,10000,59007049
minbias,10000,59007050
minbias,10000,59007051
minbias,10000,59007052
minbias,10000,59007053
minbias,10000,59007054
minbias,10000,59007055
minbias,10000,59007056
minbias,10000,59007057
minbias,10000,59007058
minbias,10000,59007059
minbias,10000,59007060
minbias,10000,59007061
minbias,10000,59007062
minbias,10000,59007063
minbias,10000,59007064
minbias,10000,59007065
minbias,10000,59007066
minbias,10000,59007067
minbias,10000,59007068
minbias,10000,59007069
minbias,10000,59007070
minbias,10000,59007071
minbias,10000,59007072
minbias,10000,59007073
minbias,10000,59007074
minbias,10000,59007075
minbias,10000,59007076
minbias,10000,59007077
minbias,10000,59007078
minbias,10000,59007079
minbias,10000,59007080
minbias,10000,59007081
minbias,10000,59007082
minbias,10000,59007083
minbias,10000,59007084
minbias,10000,59007085
minbias,10000,59007086
minbias,10000,59007087
minbias,10000,59007088
minbias,10000,59007089
minbias,10000,59007090
minbias,10000,59007091
minbias,10000,59007092
minbias,10000,59007093
minbias,10000,59007094
minbias,10000,59007095
minbias,10000,59007096
minbias,10000,59007097
minbias,10000,59007098
minbias,10000,59007099
minbias,10000,59007100
minbias,10000,59007101
minbias,10000,59007102
minbias,10000,59007103
minbias,10000,59007104
minbias,10000,59007105
minbias,10000,59007106
minbias,10000,59007107
minbias,10000,59007108
minbias,10000,59007109
minbias,10000,59007110
minbias,10000,59007111
minbias,10000,59007112
minbias,10000,59007113
minbias,10000,59007114
minbias,10000,59007115
minbias,10000,59007116
minbias,10000,59007117
minbias,10000,59007118
minbias,10000,59007119
minbias,10000,59007120
minbias,10000,59007121
minbias,10000,59007122
minbias,10000,59007123
minbias,10000,59007124
minbias,10000,59007125
minbias,10000,59007126
minbias,10000,59007127
minbias,10000,59007128
minbias,10000,59007129
minbias,10000,59007130
minbias,10000,59007131
minbias,10000,59007132
minbias,10000,59007133
minbias,10000,59007134
minbias,10000,59007135
minbias,10000,59007136
minbias,10000,59007137
minbias,10000,59007138
minbias,10000,59007139
minbias,10000,59007140
minbias,10000,59007141
minbias,10000,59007142
minbias,10000,59007143
minbias,10000,59007144
minbias,10000,59007145
minbias,10000,59007146
minbias,10000,59007147
minbias,10000,59007148
minbias,10000,59007149
minbias,10000,59007150
minbias,10000,59007151
minbias,10000,59007152
minbias,10000,59007153
minbias,10000,59007154
minbias,10000,59007155
minbias,10000,59007156
minbias,10000,59007157
minbias,10000,59007158
minbias,10000,59007159
minbias,10000,59007160
minbias,10000,59007161
minbias,10000,59007162
minbias,10000,59007163
minbias,10000,59007164
minbias,10000,59007165
minbias,10000,59007166
minbias,10000,59007167
minbias,10000,59007168
minbias,10000,59007169
minbias,10000,59007170
minbias,10000,59007171
minbias,10000,59007172
minbias,10000,59007173
minbias,10000,59007174
minbias,10000,59007175
minbias,10000,59007176
minbias,10000,59007177
minbias,10000,59007178
minbias,10000,59007179
minbias,10000,59007180
minbias,10000,59007181
minbias,10000,59007182
minbias,10000,59007183
minbias,10000,59007184
minbias,10000,59007185
minbias,10000,59007186
minbias,10000,59007187
minbias,10000,59007188
minbias,10000,59007189
minbias,10000,59007190
minbias,10000,59007191
minbias,10000,59007192
minbias,10000,59007193
minbias,10000,59007194
minbias,10000,59007195
minbias,10000,59007196
minbias,10000,59007197
minbias,10000,59007198
minbias,10000,59007199
minbias,10000,59007200
minbias,10000,59007201
minbias,10000,59007202
minbias,10000,59007203
minbias,10000,59007204
minbias,10000,59007205
minbias,10000,59007206
minbias,10000,59007207
minbias,10000,59007208
minbias,10000,59007209
minbias,10000,59007210
minbias,10000,59007211
minbias,10000,59007212
minbias,10000,59007213
minbias,10000,59007214
minbias,10000,59007215
minbias,10000,59007216
minbias,10000,59007217
minbias,10000,59007218
minbias,10000,59007219
minbias,10000,59007220
minbias,10000,59007221
minbias,10000,59007222
minbias,10000,59007223
minbias,10000,59007224
minbias,10000,59007225
minbias,10000,59007226
minbias,10000,59007227
minbias,10000,59007228
minbias,10000,59007229
minbias,10000,59007230
minbias,10000,59007231
minbias,10000,59007232
minbias,10000,59007233
minbias,10000,59007234
minbias,10000,59007235
minbias,10000,59007236
minbias,10000,59007237
minbias,10000,59007238
minbias,10000,59007239
minbias,10000,59007240
minbias,10000,59007241
minbias,10000,59007242
minbias,10000,59007243
minbias,10000,59007244
minbias,10000,59007245
minbias,10000,59007246
minbias,10000,59007247
minbias,10000,59007248
minbias,10000,59007249
minbias,10000,59007250
minbias,10000,59007251
minbias,10000,59007252
minbias,10000,59007253
minbias,10000,59007254
minbias,10000,59007255
minbias,10000,59007256
minbias,10000,59007257
minbias,10000,59007258
minbias,10000,59007259
minbias,10000,59007260
minbias,10000,59007261
minbias,10000,59007262
minbias,10000,59007263
minbias,10000,59007264
minbias,10000,59007265
minbias,10000,59007266
minbias,10000,59007267
minbias,10000,59007268
minbias,10000,59007269
minbias,10000,59007270
minbias,10000,59007271
minbias,10000,59007272
minbias,10000,59007273
minbias,10000,59007274
minbias,10000,59007275
minbias,10000,59007276
minbias,10000,59007277
minbias,10000,59007278
minbias,10000,59007279
minbias,10000,59007280
minbias,10000,59007281
minbias,10000,59007282
minbias,10000,59007283
minbias,10000,59007284
minbias,10000,59007285
minbias,10000,59007286
minbias,10000,59007287
minbias,10000,59007288
minbias,10000,59007289
minbias,10000,59007290
minbias,10000,59007291
minbias,10000,59007292
minbias,10000,59007293
minbias,10000,59007294
minbias,10000,59007295
minbias,10000,59007296
minbias,10000,59007297
minbias,10000,59007298
minbias,10000,59007299
minbias,10000,59007300
minbias,10000,59007301
minbias,10000,59007302
minbias,10000,59007303
minbias,10000,59007304
minbias,10000,59007305
minbias,10000,59007306
minbias,10000,59007307
minbias,10000,59007308
minbias,10000,59007309
minbias,10000,59007310
minbias,10000,59007311
minbias,10000,59007312
minbias,10000,59007313
minbias,10000,59007314
minbias,10000,59007315
minbias,10000,59007316
minbias,10000,59007317
minbias,10000,59007318
minbias,10000,59007319
minbias,10000,59007320
minbias,10000,59007321
minbias,10000,59007322
minbias,10000,59007323
minbias,10000,59007324
minbias,10000,59007325
minbias,10000,59007326
minbias,10000,59007327
minbias,10000,59007328
minbias,10000,59007329
minbias,10000,59007330
minbias,10000,59007331
minbias,10000,59007332
minbias,10000,59007333
minbias,10000,59007334
minbias,10000,59007335
minbias,10000,59007336
minbias,10000,59007337
minbias,10000,59007338
minbias,10000,59007339
minbias,10000,59007340
minbias,10000,59007341
minbias,10000,59007342
minbias,10000,59007343
minbias,10000,59007344
minbias,10000,59007345
minbias,10000,59007346
minbias,10000,59007347
minbias,10000,59007348
minbias,10000,59007349
minbias,10000,59007350
minbias,10000,59007351
minbias,10000,59007352
minbias,10000,59007353
minbias,10000,59007354
minbias,10000,59007355
minbias,10000,59007356
minbias,10000,59007357
minbias,10000,59007358
minbias,10000,59007359
minbias,10000,59007360
minbias,10000,59007361
minbias,10000,59007362
minbias,10000,59007363
minbias,10000,59007364
minbias,10000,59007365
minbias,10000,59007366
minbias,10000,59007367
minbias,10000,59007368
minbias,10000,59007369
minbias,10000,59007370
minbias,10000,59007371
minbias,10000,59007372
minbias,10000,59007373
minbias,10000,59007374
minbias,10000,59007375
minbias,10000,59007376
minbias,10000,59007377
minbias,10000,59007378
minbias,10000,59007379
minbias,10000,59007380
minbias,10000,59007381
minbias,10000,59007382
minbias,10000,59007383
minbias,10000,59007384
minbias,10000,59007385
minbias,10000,59007386
minbias,10000,59007387
minbias,10000,59007388
minbias,10000,59007389
minbias,10000,59007390
minbias,10000,59007391
minbias,10000,59007392
minbias,10000,59007393
minbias,10000,59007394
minbias,10000,59007395
minbias,10000,59007396
minbias,10000,59007397
minbias,10000,59007398
minbias,10000,59007399
minbias,10000,59007400
minbias,10000,59007401
minbias,10000,59007402
minbias,10000,59007403
minbias,10000,59007404
minbias,10000,59007405
minbias,10000,59007406
minbias,10000,59007407
minbias,10000,59007408
minbias,10000,59007409
minbias,10000,59007410
minbias,10000,59007411
minbias,10000,59007412
minbias,10000,59007413
minbias,10000,59007414
minbias,10000,59007415
minbias,10000,59007416
minbias,10000,59007417
minbias,10000,59007418
minbias,10000,59007419
minbias,10000,59007420
minbias,10000,59007421
minbias,10000,59007422
minbias,10000,59007423
minbias,10000,59007424
minbias,10000,59007425
minbias,10000,59007426
minbias,10000,59007427
minbias,10000,59007428
minbias,10000,59007429
minbias,10000,59007430
minbias,10000,59007431
minbias,10000,59007432
minbias,10000,59007433
minbias,10000,59007434
minbias,10000,59007435
minbias,10000,59007436
minbias,10000,59007437
minbias,10000,59007438
minbias,10000,59007439
minbias,10000,59007440
minbias,10000,59007441
minbias,10000,59007442
minbias,10000,59007443
minbias,10000,59007444
minbias,10000,59007445
minbias,10000,59007446
minbias,10000,59007447
minbias,10000,59007448
minbias,10000,59007449
minbias,10000,59007450
minbias,10000,59007451
minbias,10000,59007452
minbias,10000,59007453
minbias,10000,59007454
minbias,10000,59007455
minbias,10000,59007456
minbias,10000,59007457
minbias,10000,59007458
minbias,10000,59007459
minbias,10000,59007460
minbias,10000,59007461
minbias,10000,59007462
minbias,10000,59007463
minbias,10000,59007464
minbias,10000,59007465
minbias,10000,59007466
minbias,10000,59007467
minbias,10000,59007468
minbias,10000,59007469
minbias,10000,59007470
minbias,10000,59007471
minbias,10000,59007472
minbias,10000,59007473
minbias,10000,59007474
minbias,10000,59007475
minbias,10000,59007476
minbias,10000,59007477
minbias,10000,59007478
minbias,10000,59007479
minbias,10000,59007480
minbias,10000,59007481
minbias,10000,59007482
minbias,10000,59007483
minbias,10000,59007484
minbias,10000,59007485
minbias,10000,59007486
minbias,10000,59007487
minbias,10000,59007488
minbias,10000,59007489
minbias,10000,59007490
minbias,10000,59007491
minbias,10000,59007492
minbias,10000,59007493
minbias,10000,59007494
minbias,10000,59007495
minbias,10000,59007496
minbias,10000,59007497
minbias,10000,59007498
minbias,10000,59007499
minbias,10000,59007500
minbias,10000,59007501
minbias,10000,59007502
minbias,10000,59007503
minbias,10000,59007504
minbias,10000,59007505
minbias,10000,59007506
minbias,10000,59007507
minbias,10000,59007508
minbias,10000,59007509
minbias,10000,59007510
minbias,10000,59007511
minbias,10000,59007512
minbias,10000,59007513
minbias,10000,59007514
minbias,10000,59007515
minbias,10000,59007516
minbias,10000,59007517
minbias,10000,59007518
minbias,10000,59007519
minbias,10000,59007520
minbias,10000,59007521
minbias,10000,59007522
minbias,10000,59007523
minbias,10000,59007524
minbias,10000,59007525
minbias,10000,59007526
minbias,10000,59007527
minbias,10000,59007528
minbias,10000,59007529
minbias,10000,59007530
minbias,10000,59007531
minbias,10000,59007532
minbias,10000,59007533
minbias,10000,59007534
minbias,10000,59007535
minbias,10000,59007536
minbias,10000,59007537
minbias,10000,59007538
minbias,10000,59007539
minbias,10000,59007540
minbias,10000,59007541
minbias,10000,59007542
minbias,10000,59007543
minbias,10000,59007544
minbias,10000,59007545
minbias,10000,59007546
minbias,10000,59007547
minbias,10000,59007548
minbias,10000,59007549
minbias,10000,59007550
minbias,10000,59007551
minbias,10000,59007552
minbias,10000,59007553
minbias,10000,59007554
minbias,10000,59007555
minbias,10000,59007556
minbias,10000,59007557
minbias,10000,59007558
minbias,10000,59007559
minbias,10000,59007560
minbias,10000,59007561
minbias,10000,59007562
minbias,10000,59007563
minbias,10000,59007564
minbias,10000,59007565
minbias,10000,59007566
minbias,10000,59007567
minbias,10000,59007568
minbias,10000,59007569
minbias,10000,59007570
minbias,10000,59007571
minbias,10000,59007572
minbias,10000,59007573
minbias,10000,59007574
minbias,10000,59007575
minbias,10000,59007576
minbias,10000,59007577
minbias,10000,59007578
minbias,10000,59007579
minbias,10000,59007580
minbias,10000,59007581
minbias,10000,59007582
minbias,10000,59007583
minbias,10000,59007584
minbias,10000,59007585
minbias,10000,59007586
minbias,10000,59007587
minbias,10000,59007588
minbias,10000,59007589
minbias,10000,59007590
minbias,10000,59007591
minbias,10000,59007592
minbias,10000,59007593
minbias,10000,59007594
minbias,10000,59007595
minbias,10000,59007596
minbias,10000,59007597
minbias,10000,59007598
minbias,10000,59007599
minbias,10000,59007600
minbias,10000,59007601
minbias,10000,59007602
minbias,10000,59007603
minbias,10000,59007604
minbias,10000,59007605
minbias,10000,59007606
minbias,10000,59007607
minbias,10000,59007608
minbias,10000,59007609
minbias,10000,59007610
minbias,10000,59007611
minbias,10000,59007612
minbias,10000,59007613
minbias,10000,59007614
minbias,10000,59007615
minbias,10000,59007616
minbias,10000,59007617
minbias,10000,59007618
minbias,10000,59007619
minbias,10000,59007620
minbias,10000,59007621
minbias,10000,59007622
minbias,10000,59007623
minbias,10000,59007624
minbias,10000,59007625
minbias,10000,59007626
minbias,10000,59007627
minbias,10000,59007628
minbias,10000,59007629
minbias,10000,59007630
minbias,10000,59007631
minbias,10000,59007632
minbias,10000,59007633
minbias,10000,59007634
minbias,10000,59007635
minbias,10000,59007636
minbias,10000,59007637
minbias,10000,59007638
minbias,10000,59007639
minbias,10000,59007640
minbias,10000,59007641
minbias,10000,59007642
minbias,10000,59007643
minbias,10000,59007644
minbias,10000,59007645
minbias,10000,59007646
minbias,10000,59007647
minbias,10000,59007648
minbias,10000,59007649
minbias,10000,59007650
minbias,10000,59007651
minbias,10000,59007652
minbias,10000,59007653
minbias,10000,59007654
minbias,10000,59007655
minbias,10000,59007656
minbias,10000,59007657
minbias,10000,59007658
minbias,10000,59007659
minbias,10000,59007660
minbias,10000,59007661
minbias,10000,59007662
minbias,10000,59007663
minbias,10000,59007664
minbias,10000,59007665
minbias,10000,59007666
minbias,10000,59007667
minbias,10000,59007668
minbias,10000,59007669
minbias,10000,59007670
minbias,10000,59007671
minbias,10000,59007672
minbias,10000,59007673
minbias,10000,59007674
minbias,10000,59007675
minbias,10000,59007676
minbias,10000,59007677
minbias,10000,59007678
minbias,10000,59007679
minbias,10000,59007680
minbias,10000,59007681
minbias,10000,59007682
minbias,10000,59007683
minbias,10000,59007684
minbias,10000,59007685
minbias,10000,59007686
minbias,10000,59007687
minbias,10000,59007688
minbias,10000,59007689
minbias,10000,59007690
minbias,10000,59007691
minbias,10000,59007692
minbias,10000,59007693
minbias,10000,59007694
minbias,10000,59007695
minbias,10000,59007696
minbias,10000,59007697
minbias,10000,59007698
minbias,10000,59007699
minbias,10000,59007700
minbias,10000,59007701
minbias,10000,59007702
minbias,10000,59007703
minbias,10000,59007704
minbias,10000,59007705
minbias,10000,59007706
minbias,10000,59007707
minbias,10000,59007708
minbias,10000,59007709
minbias,10000,59007710
minbias,10000,59007711
minbias,10000,59007712
minbias,10000,59007713
minbias,10000,59007714
minbias,10000,59007715
minbias,10000,59007716
minbias,10000,59007717
minbias,10000,59007718
minbias,10000,59007719
minbias,10000,59007720
minbias,10000,59007721
minbias,10000,59007722
minbias,10000,59007723
minbias,10000,59007724
minbias,10000,59007725
minbias,10000,59007726
minbias,10000,59007727
minbias,10000,59007728
minbias,10000,59007729
minbias,10000,59007730
minbias,10000,59007731
minbias,10000,59007732
minbias,10000,59007733
minbias,10000,59007734
minbias,10000,59007735
minbias,10000,59007736
minbias,10000,59007737
minbias,10000,59007738
minbias,10000,59007739
minbias,10000,59007740
minbias,10000,59007741
minbias,10000,59007742
minbias,10000,59007743
minbias,10000,59007744
minbias,10000,59007745
minbias,10000,59007746
minbias,10000,59007747
minbias,10000,59007748
minbias,10000,59007749
minbias,10000,59007750
minbias,10000,59007751
minbias,10000,59007752
minbias,10000,59007753
minbias,10000,59007754
minbias,10000,59007755
minbias,10000,59007756
minbias,10000,59007757
minbias,10000,59007758
minbias,10000,59007759
minbias,10000,59007760
minbias,10000,59007761
minbias,10000,59007762
minbias,10000,59007763
minbias,10000,59007764
minbias,10000,59007765
minbias,10000,59007766
minbias,10000,59007767
minbias,10000,59007768
minbias,10000,59007769
minbias,10000,59007770
minbias,10000,59007771
minbias,10000,59007772
minbias,10000,59007773
minbias,10000,59007774
minbias,10000,59007775
minbias,10000,59007776
minbias,10000,59007777
minbias,10000,59007778
minbias,10000,59007779
minbias,10000,59007780
minbias,10000,59007781
minbias,10000,59007782
minbias,10000,59007783
minbias,10000,59007784
minbias,10000,59007785
minbias,10000,59007786
minbias,10000,59007787
minbias,10000,59007788
minbias,10000,59007789
minbias,10000,59007790
minbias,10000,59007791
minbias,10000,59007792
minbias,10000,59007793
minbias,10000,59007794
minbias,10000,59007795
minbias,10000,59007796
minbias,10000,59007797
minbias,10000,59007798
minbias,10000,59007799
minbias,10000,59007800
minbias,10000,59007801
minbias,10000,59007802
minbias,10000,59007803
minbias,10000,59007804
minbias,10000,59007805
minbias,10000,59007806
minbias,10000,59007807
minbias,10000,59007808
minbias,10000,59007809
minbias,10000,59007810
minbias,10000,59007811
minbias,10000,59007812
minbias,10000,59007813
minbias,10000,59007814
minbias,10000,59007815
minbias,10000,59007816
minbias,10000,59007817
minbias,10000,59007818
minbias,10000,59007819
minbias,10000,59007820
minbias,10000,59007821
minbias,10000,59007822
minbias,10000,59007823
minbias,10000,59007824
minbias,10000,59007825
minbias,10000,59007826
minbias,10000,59007827
minbias,10000,59007828
minbias,10000,59007829
minbias,10000,59007830
minbias,10000,59007831
minbias,10000,59007832
minbias,10000,59007833
minbias,10000,59007834
minbias,10000,59007835
minbias,10000,59007836
minbias,10000,59007837
minbias,10000,59007838
minbias,10000,59007839
minbias,10000,59007840
minbias,10000,59007841
minbias,10000,59007842
minbias,10000,59007843
minbias,10000,59007844
minbias,10000,59007845
minbias,10000,59007846
minbias,10000,59007847
minbias,10000,59007848
minbias,10000,59007849
minbias,10000,59007850
minbias,10000,59007851
minbias,10000,59007852
minbias,10000,59007853
minbias,10000,59007854
minbias,10000,59007855
minbias,10000,59007856
minbias,10000,59007857
minbias,10000,59007858
minbias,10000,59007859
minbias,10000,59007860
minbias,10000,59007861
minbias,10000,59007862
minbias,10000,59007863
minbias,10000,59007864
minbias,10000,59007865
minbias,10000,59007866
minbias,10000,59007867
minbias,10000,59007868
minbias,10000,59007869
minbias,10000,59007870
minbias,10000,59007871
minbias,10000,59007872
minbias,10000,59007873
minbias,10000,59007874
minbias,10000,59007875
minbias,10000,59007876
minbias,10000,59007877
minbias,10000,59007878
minbias,10000,59007879
minbias,10000,59007880
minbias,10000,59007881
minbias,10000,59007882
minbias,10000,59007883
minbias,10000,59007884
minbias,10000,59007885
minbias,10000,59007886
minbias,10000,59007887
minbias,10000,59007888
minbias,10000,59007889
minbias,10000,59007890
minbias,10000,59007891
minbias,10000,59007892
minbias,10000,59007893
minbias,10000,59007894
minbias,10000,59007895
minbias,10000,59007896
minbias,10000,59007897
minbias,10000,59007898
minbias,10000,59007899
minbias,10000,59007900
minbias,10000,59007901
minbias,10000,59007902
minbias,10000,59007903
minbias,10000,59007904
minbias,10000,59007905
minbias,10000,59007906
minbias,10000,59007907
minbias,10000,59007908
minbias,10000,59007909
minbias,10000,59007910
minbias,10000,59007911
minbias,10000,59007912
minbias,10000,59007913
minbias,10000,59007914
minbias,10000,59007915
minbias,10000,59007916
minbias,10000,59007917
minbias,10000,59007918
minbias,10000,59007919
minbias,10000,59007920
minbias,10000,59007921
minbias,10000,59007922
minbias,10000,59007923
minbias,10000,59007924
minbias,10000,59007925
minbias,10000,59007926
minbias,10000,59007927
minbias,10000,59007928
minbias,10000,59007929
minbias,10000,59007930
minbias,10000,59007931
minbias,10000,59007932
minbias,10000,59007933
minbias,10000,59007934
minbias,10000,59007935
minbias,10000,59007936
minbias,10000,59007937
minbias,10000,59007938
minbias,10000,59007939
minbias,10000,59007940
minbias,10000,59007941
minbias,10000,59007942
minbias,10000,59007943
minbias,10000,59007944
minbias,10000,59007945
minbias,10000,59007946
minbias,10000,59007947
minbias,10000,59007948
minbias,10000,59007949
minbias,10000,59007950
minbias,10000,59007951
minbias,10000,59007952
minbias,10000,59007953
minbias,10000,59007954
minbias,10000,59007955
minbias,10000,59007956
minbias,10000,59007957
minbias,10000,59007958
minbias,10000,59007959
minbias,10000,59007960
minbias,10000,59007961
minbias,10000,59007962
minbias,10000,59007963
minbias,10000,59007964
minbias,10000,59007965
minbias,10000,59007966
minbias,10000,59007967
minbias,10000,59007968
minbias,10000,59007969
minbias,10000,59007970
minbias,10000,59007971
minbias,10000,59007972
minbias,10000,59007973
minbias,10000,59007974
minbias,10000,59007975
minbias,10000,59007976
minbias,10000,59007977
minbias,10000,59007978
minbias,10000,59007979
minbias,10000,59007980
minbias,10000,59007981
minbias,10000,59007982
minbias,10000,59007983
minbias,10000,59007984
minbias,10000,59007985
minbias,10000,59007986
minbias,10000,59007987
minbias,10000,59007988
minbias,10000,59007989
minbias,10000,59007990
minbias,10000,59007991
minbias,10000,59007992
minbias,10000,59007993
minbias,10000,59007994
minbias,10000,59007995
minbias,10000,59007996
minbias,10000,59007997
minbias,10000,59007998
minbias,10000,59007999
minbias,10000,59008000
minbias,10000,59008001
minbias,10000,59008002
minbias,10000,59008003
minbias,10000,59008004
minbias,10000,59008005
minbias,10000,59008006
minbias,10000,59008007
minbias,10000,59008008
minbias,10000,59008009
minbias,10000,59008010
minbias,10000,59008011
minbias,10000,59008012
minbias,10000,59008013
minbias,10000,59008014
minbias,10000,59008015
minbias,10000,59008016
minbias,10000,59008017
minbias,10000,59008018
minbias,10000,59008019
minbias,10000,59008020
minbias,10000,59008021
minbias,10000,59008022
minbias,10000,59008023
minbias,10000,59008024
minbias,10000,59008025
minbias,10000,59008026
minbias,10000,59008027
minbias,10000,59008028
minbias,10000,59008029
minbias,10000,59008030
minbias,10000,59008031
minbias,10000,59008032
minbias,10000,59008033
minbias,10000,59008034
minbias,10000,59008035
minbias,10000,59008036
minbias,10000,59008037
minbias,10000,59008038
minbias,10000,59008039
minbias,10000,59008040
minbias,10000,59008041
minbias,10000,59008042
minbias,10000,59008043
minbias,10000,59008044
minbias,10000,59008045
minbias,10000,59008046
minbias,10000,59008047
minbias,10000,59008048
minbias,10000,59008049
minbias,10000,59008050
minbias,10000,59008051
minbias,10000,59008052
minbias,10000,59008053
minbias,10000,59008054
minbias,10000,59008055
minbias,10000,59008056
minbias,10000,59008057
minbias,10000,59008058
minbias,10000,59008059
minbias,10000,59008060
minbias,10000,59008061
minbias,10000,59008062
minbias,10000,59008063
minbias,10000,59008064
minbias,10000,59008065
minbias,10000,59008066
minbias,10000,59008067
minbias,10000,59008068
minbias,10000,59008069
minbias,10000,59008070
minbias,10000,59008071
minbias,10000,59008072
minbias,10000,59008073
minbias,10000,59008074
minbias,10000,59008075
minbias,10000,59008076
minbias,10000,59008077
minbias,10000,59008078
minbias,10000,59008079
minbias,10000,59008080
minbias,10000,59008081
minbias,10000,59008082
minbias,10000,59008083
minbias,10000,59008084
minbias,10000,59008085
minbias,10000,59008086
minbias,10000,59008087
minbias,10000,59008088
minbias,10000,59008089
minbias,10000,59008090
minbias,10000,59008091
minbias,10000,59008092
minbias,10000,59008093
minbias,10000,59008094
minbias,10000,59008095
minbias,10000,59008096
minbias,10000,59008097
minbias,10000,59008098
minbias,10000,59008099
minbias,10000,59008100
minbias,10000,59008101
minbias,10000,59008102
minbias,10000,59008103
minbias,10000,59008104
minbias,10000,59008105
minbias,10000,59008106
minbias,10000,59008107
minbias,10000,59008108
minbias,10000,59008109
minbias,10000,59008110
minbias,10000,59008111
minbias,10000,59008112
minbias,10000,59008113
minbias,10000,59008114
minbias,10000,59008115
minbias,10000,59008116
minbias,10000,59008117
minbias,10000,59008118
minbias,10000,59008119
minbias,10000,59008120
minbias,10000,59008121
minbias,10000,59008122
minbias,10000,59008123
minbias,10000,59008124
minbias,10000,59008125
minbias,10000,59008126
minbias,10000,59008127
minbias,10000,59008128
minbias,10000,59008129
minbias,10000,59008130
minbias,10000,59008131
minbias,10000,59008132
minbias,10000,59008133
minbias,10000,59008134
minbias,10000,59008135
minbias,10000,59008136
minbias,10000,59008137
minbias,10000,59008138
minbias,10000,59008139
minbias,10000,59008140
minbias,10000,59008141
minbias,10000,59008142
minbias,10000,59008143
minbias,10000,59008144
minbias,10000,59008145
minbias,10000,59008146
minbias,10000,59008147
minbias,10000,59008148
minbias,10000,59008149
minbias,10000,59008150
minbias,10000,59008151
minbias,10000,59008152
minbias,10000,59008153
minbias,10000,59008154
minbias,10000,59008155
minbias,10000,59008156
minbias,10000,59008157
minbias,10000,59008158
minbias,10000,59008159
minbias,10000,59008160
minbias,10000,59008161
minbias,10000,59008162
minbias,10000,59008163
minbias,10000,59008164
minbias,10000,59008165
minbias,10000,59008166
minbias,10000,59008167
minbias,10000,59008168
minbias,10000,59008169
minbias,10000,59008170
minbias,10000,59008171
minbias,10000,59008172
minbias,10000,59008173
minbias,10000,59008174
minbias,10000,59008175
minbias,10000,59008176
minbias,10000,59008177
minbias,10000,59008178
minbias,10000,59008179
minbias,10000,59008180
minbias,10000,59008181
minbias,10000,59008182
minbias,10000,59008183
minbias,10000,59008184
minbias,10000,59008185
minbias,10000,59008186
minbias,10000,59008187
minbias,10000,59008188
minbias,10000,59008189
minbias,10000,59008190
minbias,10000,59008191
minbias,10000,59008192
minbias,10000,59008193
minbias,10000,59008194
minbias,10000,59008195
minbias,10000,59008196
minbias,10000,59008197
minbias,10000,59008198
minbias,10000,59008199
minbias,10000,59008200
minbias,10000,59008201
minbias,10000,59008202
minbias,10000,59008203
minbias,10000,59008204
minbias,10000,59008205
minbias,10000,59008206
minbias,10000,59008207
minbias,10000,59008208
minbias,10000,59008209
minbias,10000,59008210
minbias,10000,59008211
minbias,10000,59008212
minbias,10000,59008213
minbias,10000,59008214
minbias,10000,59008215
minbias,10000,59008216
minbias,10000,59008217
minbias,10000,59008218
minbias,10000,59008219
minbias,10000,59008220
minbias,10000,59008221
minbias,10000,59008222
minbias,10000,59008223
minbias,10000,59008224
minbias,10000,59008225
minbias,10000,59008226
minbias,10000,59008227
minbias,10000,59008228
minbias,10000,59008229
minbias,10000,59008230
minbias,10000,59008231
minbias,10000,59008232
minbias,10000,59008233
minbias,10000,59008234
minbias,10000,59008235
minbias,10000,59008236
minbias,10000,59008237
minbias,10000,59008238
minbias,10000,59008239
minbias,10000,59008240
minbias,10000,59008241
minbias,10000,59008242
minbias,10000,59008243
minbias,10000,59008244
minbias,10000,59008245
minbias,10000,59008246
minbias,10000,59008247
minbias,10000,59008248
minbias,10000,59008249
minbias,10000,59008250
minbias,10000,59008251
minbias,10000,59008252
minbias,10000,59008253
minbias,10000,59008254
minbias,10000,59008255
minbias,10000,59008256
minbias,10000,59008257
minbias,10000,59008258
minbias,10000,59008259
minbias,10000,59008260
minbias,10000,59008261
minbias,10000,59008262
minbias,10000,59008263
minbias,10000,59008264
minbias,10000,59008265
minbias,10000,59008266
minbias,10000,59008267
minbias,10000,59008268
minbias,10000,59008269
minbias,10000,59008270
minbias,10000,59008271
minbias,10000,59008272
minbias,10000,59008273
minbias,10000,59008274
minbias,10000,59008275
minbias,10000,59008276
minbias,10000,59008277
minbias,10000,59008278
minbias,10000,59008279
minbias,10000,59008280
minbias,10000,59008281
minbias,10000,59008282
minbias,10000,59008283
minbias,10000,59008284
minbias,10000,59008285
minbias,10000,59008286
minbias,10000,59008287
minbias,10000,59008288
minbias,10000,59008289
minbias,10000,59008290
minbias,10000,59008291
minbias,10000,59008292
minbias,10000,59008293
minbias,10000,59008294
minbias,10000,59008295
minbias,10000,59008296
minbias,10000,59008297
minbias,10000,59008298
minbias,10000,59008299
minbias,10000,59008300
minbias,10000,59008301
minbias,10000,59008302
minbias,10000,59008303
minbias,10000,59008304
minbias,10000,59008305
minbias,10000,59008306
minbias,10000,59008307
minbias,10000,59008308
minbias,10000,59008309
minbias,10000,59008310
minbias,10000,59008311
minbias,10000,59008312
minbias,10000,59008313
minbias,10000,59008314
minbias,10000,59008315
minbias,10000,59008316
minbias,10000,59008317
minbias,10000,59008318
minbias,10000,59008319
minbias,10000,59008320
minbias,10000,59008321
minbias,10000,59008322
minbias,10000,59008323
minbias,10000,59008324
minbias,10000,59008325
minbias,10000,59008326
minbias,10000,59008327
minbias,10000,59008328
minbias,10000,59008329
minbias,10000,59008330
minbias,10000,59008331
minbias,10000,59008332
minbias,10000,59008333
minbias,10000,59008334
minbias,10000,59008335
minbias,10000,59008336
minbias,10000,59008337
minbias,10000,59008338
minbias,10000,59008339
minbias,10000,59008340
minbias,10000,59008341
minbias,10000,59008342
minbias,10000,59008343
minbias,10000,59008344
minbias,10000,59008345
minbias,10000,59008346
minbias,10000,59008347
minbias,10000,59008348
minbias,10000,59008349
minbias,10000,59008350
minbias,10000,59008351
minbias,10000,59008352
minbias,10000,59008353
minbias,10000,59008354
minbias,10000,59008355
minbias,10000,59008356
minbias,10000,59008357
minbias,10000,59008358
minbias,10000,59008359
minbias,10000,59008360
minbias,10000,59008361
minbias,10000,59008362
minbias,10000,59008363
minbias,10000,59008364
minbias,10000,59008365
minbias,10000,59008366
minbias,10000,59008367
minbias,10000,59008368
minbias,10000,59008369
minbias,10000,59008370
minbias,10000,59008371
minbias,10000,59008372
minbias,10000,59008373
minbias,10000,59008374
minbias,10000,59008375
minbias,10000,59008376
minbias,10000,59008377
minbias,10000,59008378
minbias,10000,59008379
minbias,10000,59008380
minbias,10000,59008381
minbias,10000,59008382
minbias,10000,59008383
minbias,10000,59008384
minbias,10000,59008385
minbias,10000,59008386
minbias,10000,59008387
minbias,10000,59008388
minbias,10000,59008389
minbias,10000,59008390
minbias,10000,59008391
minbias,10000,59008392
minbias,10000,59008393
minbias,10000,59008394
minbias,10000,59008395
minbias,10000,59008396
minbias,10000,59008397
minbias,10000,59008398
minbias,10000,59008399
minbias,10000,59008400
minbias,10000,59008401
minbias,10000,59008402
minbias,10000,59008403
minbias,10000,59008404
minbias,10000,59008405
minbias,10000,59008406
minbias,10000,59008407
minbias,10000,59008408
minbias,10000,59008409
minbias,10000,59008410
minbias,10000,59008411
minbias,10000,59008412
minbias,10000,59008413
minbias,10000,59008414
minbias,10000,59008415
minbias,10000,59008416
minbias,10000,59008417
minbias,10000,59008418
minbias,10000,59008419
minbias,10000,59008420
minbias,10000,59008421
minbias,10000,59008422
minbias,10000,59008423
minbias,10000,59008424
minbias,10000,59008425
minbias,10000,59008426
minbias,10000,59008427
minbias,10000,59008428
minbias,10000,59008429
minbias,10000,59008430
minbias,10000,59008431
minbias,10000,59008432
minbias,10000,59008433
minbias,10000,59008434
minbias,10000,59008435
minbias,10000,59008436
minbias,10000,59008437
minbias,10000,59008438
minbias,10000,59008439
minbias,10000,59008440
minbias,10000,59008441
minbias,10000,59008442
minbias,10000,59008443
minbias,10000,59008444
minbias,10000,59008445
minbias,10000,59008446
minbias,10000,59008447
minbias,10000,59008448
minbias,10000,59008449
minbias,10000,59008450
minbias,10000,59008451
minbias,10000,59008452
minbias,10000,59008453
minbias,10000,59008454
minbias,10000,59008455
minbias,10000,59008456
minbias,10000,59008457
minbias,10000,59008458
minbias,10000,59008459
minbias,10000,59008460
minbias,10000,59008461
minbias,10000,59008462
minbias,10000,59008463
minbias,10000,59008464
minbias,10000,59008465
minbias,10000,59008466
minbias,10000,59008467
minbias,10000,59008468
minbias,10000,59008469
minbias,10000,59008470
minbias,10000,59008471
minbias,10000,59008472
minbias,10000,59008473
minbias,10000,59008474
minbias,10000,59008475
minbias,10000,59008476
minbias,10000,59008477
minbias,10000,59008478
minbias,10000,59008479
minbias,10000,59008480
minbias,10000,59008481
minbias,10000,59008482
minbias,10000,59008483
minbias,10000,59008484
minbias,10000,59008485
minbias,10000,59008486
minbias,10000,59008487
minbias,10000,59008488
minbias,10000,59008489
minbias,10000,59008490
minbias,10000,59008491
minbias,10000,59008492
minbias,10000,59008493
minbias,10000,59008494
minbias,10000,59008495
minbias,10000,59008496
minbias,10000,59008497
minbias,10000,59008498
minbias,10000,59008499
minbias,10000,59008500
minbias,10000,59008501
minbias,10000,59008502
minbias,10000,59008503
minbias,10000,59008504
minbias,10000,59008505
minbias,10000,59008506
minbias,10000,59008507
minbias,10000,59008508
minbias,10000,59008509
minbias,10000,59008510
minbias,10000,59008511
minbias,10000,59008512
minbias,10000,59008513
minbias,10000,59008514
minbias,10000,59008515
minbias,10000,59008516
minbias,10000,59008517
minbias,10000,59008518
minbias,10000,59008519
minbias,10000,59008520
minbias,10000,59008521
minbias,10000,59008522
minbias,10000,59008523
minbias,10000,59008524
minbias,10000,59008525
minbias,10000,59008526
minbias,10000,59008527
minbias,10000,59008528
minbias,10000,59008529
minbias,10000,59008530
minbias,10000,59008531
minbias,10000,59008532
minbias,10000,59008533
minbias,10000,59008534
minbias,10000,59008535
minbias,10000,59008536
minbias,10000,59008537
minbias,10000,59008538
minbias,10000,59008539
minbias,10000,59008540
minbias,10000,59008541
minbias,10000,59008542
minbias,10000,59008543
minbias,10000,59008544
minbias,10000,59008545
minbias,10000,59008546
minbias,10000,59008547
minbias,10000,59008548
minbias,10000,59008549
minbias,10000,59008550
minbias,10000,59008551
minbias,10000,59008552
minbias,10000,59008553
minbias,10000,59008554
minbias,10000,59008555
minbias,10000,59008556
minbias,10000,59008557
minbias,10000,59008558
minbias,10000,59008559
minbias,10000,59008560
minbias,10000,59008561
minbias,10000,59008562
minbias,10000,59008563
minbias,10000,59008564
minbias,10000,59008565
minbias,10000,59008566
minbias,10000,59008567
minbias,10000,59008568
minbias,10000,59008569
minbias,10000,59008570
minbias,10000,59008571
minbias,10000,59008572
minbias,10000,59008573
minbias,10000,59008574
minbias,10000,59008575
minbias,10000,59008576
minbias,10000,59008577
minbias,10000,59008578
minbias,10000,59008579
minbias,10000,59008580
minbias,10000,59008581
minbias,10000,59008582
minbias,10000,59008583
minbias,10000,59008584
minbias,10000,59008585
minbias,10000,59008586
minbias,10000,59008587
minbias,10000,59008588
minbias,10000,59008589
minbias,10000,59008590
minbias,10000,59008591
minbias,10000,59008592
minbias,10000,59008593
minbias,10000,59008594
minbias,10000,59008595
minbias,10000,59008596
minbias,10000,59008597
minbias,10000,59008598
minbias,10000,59008599
minbias,10000,59008600
minbias,10000,59008601
minbias,10000,59008602
minbias,10000,59008603
minbias,10000,59008604
minbias,10000,59008605
minbias,10000,59008606
minbias,10000,59008607
minbias,10000,59008608
minbias,10000,59008609
minbias,10000,59008610
minbias,10000,59008611
minbias,10000,59008612
minbias,10000,59008613
minbias,10000,59008614
minbias,10000,59008615
minbias,10000,59008616
minbias,10000,59008617
minbias,10000,59008618
minbias,10000,59008619
minbias,10000,59008620
minbias,10000,59008621
minbias,10000,59008622
minbias,10000,59008623
minbias,10000,59008624
minbias,10000,59008625
minbias,10000,59008626
minbias,10000,59008627
minbias,10000,59008628
minbias,10000,59008629
minbias,10000,59008630
minbias,10000,59008631
minbias,10000,59008632
minbias,10000,59008633
minbias,10000,59008634
minbias,10000,59008635
minbias,10000,59008636
minbias,10000,59008637
minbias,10000,59008638
minbias,10000,59008639
minbias,10000,59008640
minbias,10000,59008641
minbias,10000,59008642
minbias,10000,59008643
minbias,10000,59008644
minbias,10000,59008645
minbias,10000,59008646
minbias,10000,59008647
minbias,10000,59008648
minbias,10000,59008649
minbias,10000,59008650
minbias,10000,59008651
minbias,10000,59008652
minbias,10000,59008653
minbias,10000,59008654
minbias,10000,59008655
minbias,10000,59008656
minbias,10000,59008657
minbias,10000,59008658
minbias,10000,59008659
minbias,10000,59008660
minbias,10000,59008661
minbias,10000,59008662
minbias,10000,59008663
minbias,10000,59008664
minbias,10000,59008665
minbias,10000,59008666
minbias,10000,59008667
minbias,10000,59008668
minbias,10000,59008669
minbias,10000,59008670
minbias,10000,59008671
minbias,10000,59008672
minbias,10000,59008673
minbias,10000,59008674
minbias,10000,59008675
minbias,10000,59008676
minbias,10000,59008677
minbias,10000,59008678
minbias,10000,59008679
minbias,10000,59008680
minbias,10000,59008681
minbias,10000,59008682
minbias,10000,59008683
minbias,10000,59008684
minbias,10000,59008685
minbias,10000,59008686
minbias,10000,59008687
minbias,10000,59008688
minbias,10000,59008689
minbias,10000,59008690
minbias,10000,59008691
minbias,10000,59008692
minbias,10000,59008693
minbias,10000,59008694
minbias,10000,59008695
minbias,10000,59008696
minbias,10000,59008697
minbias,10000,59008698
minbias,10000,59008699
minbias,10000,59008700
minbias,10000,59008701
minbias,10000,59008702
minbias,10000,59008703
minbias,10000,59008704
minbias,10000,59008705
minbias,10000,59008706
minbias,10000,59008707
minbias,10000,59008708
minbias,10000,59008709
minbias,10000,59008710
minbias,10000,59008711
minbias,10000,59008712
minbias,10000,59008713
minbias,10000,59008714
minbias,10000,59008715
minbias,10000,59008716
minbias,10000,59008717
minbias,10000,59008718
minbias,10000,59008719
minbias,10000,59008720
minbias,10000,59008721
minbias,10000,59008722
minbias,10000,59008723
minbias,10000,59008724
minbias,10000,59008725
minbias,10000,59008726
minbias,10000,59008727
minbias,10000,59008728
minbias,10000,59008729
minbias,10000,59008730
minbias,10000,59008731
minbias,10000,59008732
minbias,10000,59008733
minbias,10000,59008734
minbias,10000,59008735
minbias,10000,59008736
minbias,10000,59008737
minbias,10000,59008738
minbias,10000,59008739
minbias,10000,59008740
minbias,10000,59008741
minbias,10000,59008742
minbias,10000,59008743
minbias,10000,59008744
minbias,10000,59008745
minbias,10000,59008746
minbias,10000,59008747
minbias,10000,59008748
minbias,10000,59008749
minbias,10000,59008750
minbias,10000,59008751
minbias,10000,59008752
minbias,10000,59008753
minbias,10000,59008754
minbias,10000,59008755
minbias,10000,59008756
minbias,10000,59008757
minbias,10000,59008758
minbias,10000,59008759
minbias,10000,59008760
minbias,10000,59008761
minbias,10000,59008762
minbias,10000,59008763
minbias,10000,59008764
minbias,10000,59008765
minbias,10000,59008766
minbias,10000,59008767
minbias,10000,59008768
minbias,10000,59008769
minbias,10000,59008770
minbias,10000,59008771
minbias,10000,59008772
minbias,10000,59008773
minbias,10000,59008774
minbias,10000,59008775
minbias,10000,59008776
minbias,10000,59008777
minbias,10000,59008778
minbias,10000,59008779
minbias,10000,59008780
minbias,10000,59008781
minbias,10000,59008782
minbias,10000,59008783
minbias,10000,59008784
minbias,10000,59008785
minbias,10000,59008786
minbias,10000,59008787
minbias,10000,59008788
minbias,10000,59008789
minbias,10000,59008790
minbias,10000,59008791
minbias,10000,59008792
minbias,10000,59008793
minbias,10000,59008794
minbias,10000,59008795
minbias,10000,59008796
minbias,10000,59008797
minbias,10000,59008798
minbias,10000,59008799
minbias,10000,59008800
minbias,10000,59008801
minbias,10000,59008802
minbias,10000,59008803
minbias,10000,59008804
minbias,10000,59008805
minbias,10000,59008806
minbias,10000,59008807
minbias,10000,59008808
minbias,10000,59008809
minbias,10000,59008810
minbias,10000,59008811
minbias,10000,59008812
minbias,10000,59008813
minbias,10000,59008814
minbias,10000,59008815
minbias,10000,59008816
minbias,10000,59008817
minbias,10000,59008818
minbias,10000,59008819
minbias,10000,59008820
minbias,10000,59008821
minbias,10000,59008822
minbias,10000,59008823
minbias,10000,59008824
minbias,10000,59008825
minbias,10000,59008826
minbias,10000,59008827
minbias,10000,59008828
minbias,10000,59008829
minbias,10000,59008830
minbias,10000,59008831
minbias,10000,59008832
minbias,10000,59008833
minbias,10000,59008834
minbias,10000,59008835
minbias,10000,59008836
minbias,10000,59008837
minbias,10000,59008838
minbias,10000,59008839
minbias,10000,59008840
minbias,10000,59008841
minbias,10000,59008842
minbias,10000,59008843
minbias,10000,59008844
minbias,10000,59008845
minbias,10000,59008846
minbias,10000,59008847
minbias,10000,59008848
minbias,10000,59008849
minbias,10000,59008850
minbias,10000,59008851
minbias,10000,59008852
minbias,10000,59008853
minbias,10000,59008854
minbias,10000,59008855
minbias,10000,59008856
minbias,10000,59008857
minbias,10000,59008858
minbias,10000,59008859
minbias,10000,59008860
minbias,10000,59008861
minbias,10000,59008862
minbias,10000,59008863
minbias,10000,59008864
minbias,10000,59008865
minbias,10000,59008866
minbias,10000,59008867
minbias,10000,59008868
minbias,10000,59008869
minbias,10000,59008870
minbias,10000,59008871
minbias,10000,59008872
minbias,10000,59008873
minbias,10000,59008874
minbias,10000,59008875
minbias,10000,59008876
minbias,10000,59008877
minbias,10000,59008878
minbias,10000,59008879
minbias,10000,59008880
minbias,10000,59008881
minbias,10000,59008882
minbias,10000,59008883
minbias,10000,59008884
minbias,10000,59008885
minbias,10000,59008886
minbias,10000,59008887
minbias,10000,59008888
minbias,10000,59008889
minbias,10000,59008890
minbias,10000,59008891
minbias,10000,59008892
minbias,10000,59008893
minbias,10000,59008894
minbias,10000,59008895
minbias,10000,59008896
minbias,10000,59008897
minbias,10000,59008898
minbias,10000,59008899
minbias,10000,59008900
minbias,10000,59008901
minbias,10000,59008902
minbias,10000,59008903
minbias,10000,59008904
minbias,10000,59008905
minbias,10000,59008906
minbias,10000,59008907
minbias,10000,59008908
minbias,10000,59008909
minbias,10000,59008910
minbias,10000,59008911
minbias,10000,59008912
minbias,10000,59008913
minbias,10000,59008914
minbias,10000,59008915
minbias,10000,59008916
minbias,10000,59008917
minbias,10000,59008918
minbias,10000,59008919
minbias,10000,59008920
minbias,10000,59008921
minbias,10000,59008922
minbias,10000,59008923
minbias,10000,59008924
minbias,10000,59008925
minbias,10000,59008926
minbias,10000,59008927
minbias,10000,59008928
minbias,10000,59008929
minbias,10000,59008930
minbias,10000,59008931
minbias,10000,59008932
minbias,10000,59008933
minbias,10000,59008934
minbias,10000,59008935
minbias,10000,59008936
minbias,10000,59008937
minbias,10000,59008938
minbias,10000,59008939
minbias,10000,59008940
minbias,10000,59008941
minbias,10000,59008942
minbias,10000,59008943
minbias,10000,59008944
minbias,10000,59008945
minbias,10000,59008946
minbias,10000,59008947
minbias,10000,59008948
minbias,10000,59008949
minbias,10000,59008950
minbias,10000,59008951
minbias,10000,59008952
minbias,10000,59008953
minbias,10000,59008954
minbias,10000,59008955
minbias,10000,59008956
minbias,10000,59008957
minbias,10000,59008958
minbias,10000,59008959
minbias,10000,59008960
minbias,10000,59008961
minbias,10000,59008962
minbias,10000,59008963
minbias,10000,59008964
minbias,10000,59008965
minbias,10000,59008966
minbias,10000,59008967
minbias,10000,59008968
minbias,10000,59008969
minbias,10000,59008970
minbias,10000,59008971
minbias,10000,59008972
minbias,10000,59008973
minbias,10000,59008974
minbias,10000,59008975
minbias,10000,59008976
minbias,10000,59008977
minbias,10000,59008978
minbias,10000,59008979
minbias,10000,59008980
minbias,10000,59008981
minbias,10000,59008982
minbias,10000,59008983
minbias,10000,59008984
minbias,10000,59008985
minbias,10000,59008986
minbias,10000,59008987
minbias,10000,59008988
minbias,10000,59008989
minbias,10000,59008990
minbias,10000,59008991
minbias,10000,59008992
minbias,10000,59008993
minbias,10000,59008994
minbias,10000,59008995
minbias,10000,59008996
minbias,10000,59008997
minbias,10000,59008998
minbias,10000,59008999
minbias,10000,59009000
minbias,10000,59009001
minbias,10000,59009002
minbias,10000,59009003
minbias,10000,59009004
minbias,10000,59009005
minbias,10000,59009006
minbias,10000,59009007
minbias,10000,59009008
minbias,10000,59009009
minbias,10000,59009010
minbias,10000,59009011
minbias,10000,59009012
minbias,10000,59009013
minbias,10000,59009014
minbias,10000,59009015
minbias,10000,59009016
minbias,10000,59009017
minbias,10000,59009018
minbias,10000,59009019
minbias,10000,59009020
minbias,10000,59009021
minbias,10000,59009022
minbias,10000,59009023
minbias,10000,59009024
minbias,10000,59009025
minbias,10000,59009026
minbias,10000,59009027
minbias,10000,59009028
minbias,10000,59009029
minbias,10000,59009030
minbias,10000,59009031
minbias,10000,59009032
minbias,10000,59009033
minbias,10000,59009034
minbias,10000,59009035
minbias,10000,59009036
minbias,10000,59009037
minbias,10000,59009038
minbias,10000,59009039
minbias,10000,59009040
minbias,10000,59009041
minbias,10000,59009042
minbias,10000,59009043
minbias,10000,59009044
minbias,10000,59009045
minbias,10000,59009046
minbias,10000,59009047
minbias,10000,59009048
minbias,10000,59009049
minbias,10000,59009050
minbias,10000,59009051
minbias,10000,59009052
minbias,10000,59009053
minbias,10000,59009054
minbias,10000,59009055
minbias,10000,59009056
minbias,10000,59009057
minbias,10000,59009058
minbias,10000,59009059
minbias,10000,59009060
minbias,10000,59009061
minbias,10000,59009062
minbias,10000,59009063
minbias,10000,59009064
minbias,10000,59009065
minbias,10000,59009066
minbias,10000,59009067
minbias,10000,59009068
minbias,10000,59009069
minbias,10000,59009070
minbias,10000,59009071
minbias,10000,59009072
minbias,10000,59009073
minbias,10000,59009074
minbias,10000,59009075
minbias,10000,59009076
minbias,10000,59009077
minbias,10000,59009078
minbias,10000,59009079
minbias,10000,59009080
minbias,10000,59009081
minbias,10000,59009082
minbias,10000,59009083
minbias,10000,59009084
minbias,10000,59009085
minbias,10000,59009086
minbias,10000,59009087
minbias,10000,59009088
minbias,10000,59009089
minbias,10000,59009090
minbias,10000,59009091
minbias,10000,59009092
minbias,10000,59009093
minbias,10000,59009094
minbias,10000,59009095
minbias,10000,59009096
minbias,10000,59009097
minbias,10000,59009098
minbias,10000,59009099
minbias,10000,59009100
minbias,10000,59009101
minbias,10000,59009102
minbias,10000,59009103
minbias,10000,59009104
minbias,10000,59009105
minbias,10000,59009106
minbias,10000,59009107
minbias,10000,59009108
minbias,10000,59009109
minbias,10000,59009110
minbias,10000,59009111
minbias,10000,59009112
minbias,10000,59009113
minbias,10000,59009114
minbias,10000,59009115
minbias,10000,59009116
minbias,10000,59009117
minbias,10000,59009118
minbias,10000,59009119
minbias,10000,59009120
minbias,10000,59009121
minbias,10000,59009122
minbias,10000,59009123
minbias,10000,59009124
minbias,10000,59009125
minbias,10000,59009126
minbias,10000,59009127
minbias,10000,59009128
minbias,10000,59009129
minbias,10000,59009130
minbias,10000,59009131
minbias,10000,59009132
minbias,10000,59009133
minbias,10000,59009134
minbias,10000,59009135
minbias,10000,59009136
minbias,10000,59009137
minbias,10000,59009138
minbias,10000,59009139
minbias,10000,59009140
minbias,10000,59009141
minbias,10000,59009142
minbias,10000,59009143
minbias,10000,59009144
minbias,10000,59009145
minbias,10000,59009146
minbias,10000,59009147
minbias,10000,59009148
minbias,10000,59009149
minbias,10000,59009150
minbias,10000,59009151
minbias,10000,59009152
minbias,10000,59009153
minbias,10000,59009154
minbias,10000,59009155
minbias,10000,59009156
minbias,10000,59009157
minbias,10000,59009158
minbias,10000,59009159
minbias,10000,59009160
minbias,10000,59009161
minbias,10000,59009162
minbias,10000,59009163
minbias,10000,59009164
minbias,10000,59009165
minbias,10000,59009166
minbias,10000,59009167
minbias,10000,59009168
minbias,10000,59009169
minbias,10000,59009170
minbias,10000,59009171
minbias,10000,59009172
minbias,10000,59009173
minbias,10000,59009174
minbias,10000,59009175
minbias,10000,59009176
minbias,10000,59009177
minbias,10000,59009178
minbias,10000,59009179
minbias,10000,59009180
minbias,10000,59009181
minbias,10000,59009182
minbias,10000,59009183
minbias,10000,59009184
minbias,10000,59009185
minbias,10000,59009186
minbias,10000,59009187
minbias,10000,59009188
minbias,10000,59009189
minbias,10000,59009190
minbias,10000,59009191
minbias,10000,59009192
minbias,10000,59009193
minbias,10000,59009194
minbias,10000,59009195
minbias,10000,59009196
minbias,10000,59009197
minbias,10000,59009198
minbias,10000,59009199
minbias,10000,59009200
minbias,10000,59009201
minbias,10000,59009202
minbias,10000,59009203
minbias,10000,59009204
minbias,10000,59009205
minbias,10000,59009206
minbias,10000,59009207
minbias,10000,59009208
minbias,10000,59009209
minbias,10000,59009210
minbias,10000,59009211
minbias,10000,59009212
minbias,10000,59009213
minbias,10000,59009214
minbias,10000,59009215
minbias,10000,59009216
minbias,10000,59009217
minbias,10000,59009218
minbias,10000,59009219
minbias,10000,59009220
minbias,10000,59009221
minbias,10000,59009222
minbias,10000,59009223
minbias,10000,59009224
minbias,10000,59009225
minbias,10000,59009226
minbias,10000,59009227
minbias,10000,59009228
minbias,10000,59009229
minbias,10000,59009230
minbias,10000,59009231
minbias,10000,59009232
minbias,10000,59009233
minbias,10000,59009234
minbias,10000,59009235
minbias,10000,59009236
minbias,10000,59009237
minbias,10000,59009238
minbias,10000,59009239
minbias,10000,59009240
minbias,10000,59009241
minbias,10000,59009242
minbias,10000,59009243
minbias,10000,59009244
minbias,10000,59009245
minbias,10000,59009246
minbias,10000,59009247
minbias,10000,59009248
minbias,10000,59009249
minbias,10000,59009250
minbias,10000,59009251
minbias,10000,59009252
minbias,10000,59009253
minbias,10000,59009254
minbias,10000,59009255
minbias,10000,59009256
minbias,10000,59009257
minbias,10000,59009258
minbias,10000,59009259
minbias,10000,59009260
minbias,10000,59009261
minbias,10000,59009262
minbias,10000,59009263
minbias,10000,59009264
minbias,10000,59009265
minbias,10000,59009266
minbias,10000,59009267
minbias,10000,59009268
minbias,10000,59009269
minbias,10000,59009270
minbias,10000,59009271
minbias,10000,59009272
minbias,10000,59009273
minbias,10000,59009274
minbias,10000,59009275
minbias,10000,59009276
minbias,10000,59009277
minbias,10000,59009278
minbias,10000,59009279
minbias,10000,59009280
minbias,10000,59009281
minbias,10000,59009282
minbias,10000,59009283
minbias,10000,59009284
minbias,10000,59009285
minbias,10000,59009286
minbias,10000,59009287
minbias,10000,59009288
minbias,10000,59009289
minbias,10000,59009290
minbias,10000,59009291
minbias,10000,59009292
minbias,10000,59009293
minbias,10000,59009294
minbias,10000,59009295
minbias,10000,59009296
minbias,10000,59009297
minbias,10000,59009298
minbias,10000,59009299
minbias,10000,59009300
minbias,10000,59009301
minbias,10000,59009302
minbias,10000,59009303
minbias,10000,59009304
minbias,10000,59009305
minbias,10000,59009306
minbias,10000,59009307
minbias,10000,59009308
minbias,10000,59009309
minbias,10000,59009310
minbias,10000,59009311
minbias,10000,59009312
minbias,10000,59009313
minbias,10000,59009314
minbias,10000,59009315
minbias,10000,59009316
minbias,10000,59009317
minbias,10000,59009318
minbias,10000,59009319
minbias,10000,59009320
minbias,10000,59009321
minbias,10000,59009322
minbias,10000,59009323
minbias,10000,59009324
minbias,10000,59009325
minbias,10000,59009326
minbias,10000,59009327
minbias,10000,59009328
minbias,10000,59009329
minbias,10000,59009330
minbias,10000,59009331
minbias,10000,59009332
minbias,10000,59009333
minbias,10000,59009334
minbias,10000,59009335
minbias,10000,59009336
minbias,10000,59009337
minbias,10000,59009338
minbias,10000,59009339
minbias,10000,59009340
minbias,10000,59009341
minbias,10000,59009342
minbias,10000,59009343
minbias,10000,59009344
minbias,10000,59009345
minbias,10000,59009346
minbias,10000,59009347
minbias,10000,59009348
minbias,10000,59009349
minbias,10000,59009350
minbias,10000,59009351
minbias,10000,59009352
minbias,10000,59009353
minbias,10000,59009354
minbias,10000,59009355
minbias,10000,59009356
minbias,10000,59009357
minbias,10000,59009358
minbias,10000,59009359
minbias,10000,59009360
minbias,10000,59009361
minbias,10000,59009362
minbias,10000,59009363
minbias,10000,59009364
minbias,10000,59009365
minbias,10000,59009366
minbias,10000,59009367
minbias,10000,59009368
minbias,10000,59009369
minbias,10000,59009370
minbias,10000,59009371
minbias,10000,59009372
minbias,10000,59009373
minbias,10000,59009374
minbias,10000,59009375
minbias,10000,59009376
minbias,10000,59009377
minbias,10000,59009378
minbias,10000,59009379
minbias,10000,59009380
minbias,10000,59009381
minbias,10000,59009382
minbias,10000,59009383
minbias,10000,59009384
minbias,10000,59009385
minbias,10000,59009386
minbias,10000,59009387
minbias,10000,59009388
minbias,10000,59009389
minbias,10000,59009390
minbias,10000,59009391
minbias,10000,59009392
minbias,10000,59009393
minbias,10000,59009394
minbias,10000,59009395
minbias,10000,59009396
minbias,10000,59009397
minbias,10000,59009398
minbias,10000,59009399
minbias,10000,59009400
minbias,10000,59009401
minbias,10000,59009402
minbias,10000,59009403
minbias,10000,59009404
minbias,10000,59009405
minbias,10000,59009406
minbias,10000,59009407
minbias,10000,59009408
minbias,10000,59009409
minbias,10000,59009410
minbias,10000,59009411
minbias,10000,59009412
minbias,10000,59009413
minbias,10000,59009414
minbias,10000,59009415
minbias,10000,59009416
minbias,10000,59009417
minbias,10000,59009418
minbias,10000,59009419
minbias,10000,59009420
minbias,10000,59009421
minbias,10000,59009422
minbias,10000,59009423
minbias,10000,59009424
minbias,10000,59009425
minbias,10000,59009426
minbias,10000,59009427
minbias,10000,59009428
minbias,10000,59009429
minbias,10000,59009430
minbias,10000,59009431
minbias,10000,59009432
minbias,10000,59009433
minbias,10000,59009434
minbias,10000,59009435
minbias,10000,59009436
minbias,10000,59009437
minbias,10000,59009438
minbias,10000,59009439
minbias,10000,59009440
minbias,10000,59009441
minbias,10000,59009442
minbias,10000,59009443
minbias,10000,59009444
minbias,10000,59009445
minbias,10000,59009446
minbias,10000,59009447
minbias,10000,59009448
minbias,10000,59009449
minbias,10000,59009450
minbias,10000,59009451
minbias,10000,59009452
minbias,10000,59009453
minbias,10000,59009454
minbias,10000,59009455
minbias,10000,59009456
minbias,10000,59009457
minbias,10000,59009458
minbias,10000,59009459
minbias,10000,59009460
minbias,10000,59009461
minbias,10000,59009462
minbias,10000,59009463
minbias,10000,59009464
minbias,10000,59009465
minbias,10000,59009466
minbias,10000,59009467
minbias,10000,59009468
minbias,10000,59009469
minbias,10000,59009470
minbias,10000,59009471
minbias,10000,59009472
minbias,10000,59009473
minbias,10000,59009474
minbias,10000,59009475
minbias,10000,59009476
minbias,10000,59009477
minbias,10000,59009478
minbias,10000,59009479
minbias,10000,59009480
minbias,10000,59009481
minbias,10000,59009482
minbias,10000,59009483
minbias,10000,59009484
minbias,10000,59009485
minbias,10000,59009486
minbias,10000,59009487
minbias,10000,59009488
minbias,10000,59009489
minbias,10000,59009490
minbias,10000,59009491
minbias,10000,59009492
minbias,10000,59009493
minbias,10000,59009494
minbias,10000,59009495
minbias,10000,59009496
minbias,10000,59009497
minbias,10000,59009498
minbias,10000,59009499
minbias,10000,59009500
minbias,10000,59009501
minbias,10000,59009502
minbias,10000,59009503
minbias,10000,59009504
minbias,10000,59009505
minbias,10000,59009506
minbias,10000,59009507
minbias,10000,59009508
minbias,10000,59009509
minbias,10000,59009510
minbias,10000,59009511
minbias,10000,59009512
minbias,10000,59009513
minbias,10000,59009514
minbias,10000,59009515
minbias,10000,59009516
minbias,10000,59009517
minbias,10000,59009518
minbias,10000,59009519
minbias,10000,59009520
minbias,10000,59009521
minbias,10000,59009522
minbias,10000,59009523
minbias,10000,59009524
minbias,10000,59009525
minbias,10000,59009526
minbias,10000,59009527
minbias,10000,59009528
minbias,10000,59009529
minbias,10000,59009530
minbias,10000,59009531
minbias,10000,59009532
minbias,10000,59009533
minbias,10000,59009534
minbias,10000,59009535
minbias,10000,59009536
minbias,10000,59009537
minbias,10000,59009538
minbias,10000,59009539
minbias,10000,59009540
minbias,10000,59009541
minbias,10000,59009542
minbias,10000,59009543
minbias,10000,59009544
minbias,10000,59009545
minbias,10000,59009546
minbias,10000,59009547
minbias,10000,59009548
minbias,10000,59009549
minbias,10000,59009550
minbias,10000,59009551
minbias,10000,59009552
minbias,10000,59009553
minbias,10000,59009554
minbias,10000,59009555
minbias,10000,59009556
minbias,10000,59009557
minbias,10000,59009558
minbias,10000,59009559
minbias,10000,59009560
minbias,10000,59009561
minbias,10000,59009562
minbias,10000,59009563
minbias,10000,59009564
minbias,10000,59009565
minbias,10000,59009566
minbias,10000,59009567
minbias,10000,59009568
minbias,10000,59009569
minbias,10000,59009570
minbias,10000,59009571
minbias,10000,59009572
minbias,10000,59009573
minbias,10000,59009574
minbias,10000,59009575
minbias,10000,59009576
minbias,10000,59009577
minbias,10000,59009578
minbias,10000,59009579
minbias,10000,59009580
minbias,10000,59009581
minbias,10000,59009582
minbias,10000,59009583
minbias,10000,59009584
minbias,10000,59009585
minbias,10000,59009586
minbias,10000,59009587
minbias,10000,59009588
minbias,10000,59009589
minbias,10000,59009590
minbias,10000,59009591
minbias,10000,59009592
minbias,10000,59009593
minbias,10000,59009594
minbias,10000,59009595
minbias,10000,59009596
minbias,10000,59009597
minbias,10000,59009598
minbias,10000,59009599
minbias,10000,59009600
minbias,10000,59009601
minbias,10000,59009602
minbias,10000,59009603
minbias,10000,59009604
minbias,10000,59009605
minbias,10000,59009606
minbias,10000,59009607
minbias,10000,59009608
minbias,10000,59009609
minbias,10000,59009610
minbias,10000,59009611
minbias,10000,59009612
minbias,10000,59009613
minbias,10000,59009614
minbias,10000,59009615
minbias,10000,59009616
minbias,10000,59009617
minbias,10000,59009618
minbias,10000,59009619
minbias,10000,59009620
minbias,10000,59009621
minbias,10000,59009622
minbias,10000,59009623
minbias,10000,59009624
minbias,10000,59009625
minbias,10000,59009626
minbias,10000,59009627
minbias,10000,59009628
minbias,10000,59009629
minbias,10000,59009630
minbias,10000,59009631
minbias,10000,59009632
minbias,10000,59009633
minbias,10000,59009634
minbias,10000,59009635
minbias,10000,59009636
minbias,10000,59009637
minbias,10000,59009638
minbias,10000,59009639
minbias,10000,59009640
minbias,10000,59009641
minbias,10000,59009642
minbias,10000,59009643
minbias,10000,59009644
minbias,10000,59009645
minbias,10000,59009646
minbias,10000,59009647
minbias,10000,59009648
minbias,10000,59009649
minbias,10000,59009650
minbias,10000,59009651
minbias,10000,59009652
minbias,10000,59009653
minbias,10000,59009654
minbias,10000,59009655
minbias,10000,59009656
minbias,10000,59009657
minbias,10000,59009658
minbias,10000,59009659
minbias,10000,59009660
minbias,10000,59009661
minbias,10000,59009662
minbias,10000,59009663
minbias,10000,59009664
minbias,10000,59009665
minbias,10000,59009666
minbias,10000,59009667
minbias,10000,59009668
minbias,10000,59009669
minbias,10000,59009670
minbias,10000,59009671
minbias,10000,59009672
minbias,10000,59009673
minbias,10000,59009674
minbias,10000,59009675
minbias,10000,59009676
minbias,10000,59009677
minbias,10000,59009678
minbias,10000,59009679
minbias,10000,59009680
minbias,10000,59009681
minbias,10000,59009682
minbias,10000,59009683
minbias,10000,59009684
minbias,10000,59009685
minbias,10000,59009686
minbias,10000,59009687
minbias,10000,59009688
minbias,10000,59009689
minbias,10000,59009690
minbias,10000,59009691
minbias,10000,59009692
minbias,10000,59009693
minbias,10000,59009694
minbias,10000,59009695
minbias,10000,59009696
minbias,10000,59009697
minbias,10000,59009698
minbias,10000,59009699
minbias,10000,59009700
minbias,10000,59009701
minbias,10000,59009702
minbias,10000,59009703
minbias,10000,59009704
minbias,10000,59009705
minbias,10000,59009706
minbias,10000,59009707
minbias,10000,59009708
minbias,10000,59009709
minbias,10000,59009710
minbias,10000,59009711
minbias,10000,59009712
minbias,10000,59009713
minbias,10000,59009714
minbias,10000,59009715
minbias,10000,59009716
minbias,10000,59009717
minbias,10000,59009718
minbias,10000,59009719
minbias,10000,59009720
minbias,10000,59009721
minbias,10000,59009722
minbias,10000,59009723
minbias,10000,59009724
minbias,10000,59009725
minbias,10000,59009726
minbias,10000,59009727
minbias,10000,59009728
minbias,10000,59009729
minbias,10000,59009730
minbias,10000,59009731
minbias,10000,59009732
minbias,10000,59009733
minbias,10000,59009734
minbias,10000,59009735
minbias,10000,59009736
minbias,10000,59009737
minbias,10000,59009738
minbias,10000,59009739
minbias,10000,59009740
minbias,10000,59009741
minbias,10000,59009742
minbias,10000,59009743
minbias,10000,59009744
minbias,10000,59009745
minbias,10000,59009746
minbias,10000,59009747
minbias,10000,59009748
minbias,10000,59009749
minbias,10000,59009750
minbias,10000,59009751
minbias,10000,59009752
minbias,10000,59009753
minbias,10000,59009754
minbias,10000,59009755
minbias,10000,59009756
minbias,10000,59009757
minbias,10000,59009758
minbias,10000,59009759
minbias,10000,59009760
minbias,10000,59009761
minbias,10000,59009762
minbias,10000,59009763
minbias,10000,59009764
minbias,10000,59009765
minbias,10000,59009766
minbias,10000,59009767
minbias,10000,59009768
minbias,10000,59009769
minbias,10000,59009770
minbias,10000,59009771
minbias,10000,59009772
minbias,10000,59009773
minbias,10000,59009774
minbias,10000,59009775
minbias,10000,59009776
minbias,10000,59009777
minbias,10000,59009778
minbias,10000,59009779
minbias,10000,59009780
minbias,10000,59009781
minbias,10000,59009782
minbias,10000,59009783
minbias,10000,59009784
minbias,10000,59009785
minbias,10000,59009786
minbias,10000,59009787
minbias,10000,59009788
minbias,10000,59009789
minbias,10000,59009790
minbias,10000,59009791
minbias,10000,59009792
minbias,10000,59009793
minbias,10000,59009794
minbias,10000,59009795
minbias,10000,59009796
minbias,10000,59009797
minbias,10000,59009798
minbias,10000,59009799
minbias,10000,59009800
minbias,10000,59009801
minbias,10000,59009802
minbias,10000,59009803
minbias,10000,59009804
minbias,10000,59009805
minbias,10000,59009806
minbias,10000,59009807
minbias,10000,59009808
minbias,10000,59009809
minbias,10000,59009810
minbias,10000,59009811
minbias,10000,59009812
minbias,10000,59009813
minbias,10000,59009814
minbias,10000,59009815
minbias,10000,59009816
minbias,10000,59009817
minbias,10000,59009818
minbias,10000,59009819
minbias,10000,59009820
minbias,10000,59009821
minbias,10000,59009822
minbias,10000,59009823
minbias,10000,59009824
minbias,10000,59009825
minbias,10000,59009826
minbias,10000,59009827
minbias,10000,59009828
minbias,10000,59009829
minbias,10000,59009830
minbias,10000,59009831
minbias,10000,59009832
minbias,10000,59009833
minbias,10000,59009834
minbias,10000,59009835
minbias,10000,59009836
minbias,10000,59009837
minbias,10000,59009838
minbias,10000,59009839
minbias,10000,59009840
minbias,10000,59009841
minbias,10000,59009842
minbias,10000,59009843
minbias,10000,59009844
minbias,10000,59009845
minbias,10000,59009846
minbias,10000,59009847
minbias,10000,59009848
minbias,10000,59009849
minbias,10000,59009850
minbias,10000,59009851
minbias,10000,59009852
minbias,10000,59009853
minbias,10000,59009854
minbias,10000,59009855
minbias,10000,59009856
minbias,10000,59009857
minbias,10000,59009858
minbias,10000,59009859
minbias,10000,59009860
minbias,10000,59009861
minbias,10000,59009862
minbias,10000,59009863
minbias,10000,59009864
minbias,10000,59009865
minbias,10000,59009866
minbias,10000,59009867
minbias,10000,59009868
minbias,10000,59009869
minbias,10000,59009870
minbias,10000,59009871
minbias,10000,59009872
minbias,10000,59009873
minbias,10000,59009874
minbias,10000,59009875
minbias,10000,59009876
minbias,10000,59009877
minbias,10000,59009878
minbias,10000,59009879
minbias,10000,59009880
minbias,10000,59009881
minbias,10000,59009882
minbias,10000,59009883
minbias,10000,59009884
minbias,10000,59009885
minbias,10000,59009886
minbias,10000,59009887
minbias,10000,59009888
minbias,10000,59009889
minbias,10000,59009890
minbias,10000,59009891
minbias,10000,59009892
minbias,10000,59009893
minbias,10000,59009894
minbias,10000,59009895
minbias,10000,59009896
minbias,10000,59009897
minbias,10000,59009898
minbias,10000,59009899
minbias,10000,59009900
minbias,10000,59009901
minbias,10000,59009902
minbias,10000,59009903
minbias,10000,59009904
minbias,10000,59009905
minbias,10000,59009906
minbias,10000,59009907
minbias,10000,59009908
minbias,10000,59009909
minbias,10000,59009910
minbias,10000,59009911
minbias,10000,59009912
minbias,10000,59009913
minbias,10000,59009914
minbias,10000,59009915
minbias,10000,59009916
minbias,10000,59009917
minbias,10000,59009918
minbias,10000,59009919
minbias,10000,59009920
minbias,10000,59009921
minbias,10000,59009922
minbias,10000,59009923
minbias,10000,59009924
minbias,10000,59009925
minbias,10000,59009926
minbias,10000,59009927
minbias,10000,59009928
minbias,10000,59009929
minbias,10000,59009930
minbias,10000,59009931
minbias,10000,59009932
minbias,10000,59009933
minbias,10000,59009934
minbias,10000,59009935
minbias,10000,59009936
minbias,10000,59009937
minbias,10000,59009938
minbias,10000,59009939
minbias,10000,59009940
minbias,10000,59009941
minbias,10000,59009942
minbias,10000,59009943
minbias,10000,59009944
minbias,10000,59009945
minbias,10000,59009946
minbias,10000,59009947
minbias,10000,59009948
minbias,10000,59009949
minbias,10000,59009950
minbias,10000,59009951
minbias,10000,59009952
minbias,10000,59009953
minbias,10000,59009954
minbias,10000,59009955
minbias,10000,59009956
minbias,10000,59009957
minbias,10000,59009958
minbias,10000,59009959
minbias,10000,59009960
minbias,10000,59009961
minbias,10000,59009962
minbias,10000,59009963
minbias,10000,59009964
minbias,10000,59009965
minbias,10000,59009966
minbias,10000,59009967
minbias,10000,59009968
minbias,10000,59009969
minbias,10000,59009970
minbias,10000,59009971
minbias,10000,59009972
minbias,10000,59009973
minbias,10000,59009974
minbias,10000,59009975
minbias,10000,59009976
minbias,10000,59009977
minbias,10000,59009978
minbias,10000,59009979
minbias,10000,59009980
minbias,10000,59009981
minbias,10000,59009982
minbias,10000,59009983
minbias,10000,59009984
minbias,10000,59009985
minbias,10000,59009986
minbias,10000,59009987
minbias,10000,59009988
minbias,10000,59009989
minbias,10000,59009990
minbias,10000,59009991
minbias,10000,59009992
minbias,10000,59009993
minbias,10000,59009994
minbias,10000,59009995
minbias,10000,59009996
minbias,10000,59009997
minbias,10000,59009998
minbias,10000,59009999
minbias,10000,59010000
minbias,10000,59010001
minbias,10000,59010002
minbias,10000,59010003
minbias,10000,59010004
minbias,10000,59010005
minbias,10000,59010006
minbias,10000,59010007
minbias,10000,59010008
minbias,10000,59010009
minbias,10000,59010010
minbias,10000,59010011
minbias,10000,59010012
minbias,10000,59010013
minbias,10000,59010014
minbias,10000,59010015
minbias,10000,59010016
minbias,10000,59010017
minbias,10000,59010018
minbias,10000,59010019
minbias,10000,59010020
minbias,10000,59010021
minbias,10000,59010022
minbias,10000,59010023
minbias,10000,59010024
minbias,10000,59010025
minbias,10000,59010026
minbias,10000,59010027
minbias,10000,59010028
minbias,10000,59010029
minbias,10000,59010030
minbias,10000,59010031
minbias,10000,59010032
minbias,10000,59010033
minbias,10000,59010034
minbias,10000,59010035
minbias,10000,59010036
minbias,10000,59010037
minbias,10000,59010038
minbias,10000,59010039
minbias,10000,59010040
minbias,10000,59010041
minbias,10000,59010042
minbias,10000,59010043
minbias,10000,59010044
minbias,10000,59010045
minbias,10000,59010046
minbias,10000,59010047
minbias,10000,59010048
minbias,10000,59010049
minbias,10000,59010050
minbias,10000,59010051
minbias,10000,59010052
minbias,10000,59010053
minbias,10000,59010054
minbias,10000,59010055
minbias,10000,59010056
minbias,10000,59010057
minbias,10000,59010058
minbias,10000,59010059
minbias,10000,59010060
minbias,10000,59010061
minbias,10000,59010062
minbias,10000,59010063
minbias,10000,59010064
minbias,10000,59010065
minbias,10000,59010066
minbias,10000,59010067
minbias,10000,59010068
minbias,10000,59010069
minbias,10000,59010070
minbias,10000,59010071
minbias,10000,59010072
minbias,10000,59010073
minbias,10000,59010074
minbias,10000,59010075
minbias,10000,59010076
minbias,10000,59010077
minbias,10000,59010078
minbias,10000,59010079
minbias,10000,59010080
minbias,10000,59010081
minbias,10000,59010082
minbias,10000,59010083
minbias,10000,59010084
minbias,10000,59010085
minbias,10000,59010086
minbias,10000,59010087
minbias,10000,59010088
minbias,10000,59010089
minbias,10000,59010090
minbias,10000,59010091
minbias,10000,59010092
minbias,10000,59010093
minbias,10000,59010094
minbias,10000,59010095
minbias,10000,59010096
minbias,10000,59010097
minbias,10000,59010098
minbias,10000,59010099
minbias,10000,59010100
minbias,10000,59010101
minbias,10000,59010102
minbias,10000,59010103
minbias,10000,59010104
minbias,10000,59010105
minbias,10000,59010106
minbias,10000,59010107
minbias,10000,59010108
minbias,10000,59010109
minbias,10000,59010110
minbias,10000,59010111
minbias,10000,59010112
minbias,10000,59010113
minbias,10000,59010114
minbias,10000,59010115
minbias,10000,59010116
minbias,10000,59010117
minbias,10000,59010118
minbias,10000,59010119
minbias,10000,59010120
minbias,10000,59010121
minbias,10000,59010122
minbias,10000,59010123
minbias,10000,59010124
minbias,10000,59010125
minbias,10000,59010126
minbias,10000,59010127
minbias,10000,59010128
minbias,10000,59010129
minbias,10000,59010130
minbias,10000,59010131
minbias,10000,59010132
minbias,10000,59010133
minbias,10000,59010134
minbias,10000,59010135
minbias,10000,59010136
minbias,10000,59010137
minbias,10000,59010138
minbias,10000,59010139
minbias,10000,59010140
minbias,10000,59010141
minbias,10000,59010142
minbias,10000,59010143
minbias,10000,59010144
minbias,10000,59010145
minbias,10000,59010146
minbias,10000,59010147
minbias,10000,59010148
minbias,10000,59010149
minbias,10000,59010150
minbias,10000,59010151
minbias,10000,59010152
minbias,10000,59010153
minbias,10000,59010154
minbias,10000,59010155
minbias,10000,59010156
minbias,10000,59010157
minbias,10000,59010158
minbias,10000,59010159
minbias,10000,59010160
minbias,10000,59010161
minbias,10000,59010162
minbias,10000,59010163
minbias,10000,59010164
minbias,10000,59010165
minbias,10000,59010166
minbias,10000,59010167
minbias,10000,59010168
minbias,10000,59010169
minbias,10000,59010170
minbias,10000,59010171
minbias,10000,59010172
minbias,10000,59010173
minbias,10000,59010174
minbias,10000,59010175
minbias,10000,59010176
minbias,10000,59010177
minbias,10000,59010178
minbias,10000,59010179
minbias,10000,59010180
minbias,10000,59010181
minbias,10000,59010182
minbias,10000,59010183
minbias,10000,59010184
minbias,10000,59010185
minbias,10000,59010186
minbias,10000,59010187
minbias,10000,59010188
minbias,10000,59010189
minbias,10000,59010190
minbias,10000,59010191
minbias,10000,59010192
minbias,10000,59010193
minbias,10000,59010194
minbias,10000,59010195
minbias,10000,59010196
minbias,10000,59010197
minbias,10000,59010198
minbias,10000,59010199
minbias,10000,59010200
minbias,10000,59010201
minbias,10000,59010202
minbias,10000,59010203
minbias,10000,59010204
minbias,10000,59010205
minbias,10000,59010206
minbias,10000,59010207
minbias,10000,59010208
minbias,10000,59010209
minbias,10000,59010210
minbias,10000,59010211
minbias,10000,59010212
minbias,10000,59010213
minbias,10000,59010214
minbias,10000,59010215
minbias,10000,59010216
minbias,10000,59010217
minbias,10000,59010218
minbias,10000,59010219
minbias,10000,59010220
minbias,10000,59010221
minbias,10000,59010222
minbias,10000,59010223
minbias,10000,59010224
minbias,10000,59010225
minbias,10000,59010226
minbias,10000,59010227
minbias,10000,59010228
minbias,10000,59010229
minbias,10000,59010230
minbias,10000,59010231
minbias,10000,59010232
minbias,10000,59010233
minbias,10000,59010234
minbias,10000,59010235
minbias,10000,59010236
minbias,10000,59010237
minbias,10000,59010238
minbias,10000,59010239
minbias,10000,59010240
minbias,10000,59010241
minbias,10000,59010242
minbias,10000,59010243
minbias,10000,59010244
minbias,10000,59010245
minbias,10000,59010246
minbias,10000,59010247
minbias,10000,59010248
minbias,10000,59010249
minbias,10000,59010250
minbias,10000,59010251
minbias,10000,59010252
minbias,10000,59010253
minbias,10000,59010254
minbias,10000,59010255
minbias,10000,59010256
minbias,10000,59010257
minbias,10000,59010258
minbias,10000,59010259
minbias,10000,59010260
minbias,10000,59010261
minbias,10000,59010262
minbias,10000,59010263
minbias,10000,59010264
minbias,10000,59010265
minbias,10000,59010266
minbias,10000,59010267
minbias,10000,59010268
minbias,10000,59010269
minbias,10000,59010270
minbias,10000,59010271
minbias,10000,59010272
minbias,10000,59010273
minbias,10000,59010274
minbias,10000,59010275
minbias,10000,59010276
minbias,10000,59010277
minbias,10000,59010278
minbias,10000,59010279
minbias,10000,59010280
minbias,10000,59010281
minbias,10000,59010282
minbias,10000,59010283
minbias,10000,59010284
minbias,10000,59010285
minbias,10000,59010286
minbias,10000,59010287
minbias,10000,59010288
minbias,10000,59010289
minbias,10000,59010290
minbias,10000,59010291
minbias,10000,59010292
minbias,10000,59010293
minbias,10000,59010294
minbias,10000,59010295
minbias,10000,59010296
minbias,10000,59010297
minbias,10000,59010298
minbias,10000,59010299
minbias,10000,59010300
minbias,10000,59010301
minbias,10000,59010302
minbias,10000,59010303
minbias,10000,59010304
minbias,10000,59010305
minbias,10000,59010306
minbias,10000,59010307
minbias,10000,59010308
minbias,10000,59010309
minbias,10000,59010310
minbias,10000,59010311
minbias,10000,59010312
minbias,10000,59010313
minbias,10000,59010314
minbias,10000,59010315
minbias,10000,59010316
minbias,10000,59010317
minbias,10000,59010318
minbias,10000,59010319
minbias,10000,59010320
minbias,10000,59010321
minbias,10000,59010322
minbias,10000,59010323
minbias,10000,59010324
minbias,10000,59010325
minbias,10000,59010326
minbias,10000,59010327
minbias,10000,59010328
minbias,10000,59010329
minbias,10000,59010330
minbias,10000,59010331
minbias,10000,59010332
minbias,10000,59010333
minbias,10000,59010334
minbias,10000,59010335
minbias,10000,59010336
minbias,10000,59010337
minbias,10000,59010338
minbias,10000,59010339
minbias,10000,59010340
minbias,10000,59010341
minbias,10000,59010342
minbias,10000,59010343
minbias,10000,59010344
minbias,10000,59010345
minbias,10000,59010346
minbias,10000,59010347
minbias,10000,59010348
minbias,10000,59010349
minbias,10000,59010350
minbias,10000,59010351
minbias,10000,59010352
minbias,10000,59010353
minbias,10000,59010354
minbias,10000,59010355
minbias,10000,59010356
minbias,10000,59010357
minbias,10000,59010358
minbias,10000,59010359
minbias,10000,59010360
minbias,10000,59010361
minbias,10000,59010362
minbias,10000,59010363
minbias,10000,59010364
minbias,10000,59010365
minbias,10000,59010366
minbias,10000,59010367
minbias,10000,59010368
minbias,10000,59010369
minbias,10000,59010370
minbias,10000,59010371
minbias,10000,59010372
minbias,10000,59010373
minbias,10000,59010374
minbias,10000,59010375
minbias,10000,59010376
minbias,10000,59010377
minbias,10000,59010378
minbias,10000,59010379
minbias,10000,59010380
minbias,10000,59010381
minbias,10000,59010382
minbias,10000,59010383
minbias,10000,59010384
minbias,10000,59010385
minbias,10000,59010386
minbias,10000,59010387
minbias,10000,59010388
minbias,10000,59010389
minbias,10000,59010390
minbias,10000,59010391
minbias,10000,59010392
minbias,10000,59010393
minbias,10000,59010394
minbias,10000,59010395
minbias,10000,59010396
minbias,10000,59010397
minbias,10000,59010398
minbias,10000,59010399
minbias,10000,59010400
minbias,10000,59010401
minbias,10000,59010402
minbias,10000,59010403
minbias,10000,59010404
minbias,10000,59010405
minbias,10000,59010406
minbias,10000,59010407
minbias,10000,59010408
minbias,10000,59010409
minbias,10000,59010410
minbias,10000,59010411
minbias,10000,59010412
minbias,10000,59010413
minbias,10000,59010414
minbias,10000,59010415
minbias,10000,59010416
minbias,10000,59010417
minbias,10000,59010418
minbias,10000,59010419
minbias,10000,59010420
minbias,10000,59010421
minbias,10000,59010422
minbias,10000,59010423
minbias,10000,59010424
minbias,10000,59010425
minbias,10000,59010426
minbias,10000,59010427
minbias,10000,59010428
minbias,10000,59010429
minbias,10000,59010430
minbias,10000,59010431
minbias,10000,59010432
minbias,10000,59010433
minbias,10000,59010434
minbias,10000,59010435
minbias,10000,59010436
minbias,10000,59010437
minbias,10000,59010438
minbias,10000,59010439
minbias,10000,59010440
minbias,10000,59010441
minbias,10000,59010442
minbias,10000,59010443
minbias,10000,59010444
minbias,10000,59010445
minbias,10000,59010446
minbias,10000,59010447
minbias,10000,59010448
minbias,10000,59010449
minbias,10000,59010450
minbias,10000,59010451
minbias,10000,59010452
minbias,10000,59010453
minbias,10000,59010454
minbias,10000,59010455
minbias,10000,59010456
minbias,10000,59010457
minbias,10000,59010458
minbias,10000,59010459
minbias,10000,59010460
minbias,10000,59010461
minbias,10000,59010462
minbias,10000,59010463
minbias,10000,59010464
minbias,10000,59010465
minbias,10000,59010466
minbias,10000,59010467
minbias,10000,59010468
minbias,10000,59010469
minbias,10000,59010470
minbias,10000,59010471
minbias,10000,59010472
minbias,10000,59010473
minbias,10000,59010474
minbias,10000,59010475
minbias,10000,59010476
minbias,10000,59010477
minbias,10000,59010478
minbias,10000,59010479
minbias,10000,59010480
minbias,10000,59010481
minbias,10000,59010482
minbias,10000,59010483
minbias,10000,59010484
minbias,10000,59010485
minbias,10000,59010486
minbias,10000,59010487
minbias,10000,59010488
minbias,10000,59010489
minbias,10000,59010490
minbias,10000,59010491
minbias,10000,59010492
minbias,10000,59010493
minbias,10000,59010494
minbias,10000,59010495
minbias,10000,59010496
minbias,10000,59010497
minbias,10000,59010498
minbias,10000,59010499
minbias,10000,59010500