/eos/project/f/foundational-model-dataset/samples/pu200_ryliu/DYJetsToLL_13TeV-madgraphMLM-pythia8-2000-3
workdir: /pool/condor/dir_626455
args: DYJetsToLL_13TeV-madgraphMLM-pythia8 2000 3 /eos/project/f/foundational-model-dataset/samples/pu200_ryliu /afs/cern.ch/user/r/ryliu/public/simulation True
************************************************************
*                                                          *
*                     W E L C O M E to                     *
*              M A D G R A P H 5 _ a M C @ N L O           *
*                                                          *
*                                                          *
*                 *                       *                *
*                   *        * *        *                  *
*                     * * * * 5 * * * *                    *
*                   *        * *        *                  *
*                 *                       *                *
*                                                          *
*         VERSION 3.5.3                 2023-12-23         *
*                                                          *
*    The MadGraph5_aMC@NLO Development Team - Find us at   *
*              http://madgraph.phys.ucl.ac.be/             *
*                            and                           *
*            http://amcatnlo.web.cern.ch/amcatnlo/         *
*                                                          *
*               Type 'help' for in-line help.              *
*           Type 'tutorial' to learn how MG5 works         *
*    Type 'tutorial aMCatNLO' to learn how aMC@NLO works   *
*    Type 'tutorial MadLoop' to learn how MadLoop works    *
*                                                          *
************************************************************
load MG5 configuration from ../../../usr/local/MG5_aMC_v3_5_3/input/mg5_configuration.txt 
set fastjet to fastjet-config
eMELA-config does not seem to correspond to a valid eMELA-config executable.
 Please set the 'fastjet'variable to the full (absolute) /PATH/TO/eMELA-config (including eMELA-config).
 MG5_aMC> set eMELA /PATH/TO/eMELA-config

set ninja to /usr/local/MG5_aMC_v3_5_3/HEPTools/lib
set lhapdf to lhapdf-config
set lhapdf to lhapdf-config
No valid eps viewer found. Please set in ./input/mg5_configuration.txt
No valid web browser found. Please set in ./input/mg5_configuration.txt
import /eos/project/f/foundational-model-dataset/samples/pu200_ryliu/DYJetsToLL_13TeV-madgraphMLM-pythia8-2000-3/proc_card.dat
The import format was not given, so we guess it as command
import model sm-ckm_no_b_mass
INFO: Restrict model sm-ckm_no_b_mass with file ../../../usr/local/MG5_aMC_v3_5_3/models/sm/restrict_ckm_no_b_mass.dat . 
INFO: Run "set stdout_level DEBUG" before import for more information. 
INFO: Change particles name to pass to MG5 convention 
Defined multiparticle p = g u c d s u~ c~ d~ s~
Defined multiparticle j = g u c d s u~ c~ d~ s~
Defined multiparticle l+ = e+ mu+
Defined multiparticle l- = e- mu-
Defined multiparticle vl = ve vm vt
Defined multiparticle vl~ = ve~ vm~ vt~
[1;34mPass the definition of 'j' and 'p' to 5 flavour scheme.[0m
Defined multiparticle all = g u c d s b u~ c~ d~ s~ b~ a ve vm vt e- mu- ve~ vm~ vt~ e+ mu+ t t~ z w+ h w- ta- ta+
define l+ = e+ mu+ ta+
Defined multiparticle l+ = e+ mu+ ta+
define l- = e- mu- ta-
Defined multiparticle l- = e- mu- ta-
define q = u c d s b u~ c~ d~ s~ b~
Defined multiparticle q = u c d s b u~ c~ d~ s~ b~
generate p p > l+ l- @0
INFO: Checking for minimal orders which gives processes. 
INFO: Please specify coupling orders to bypass this step. 
INFO: Trying process: g g > e+ e- WEIGHTED<=4  
INFO: Trying process: g g > e+ mu- WEIGHTED<=4  
INFO: Trying process: g g > e+ ta- WEIGHTED<=4  
INFO: Trying process: g g > mu+ e- WEIGHTED<=4  
INFO: Trying process: g g > mu+ mu- WEIGHTED<=4  
INFO: Trying process: g g > mu+ ta- WEIGHTED<=4  
INFO: Trying process: g g > ta+ e- WEIGHTED<=4  
INFO: Trying process: g g > ta+ mu- WEIGHTED<=4  
INFO: Trying process: g g > ta+ ta- WEIGHTED<=4  
INFO: Trying process: u u~ > e+ e- WEIGHTED<=4  
INFO: Process has 2 diagrams 
INFO: Trying process: u u~ > e+ mu- WEIGHTED<=4  
INFO: Trying process: u u~ > e+ ta- WEIGHTED<=4  
INFO: Trying process: u u~ > mu+ e- WEIGHTED<=4  
INFO: Trying process: u u~ > mu+ mu- WEIGHTED<=4  
INFO: Process has 2 diagrams 
INFO: Trying process: u u~ > mu+ ta- WEIGHTED<=4  
INFO: Trying process: u u~ > ta+ e- WEIGHTED<=4  
INFO: Trying process: u u~ > ta+ mu- WEIGHTED<=4  
INFO: Trying process: u u~ > ta+ ta- WEIGHTED<=4  
INFO: Process has 2 diagrams 
INFO: Trying process: u c~ > e+ e- WEIGHTED<=4  
INFO: Trying process: u c~ > e+ mu- WEIGHTED<=4  
INFO: Trying process: u c~ > e+ ta- WEIGHTED<=4  
INFO: Trying process: u c~ > mu+ e- WEIGHTED<=4  
INFO: Trying process: u c~ > mu+ mu- WEIGHTED<=4  
INFO: Trying process: u c~ > mu+ ta- WEIGHTED<=4  
INFO: Trying process: u c~ > ta+ e- WEIGHTED<=4  
INFO: Trying process: u c~ > ta+ mu- WEIGHTED<=4  
INFO: Trying process: u c~ > ta+ ta- WEIGHTED<=4  
INFO: Trying process: c u~ > e+ e- WEIGHTED<=4  
INFO: Trying process: c u~ > e+ mu- WEIGHTED<=4  
INFO: Trying process: c u~ > e+ ta- WEIGHTED<=4  
INFO: Trying process: c u~ > mu+ e- WEIGHTED<=4  
INFO: Trying process: c u~ > mu+ mu- WEIGHTED<=4  
INFO: Trying process: c u~ > mu+ ta- WEIGHTED<=4  
INFO: Trying process: c u~ > ta+ e- WEIGHTED<=4  
INFO: Trying process: c u~ > ta+ mu- WEIGHTED<=4  
INFO: Trying process: c u~ > ta+ ta- WEIGHTED<=4  
INFO: Trying process: c c~ > e+ e- WEIGHTED<=4  
INFO: Process has 2 diagrams 
INFO: Trying process: c c~ > e+ mu- WEIGHTED<=4  
INFO: Trying process: c c~ > e+ ta- WEIGHTED<=4  
INFO: Trying process: c c~ > mu+ e- WEIGHTED<=4  
INFO: Trying process: c c~ > mu+ mu- WEIGHTED<=4  
INFO: Process has 2 diagrams 
INFO: Trying process: c c~ > mu+ ta- WEIGHTED<=4  
INFO: Trying process: c c~ > ta+ e- WEIGHTED<=4  
INFO: Trying process: c c~ > ta+ mu- WEIGHTED<=4  
INFO: Trying process: c c~ > ta+ ta- WEIGHTED<=4  
INFO: Process has 2 diagrams 
INFO: Trying process: d d~ > e+ e- WEIGHTED<=4  
INFO: Process has 2 diagrams 
INFO: Trying process: d d~ > e+ mu- WEIGHTED<=4  
INFO: Trying process: d d~ > e+ ta- WEIGHTED<=4  
INFO: Trying process: d d~ > mu+ e- WEIGHTED<=4  
INFO: Trying process: d d~ > mu+ mu- WEIGHTED<=4  
INFO: Process has 2 diagrams 
INFO: Trying process: d d~ > mu+ ta- WEIGHTED<=4  
INFO: Trying process: d d~ > ta+ e- WEIGHTED<=4  
INFO: Trying process: d d~ > ta+ mu- WEIGHTED<=4  
INFO: Trying process: d d~ > ta+ ta- WEIGHTED<=4  
INFO: Process has 2 diagrams 
INFO: Trying process: d s~ > e+ e- WEIGHTED<=4  
INFO: Trying process: d s~ > e+ mu- WEIGHTED<=4  
INFO: Trying process: d s~ > e+ ta- WEIGHTED<=4  
INFO: Trying process: d s~ > mu+ e- WEIGHTED<=4  
INFO: Trying process: d s~ > mu+ mu- WEIGHTED<=4  
INFO: Trying process: d s~ > mu+ ta- WEIGHTED<=4  
INFO: Trying process: d s~ > ta+ e- WEIGHTED<=4  
INFO: Trying process: d s~ > ta+ mu- WEIGHTED<=4  
INFO: Trying process: d s~ > ta+ ta- WEIGHTED<=4  
INFO: Trying process: d b~ > e+ e- WEIGHTED<=4  
INFO: Trying process: d b~ > e+ mu- WEIGHTED<=4  
INFO: Trying process: d b~ > e+ ta- WEIGHTED<=4  
INFO: Trying process: d b~ > mu+ e- WEIGHTED<=4  
INFO: Trying process: d b~ > mu+ mu- WEIGHTED<=4  
INFO: Trying process: d b~ > mu+ ta- WEIGHTED<=4  
INFO: Trying process: d b~ > ta+ e- WEIGHTED<=4  
INFO: Trying process: d b~ > ta+ mu- WEIGHTED<=4  
INFO: Trying process: d b~ > ta+ ta- WEIGHTED<=4  
INFO: Trying process: s d~ > e+ e- WEIGHTED<=4  
INFO: Trying process: s d~ > e+ mu- WEIGHTED<=4  
INFO: Trying process: s d~ > e+ ta- WEIGHTED<=4  
INFO: Trying process: s d~ > mu+ e- WEIGHTED<=4  
INFO: Trying process: s d~ > mu+ mu- WEIGHTED<=4  
INFO: Trying process: s d~ > mu+ ta- WEIGHTED<=4  
INFO: Trying process: s d~ > ta+ e- WEIGHTED<=4  
INFO: Trying process: s d~ > ta+ mu- WEIGHTED<=4  
INFO: Trying process: s d~ > ta+ ta- WEIGHTED<=4  
INFO: Trying process: s s~ > e+ e- WEIGHTED<=4  
INFO: Process has 2 diagrams 
INFO: Trying process: s s~ > e+ mu- WEIGHTED<=4  
INFO: Trying process: s s~ > e+ ta- WEIGHTED<=4  
INFO: Trying process: s s~ > mu+ e- WEIGHTED<=4  
INFO: Trying process: s s~ > mu+ mu- WEIGHTED<=4  
INFO: Process has 2 diagrams 
INFO: Trying process: s s~ > mu+ ta- WEIGHTED<=4  
INFO: Trying process: s s~ > ta+ e- WEIGHTED<=4  
INFO: Trying process: s s~ > ta+ mu- WEIGHTED<=4  
INFO: Trying process: s s~ > ta+ ta- WEIGHTED<=4  
INFO: Process has 2 diagrams 
INFO: Trying process: s b~ > e+ e- WEIGHTED<=4  
INFO: Trying process: s b~ > e+ mu- WEIGHTED<=4  
INFO: Trying process: s b~ > e+ ta- WEIGHTED<=4  
INFO: Trying process: s b~ > mu+ e- WEIGHTED<=4  
INFO: Trying process: s b~ > mu+ mu- WEIGHTED<=4  
INFO: Trying process: s b~ > mu+ ta- WEIGHTED<=4  
INFO: Trying process: s b~ > ta+ e- WEIGHTED<=4  
INFO: Trying process: s b~ > ta+ mu- WEIGHTED<=4  
INFO: Trying process: s b~ > ta+ ta- WEIGHTED<=4  
INFO: Process u~ u > e+ e- added to mirror process u u~ > e+ e- 
INFO: Process u~ u > mu+ mu- added to mirror process u u~ > mu+ mu- 
INFO: Process u~ u > ta+ ta- added to mirror process u u~ > ta+ ta- 
INFO: Process c~ c > e+ e- added to mirror process c c~ > e+ e- 
INFO: Process c~ c > mu+ mu- added to mirror process c c~ > mu+ mu- 
INFO: Process c~ c > ta+ ta- added to mirror process c c~ > ta+ ta- 
INFO: Process d~ d > e+ e- added to mirror process d d~ > e+ e- 
INFO: Process d~ d > mu+ mu- added to mirror process d d~ > mu+ mu- 
INFO: Process d~ d > ta+ ta- added to mirror process d d~ > ta+ ta- 
INFO: Trying process: d~ b > e+ e- WEIGHTED<=4  
INFO: Trying process: d~ b > e+ mu- WEIGHTED<=4  
INFO: Trying process: d~ b > e+ ta- WEIGHTED<=4  
INFO: Trying process: d~ b > mu+ e- WEIGHTED<=4  
INFO: Trying process: d~ b > mu+ mu- WEIGHTED<=4  
INFO: Trying process: d~ b > mu+ ta- WEIGHTED<=4  
INFO: Trying process: d~ b > ta+ e- WEIGHTED<=4  
INFO: Trying process: d~ b > ta+ mu- WEIGHTED<=4  
INFO: Trying process: d~ b > ta+ ta- WEIGHTED<=4  
INFO: Process s~ s > e+ e- added to mirror process s s~ > e+ e- 
INFO: Process s~ s > mu+ mu- added to mirror process s s~ > mu+ mu- 
INFO: Process s~ s > ta+ ta- added to mirror process s s~ > ta+ ta- 
INFO: Trying process: s~ b > e+ e- WEIGHTED<=4  
INFO: Trying process: s~ b > e+ mu- WEIGHTED<=4  
INFO: Trying process: s~ b > e+ ta- WEIGHTED<=4  
INFO: Trying process: s~ b > mu+ e- WEIGHTED<=4  
INFO: Trying process: s~ b > mu+ mu- WEIGHTED<=4  
INFO: Trying process: s~ b > mu+ ta- WEIGHTED<=4  
INFO: Trying process: s~ b > ta+ e- WEIGHTED<=4  
INFO: Trying process: s~ b > ta+ mu- WEIGHTED<=4  
INFO: Trying process: s~ b > ta+ ta- WEIGHTED<=4  
INFO: Trying process: b b~ > e+ e- WEIGHTED<=4  
INFO: Process has 2 diagrams 
INFO: Trying process: b b~ > e+ mu- WEIGHTED<=4  
INFO: Trying process: b b~ > e+ ta- WEIGHTED<=4  
INFO: Trying process: b b~ > mu+ e- WEIGHTED<=4  
INFO: Trying process: b b~ > mu+ mu- WEIGHTED<=4  
INFO: Process has 2 diagrams 
INFO: Trying process: b b~ > mu+ ta- WEIGHTED<=4  
INFO: Trying process: b b~ > ta+ e- WEIGHTED<=4  
INFO: Trying process: b b~ > ta+ mu- WEIGHTED<=4  
INFO: Trying process: b b~ > ta+ ta- WEIGHTED<=4  
INFO: Process has 2 diagrams 
INFO: Process b~ b > e+ e- added to mirror process b b~ > e+ e- 
INFO: Process b~ b > mu+ mu- added to mirror process b b~ > mu+ mu- 
INFO: Process b~ b > ta+ ta- added to mirror process b b~ > ta+ ta- 
15 processes with 30 diagrams generated in 0.201 s
Total: 15 processes with 30 diagrams
add process p p > l+ l- j @1
INFO: Checking for minimal orders which gives processes. 
INFO: Please specify coupling orders to bypass this step. 
INFO: Trying coupling order WEIGHTED<=5: WEIGTHED IS QCD+2*QED 
INFO: Trying process: g g > e+ e- g WEIGHTED<=5 @1  
INFO: Trying process: g g > e+ mu- g WEIGHTED<=5 @1  
INFO: Trying process: g g > e+ ta- g WEIGHTED<=5 @1  
INFO: Trying process: g g > mu+ e- g WEIGHTED<=5 @1  
INFO: Trying process: g g > mu+ mu- g WEIGHTED<=5 @1  
INFO: Trying process: g g > mu+ ta- g WEIGHTED<=5 @1  
INFO: Trying process: g g > ta+ e- g WEIGHTED<=5 @1  
INFO: Trying process: g g > ta+ mu- g WEIGHTED<=5 @1  
INFO: Trying process: g g > ta+ ta- g WEIGHTED<=5 @1  
INFO: Trying process: g u > e+ e- u WEIGHTED<=5 @1  
INFO: Process has 4 diagrams 
INFO: Trying process: g u > e+ e- c WEIGHTED<=5 @1  
INFO: Trying process: g u > e+ mu- u WEIGHTED<=5 @1  
INFO: Trying process: g u > e+ mu- c WEIGHTED<=5 @1  
INFO: Trying process: g u > e+ ta- u WEIGHTED<=5 @1  
INFO: Trying process: g u > e+ ta- c WEIGHTED<=5 @1  
INFO: Trying process: g u > mu+ e- u WEIGHTED<=5 @1  
INFO: Trying process: g u > mu+ e- c WEIGHTED<=5 @1  
INFO: Trying process: g u > mu+ mu- u WEIGHTED<=5 @1  
INFO: Process has 4 diagrams 
INFO: Trying process: g u > mu+ mu- c WEIGHTED<=5 @1  
INFO: Trying process: g u > mu+ ta- u WEIGHTED<=5 @1  
INFO: Trying process: g u > mu+ ta- c WEIGHTED<=5 @1  
INFO: Trying process: g u > ta+ e- u WEIGHTED<=5 @1  
INFO: Trying process: g u > ta+ e- c WEIGHTED<=5 @1  
INFO: Trying process: g u > ta+ mu- u WEIGHTED<=5 @1  
INFO: Trying process: g u > ta+ mu- c WEIGHTED<=5 @1  
INFO: Trying process: g u > ta+ ta- u WEIGHTED<=5 @1  
INFO: Process has 4 diagrams 
INFO: Trying process: g u > ta+ ta- c WEIGHTED<=5 @1  
INFO: Trying process: g c > e+ e- u WEIGHTED<=5 @1  
INFO: Trying process: g c > e+ e- c WEIGHTED<=5 @1  
INFO: Process has 4 diagrams 
INFO: Trying process: g c > e+ mu- u WEIGHTED<=5 @1  
INFO: Trying process: g c > e+ mu- c WEIGHTED<=5 @1  
INFO: Trying process: g c > e+ ta- u WEIGHTED<=5 @1  
INFO: Trying process: g c > e+ ta- c WEIGHTED<=5 @1  
INFO: Trying process: g c > mu+ e- u WEIGHTED<=5 @1  
INFO: Trying process: g c > mu+ e- c WEIGHTED<=5 @1  
INFO: Trying process: g c > mu+ mu- u WEIGHTED<=5 @1  
INFO: Trying process: g c > mu+ mu- c WEIGHTED<=5 @1  
INFO: Process has 4 diagrams 
INFO: Trying process: g c > mu+ ta- u WEIGHTED<=5 @1  
INFO: Trying process: g c > mu+ ta- c WEIGHTED<=5 @1  
INFO: Trying process: g c > ta+ e- u WEIGHTED<=5 @1  
INFO: Trying process: g c > ta+ e- c WEIGHTED<=5 @1  
INFO: Trying process: g c > ta+ mu- u WEIGHTED<=5 @1  
INFO: Trying process: g c > ta+ mu- c WEIGHTED<=5 @1  
INFO: Trying process: g c > ta+ ta- u WEIGHTED<=5 @1  
INFO: Trying process: g c > ta+ ta- c WEIGHTED<=5 @1  
INFO: Process has 4 diagrams 
INFO: Trying process: g d > e+ e- d WEIGHTED<=5 @1  
INFO: Process has 4 diagrams 
INFO: Trying process: g d > e+ e- s WEIGHTED<=5 @1  
INFO: Trying process: g d > e+ e- b WEIGHTED<=5 @1  
INFO: Trying process: g d > e+ mu- d WEIGHTED<=5 @1  
INFO: Trying process: g d > e+ mu- s WEIGHTED<=5 @1  
INFO: Trying process: g d > e+ mu- b WEIGHTED<=5 @1  
INFO: Trying process: g d > e+ ta- d WEIGHTED<=5 @1  
INFO: Trying process: g d > e+ ta- s WEIGHTED<=5 @1  
INFO: Trying process: g d > e+ ta- b WEIGHTED<=5 @1  
INFO: Trying process: g d > mu+ e- d WEIGHTED<=5 @1  
INFO: Trying process: g d > mu+ e- s WEIGHTED<=5 @1  
INFO: Trying process: g d > mu+ e- b WEIGHTED<=5 @1  
INFO: Trying process: g d > mu+ mu- d WEIGHTED<=5 @1  
INFO: Process has 4 diagrams 
INFO: Trying process: g d > mu+ mu- s WEIGHTED<=5 @1  
INFO: Trying process: g d > mu+ mu- b WEIGHTED<=5 @1  
INFO: Trying process: g d > mu+ ta- d WEIGHTED<=5 @1  
INFO: Trying process: g d > mu+ ta- s WEIGHTED<=5 @1  
INFO: Trying process: g d > mu+ ta- b WEIGHTED<=5 @1  
INFO: Trying process: g d > ta+ e- d WEIGHTED<=5 @1  
INFO: Trying process: g d > ta+ e- s WEIGHTED<=5 @1  
INFO: Trying process: g d > ta+ e- b WEIGHTED<=5 @1  
INFO: Trying process: g d > ta+ mu- d WEIGHTED<=5 @1  
INFO: Trying process: g d > ta+ mu- s WEIGHTED<=5 @1  
INFO: Trying process: g d > ta+ mu- b WEIGHTED<=5 @1  
INFO: Trying process: g d > ta+ ta- d WEIGHTED<=5 @1  
INFO: Process has 4 diagrams 
INFO: Trying process: g d > ta+ ta- s WEIGHTED<=5 @1  
INFO: Trying process: g d > ta+ ta- b WEIGHTED<=5 @1  
INFO: Trying process: g s > e+ e- d WEIGHTED<=5 @1  
INFO: Trying process: g s > e+ e- s WEIGHTED<=5 @1  
INFO: Process has 4 diagrams 
INFO: Trying process: g s > e+ e- b WEIGHTED<=5 @1  
INFO: Trying process: g s > e+ mu- d WEIGHTED<=5 @1  
INFO: Trying process: g s > e+ mu- s WEIGHTED<=5 @1  
INFO: Trying process: g s > e+ mu- b WEIGHTED<=5 @1  
INFO: Trying process: g s > e+ ta- d WEIGHTED<=5 @1  
INFO: Trying process: g s > e+ ta- s WEIGHTED<=5 @1  
INFO: Trying process: g s > e+ ta- b WEIGHTED<=5 @1  
INFO: Trying process: g s > mu+ e- d WEIGHTED<=5 @1  
INFO: Trying process: g s > mu+ e- s WEIGHTED<=5 @1  
INFO: Trying process: g s > mu+ e- b WEIGHTED<=5 @1  
INFO: Trying process: g s > mu+ mu- d WEIGHTED<=5 @1  
INFO: Trying process: g s > mu+ mu- s WEIGHTED<=5 @1  
INFO: Process has 4 diagrams 
INFO: Trying process: g s > mu+ mu- b WEIGHTED<=5 @1  
INFO: Trying process: g s > mu+ ta- d WEIGHTED<=5 @1  
INFO: Trying process: g s > mu+ ta- s WEIGHTED<=5 @1  
INFO: Trying process: g s > mu+ ta- b WEIGHTED<=5 @1  
INFO: Trying process: g s > ta+ e- d WEIGHTED<=5 @1  
INFO: Trying process: g s > ta+ e- s WEIGHTED<=5 @1  
INFO: Trying process: g s > ta+ e- b WEIGHTED<=5 @1  
INFO: Trying process: g s > ta+ mu- d WEIGHTED<=5 @1  
INFO: Trying process: g s > ta+ mu- s WEIGHTED<=5 @1  
INFO: Trying process: g s > ta+ mu- b WEIGHTED<=5 @1  
INFO: Trying process: g s > ta+ ta- d WEIGHTED<=5 @1  
INFO: Trying process: g s > ta+ ta- s WEIGHTED<=5 @1  
INFO: Process has 4 diagrams 
INFO: Trying process: g s > ta+ ta- b WEIGHTED<=5 @1  
INFO: Crossed process found for g u~ > e+ e- u~, reuse diagrams. 
INFO: Crossed process found for g u~ > mu+ mu- u~, reuse diagrams. 
INFO: Crossed process found for g u~ > ta+ ta- u~, reuse diagrams. 
INFO: Crossed process found for g c~ > e+ e- c~, reuse diagrams. 
INFO: Crossed process found for g c~ > mu+ mu- c~, reuse diagrams. 
INFO: Crossed process found for g c~ > ta+ ta- c~, reuse diagrams. 
INFO: Crossed process found for g d~ > e+ e- d~, reuse diagrams. 
INFO: Trying process: g d~ > e+ e- b~ WEIGHTED<=5 @1  
INFO: Trying process: g d~ > e+ mu- b~ WEIGHTED<=5 @1  
INFO: Trying process: g d~ > e+ ta- b~ WEIGHTED<=5 @1  
INFO: Trying process: g d~ > mu+ e- b~ WEIGHTED<=5 @1  
INFO: Crossed process found for g d~ > mu+ mu- d~, reuse diagrams. 
INFO: Trying process: g d~ > mu+ mu- b~ WEIGHTED<=5 @1  
INFO: Trying process: g d~ > mu+ ta- b~ WEIGHTED<=5 @1  
INFO: Trying process: g d~ > ta+ e- b~ WEIGHTED<=5 @1  
INFO: Trying process: g d~ > ta+ mu- b~ WEIGHTED<=5 @1  
INFO: Crossed process found for g d~ > ta+ ta- d~, reuse diagrams. 
INFO: Trying process: g d~ > ta+ ta- b~ WEIGHTED<=5 @1  
INFO: Crossed process found for g s~ > e+ e- s~, reuse diagrams. 
INFO: Trying process: g s~ > e+ e- b~ WEIGHTED<=5 @1  
INFO: Trying process: g s~ > e+ mu- b~ WEIGHTED<=5 @1  
INFO: Trying process: g s~ > e+ ta- b~ WEIGHTED<=5 @1  
INFO: Trying process: g s~ > mu+ e- b~ WEIGHTED<=5 @1  
INFO: Crossed process found for g s~ > mu+ mu- s~, reuse diagrams. 
INFO: Trying process: g s~ > mu+ mu- b~ WEIGHTED<=5 @1  
INFO: Trying process: g s~ > mu+ ta- b~ WEIGHTED<=5 @1  
INFO: Trying process: g s~ > ta+ e- b~ WEIGHTED<=5 @1  
INFO: Trying process: g s~ > ta+ mu- b~ WEIGHTED<=5 @1  
INFO: Crossed process found for g s~ > ta+ ta- s~, reuse diagrams. 
INFO: Trying process: g s~ > ta+ ta- b~ WEIGHTED<=5 @1  
INFO: Trying process: g b > e+ e- b WEIGHTED<=5 @1  
INFO: Process has 4 diagrams 
INFO: Trying process: g b > e+ mu- b WEIGHTED<=5 @1  
INFO: Trying process: g b > e+ ta- b WEIGHTED<=5 @1  
INFO: Trying process: g b > mu+ e- b WEIGHTED<=5 @1  
INFO: Trying process: g b > mu+ mu- b WEIGHTED<=5 @1  
INFO: Process has 4 diagrams 
INFO: Trying process: g b > mu+ ta- b WEIGHTED<=5 @1  
INFO: Trying process: g b > ta+ e- b WEIGHTED<=5 @1  
INFO: Trying process: g b > ta+ mu- b WEIGHTED<=5 @1  
INFO: Trying process: g b > ta+ ta- b WEIGHTED<=5 @1  
INFO: Process has 4 diagrams 
INFO: Crossed process found for g b~ > e+ e- b~, reuse diagrams. 
INFO: Crossed process found for g b~ > mu+ mu- b~, reuse diagrams. 
INFO: Crossed process found for g b~ > ta+ ta- b~, reuse diagrams. 
INFO: Process u g > e+ e- u added to mirror process g u > e+ e- u 
INFO: Process u g > mu+ mu- u added to mirror process g u > mu+ mu- u 
INFO: Process u g > ta+ ta- u added to mirror process g u > ta+ ta- u 
INFO: Crossed process found for u u~ > e+ e- g, reuse diagrams. 
INFO: Crossed process found for u u~ > mu+ mu- g, reuse diagrams. 
INFO: Crossed process found for u u~ > ta+ ta- g, reuse diagrams. 
INFO: Process c g > e+ e- c added to mirror process g c > e+ e- c 
INFO: Process c g > mu+ mu- c added to mirror process g c > mu+ mu- c 
INFO: Process c g > ta+ ta- c added to mirror process g c > ta+ ta- c 
INFO: Crossed process found for c c~ > e+ e- g, reuse diagrams. 
INFO: Crossed process found for c c~ > mu+ mu- g, reuse diagrams. 
INFO: Crossed process found for c c~ > ta+ ta- g, reuse diagrams. 
INFO: Process d g > e+ e- d added to mirror process g d > e+ e- d 
INFO: Process d g > mu+ mu- d added to mirror process g d > mu+ mu- d 
INFO: Process d g > ta+ ta- d added to mirror process g d > ta+ ta- d 
INFO: Crossed process found for d d~ > e+ e- g, reuse diagrams. 
INFO: Crossed process found for d d~ > mu+ mu- g, reuse diagrams. 
INFO: Crossed process found for d d~ > ta+ ta- g, reuse diagrams. 
INFO: Process s g > e+ e- s added to mirror process g s > e+ e- s 
INFO: Process s g > mu+ mu- s added to mirror process g s > mu+ mu- s 
INFO: Process s g > ta+ ta- s added to mirror process g s > ta+ ta- s 
INFO: Crossed process found for s s~ > e+ e- g, reuse diagrams. 
INFO: Crossed process found for s s~ > mu+ mu- g, reuse diagrams. 
INFO: Crossed process found for s s~ > ta+ ta- g, reuse diagrams. 
INFO: Process u~ g > e+ e- u~ added to mirror process g u~ > e+ e- u~ 
INFO: Process u~ g > mu+ mu- u~ added to mirror process g u~ > mu+ mu- u~ 
INFO: Process u~ g > ta+ ta- u~ added to mirror process g u~ > ta+ ta- u~ 
INFO: Process u~ u > e+ e- g added to mirror process u u~ > e+ e- g 
INFO: Process u~ u > mu+ mu- g added to mirror process u u~ > mu+ mu- g 
INFO: Process u~ u > ta+ ta- g added to mirror process u u~ > ta+ ta- g 
INFO: Process c~ g > e+ e- c~ added to mirror process g c~ > e+ e- c~ 
INFO: Process c~ g > mu+ mu- c~ added to mirror process g c~ > mu+ mu- c~ 
INFO: Process c~ g > ta+ ta- c~ added to mirror process g c~ > ta+ ta- c~ 
INFO: Process c~ c > e+ e- g added to mirror process c c~ > e+ e- g 
INFO: Process c~ c > mu+ mu- g added to mirror process c c~ > mu+ mu- g 
INFO: Process c~ c > ta+ ta- g added to mirror process c c~ > ta+ ta- g 
INFO: Process d~ g > e+ e- d~ added to mirror process g d~ > e+ e- d~ 
INFO: Process d~ g > mu+ mu- d~ added to mirror process g d~ > mu+ mu- d~ 
INFO: Process d~ g > ta+ ta- d~ added to mirror process g d~ > ta+ ta- d~ 
INFO: Process d~ d > e+ e- g added to mirror process d d~ > e+ e- g 
INFO: Process d~ d > mu+ mu- g added to mirror process d d~ > mu+ mu- g 
INFO: Process d~ d > ta+ ta- g added to mirror process d d~ > ta+ ta- g 
INFO: Process s~ g > e+ e- s~ added to mirror process g s~ > e+ e- s~ 
INFO: Process s~ g > mu+ mu- s~ added to mirror process g s~ > mu+ mu- s~ 
INFO: Process s~ g > ta+ ta- s~ added to mirror process g s~ > ta+ ta- s~ 
INFO: Process s~ s > e+ e- g added to mirror process s s~ > e+ e- g 
INFO: Process s~ s > mu+ mu- g added to mirror process s s~ > mu+ mu- g 
INFO: Process s~ s > ta+ ta- g added to mirror process s s~ > ta+ ta- g 
INFO: Process b g > e+ e- b added to mirror process g b > e+ e- b 
INFO: Process b g > mu+ mu- b added to mirror process g b > mu+ mu- b 
INFO: Process b g > ta+ ta- b added to mirror process g b > ta+ ta- b 
INFO: Crossed process found for b b~ > e+ e- g, reuse diagrams. 
INFO: Crossed process found for b b~ > mu+ mu- g, reuse diagrams. 
INFO: Crossed process found for b b~ > ta+ ta- g, reuse diagrams. 
INFO: Process b~ g > e+ e- b~ added to mirror process g b~ > e+ e- b~ 
INFO: Process b~ g > mu+ mu- b~ added to mirror process g b~ > mu+ mu- b~ 
INFO: Process b~ g > ta+ ta- b~ added to mirror process g b~ > ta+ ta- b~ 
INFO: Process b~ b > e+ e- g added to mirror process b b~ > e+ e- g 
INFO: Process b~ b > mu+ mu- g added to mirror process b b~ > mu+ mu- g 
INFO: Process b~ b > ta+ ta- g added to mirror process b b~ > ta+ ta- g 
45 processes with 180 diagrams generated in 1.310 s
Total: 60 processes with 210 diagrams
add process p p > l+ l- j j @2
INFO: Checking for minimal orders which gives processes. 
INFO: Please specify coupling orders to bypass this step. 
INFO: Trying coupling order WEIGHTED<=6: WEIGTHED IS QCD+2*QED 
INFO: Trying process: g g > e+ e- g g WEIGHTED<=6 @2  
INFO: Trying process: g g > e+ e- u u~ WEIGHTED<=6 @2  
INFO: Process has 16 diagrams 
INFO: Trying process: g g > e+ e- u c~ WEIGHTED<=6 @2  
INFO: Trying process: g g > e+ e- c u~ WEIGHTED<=6 @2  
INFO: Trying process: g g > e+ e- c c~ WEIGHTED<=6 @2  
INFO: Process has 16 diagrams 
INFO: Trying process: g g > e+ e- d d~ WEIGHTED<=6 @2  
INFO: Process has 16 diagrams 
INFO: Trying process: g g > e+ e- d s~ WEIGHTED<=6 @2  
INFO: Trying process: g g > e+ e- d b~ WEIGHTED<=6 @2  
INFO: Trying process: g g > e+ e- s d~ WEIGHTED<=6 @2  
INFO: Trying process: g g > e+ e- s s~ WEIGHTED<=6 @2  
INFO: Process has 16 diagrams 
INFO: Trying process: g g > e+ e- s b~ WEIGHTED<=6 @2  
INFO: Trying process: g g > e+ e- b d~ WEIGHTED<=6 @2  
INFO: Trying process: g g > e+ e- b s~ WEIGHTED<=6 @2  
INFO: Trying process: g g > e+ e- b b~ WEIGHTED<=6 @2  
INFO: Process has 16 diagrams 
INFO: Trying process: g g > e+ mu- g g WEIGHTED<=6 @2  
INFO: Trying process: g g > e+ mu- u u~ WEIGHTED<=6 @2  
INFO: Trying process: g g > e+ mu- u c~ WEIGHTED<=6 @2  
INFO: Trying process: g g > e+ mu- c u~ WEIGHTED<=6 @2  
INFO: Trying process: g g > e+ mu- c c~ WEIGHTED<=6 @2  
INFO: Trying process: g g > e+ mu- d d~ WEIGHTED<=6 @2  
INFO: Trying process: g g > e+ mu- d s~ WEIGHTED<=6 @2  
INFO: Trying process: g g > e+ mu- d b~ WEIGHTED<=6 @2  
INFO: Trying process: g g > e+ mu- s d~ WEIGHTED<=6 @2  
INFO: Trying process: g g > e+ mu- s s~ WEIGHTED<=6 @2  
INFO: Trying process: g g > e+ mu- s b~ WEIGHTED<=6 @2  
INFO: Trying process: g g > e+ mu- b d~ WEIGHTED<=6 @2  
INFO: Trying process: g g > e+ mu- b s~ WEIGHTED<=6 @2  
INFO: Trying process: g g > e+ mu- b b~ WEIGHTED<=6 @2  
INFO: Trying process: g g > e+ ta- g g WEIGHTED<=6 @2  
INFO: Trying process: g g > e+ ta- u u~ WEIGHTED<=6 @2  
INFO: Trying process: g g > e+ ta- u c~ WEIGHTED<=6 @2  
INFO: Trying process: g g > e+ ta- c u~ WEIGHTED<=6 @2  
INFO: Trying process: g g > e+ ta- c c~ WEIGHTED<=6 @2  
INFO: Trying process: g g > e+ ta- d d~ WEIGHTED<=6 @2  
INFO: Trying process: g g > e+ ta- d s~ WEIGHTED<=6 @2  
INFO: Trying process: g g > e+ ta- d b~ WEIGHTED<=6 @2  
INFO: Trying process: g g > e+ ta- s d~ WEIGHTED<=6 @2  
INFO: Trying process: g g > e+ ta- s s~ WEIGHTED<=6 @2  
INFO: Trying process: g g > e+ ta- s b~ WEIGHTED<=6 @2  
INFO: Trying process: g g > e+ ta- b d~ WEIGHTED<=6 @2  
INFO: Trying process: g g > e+ ta- b s~ WEIGHTED<=6 @2  
INFO: Trying process: g g > e+ ta- b b~ WEIGHTED<=6 @2  
INFO: Trying process: g g > mu+ e- g g WEIGHTED<=6 @2  
INFO: Trying process: g g > mu+ e- u u~ WEIGHTED<=6 @2  
INFO: Trying process: g g > mu+ e- u c~ WEIGHTED<=6 @2  
INFO: Trying process: g g > mu+ e- c u~ WEIGHTED<=6 @2  
INFO: Trying process: g g > mu+ e- c c~ WEIGHTED<=6 @2  
INFO: Trying process: g g > mu+ e- d d~ WEIGHTED<=6 @2  
INFO: Trying process: g g > mu+ e- d s~ WEIGHTED<=6 @2  
INFO: Trying process: g g > mu+ e- d b~ WEIGHTED<=6 @2  
INFO: Trying process: g g > mu+ e- s d~ WEIGHTED<=6 @2  
INFO: Trying process: g g > mu+ e- s s~ WEIGHTED<=6 @2  
INFO: Trying process: g g > mu+ e- s b~ WEIGHTED<=6 @2  
INFO: Trying process: g g > mu+ e- b d~ WEIGHTED<=6 @2  
INFO: Trying process: g g > mu+ e- b s~ WEIGHTED<=6 @2  
INFO: Trying process: g g > mu+ e- b b~ WEIGHTED<=6 @2  
INFO: Trying process: g g > mu+ mu- g g WEIGHTED<=6 @2  
INFO: Trying process: g g > mu+ mu- u u~ WEIGHTED<=6 @2  
INFO: Process has 16 diagrams 
INFO: Trying process: g g > mu+ mu- u c~ WEIGHTED<=6 @2  
INFO: Trying process: g g > mu+ mu- c u~ WEIGHTED<=6 @2  
INFO: Trying process: g g > mu+ mu- c c~ WEIGHTED<=6 @2  
INFO: Process has 16 diagrams 
INFO: Trying process: g g > mu+ mu- d d~ WEIGHTED<=6 @2  
INFO: Process has 16 diagrams 
INFO: Trying process: g g > mu+ mu- d s~ WEIGHTED<=6 @2  
INFO: Trying process: g g > mu+ mu- d b~ WEIGHTED<=6 @2  
INFO: Trying process: g g > mu+ mu- s d~ WEIGHTED<=6 @2  
INFO: Trying process: g g > mu+ mu- s s~ WEIGHTED<=6 @2  
INFO: Process has 16 diagrams 
INFO: Trying process: g g > mu+ mu- s b~ WEIGHTED<=6 @2  
INFO: Trying process: g g > mu+ mu- b d~ WEIGHTED<=6 @2  
INFO: Trying process: g g > mu+ mu- b s~ WEIGHTED<=6 @2  
INFO: Trying process: g g > mu+ mu- b b~ WEIGHTED<=6 @2  
INFO: Process has 16 diagrams 
INFO: Trying process: g g > mu+ ta- g g WEIGHTED<=6 @2  
INFO: Trying process: g g > mu+ ta- u u~ WEIGHTED<=6 @2  
INFO: Trying process: g g > mu+ ta- u c~ WEIGHTED<=6 @2  
INFO: Trying process: g g > mu+ ta- c u~ WEIGHTED<=6 @2  
INFO: Trying process: g g > mu+ ta- c c~ WEIGHTED<=6 @2  
INFO: Trying process: g g > mu+ ta- d d~ WEIGHTED<=6 @2  
INFO: Trying process: g g > mu+ ta- d s~ WEIGHTED<=6 @2  
INFO: Trying process: g g > mu+ ta- d b~ WEIGHTED<=6 @2  
INFO: Trying process: g g > mu+ ta- s d~ WEIGHTED<=6 @2  
INFO: Trying process: g g > mu+ ta- s s~ WEIGHTED<=6 @2  
INFO: Trying process: g g > mu+ ta- s b~ WEIGHTED<=6 @2  
INFO: Trying process: g g > mu+ ta- b d~ WEIGHTED<=6 @2  
INFO: Trying process: g g > mu+ ta- b s~ WEIGHTED<=6 @2  
INFO: Trying process: g g > mu+ ta- b b~ WEIGHTED<=6 @2  
INFO: Trying process: g g > ta+ e- g g WEIGHTED<=6 @2  
INFO: Trying process: g g > ta+ e- u u~ WEIGHTED<=6 @2  
INFO: Trying process: g g > ta+ e- u c~ WEIGHTED<=6 @2  
INFO: Trying process: g g > ta+ e- c u~ WEIGHTED<=6 @2  
INFO: Trying process: g g > ta+ e- c c~ WEIGHTED<=6 @2  
INFO: Trying process: g g > ta+ e- d d~ WEIGHTED<=6 @2  
INFO: Trying process: g g > ta+ e- d s~ WEIGHTED<=6 @2  
INFO: Trying process: g g > ta+ e- d b~ WEIGHTED<=6 @2  
INFO: Trying process: g g > ta+ e- s d~ WEIGHTED<=6 @2  
INFO: Trying process: g g > ta+ e- s s~ WEIGHTED<=6 @2  
INFO: Trying process: g g > ta+ e- s b~ WEIGHTED<=6 @2  
INFO: Trying process: g g > ta+ e- b d~ WEIGHTED<=6 @2  
INFO: Trying process: g g > ta+ e- b s~ WEIGHTED<=6 @2  
INFO: Trying process: g g > ta+ e- b b~ WEIGHTED<=6 @2  
INFO: Trying process: g g > ta+ mu- g g WEIGHTED<=6 @2  
INFO: Trying process: g g > ta+ mu- u u~ WEIGHTED<=6 @2  
INFO: Trying process: g g > ta+ mu- u c~ WEIGHTED<=6 @2  
INFO: Trying process: g g > ta+ mu- c u~ WEIGHTED<=6 @2  
INFO: Trying process: g g > ta+ mu- c c~ WEIGHTED<=6 @2  
INFO: Trying process: g g > ta+ mu- d d~ WEIGHTED<=6 @2  
INFO: Trying process: g g > ta+ mu- d s~ WEIGHTED<=6 @2  
INFO: Trying process: g g > ta+ mu- d b~ WEIGHTED<=6 @2  
INFO: Trying process: g g > ta+ mu- s d~ WEIGHTED<=6 @2  
INFO: Trying process: g g > ta+ mu- s s~ WEIGHTED<=6 @2  
INFO: Trying process: g g > ta+ mu- s b~ WEIGHTED<=6 @2  
INFO: Trying process: g g > ta+ mu- b d~ WEIGHTED<=6 @2  
INFO: Trying process: g g > ta+ mu- b s~ WEIGHTED<=6 @2  
INFO: Trying process: g g > ta+ mu- b b~ WEIGHTED<=6 @2  
INFO: Trying process: g g > ta+ ta- g g WEIGHTED<=6 @2  
INFO: Trying process: g g > ta+ ta- u u~ WEIGHTED<=6 @2  
INFO: Process has 16 diagrams 
INFO: Trying process: g g > ta+ ta- u c~ WEIGHTED<=6 @2  
INFO: Trying process: g g > ta+ ta- c u~ WEIGHTED<=6 @2  
INFO: Trying process: g g > ta+ ta- c c~ WEIGHTED<=6 @2  
INFO: Process has 16 diagrams 
INFO: Trying process: g g > ta+ ta- d d~ WEIGHTED<=6 @2  
INFO: Process has 16 diagrams 
INFO: Trying process: g g > ta+ ta- d s~ WEIGHTED<=6 @2  
INFO: Trying process: g g > ta+ ta- d b~ WEIGHTED<=6 @2  
INFO: Trying process: g g > ta+ ta- s d~ WEIGHTED<=6 @2  
INFO: Trying process: g g > ta+ ta- s s~ WEIGHTED<=6 @2  
INFO: Process has 16 diagrams 
INFO: Trying process: g g > ta+ ta- s b~ WEIGHTED<=6 @2  
INFO: Trying process: g g > ta+ ta- b d~ WEIGHTED<=6 @2  
INFO: Trying process: g g > ta+ ta- b s~ WEIGHTED<=6 @2  
INFO: Trying process: g g > ta+ ta- b b~ WEIGHTED<=6 @2  
INFO: Process has 16 diagrams 
INFO: Crossed process found for g u > e+ e- g u, reuse diagrams. 
INFO: Crossed process found for g u > mu+ mu- g u, reuse diagrams. 
INFO: Crossed process found for g u > ta+ ta- g u, reuse diagrams. 
INFO: Crossed process found for g c > e+ e- g c, reuse diagrams. 
INFO: Crossed process found for g c > mu+ mu- g c, reuse diagrams. 
INFO: Crossed process found for g c > ta+ ta- g c, reuse diagrams. 
INFO: Crossed process found for g d > e+ e- g d, reuse diagrams. 
INFO: Crossed process found for g d > mu+ mu- g d, reuse diagrams. 
INFO: Crossed process found for g d > ta+ ta- g d, reuse diagrams. 
INFO: Crossed process found for g s > e+ e- g s, reuse diagrams. 
INFO: Crossed process found for g s > mu+ mu- g s, reuse diagrams. 
INFO: Crossed process found for g s > ta+ ta- g s, reuse diagrams. 
INFO: Crossed process found for g u~ > e+ e- g u~, reuse diagrams. 
INFO: Crossed process found for g u~ > mu+ mu- g u~, reuse diagrams. 
INFO: Crossed process found for g u~ > ta+ ta- g u~, reuse diagrams. 
INFO: Crossed process found for g c~ > e+ e- g c~, reuse diagrams. 
INFO: Crossed process found for g c~ > mu+ mu- g c~, reuse diagrams. 
INFO: Crossed process found for g c~ > ta+ ta- g c~, reuse diagrams. 
INFO: Crossed process found for g d~ > e+ e- g d~, reuse diagrams. 
INFO: Crossed process found for g d~ > mu+ mu- g d~, reuse diagrams. 
INFO: Crossed process found for g d~ > ta+ ta- g d~, reuse diagrams. 
INFO: Crossed process found for g s~ > e+ e- g s~, reuse diagrams. 
INFO: Crossed process found for g s~ > mu+ mu- g s~, reuse diagrams. 
INFO: Crossed process found for g s~ > ta+ ta- g s~, reuse diagrams. 
INFO: Crossed process found for g b > e+ e- g b, reuse diagrams. 
INFO: Crossed process found for g b > mu+ mu- g b, reuse diagrams. 
INFO: Crossed process found for g b > ta+ ta- g b, reuse diagrams. 
INFO: Crossed process found for g b~ > e+ e- g b~, reuse diagrams. 
INFO: Crossed process found for g b~ > mu+ mu- g b~, reuse diagrams. 
INFO: Crossed process found for g b~ > ta+ ta- g b~, reuse diagrams. 
INFO: Process u g > e+ e- g u added to mirror process g u > e+ e- g u 
INFO: Process u g > mu+ mu- g u added to mirror process g u > mu+ mu- g u 
INFO: Process u g > ta+ ta- g u added to mirror process g u > ta+ ta- g u 
INFO: Trying process: u u > e+ e- u u WEIGHTED<=6 @2  
INFO: Process has 16 diagrams 
INFO: Trying process: u u > e+ e- u c WEIGHTED<=6 @2  
INFO: Trying process: u u > e+ e- c c WEIGHTED<=6 @2  
INFO: Trying process: u u > e+ mu- u u WEIGHTED<=6 @2  
INFO: Trying process: u u > e+ mu- u c WEIGHTED<=6 @2  
INFO: Trying process: u u > e+ mu- c c WEIGHTED<=6 @2  
INFO: Trying process: u u > e+ ta- u u WEIGHTED<=6 @2  
INFO: Trying process: u u > e+ ta- u c WEIGHTED<=6 @2  
INFO: Trying process: u u > e+ ta- c c WEIGHTED<=6 @2  
INFO: Trying process: u u > mu+ e- u u WEIGHTED<=6 @2  
INFO: Trying process: u u > mu+ e- u c WEIGHTED<=6 @2  
INFO: Trying process: u u > mu+ e- c c WEIGHTED<=6 @2  
INFO: Trying process: u u > mu+ mu- u u WEIGHTED<=6 @2  
INFO: Process has 16 diagrams 
INFO: Trying process: u u > mu+ mu- u c WEIGHTED<=6 @2  
INFO: Trying process: u u > mu+ mu- c c WEIGHTED<=6 @2  
INFO: Trying process: u u > mu+ ta- u u WEIGHTED<=6 @2  
INFO: Trying process: u u > mu+ ta- u c WEIGHTED<=6 @2  
INFO: Trying process: u u > mu+ ta- c c WEIGHTED<=6 @2  
INFO: Trying process: u u > ta+ e- u u WEIGHTED<=6 @2  
INFO: Trying process: u u > ta+ e- u c WEIGHTED<=6 @2  
INFO: Trying process: u u > ta+ e- c c WEIGHTED<=6 @2  
INFO: Trying process: u u > ta+ mu- u u WEIGHTED<=6 @2  
INFO: Trying process: u u > ta+ mu- u c WEIGHTED<=6 @2  
INFO: Trying process: u u > ta+ mu- c c WEIGHTED<=6 @2  
INFO: Trying process: u u > ta+ ta- u u WEIGHTED<=6 @2  
INFO: Process has 16 diagrams 
INFO: Trying process: u u > ta+ ta- u c WEIGHTED<=6 @2  
INFO: Trying process: u u > ta+ ta- c c WEIGHTED<=6 @2  
INFO: Trying process: u c > e+ e- u u WEIGHTED<=6 @2  
INFO: Trying process: u c > e+ e- u c WEIGHTED<=6 @2  
INFO: Process has 8 diagrams 
INFO: Trying process: u c > e+ e- c c WEIGHTED<=6 @2  
INFO: Trying process: u c > e+ mu- u u WEIGHTED<=6 @2  
INFO: Trying process: u c > e+ mu- u c WEIGHTED<=6 @2  
INFO: Trying process: u c > e+ mu- c c WEIGHTED<=6 @2  
INFO: Trying process: u c > e+ ta- u u WEIGHTED<=6 @2  
INFO: Trying process: u c > e+ ta- u c WEIGHTED<=6 @2  
INFO: Trying process: u c > e+ ta- c c WEIGHTED<=6 @2  
INFO: Trying process: u c > mu+ e- u u WEIGHTED<=6 @2  
INFO: Trying process: u c > mu+ e- u c WEIGHTED<=6 @2  
INFO: Trying process: u c > mu+ e- c c WEIGHTED<=6 @2  
INFO: Trying process: u c > mu+ mu- u u WEIGHTED<=6 @2  
INFO: Trying process: u c > mu+ mu- u c WEIGHTED<=6 @2  
INFO: Process has 8 diagrams 
INFO: Trying process: u c > mu+ mu- c c WEIGHTED<=6 @2  
INFO: Trying process: u c > mu+ ta- u u WEIGHTED<=6 @2  
INFO: Trying process: u c > mu+ ta- u c WEIGHTED<=6 @2  
INFO: Trying process: u c > mu+ ta- c c WEIGHTED<=6 @2  
INFO: Trying process: u c > ta+ e- u u WEIGHTED<=6 @2  
INFO: Trying process: u c > ta+ e- u c WEIGHTED<=6 @2  
INFO: Trying process: u c > ta+ e- c c WEIGHTED<=6 @2  
INFO: Trying process: u c > ta+ mu- u u WEIGHTED<=6 @2  
INFO: Trying process: u c > ta+ mu- u c WEIGHTED<=6 @2  
INFO: Trying process: u c > ta+ mu- c c WEIGHTED<=6 @2  
INFO: Trying process: u c > ta+ ta- u u WEIGHTED<=6 @2  
INFO: Trying process: u c > ta+ ta- u c WEIGHTED<=6 @2  
INFO: Process has 8 diagrams 
INFO: Trying process: u c > ta+ ta- c c WEIGHTED<=6 @2  
INFO: Trying process: u d > e+ e- u d WEIGHTED<=6 @2  
INFO: Process has 8 diagrams 
INFO: Trying process: u d > e+ e- u s WEIGHTED<=6 @2  
INFO: Trying process: u d > e+ e- u b WEIGHTED<=6 @2  
INFO: Trying process: u d > e+ e- c d WEIGHTED<=6 @2  
INFO: Trying process: u d > e+ e- c s WEIGHTED<=6 @2  
INFO: Trying process: u d > e+ e- c b WEIGHTED<=6 @2  
INFO: Trying process: u d > e+ mu- u d WEIGHTED<=6 @2  
INFO: Trying process: u d > e+ mu- u s WEIGHTED<=6 @2  
INFO: Trying process: u d > e+ mu- u b WEIGHTED<=6 @2  
INFO: Trying process: u d > e+ mu- c d WEIGHTED<=6 @2  
INFO: Trying process: u d > e+ mu- c s WEIGHTED<=6 @2  
INFO: Trying process: u d > e+ mu- c b WEIGHTED<=6 @2  
INFO: Trying process: u d > e+ ta- u d WEIGHTED<=6 @2  
INFO: Trying process: u d > e+ ta- u s WEIGHTED<=6 @2  
INFO: Trying process: u d > e+ ta- u b WEIGHTED<=6 @2  
INFO: Trying process: u d > e+ ta- c d WEIGHTED<=6 @2  
INFO: Trying process: u d > e+ ta- c s WEIGHTED<=6 @2  
INFO: Trying process: u d > e+ ta- c b WEIGHTED<=6 @2  
INFO: Trying process: u d > mu+ e- u d WEIGHTED<=6 @2  
INFO: Trying process: u d > mu+ e- u s WEIGHTED<=6 @2  
INFO: Trying process: u d > mu+ e- u b WEIGHTED<=6 @2  
INFO: Trying process: u d > mu+ e- c d WEIGHTED<=6 @2  
INFO: Trying process: u d > mu+ e- c s WEIGHTED<=6 @2  
INFO: Trying process: u d > mu+ e- c b WEIGHTED<=6 @2  
INFO: Trying process: u d > mu+ mu- u d WEIGHTED<=6 @2  
INFO: Process has 8 diagrams 
INFO: Trying process: u d > mu+ mu- u s WEIGHTED<=6 @2  
INFO: Trying process: u d > mu+ mu- u b WEIGHTED<=6 @2  
INFO: Trying process: u d > mu+ mu- c d WEIGHTED<=6 @2  
INFO: Trying process: u d > mu+ mu- c s WEIGHTED<=6 @2  
INFO: Trying process: u d > mu+ mu- c b WEIGHTED<=6 @2  
INFO: Trying process: u d > mu+ ta- u d WEIGHTED<=6 @2  
INFO: Trying process: u d > mu+ ta- u s WEIGHTED<=6 @2  
INFO: Trying process: u d > mu+ ta- u b WEIGHTED<=6 @2  
INFO: Trying process: u d > mu+ ta- c d WEIGHTED<=6 @2  
INFO: Trying process: u d > mu+ ta- c s WEIGHTED<=6 @2  
INFO: Trying process: u d > mu+ ta- c b WEIGHTED<=6 @2  
INFO: Trying process: u d > ta+ e- u d WEIGHTED<=6 @2  
INFO: Trying process: u d > ta+ e- u s WEIGHTED<=6 @2  
INFO: Trying process: u d > ta+ e- u b WEIGHTED<=6 @2  
INFO: Trying process: u d > ta+ e- c d WEIGHTED<=6 @2  
INFO: Trying process: u d > ta+ e- c s WEIGHTED<=6 @2  
INFO: Trying process: u d > ta+ e- c b WEIGHTED<=6 @2  
INFO: Trying process: u d > ta+ mu- u d WEIGHTED<=6 @2  
INFO: Trying process: u d > ta+ mu- u s WEIGHTED<=6 @2  
INFO: Trying process: u d > ta+ mu- u b WEIGHTED<=6 @2  
INFO: Trying process: u d > ta+ mu- c d WEIGHTED<=6 @2  
INFO: Trying process: u d > ta+ mu- c s WEIGHTED<=6 @2  
INFO: Trying process: u d > ta+ mu- c b WEIGHTED<=6 @2  
INFO: Trying process: u d > ta+ ta- u d WEIGHTED<=6 @2  
INFO: Process has 8 diagrams 
INFO: Trying process: u d > ta+ ta- u s WEIGHTED<=6 @2  
INFO: Trying process: u d > ta+ ta- u b WEIGHTED<=6 @2  
INFO: Trying process: u d > ta+ ta- c d WEIGHTED<=6 @2  
INFO: Trying process: u d > ta+ ta- c s WEIGHTED<=6 @2  
INFO: Trying process: u d > ta+ ta- c b WEIGHTED<=6 @2  
INFO: Trying process: u s > e+ e- u d WEIGHTED<=6 @2  
INFO: Trying process: u s > e+ e- u s WEIGHTED<=6 @2  
INFO: Process has 8 diagrams 
INFO: Trying process: u s > e+ e- u b WEIGHTED<=6 @2  
INFO: Trying process: u s > e+ e- c d WEIGHTED<=6 @2  
INFO: Trying process: u s > e+ e- c s WEIGHTED<=6 @2  
INFO: Trying process: u s > e+ e- c b WEIGHTED<=6 @2  
INFO: Trying process: u s > e+ mu- u d WEIGHTED<=6 @2  
INFO: Trying process: u s > e+ mu- u s WEIGHTED<=6 @2  
INFO: Trying process: u s > e+ mu- u b WEIGHTED<=6 @2  
INFO: Trying process: u s > e+ mu- c d WEIGHTED<=6 @2  
INFO: Trying process: u s > e+ mu- c s WEIGHTED<=6 @2  
INFO: Trying process: u s > e+ mu- c b WEIGHTED<=6 @2  
INFO: Trying process: u s > e+ ta- u d WEIGHTED<=6 @2  
INFO: Trying process: u s > e+ ta- u s WEIGHTED<=6 @2  
INFO: Trying process: u s > e+ ta- u b WEIGHTED<=6 @2  
INFO: Trying process: u s > e+ ta- c d WEIGHTED<=6 @2  
INFO: Trying process: u s > e+ ta- c s WEIGHTED<=6 @2  
INFO: Trying process: u s > e+ ta- c b WEIGHTED<=6 @2  
INFO: Trying process: u s > mu+ e- u d WEIGHTED<=6 @2  
INFO: Trying process: u s > mu+ e- u s WEIGHTED<=6 @2  
INFO: Trying process: u s > mu+ e- u b WEIGHTED<=6 @2  
INFO: Trying process: u s > mu+ e- c d WEIGHTED<=6 @2  
INFO: Trying process: u s > mu+ e- c s WEIGHTED<=6 @2  
INFO: Trying process: u s > mu+ e- c b WEIGHTED<=6 @2  
INFO: Trying process: u s > mu+ mu- u d WEIGHTED<=6 @2  
INFO: Trying process: u s > mu+ mu- u s WEIGHTED<=6 @2  
INFO: Process has 8 diagrams 
INFO: Trying process: u s > mu+ mu- u b WEIGHTED<=6 @2  
INFO: Trying process: u s > mu+ mu- c d WEIGHTED<=6 @2  
INFO: Trying process: u s > mu+ mu- c s WEIGHTED<=6 @2  
INFO: Trying process: u s > mu+ mu- c b WEIGHTED<=6 @2  
INFO: Trying process: u s > mu+ ta- u d WEIGHTED<=6 @2  
INFO: Trying process: u s > mu+ ta- u s WEIGHTED<=6 @2  
INFO: Trying process: u s > mu+ ta- u b WEIGHTED<=6 @2  
INFO: Trying process: u s > mu+ ta- c d WEIGHTED<=6 @2  
INFO: Trying process: u s > mu+ ta- c s WEIGHTED<=6 @2  
INFO: Trying process: u s > mu+ ta- c b WEIGHTED<=6 @2  
INFO: Trying process: u s > ta+ e- u d WEIGHTED<=6 @2  
INFO: Trying process: u s > ta+ e- u s WEIGHTED<=6 @2  
INFO: Trying process: u s > ta+ e- u b WEIGHTED<=6 @2  
INFO: Trying process: u s > ta+ e- c d WEIGHTED<=6 @2  
INFO: Trying process: u s > ta+ e- c s WEIGHTED<=6 @2  
INFO: Trying process: u s > ta+ e- c b WEIGHTED<=6 @2  
INFO: Trying process: u s > ta+ mu- u d WEIGHTED<=6 @2  
INFO: Trying process: u s > ta+ mu- u s WEIGHTED<=6 @2  
INFO: Trying process: u s > ta+ mu- u b WEIGHTED<=6 @2  
INFO: Trying process: u s > ta+ mu- c d WEIGHTED<=6 @2  
INFO: Trying process: u s > ta+ mu- c s WEIGHTED<=6 @2  
INFO: Trying process: u s > ta+ mu- c b WEIGHTED<=6 @2  
INFO: Trying process: u s > ta+ ta- u d WEIGHTED<=6 @2  
INFO: Trying process: u s > ta+ ta- u s WEIGHTED<=6 @2  
INFO: Process has 8 diagrams 
INFO: Trying process: u s > ta+ ta- u b WEIGHTED<=6 @2  
INFO: Trying process: u s > ta+ ta- c d WEIGHTED<=6 @2  
INFO: Trying process: u s > ta+ ta- c s WEIGHTED<=6 @2  
INFO: Trying process: u s > ta+ ta- c b WEIGHTED<=6 @2  
INFO: Crossed process found for u u~ > e+ e- g g, reuse diagrams. 
INFO: Crossed process found for u u~ > e+ e- u u~, reuse diagrams. 
INFO: Crossed process found for u u~ > e+ e- c c~, reuse diagrams. 
INFO: Crossed process found for u u~ > e+ e- d d~, reuse diagrams. 
INFO: Trying process: u u~ > e+ e- d b~ WEIGHTED<=6 @2  
INFO: Crossed process found for u u~ > e+ e- s s~, reuse diagrams. 
INFO: Trying process: u u~ > e+ e- s b~ WEIGHTED<=6 @2  
INFO: Trying process: u u~ > e+ e- b b~ WEIGHTED<=6 @2  
INFO: Process has 8 diagrams 
INFO: Trying process: u u~ > e+ mu- d b~ WEIGHTED<=6 @2  
INFO: Trying process: u u~ > e+ mu- s b~ WEIGHTED<=6 @2  
INFO: Trying process: u u~ > e+ mu- b b~ WEIGHTED<=6 @2  
INFO: Trying process: u u~ > e+ ta- d b~ WEIGHTED<=6 @2  
INFO: Trying process: u u~ > e+ ta- s b~ WEIGHTED<=6 @2  
INFO: Trying process: u u~ > e+ ta- b b~ WEIGHTED<=6 @2  
INFO: Trying process: u u~ > mu+ e- d b~ WEIGHTED<=6 @2  
INFO: Trying process: u u~ > mu+ e- s b~ WEIGHTED<=6 @2  
INFO: Trying process: u u~ > mu+ e- b b~ WEIGHTED<=6 @2  
INFO: Crossed process found for u u~ > mu+ mu- g g, reuse diagrams. 
INFO: Crossed process found for u u~ > mu+ mu- u u~, reuse diagrams. 
INFO: Crossed process found for u u~ > mu+ mu- c c~, reuse diagrams. 
INFO: Crossed process found for u u~ > mu+ mu- d d~, reuse diagrams. 
INFO: Trying process: u u~ > mu+ mu- d b~ WEIGHTED<=6 @2  
INFO: Crossed process found for u u~ > mu+ mu- s s~, reuse diagrams. 
INFO: Trying process: u u~ > mu+ mu- s b~ WEIGHTED<=6 @2  
INFO: Trying process: u u~ > mu+ mu- b b~ WEIGHTED<=6 @2  
INFO: Process has 8 diagrams 
INFO: Trying process: u u~ > mu+ ta- d b~ WEIGHTED<=6 @2  
INFO: Trying process: u u~ > mu+ ta- s b~ WEIGHTED<=6 @2  
INFO: Trying process: u u~ > mu+ ta- b b~ WEIGHTED<=6 @2  
INFO: Trying process: u u~ > ta+ e- d b~ WEIGHTED<=6 @2  
INFO: Trying process: u u~ > ta+ e- s b~ WEIGHTED<=6 @2  
INFO: Trying process: u u~ > ta+ e- b b~ WEIGHTED<=6 @2  
INFO: Trying process: u u~ > ta+ mu- d b~ WEIGHTED<=6 @2  
INFO: Trying process: u u~ > ta+ mu- s b~ WEIGHTED<=6 @2  
INFO: Trying process: u u~ > ta+ mu- b b~ WEIGHTED<=6 @2  
INFO: Crossed process found for u u~ > ta+ ta- g g, reuse diagrams. 
INFO: Crossed process found for u u~ > ta+ ta- u u~, reuse diagrams. 
INFO: Crossed process found for u u~ > ta+ ta- c c~, reuse diagrams. 
INFO: Crossed process found for u u~ > ta+ ta- d d~, reuse diagrams. 
INFO: Trying process: u u~ > ta+ ta- d b~ WEIGHTED<=6 @2  
INFO: Crossed process found for u u~ > ta+ ta- s s~, reuse diagrams. 
INFO: Trying process: u u~ > ta+ ta- s b~ WEIGHTED<=6 @2  
INFO: Trying process: u u~ > ta+ ta- b b~ WEIGHTED<=6 @2  
INFO: Process has 8 diagrams 
INFO: Crossed process found for u c~ > e+ e- u c~, reuse diagrams. 
INFO: Trying process: u c~ > e+ e- d b~ WEIGHTED<=6 @2  
INFO: Trying process: u c~ > e+ e- s b~ WEIGHTED<=6 @2  
INFO: Trying process: u c~ > e+ e- b b~ WEIGHTED<=6 @2  
INFO: Trying process: u c~ > e+ mu- d b~ WEIGHTED<=6 @2  
INFO: Trying process: u c~ > e+ mu- s b~ WEIGHTED<=6 @2  
INFO: Trying process: u c~ > e+ mu- b b~ WEIGHTED<=6 @2  
INFO: Trying process: u c~ > e+ ta- d b~ WEIGHTED<=6 @2  
INFO: Trying process: u c~ > e+ ta- s b~ WEIGHTED<=6 @2  
INFO: Trying process: u c~ > e+ ta- b b~ WEIGHTED<=6 @2  
INFO: Trying process: u c~ > mu+ e- d b~ WEIGHTED<=6 @2  
INFO: Trying process: u c~ > mu+ e- s b~ WEIGHTED<=6 @2  
INFO: Trying process: u c~ > mu+ e- b b~ WEIGHTED<=6 @2  
INFO: Crossed process found for u c~ > mu+ mu- u c~, reuse diagrams. 
INFO: Trying process: u c~ > mu+ mu- d b~ WEIGHTED<=6 @2  
INFO: Trying process: u c~ > mu+ mu- s b~ WEIGHTED<=6 @2  
INFO: Trying process: u c~ > mu+ mu- b b~ WEIGHTED<=6 @2  
INFO: Trying process: u c~ > mu+ ta- d b~ WEIGHTED<=6 @2  
INFO: Trying process: u c~ > mu+ ta- s b~ WEIGHTED<=6 @2  
INFO: Trying process: u c~ > mu+ ta- b b~ WEIGHTED<=6 @2  
INFO: Trying process: u c~ > ta+ e- d b~ WEIGHTED<=6 @2  
INFO: Trying process: u c~ > ta+ e- s b~ WEIGHTED<=6 @2  
INFO: Trying process: u c~ > ta+ e- b b~ WEIGHTED<=6 @2  
INFO: Trying process: u c~ > ta+ mu- d b~ WEIGHTED<=6 @2  
INFO: Trying process: u c~ > ta+ mu- s b~ WEIGHTED<=6 @2  
INFO: Trying process: u c~ > ta+ mu- b b~ WEIGHTED<=6 @2  
INFO: Crossed process found for u c~ > ta+ ta- u c~, reuse diagrams. 
INFO: Trying process: u c~ > ta+ ta- d b~ WEIGHTED<=6 @2  
INFO: Trying process: u c~ > ta+ ta- s b~ WEIGHTED<=6 @2  
INFO: Trying process: u c~ > ta+ ta- b b~ WEIGHTED<=6 @2  
INFO: Crossed process found for u d~ > e+ e- u d~, reuse diagrams. 
INFO: Crossed process found for u d~ > mu+ mu- u d~, reuse diagrams. 
INFO: Crossed process found for u d~ > ta+ ta- u d~, reuse diagrams. 
INFO: Crossed process found for u s~ > e+ e- u s~, reuse diagrams. 
INFO: Crossed process found for u s~ > mu+ mu- u s~, reuse diagrams. 
INFO: Crossed process found for u s~ > ta+ ta- u s~, reuse diagrams. 
INFO: Crossed process found for u b > e+ e- u b, reuse diagrams. 
INFO: Crossed process found for u b > mu+ mu- u b, reuse diagrams. 
INFO: Crossed process found for u b > ta+ ta- u b, reuse diagrams. 
INFO: Crossed process found for u b~ > e+ e- u b~, reuse diagrams. 
INFO: Crossed process found for u b~ > mu+ mu- u b~, reuse diagrams. 
INFO: Crossed process found for u b~ > ta+ ta- u b~, reuse diagrams. 
INFO: Process c g > e+ e- g c added to mirror process g c > e+ e- g c 
INFO: Process c g > mu+ mu- g c added to mirror process g c > mu+ mu- g c 
INFO: Process c g > ta+ ta- g c added to mirror process g c > ta+ ta- g c 
INFO: Process c u > e+ e- u c added to mirror process u c > e+ e- u c 
INFO: Process c u > mu+ mu- u c added to mirror process u c > mu+ mu- u c 
INFO: Process c u > ta+ ta- u c added to mirror process u c > ta+ ta- u c 
INFO: Trying process: c c > e+ e- u u WEIGHTED<=6 @2  
INFO: Trying process: c c > e+ e- u c WEIGHTED<=6 @2  
INFO: Trying process: c c > e+ e- c c WEIGHTED<=6 @2  
INFO: Process has 16 diagrams 
INFO: Trying process: c c > e+ mu- u u WEIGHTED<=6 @2  
INFO: Trying process: c c > e+ mu- u c WEIGHTED<=6 @2  
INFO: Trying process: c c > e+ mu- c c WEIGHTED<=6 @2  
INFO: Trying process: c c > e+ ta- u u WEIGHTED<=6 @2  
INFO: Trying process: c c > e+ ta- u c WEIGHTED<=6 @2  
INFO: Trying process: c c > e+ ta- c c WEIGHTED<=6 @2  
INFO: Trying process: c c > mu+ e- u u WEIGHTED<=6 @2  
INFO: Trying process: c c > mu+ e- u c WEIGHTED<=6 @2  
INFO: Trying process: c c > mu+ e- c c WEIGHTED<=6 @2  
INFO: Trying process: c c > mu+ mu- u u WEIGHTED<=6 @2  
INFO: Trying process: c c > mu+ mu- u c WEIGHTED<=6 @2  
INFO: Trying process: c c > mu+ mu- c c WEIGHTED<=6 @2  
INFO: Process has 16 diagrams 
INFO: Trying process: c c > mu+ ta- u u WEIGHTED<=6 @2  
INFO: Trying process: c c > mu+ ta- u c WEIGHTED<=6 @2  
INFO: Trying process: c c > mu+ ta- c c WEIGHTED<=6 @2  
INFO: Trying process: c c > ta+ e- u u WEIGHTED<=6 @2  
INFO: Trying process: c c > ta+ e- u c WEIGHTED<=6 @2  
INFO: Trying process: c c > ta+ e- c c WEIGHTED<=6 @2  
INFO: Trying process: c c > ta+ mu- u u WEIGHTED<=6 @2  
INFO: Trying process: c c > ta+ mu- u c WEIGHTED<=6 @2  
INFO: Trying process: c c > ta+ mu- c c WEIGHTED<=6 @2  
INFO: Trying process: c c > ta+ ta- u u WEIGHTED<=6 @2  
INFO: Trying process: c c > ta+ ta- u c WEIGHTED<=6 @2  
INFO: Trying process: c c > ta+ ta- c c WEIGHTED<=6 @2  
INFO: Process has 16 diagrams 
INFO: Trying process: c d > e+ e- u d WEIGHTED<=6 @2  
INFO: Trying process: c d > e+ e- u s WEIGHTED<=6 @2  
INFO: Trying process: c d > e+ e- u b WEIGHTED<=6 @2  
INFO: Trying process: c d > e+ e- c d WEIGHTED<=6 @2  
INFO: Process has 8 diagrams 
INFO: Trying process: c d > e+ e- c s WEIGHTED<=6 @2  
INFO: Trying process: c d > e+ e- c b WEIGHTED<=6 @2  
INFO: Trying process: c d > e+ mu- u d WEIGHTED<=6 @2  
INFO: Trying process: c d > e+ mu- u s WEIGHTED<=6 @2  
INFO: Trying process: c d > e+ mu- u b WEIGHTED<=6 @2  
INFO: Trying process: c d > e+ mu- c d WEIGHTED<=6 @2  
INFO: Trying process: c d > e+ mu- c s WEIGHTED<=6 @2  
INFO: Trying process: c d > e+ mu- c b WEIGHTED<=6 @2  
INFO: Trying process: c d > e+ ta- u d WEIGHTED<=6 @2  
INFO: Trying process: c d > e+ ta- u s WEIGHTED<=6 @2  
INFO: Trying process: c d > e+ ta- u b WEIGHTED<=6 @2  
INFO: Trying process: c d > e+ ta- c d WEIGHTED<=6 @2  
INFO: Trying process: c d > e+ ta- c s WEIGHTED<=6 @2  
INFO: Trying process: c d > e+ ta- c b WEIGHTED<=6 @2  
INFO: Trying process: c d > mu+ e- u d WEIGHTED<=6 @2  
INFO: Trying process: c d > mu+ e- u s WEIGHTED<=6 @2  
INFO: Trying process: c d > mu+ e- u b WEIGHTED<=6 @2  
INFO: Trying process: c d > mu+ e- c d WEIGHTED<=6 @2  
INFO: Trying process: c d > mu+ e- c s WEIGHTED<=6 @2  
INFO: Trying process: c d > mu+ e- c b WEIGHTED<=6 @2  
INFO: Trying process: c d > mu+ mu- u d WEIGHTED<=6 @2  
INFO: Trying process: c d > mu+ mu- u s WEIGHTED<=6 @2  
INFO: Trying process: c d > mu+ mu- u b WEIGHTED<=6 @2  
INFO: Trying process: c d > mu+ mu- c d WEIGHTED<=6 @2  
INFO: Process has 8 diagrams 
INFO: Trying process: c d > mu+ mu- c s WEIGHTED<=6 @2  
INFO: Trying process: c d > mu+ mu- c b WEIGHTED<=6 @2  
INFO: Trying process: c d > mu+ ta- u d WEIGHTED<=6 @2  
INFO: Trying process: c d > mu+ ta- u s WEIGHTED<=6 @2  
INFO: Trying process: c d > mu+ ta- u b WEIGHTED<=6 @2  
INFO: Trying process: c d > mu+ ta- c d WEIGHTED<=6 @2  
INFO: Trying process: c d > mu+ ta- c s WEIGHTED<=6 @2  
INFO: Trying process: c d > mu+ ta- c b WEIGHTED<=6 @2  
INFO: Trying process: c d > ta+ e- u d WEIGHTED<=6 @2  
INFO: Trying process: c d > ta+ e- u s WEIGHTED<=6 @2  
INFO: Trying process: c d > ta+ e- u b WEIGHTED<=6 @2  
INFO: Trying process: c d > ta+ e- c d WEIGHTED<=6 @2  
INFO: Trying process: c d > ta+ e- c s WEIGHTED<=6 @2  
INFO: Trying process: c d > ta+ e- c b WEIGHTED<=6 @2  
INFO: Trying process: c d > ta+ mu- u d WEIGHTED<=6 @2  
INFO: Trying process: c d > ta+ mu- u s WEIGHTED<=6 @2  
INFO: Trying process: c d > ta+ mu- u b WEIGHTED<=6 @2  
INFO: Trying process: c d > ta+ mu- c d WEIGHTED<=6 @2  
INFO: Trying process: c d > ta+ mu- c s WEIGHTED<=6 @2  
INFO: Trying process: c d > ta+ mu- c b WEIGHTED<=6 @2  
INFO: Trying process: c d > ta+ ta- u d WEIGHTED<=6 @2  
INFO: Trying process: c d > ta+ ta- u s WEIGHTED<=6 @2  
INFO: Trying process: c d > ta+ ta- u b WEIGHTED<=6 @2  
INFO: Trying process: c d > ta+ ta- c d WEIGHTED<=6 @2  
INFO: Process has 8 diagrams 
INFO: Trying process: c d > ta+ ta- c s WEIGHTED<=6 @2  
INFO: Trying process: c d > ta+ ta- c b WEIGHTED<=6 @2  
INFO: Trying process: c s > e+ e- u d WEIGHTED<=6 @2  
INFO: Trying process: c s > e+ e- u s WEIGHTED<=6 @2  
INFO: Trying process: c s > e+ e- u b WEIGHTED<=6 @2  
INFO: Trying process: c s > e+ e- c d WEIGHTED<=6 @2  
INFO: Trying process: c s > e+ e- c s WEIGHTED<=6 @2  
INFO: Process has 8 diagrams 
INFO: Trying process: c s > e+ e- c b WEIGHTED<=6 @2  
INFO: Trying process: c s > e+ mu- u d WEIGHTED<=6 @2  
INFO: Trying process: c s > e+ mu- u s WEIGHTED<=6 @2  
INFO: Trying process: c s > e+ mu- u b WEIGHTED<=6 @2  
INFO: Trying process: c s > e+ mu- c d WEIGHTED<=6 @2  
INFO: Trying process: c s > e+ mu- c s WEIGHTED<=6 @2  
INFO: Trying process: c s > e+ mu- c b WEIGHTED<=6 @2  
INFO: Trying process: c s > e+ ta- u d WEIGHTED<=6 @2  
INFO: Trying process: c s > e+ ta- u s WEIGHTED<=6 @2  
INFO: Trying process: c s > e+ ta- u b WEIGHTED<=6 @2  
INFO: Trying process: c s > e+ ta- c d WEIGHTED<=6 @2  
INFO: Trying process: c s > e+ ta- c s WEIGHTED<=6 @2  
INFO: Trying process: c s > e+ ta- c b WEIGHTED<=6 @2  
INFO: Trying process: c s > mu+ e- u d WEIGHTED<=6 @2  
INFO: Trying process: c s > mu+ e- u s WEIGHTED<=6 @2  
INFO: Trying process: c s > mu+ e- u b WEIGHTED<=6 @2  
INFO: Trying process: c s > mu+ e- c d WEIGHTED<=6 @2  
INFO: Trying process: c s > mu+ e- c s WEIGHTED<=6 @2  
INFO: Trying process: c s > mu+ e- c b WEIGHTED<=6 @2  
INFO: Trying process: c s > mu+ mu- u d WEIGHTED<=6 @2  
INFO: Trying process: c s > mu+ mu- u s WEIGHTED<=6 @2  
INFO: Trying process: c s > mu+ mu- u b WEIGHTED<=6 @2  
INFO: Trying process: c s > mu+ mu- c d WEIGHTED<=6 @2  
INFO: Trying process: c s > mu+ mu- c s WEIGHTED<=6 @2  
INFO: Process has 8 diagrams 
INFO: Trying process: c s > mu+ mu- c b WEIGHTED<=6 @2  
INFO: Trying process: c s > mu+ ta- u d WEIGHTED<=6 @2  
INFO: Trying process: c s > mu+ ta- u s WEIGHTED<=6 @2  
INFO: Trying process: c s > mu+ ta- u b WEIGHTED<=6 @2  
INFO: Trying process: c s > mu+ ta- c d WEIGHTED<=6 @2  
INFO: Trying process: c s > mu+ ta- c s WEIGHTED<=6 @2  
INFO: Trying process: c s > mu+ ta- c b WEIGHTED<=6 @2  
INFO: Trying process: c s > ta+ e- u d WEIGHTED<=6 @2  
INFO: Trying process: c s > ta+ e- u s WEIGHTED<=6 @2  
INFO: Trying process: c s > ta+ e- u b WEIGHTED<=6 @2  
INFO: Trying process: c s > ta+ e- c d WEIGHTED<=6 @2  
INFO: Trying process: c s > ta+ e- c s WEIGHTED<=6 @2  
INFO: Trying process: c s > ta+ e- c b WEIGHTED<=6 @2  
INFO: Trying process: c s > ta+ mu- u d WEIGHTED<=6 @2  
INFO: Trying process: c s > ta+ mu- u s WEIGHTED<=6 @2  
INFO: Trying process: c s > ta+ mu- u b WEIGHTED<=6 @2  
INFO: Trying process: c s > ta+ mu- c d WEIGHTED<=6 @2  
INFO: Trying process: c s > ta+ mu- c s WEIGHTED<=6 @2  
INFO: Trying process: c s > ta+ mu- c b WEIGHTED<=6 @2  
INFO: Trying process: c s > ta+ ta- u d WEIGHTED<=6 @2  
INFO: Trying process: c s > ta+ ta- u s WEIGHTED<=6 @2  
INFO: Trying process: c s > ta+ ta- u b WEIGHTED<=6 @2  
INFO: Trying process: c s > ta+ ta- c d WEIGHTED<=6 @2  
INFO: Trying process: c s > ta+ ta- c s WEIGHTED<=6 @2  
INFO: Process has 8 diagrams 
INFO: Trying process: c s > ta+ ta- c b WEIGHTED<=6 @2  
INFO: Crossed process found for c u~ > e+ e- c u~, reuse diagrams. 
INFO: Trying process: c u~ > e+ e- d b~ WEIGHTED<=6 @2  
INFO: Trying process: c u~ > e+ e- s b~ WEIGHTED<=6 @2  
INFO: Trying process: c u~ > e+ e- b b~ WEIGHTED<=6 @2  
INFO: Trying process: c u~ > e+ mu- d b~ WEIGHTED<=6 @2  
INFO: Trying process: c u~ > e+ mu- s b~ WEIGHTED<=6 @2  
INFO: Trying process: c u~ > e+ mu- b b~ WEIGHTED<=6 @2  
INFO: Trying process: c u~ > e+ ta- d b~ WEIGHTED<=6 @2  
INFO: Trying process: c u~ > e+ ta- s b~ WEIGHTED<=6 @2  
INFO: Trying process: c u~ > e+ ta- b b~ WEIGHTED<=6 @2  
INFO: Trying process: c u~ > mu+ e- d b~ WEIGHTED<=6 @2  
INFO: Trying process: c u~ > mu+ e- s b~ WEIGHTED<=6 @2  
INFO: Trying process: c u~ > mu+ e- b b~ WEIGHTED<=6 @2  
INFO: Crossed process found for c u~ > mu+ mu- c u~, reuse diagrams. 
INFO: Trying process: c u~ > mu+ mu- d b~ WEIGHTED<=6 @2  
INFO: Trying process: c u~ > mu+ mu- s b~ WEIGHTED<=6 @2  
INFO: Trying process: c u~ > mu+ mu- b b~ WEIGHTED<=6 @2  
INFO: Trying process: c u~ > mu+ ta- d b~ WEIGHTED<=6 @2  
INFO: Trying process: c u~ > mu+ ta- s b~ WEIGHTED<=6 @2  
INFO: Trying process: c u~ > mu+ ta- b b~ WEIGHTED<=6 @2  
INFO: Trying process: c u~ > ta+ e- d b~ WEIGHTED<=6 @2  
INFO: Trying process: c u~ > ta+ e- s b~ WEIGHTED<=6 @2  
INFO: Trying process: c u~ > ta+ e- b b~ WEIGHTED<=6 @2  
INFO: Trying process: c u~ > ta+ mu- d b~ WEIGHTED<=6 @2  
INFO: Trying process: c u~ > ta+ mu- s b~ WEIGHTED<=6 @2  
INFO: Trying process: c u~ > ta+ mu- b b~ WEIGHTED<=6 @2  
INFO: Crossed process found for c u~ > ta+ ta- c u~, reuse diagrams. 
INFO: Trying process: c u~ > ta+ ta- d b~ WEIGHTED<=6 @2  
INFO: Trying process: c u~ > ta+ ta- s b~ WEIGHTED<=6 @2  
INFO: Trying process: c u~ > ta+ ta- b b~ WEIGHTED<=6 @2  
INFO: Crossed process found for c c~ > e+ e- g g, reuse diagrams. 
INFO: Crossed process found for c c~ > e+ e- u u~, reuse diagrams. 
INFO: Crossed process found for c c~ > e+ e- c c~, reuse diagrams. 
INFO: Crossed process found for c c~ > e+ e- d d~, reuse diagrams. 
INFO: Trying process: c c~ > e+ e- d b~ WEIGHTED<=6 @2  
INFO: Crossed process found for c c~ > e+ e- s s~, reuse diagrams. 
INFO: Trying process: c c~ > e+ e- s b~ WEIGHTED<=6 @2  
INFO: Trying process: c c~ > e+ e- b b~ WEIGHTED<=6 @2  
INFO: Process has 8 diagrams 
INFO: Trying process: c c~ > e+ mu- d b~ WEIGHTED<=6 @2  
INFO: Trying process: c c~ > e+ mu- s b~ WEIGHTED<=6 @2  
INFO: Trying process: c c~ > e+ mu- b b~ WEIGHTED<=6 @2  
INFO: Trying process: c c~ > e+ ta- d b~ WEIGHTED<=6 @2  
INFO: Trying process: c c~ > e+ ta- s b~ WEIGHTED<=6 @2  
INFO: Trying process: c c~ > e+ ta- b b~ WEIGHTED<=6 @2  
INFO: Trying process: c c~ > mu+ e- d b~ WEIGHTED<=6 @2  
INFO: Trying process: c c~ > mu+ e- s b~ WEIGHTED<=6 @2  
INFO: Trying process: c c~ > mu+ e- b b~ WEIGHTED<=6 @2  
INFO: Crossed process found for c c~ > mu+ mu- g g, reuse diagrams. 
INFO: Crossed process found for c c~ > mu+ mu- u u~, reuse diagrams. 
INFO: Crossed process found for c c~ > mu+ mu- c c~, reuse diagrams. 
INFO: Crossed process found for c c~ > mu+ mu- d d~, reuse diagrams. 
INFO: Trying process: c c~ > mu+ mu- d b~ WEIGHTED<=6 @2  
INFO: Crossed process found for c c~ > mu+ mu- s s~, reuse diagrams. 
INFO: Trying process: c c~ > mu+ mu- s b~ WEIGHTED<=6 @2  
INFO: Trying process: c c~ > mu+ mu- b b~ WEIGHTED<=6 @2  
INFO: Process has 8 diagrams 
INFO: Trying process: c c~ > mu+ ta- d b~ WEIGHTED<=6 @2  
INFO: Trying process: c c~ > mu+ ta- s b~ WEIGHTED<=6 @2  
INFO: Trying process: c c~ > mu+ ta- b b~ WEIGHTED<=6 @2  
INFO: Trying process: c c~ > ta+ e- d b~ WEIGHTED<=6 @2  
INFO: Trying process: c c~ > ta+ e- s b~ WEIGHTED<=6 @2  
INFO: Trying process: c c~ > ta+ e- b b~ WEIGHTED<=6 @2  
INFO: Trying process: c c~ > ta+ mu- d b~ WEIGHTED<=6 @2  
INFO: Trying process: c c~ > ta+ mu- s b~ WEIGHTED<=6 @2  
INFO: Trying process: c c~ > ta+ mu- b b~ WEIGHTED<=6 @2  
INFO: Crossed process found for c c~ > ta+ ta- g g, reuse diagrams. 
INFO: Crossed process found for c c~ > ta+ ta- u u~, reuse diagrams. 
INFO: Crossed process found for c c~ > ta+ ta- c c~, reuse diagrams. 
INFO: Crossed process found for c c~ > ta+ ta- d d~, reuse diagrams. 
INFO: Trying process: c c~ > ta+ ta- d b~ WEIGHTED<=6 @2  
INFO: Crossed process found for c c~ > ta+ ta- s s~, reuse diagrams. 
INFO: Trying process: c c~ > ta+ ta- s b~ WEIGHTED<=6 @2  
INFO: Trying process: c c~ > ta+ ta- b b~ WEIGHTED<=6 @2  
INFO: Process has 8 diagrams 
INFO: Crossed process found for c d~ > e+ e- c d~, reuse diagrams. 
INFO: Crossed process found for c d~ > mu+ mu- c d~, reuse diagrams. 
INFO: Crossed process found for c d~ > ta+ ta- c d~, reuse diagrams. 
INFO: Crossed process found for c s~ > e+ e- c s~, reuse diagrams. 
INFO: Crossed process found for c s~ > mu+ mu- c s~, reuse diagrams. 
INFO: Crossed process found for c s~ > ta+ ta- c s~, reuse diagrams. 
INFO: Crossed process found for c b > e+ e- c b, reuse diagrams. 
INFO: Crossed process found for c b > mu+ mu- c b, reuse diagrams. 
INFO: Crossed process found for c b > ta+ ta- c b, reuse diagrams. 
INFO: Crossed process found for c b~ > e+ e- c b~, reuse diagrams. 
INFO: Crossed process found for c b~ > mu+ mu- c b~, reuse diagrams. 
INFO: Crossed process found for c b~ > ta+ ta- c b~, reuse diagrams. 
INFO: Process d g > e+ e- g d added to mirror process g d > e+ e- g d 
INFO: Process d g > mu+ mu- g d added to mirror process g d > mu+ mu- g d 
INFO: Process d g > ta+ ta- g d added to mirror process g d > ta+ ta- g d 
INFO: Process d u > e+ e- u d added to mirror process u d > e+ e- u d 
INFO: Process d u > mu+ mu- u d added to mirror process u d > mu+ mu- u d 
INFO: Process d u > ta+ ta- u d added to mirror process u d > ta+ ta- u d 
INFO: Process d c > e+ e- c d added to mirror process c d > e+ e- c d 
INFO: Process d c > mu+ mu- c d added to mirror process c d > mu+ mu- c d 
INFO: Process d c > ta+ ta- c d added to mirror process c d > ta+ ta- c d 
INFO: Trying process: d d > e+ e- d d WEIGHTED<=6 @2  
INFO: Process has 16 diagrams 
INFO: Trying process: d d > e+ e- d s WEIGHTED<=6 @2  
INFO: Trying process: d d > e+ e- d b WEIGHTED<=6 @2  
INFO: Trying process: d d > e+ e- s s WEIGHTED<=6 @2  
INFO: Trying process: d d > e+ e- s b WEIGHTED<=6 @2  
INFO: Trying process: d d > e+ e- b b WEIGHTED<=6 @2  
INFO: Trying process: d d > e+ mu- d d WEIGHTED<=6 @2  
INFO: Trying process: d d > e+ mu- d s WEIGHTED<=6 @2  
INFO: Trying process: d d > e+ mu- d b WEIGHTED<=6 @2  
INFO: Trying process: d d > e+ mu- s s WEIGHTED<=6 @2  
INFO: Trying process: d d > e+ mu- s b WEIGHTED<=6 @2  
INFO: Trying process: d d > e+ mu- b b WEIGHTED<=6 @2  
INFO: Trying process: d d > e+ ta- d d WEIGHTED<=6 @2  
INFO: Trying process: d d > e+ ta- d s WEIGHTED<=6 @2  
INFO: Trying process: d d > e+ ta- d b WEIGHTED<=6 @2  
INFO: Trying process: d d > e+ ta- s s WEIGHTED<=6 @2  
INFO: Trying process: d d > e+ ta- s b WEIGHTED<=6 @2  
INFO: Trying process: d d > e+ ta- b b WEIGHTED<=6 @2  
INFO: Trying process: d d > mu+ e- d d WEIGHTED<=6 @2  
INFO: Trying process: d d > mu+ e- d s WEIGHTED<=6 @2  
INFO: Trying process: d d > mu+ e- d b WEIGHTED<=6 @2  
INFO: Trying process: d d > mu+ e- s s WEIGHTED<=6 @2  
INFO: Trying process: d d > mu+ e- s b WEIGHTED<=6 @2  
INFO: Trying process: d d > mu+ e- b b WEIGHTED<=6 @2  
INFO: Trying process: d d > mu+ mu- d d WEIGHTED<=6 @2  
INFO: Process has 16 diagrams 
INFO: Trying process: d d > mu+ mu- d s WEIGHTED<=6 @2  
INFO: Trying process: d d > mu+ mu- d b WEIGHTED<=6 @2  
INFO: Trying process: d d > mu+ mu- s s WEIGHTED<=6 @2  
INFO: Trying process: d d > mu+ mu- s b WEIGHTED<=6 @2  
INFO: Trying process: d d > mu+ mu- b b WEIGHTED<=6 @2  
INFO: Trying process: d d > mu+ ta- d d WEIGHTED<=6 @2  
INFO: Trying process: d d > mu+ ta- d s WEIGHTED<=6 @2  
INFO: Trying process: d d > mu+ ta- d b WEIGHTED<=6 @2  
INFO: Trying process: d d > mu+ ta- s s WEIGHTED<=6 @2  
INFO: Trying process: d d > mu+ ta- s b WEIGHTED<=6 @2  
INFO: Trying process: d d > mu+ ta- b b WEIGHTED<=6 @2  
INFO: Trying process: d d > ta+ e- d d WEIGHTED<=6 @2  
INFO: Trying process: d d > ta+ e- d s WEIGHTED<=6 @2  
INFO: Trying process: d d > ta+ e- d b WEIGHTED<=6 @2  
INFO: Trying process: d d > ta+ e- s s WEIGHTED<=6 @2  
INFO: Trying process: d d > ta+ e- s b WEIGHTED<=6 @2  
INFO: Trying process: d d > ta+ e- b b WEIGHTED<=6 @2  
INFO: Trying process: d d > ta+ mu- d d WEIGHTED<=6 @2  
INFO: Trying process: d d > ta+ mu- d s WEIGHTED<=6 @2  
INFO: Trying process: d d > ta+ mu- d b WEIGHTED<=6 @2  
INFO: Trying process: d d > ta+ mu- s s WEIGHTED<=6 @2  
INFO: Trying process: d d > ta+ mu- s b WEIGHTED<=6 @2  
INFO: Trying process: d d > ta+ mu- b b WEIGHTED<=6 @2  
INFO: Trying process: d d > ta+ ta- d d WEIGHTED<=6 @2  
INFO: Process has 16 diagrams 
INFO: Trying process: d d > ta+ ta- d s WEIGHTED<=6 @2  
INFO: Trying process: d d > ta+ ta- d b WEIGHTED<=6 @2  
INFO: Trying process: d d > ta+ ta- s s WEIGHTED<=6 @2  
INFO: Trying process: d d > ta+ ta- s b WEIGHTED<=6 @2  
INFO: Trying process: d d > ta+ ta- b b WEIGHTED<=6 @2  
INFO: Trying process: d s > e+ e- d d WEIGHTED<=6 @2  
INFO: Trying process: d s > e+ e- d s WEIGHTED<=6 @2  
INFO: Process has 8 diagrams 
INFO: Trying process: d s > e+ e- d b WEIGHTED<=6 @2  
INFO: Trying process: d s > e+ e- s s WEIGHTED<=6 @2  
INFO: Trying process: d s > e+ e- s b WEIGHTED<=6 @2  
INFO: Trying process: d s > e+ e- b b WEIGHTED<=6 @2  
INFO: Trying process: d s > e+ mu- d d WEIGHTED<=6 @2  
INFO: Trying process: d s > e+ mu- d s WEIGHTED<=6 @2  
INFO: Trying process: d s > e+ mu- d b WEIGHTED<=6 @2  
INFO: Trying process: d s > e+ mu- s s WEIGHTED<=6 @2  
INFO: Trying process: d s > e+ mu- s b WEIGHTED<=6 @2  
INFO: Trying process: d s > e+ mu- b b WEIGHTED<=6 @2  
INFO: Trying process: d s > e+ ta- d d WEIGHTED<=6 @2  
INFO: Trying process: d s > e+ ta- d s WEIGHTED<=6 @2  
INFO: Trying process: d s > e+ ta- d b WEIGHTED<=6 @2  
INFO: Trying process: d s > e+ ta- s s WEIGHTED<=6 @2  
INFO: Trying process: d s > e+ ta- s b WEIGHTED<=6 @2  
INFO: Trying process: d s > e+ ta- b b WEIGHTED<=6 @2  
INFO: Trying process: d s > mu+ e- d d WEIGHTED<=6 @2  
INFO: Trying process: d s > mu+ e- d s WEIGHTED<=6 @2  
INFO: Trying process: d s > mu+ e- d b WEIGHTED<=6 @2  
INFO: Trying process: d s > mu+ e- s s WEIGHTED<=6 @2  
INFO: Trying process: d s > mu+ e- s b WEIGHTED<=6 @2  
INFO: Trying process: d s > mu+ e- b b WEIGHTED<=6 @2  
INFO: Trying process: d s > mu+ mu- d d WEIGHTED<=6 @2  
INFO: Trying process: d s > mu+ mu- d s WEIGHTED<=6 @2  
INFO: Process has 8 diagrams 
INFO: Trying process: d s > mu+ mu- d b WEIGHTED<=6 @2  
INFO: Trying process: d s > mu+ mu- s s WEIGHTED<=6 @2  
INFO: Trying process: d s > mu+ mu- s b WEIGHTED<=6 @2  
INFO: Trying process: d s > mu+ mu- b b WEIGHTED<=6 @2  
INFO: Trying process: d s > mu+ ta- d d WEIGHTED<=6 @2  
INFO: Trying process: d s > mu+ ta- d s WEIGHTED<=6 @2  
INFO: Trying process: d s > mu+ ta- d b WEIGHTED<=6 @2  
INFO: Trying process: d s > mu+ ta- s s WEIGHTED<=6 @2  
INFO: Trying process: d s > mu+ ta- s b WEIGHTED<=6 @2  
INFO: Trying process: d s > mu+ ta- b b WEIGHTED<=6 @2  
INFO: Trying process: d s > ta+ e- d d WEIGHTED<=6 @2  
INFO: Trying process: d s > ta+ e- d s WEIGHTED<=6 @2  
INFO: Trying process: d s > ta+ e- d b WEIGHTED<=6 @2  
INFO: Trying process: d s > ta+ e- s s WEIGHTED<=6 @2  
INFO: Trying process: d s > ta+ e- s b WEIGHTED<=6 @2  
INFO: Trying process: d s > ta+ e- b b WEIGHTED<=6 @2  
INFO: Trying process: d s > ta+ mu- d d WEIGHTED<=6 @2  
INFO: Trying process: d s > ta+ mu- d s WEIGHTED<=6 @2  
INFO: Trying process: d s > ta+ mu- d b WEIGHTED<=6 @2  
INFO: Trying process: d s > ta+ mu- s s WEIGHTED<=6 @2  
INFO: Trying process: d s > ta+ mu- s b WEIGHTED<=6 @2  
INFO: Trying process: d s > ta+ mu- b b WEIGHTED<=6 @2  
INFO: Trying process: d s > ta+ ta- d d WEIGHTED<=6 @2  
INFO: Trying process: d s > ta+ ta- d s WEIGHTED<=6 @2  
INFO: Process has 8 diagrams 
INFO: Trying process: d s > ta+ ta- d b WEIGHTED<=6 @2  
INFO: Trying process: d s > ta+ ta- s s WEIGHTED<=6 @2  
INFO: Trying process: d s > ta+ ta- s b WEIGHTED<=6 @2  
INFO: Trying process: d s > ta+ ta- b b WEIGHTED<=6 @2  
INFO: Crossed process found for d u~ > e+ e- d u~, reuse diagrams. 
INFO: Crossed process found for d u~ > mu+ mu- d u~, reuse diagrams. 
INFO: Crossed process found for d u~ > ta+ ta- d u~, reuse diagrams. 
INFO: Crossed process found for d c~ > e+ e- d c~, reuse diagrams. 
INFO: Crossed process found for d c~ > mu+ mu- d c~, reuse diagrams. 
INFO: Crossed process found for d c~ > ta+ ta- d c~, reuse diagrams. 
INFO: Crossed process found for d d~ > e+ e- g g, reuse diagrams. 
INFO: Crossed process found for d d~ > e+ e- u u~, reuse diagrams. 
INFO: Crossed process found for d d~ > e+ e- c c~, reuse diagrams. 
INFO: Crossed process found for d d~ > e+ e- d d~, reuse diagrams. 
INFO: Trying process: d d~ > e+ e- d b~ WEIGHTED<=6 @2  
INFO: Crossed process found for d d~ > e+ e- s s~, reuse diagrams. 
INFO: Trying process: d d~ > e+ e- s b~ WEIGHTED<=6 @2  
INFO: Trying process: d d~ > e+ e- b b~ WEIGHTED<=6 @2  
INFO: Process has 8 diagrams 
INFO: Trying process: d d~ > e+ mu- d b~ WEIGHTED<=6 @2  
INFO: Trying process: d d~ > e+ mu- s b~ WEIGHTED<=6 @2  
INFO: Trying process: d d~ > e+ mu- b b~ WEIGHTED<=6 @2  
INFO: Trying process: d d~ > e+ ta- d b~ WEIGHTED<=6 @2  
INFO: Trying process: d d~ > e+ ta- s b~ WEIGHTED<=6 @2  
INFO: Trying process: d d~ > e+ ta- b b~ WEIGHTED<=6 @2  
INFO: Trying process: d d~ > mu+ e- d b~ WEIGHTED<=6 @2  
INFO: Trying process: d d~ > mu+ e- s b~ WEIGHTED<=6 @2  
INFO: Trying process: d d~ > mu+ e- b b~ WEIGHTED<=6 @2  
INFO: Crossed process found for d d~ > mu+ mu- g g, reuse diagrams. 
INFO: Crossed process found for d d~ > mu+ mu- u u~, reuse diagrams. 
INFO: Crossed process found for d d~ > mu+ mu- c c~, reuse diagrams. 
INFO: Crossed process found for d d~ > mu+ mu- d d~, reuse diagrams. 
INFO: Trying process: d d~ > mu+ mu- d b~ WEIGHTED<=6 @2  
INFO: Crossed process found for d d~ > mu+ mu- s s~, reuse diagrams. 
INFO: Trying process: d d~ > mu+ mu- s b~ WEIGHTED<=6 @2  
INFO: Trying process: d d~ > mu+ mu- b b~ WEIGHTED<=6 @2  
INFO: Process has 8 diagrams 
INFO: Trying process: d d~ > mu+ ta- d b~ WEIGHTED<=6 @2  
INFO: Trying process: d d~ > mu+ ta- s b~ WEIGHTED<=6 @2  
INFO: Trying process: d d~ > mu+ ta- b b~ WEIGHTED<=6 @2  
INFO: Trying process: d d~ > ta+ e- d b~ WEIGHTED<=6 @2  
INFO: Trying process: d d~ > ta+ e- s b~ WEIGHTED<=6 @2  
INFO: Trying process: d d~ > ta+ e- b b~ WEIGHTED<=6 @2  
INFO: Trying process: d d~ > ta+ mu- d b~ WEIGHTED<=6 @2  
INFO: Trying process: d d~ > ta+ mu- s b~ WEIGHTED<=6 @2  
INFO: Trying process: d d~ > ta+ mu- b b~ WEIGHTED<=6 @2  
INFO: Crossed process found for d d~ > ta+ ta- g g, reuse diagrams. 
INFO: Crossed process found for d d~ > ta+ ta- u u~, reuse diagrams. 
INFO: Crossed process found for d d~ > ta+ ta- c c~, reuse diagrams. 
INFO: Crossed process found for d d~ > ta+ ta- d d~, reuse diagrams. 
INFO: Trying process: d d~ > ta+ ta- d b~ WEIGHTED<=6 @2  
INFO: Crossed process found for d d~ > ta+ ta- s s~, reuse diagrams. 
INFO: Trying process: d d~ > ta+ ta- s b~ WEIGHTED<=6 @2  
INFO: Trying process: d d~ > ta+ ta- b b~ WEIGHTED<=6 @2  
INFO: Process has 8 diagrams 
INFO: Crossed process found for d s~ > e+ e- d s~, reuse diagrams. 
INFO: Trying process: d s~ > e+ e- s b~ WEIGHTED<=6 @2  
INFO: Trying process: d s~ > e+ e- b b~ WEIGHTED<=6 @2  
INFO: Trying process: d s~ > e+ mu- s b~ WEIGHTED<=6 @2  
INFO: Trying process: d s~ > e+ mu- b b~ WEIGHTED<=6 @2  
INFO: Trying process: d s~ > e+ ta- s b~ WEIGHTED<=6 @2  
INFO: Trying process: d s~ > e+ ta- b b~ WEIGHTED<=6 @2  
INFO: Trying process: d s~ > mu+ e- s b~ WEIGHTED<=6 @2  
INFO: Trying process: d s~ > mu+ e- b b~ WEIGHTED<=6 @2  
INFO: Crossed process found for d s~ > mu+ mu- d s~, reuse diagrams. 
INFO: Trying process: d s~ > mu+ mu- s b~ WEIGHTED<=6 @2  
INFO: Trying process: d s~ > mu+ mu- b b~ WEIGHTED<=6 @2  
INFO: Trying process: d s~ > mu+ ta- s b~ WEIGHTED<=6 @2  
INFO: Trying process: d s~ > mu+ ta- b b~ WEIGHTED<=6 @2  
INFO: Trying process: d s~ > ta+ e- s b~ WEIGHTED<=6 @2  
INFO: Trying process: d s~ > ta+ e- b b~ WEIGHTED<=6 @2  
INFO: Trying process: d s~ > ta+ mu- s b~ WEIGHTED<=6 @2  
INFO: Trying process: d s~ > ta+ mu- b b~ WEIGHTED<=6 @2  
INFO: Crossed process found for d s~ > ta+ ta- d s~, reuse diagrams. 
INFO: Trying process: d s~ > ta+ ta- s b~ WEIGHTED<=6 @2  
INFO: Trying process: d s~ > ta+ ta- b b~ WEIGHTED<=6 @2  
INFO: Crossed process found for d b > e+ e- d b, reuse diagrams. 
INFO: Trying process: d b > e+ e- b b WEIGHTED<=6 @2  
INFO: Trying process: d b > e+ mu- b b WEIGHTED<=6 @2  
INFO: Trying process: d b > e+ ta- b b WEIGHTED<=6 @2  
INFO: Trying process: d b > mu+ e- b b WEIGHTED<=6 @2  
INFO: Crossed process found for d b > mu+ mu- d b, reuse diagrams. 
INFO: Trying process: d b > mu+ mu- b b WEIGHTED<=6 @2  
INFO: Trying process: d b > mu+ ta- b b WEIGHTED<=6 @2  
INFO: Trying process: d b > ta+ e- b b WEIGHTED<=6 @2  
INFO: Trying process: d b > ta+ mu- b b WEIGHTED<=6 @2  
INFO: Crossed process found for d b > ta+ ta- d b, reuse diagrams. 
INFO: Trying process: d b > ta+ ta- b b WEIGHTED<=6 @2  
INFO: Crossed process found for d b~ > e+ e- d b~, reuse diagrams. 
INFO: Crossed process found for d b~ > mu+ mu- d b~, reuse diagrams. 
INFO: Crossed process found for d b~ > ta+ ta- d b~, reuse diagrams. 
INFO: Process s g > e+ e- g s added to mirror process g s > e+ e- g s 
INFO: Process s g > mu+ mu- g s added to mirror process g s > mu+ mu- g s 
INFO: Process s g > ta+ ta- g s added to mirror process g s > ta+ ta- g s 
INFO: Process s u > e+ e- u s added to mirror process u s > e+ e- u s 
INFO: Process s u > mu+ mu- u s added to mirror process u s > mu+ mu- u s 
INFO: Process s u > ta+ ta- u s added to mirror process u s > ta+ ta- u s 
INFO: Process s c > e+ e- c s added to mirror process c s > e+ e- c s 
INFO: Process s c > mu+ mu- c s added to mirror process c s > mu+ mu- c s 
INFO: Process s c > ta+ ta- c s added to mirror process c s > ta+ ta- c s 
INFO: Process s d > e+ e- d s added to mirror process d s > e+ e- d s 
INFO: Process s d > mu+ mu- d s added to mirror process d s > mu+ mu- d s 
INFO: Process s d > ta+ ta- d s added to mirror process d s > ta+ ta- d s 
INFO: Trying process: s s > e+ e- d d WEIGHTED<=6 @2  
INFO: Trying process: s s > e+ e- d s WEIGHTED<=6 @2  
INFO: Trying process: s s > e+ e- d b WEIGHTED<=6 @2  
INFO: Trying process: s s > e+ e- s s WEIGHTED<=6 @2  
INFO: Process has 16 diagrams 
INFO: Trying process: s s > e+ e- s b WEIGHTED<=6 @2  
INFO: Trying process: s s > e+ e- b b WEIGHTED<=6 @2  
INFO: Trying process: s s > e+ mu- d d WEIGHTED<=6 @2  
INFO: Trying process: s s > e+ mu- d s WEIGHTED<=6 @2  
INFO: Trying process: s s > e+ mu- d b WEIGHTED<=6 @2  
INFO: Trying process: s s > e+ mu- s s WEIGHTED<=6 @2  
INFO: Trying process: s s > e+ mu- s b WEIGHTED<=6 @2  
INFO: Trying process: s s > e+ mu- b b WEIGHTED<=6 @2  
INFO: Trying process: s s > e+ ta- d d WEIGHTED<=6 @2  
INFO: Trying process: s s > e+ ta- d s WEIGHTED<=6 @2  
INFO: Trying process: s s > e+ ta- d b WEIGHTED<=6 @2  
INFO: Trying process: s s > e+ ta- s s WEIGHTED<=6 @2  
INFO: Trying process: s s > e+ ta- s b WEIGHTED<=6 @2  
INFO: Trying process: s s > e+ ta- b b WEIGHTED<=6 @2  
INFO: Trying process: s s > mu+ e- d d WEIGHTED<=6 @2  
INFO: Trying process: s s > mu+ e- d s WEIGHTED<=6 @2  
INFO: Trying process: s s > mu+ e- d b WEIGHTED<=6 @2  
INFO: Trying process: s s > mu+ e- s s WEIGHTED<=6 @2  
INFO: Trying process: s s > mu+ e- s b WEIGHTED<=6 @2  
INFO: Trying process: s s > mu+ e- b b WEIGHTED<=6 @2  
INFO: Trying process: s s > mu+ mu- d d WEIGHTED<=6 @2  
INFO: Trying process: s s > mu+ mu- d s WEIGHTED<=6 @2  
INFO: Trying process: s s > mu+ mu- d b WEIGHTED<=6 @2  
INFO: Trying process: s s > mu+ mu- s s WEIGHTED<=6 @2  
INFO: Process has 16 diagrams 
INFO: Trying process: s s > mu+ mu- s b WEIGHTED<=6 @2  
INFO: Trying process: s s > mu+ mu- b b WEIGHTED<=6 @2  
INFO: Trying process: s s > mu+ ta- d d WEIGHTED<=6 @2  
INFO: Trying process: s s > mu+ ta- d s WEIGHTED<=6 @2  
INFO: Trying process: s s > mu+ ta- d b WEIGHTED<=6 @2  
INFO: Trying process: s s > mu+ ta- s s WEIGHTED<=6 @2  
INFO: Trying process: s s > mu+ ta- s b WEIGHTED<=6 @2  
INFO: Trying process: s s > mu+ ta- b b WEIGHTED<=6 @2  
INFO: Trying process: s s > ta+ e- d d WEIGHTED<=6 @2  
INFO: Trying process: s s > ta+ e- d s WEIGHTED<=6 @2  
INFO: Trying process: s s > ta+ e- d b WEIGHTED<=6 @2  
INFO: Trying process: s s > ta+ e- s s WEIGHTED<=6 @2  
INFO: Trying process: s s > ta+ e- s b WEIGHTED<=6 @2  
INFO: Trying process: s s > ta+ e- b b WEIGHTED<=6 @2  
INFO: Trying process: s s > ta+ mu- d d WEIGHTED<=6 @2  
INFO: Trying process: s s > ta+ mu- d s WEIGHTED<=6 @2  
INFO: Trying process: s s > ta+ mu- d b WEIGHTED<=6 @2  
INFO: Trying process: s s > ta+ mu- s s WEIGHTED<=6 @2  
INFO: Trying process: s s > ta+ mu- s b WEIGHTED<=6 @2  
INFO: Trying process: s s > ta+ mu- b b WEIGHTED<=6 @2  
INFO: Trying process: s s > ta+ ta- d d WEIGHTED<=6 @2  
INFO: Trying process: s s > ta+ ta- d s WEIGHTED<=6 @2  
INFO: Trying process: s s > ta+ ta- d b WEIGHTED<=6 @2  
INFO: Trying process: s s > ta+ ta- s s WEIGHTED<=6 @2  
INFO: Process has 16 diagrams 
INFO: Trying process: s s > ta+ ta- s b WEIGHTED<=6 @2  
INFO: Trying process: s s > ta+ ta- b b WEIGHTED<=6 @2  
INFO: Crossed process found for s u~ > e+ e- s u~, reuse diagrams. 
INFO: Crossed process found for s u~ > mu+ mu- s u~, reuse diagrams. 
INFO: Crossed process found for s u~ > ta+ ta- s u~, reuse diagrams. 
INFO: Crossed process found for s c~ > e+ e- s c~, reuse diagrams. 
INFO: Crossed process found for s c~ > mu+ mu- s c~, reuse diagrams. 
INFO: Crossed process found for s c~ > ta+ ta- s c~, reuse diagrams. 
INFO: Trying process: s d~ > e+ e- d b~ WEIGHTED<=6 @2  
INFO: Crossed process found for s d~ > e+ e- s d~, reuse diagrams. 
INFO: Trying process: s d~ > e+ e- s b~ WEIGHTED<=6 @2  
INFO: Trying process: s d~ > e+ e- b b~ WEIGHTED<=6 @2  
INFO: Trying process: s d~ > e+ mu- d b~ WEIGHTED<=6 @2  
INFO: Trying process: s d~ > e+ mu- s b~ WEIGHTED<=6 @2  
INFO: Trying process: s d~ > e+ mu- b b~ WEIGHTED<=6 @2  
INFO: Trying process: s d~ > e+ ta- d b~ WEIGHTED<=6 @2  
INFO: Trying process: s d~ > e+ ta- s b~ WEIGHTED<=6 @2  
INFO: Trying process: s d~ > e+ ta- b b~ WEIGHTED<=6 @2  
INFO: Trying process: s d~ > mu+ e- d b~ WEIGHTED<=6 @2  
INFO: Trying process: s d~ > mu+ e- s b~ WEIGHTED<=6 @2  
INFO: Trying process: s d~ > mu+ e- b b~ WEIGHTED<=6 @2  
INFO: Trying process: s d~ > mu+ mu- d b~ WEIGHTED<=6 @2  
INFO: Crossed process found for s d~ > mu+ mu- s d~, reuse diagrams. 
INFO: Trying process: s d~ > mu+ mu- s b~ WEIGHTED<=6 @2  
INFO: Trying process: s d~ > mu+ mu- b b~ WEIGHTED<=6 @2  
INFO: Trying process: s d~ > mu+ ta- d b~ WEIGHTED<=6 @2  
INFO: Trying process: s d~ > mu+ ta- s b~ WEIGHTED<=6 @2  
INFO: Trying process: s d~ > mu+ ta- b b~ WEIGHTED<=6 @2  
INFO: Trying process: s d~ > ta+ e- d b~ WEIGHTED<=6 @2  
INFO: Trying process: s d~ > ta+ e- s b~ WEIGHTED<=6 @2  
INFO: Trying process: s d~ > ta+ e- b b~ WEIGHTED<=6 @2  
INFO: Trying process: s d~ > ta+ mu- d b~ WEIGHTED<=6 @2  
INFO: Trying process: s d~ > ta+ mu- s b~ WEIGHTED<=6 @2  
INFO: Trying process: s d~ > ta+ mu- b b~ WEIGHTED<=6 @2  
INFO: Trying process: s d~ > ta+ ta- d b~ WEIGHTED<=6 @2  
INFO: Crossed process found for s d~ > ta+ ta- s d~, reuse diagrams. 
INFO: Trying process: s d~ > ta+ ta- s b~ WEIGHTED<=6 @2  
INFO: Trying process: s d~ > ta+ ta- b b~ WEIGHTED<=6 @2  
INFO: Crossed process found for s s~ > e+ e- g g, reuse diagrams. 
INFO: Crossed process found for s s~ > e+ e- u u~, reuse diagrams. 
INFO: Crossed process found for s s~ > e+ e- c c~, reuse diagrams. 
INFO: Crossed process found for s s~ > e+ e- d d~, reuse diagrams. 
INFO: Crossed process found for s s~ > e+ e- s s~, reuse diagrams. 
INFO: Trying process: s s~ > e+ e- s b~ WEIGHTED<=6 @2  
INFO: Trying process: s s~ > e+ e- b b~ WEIGHTED<=6 @2  
INFO: Process has 8 diagrams 
INFO: Trying process: s s~ > e+ mu- s b~ WEIGHTED<=6 @2  
INFO: Trying process: s s~ > e+ mu- b b~ WEIGHTED<=6 @2  
INFO: Trying process: s s~ > e+ ta- s b~ WEIGHTED<=6 @2  
INFO: Trying process: s s~ > e+ ta- b b~ WEIGHTED<=6 @2  
INFO: Trying process: s s~ > mu+ e- s b~ WEIGHTED<=6 @2  
INFO: Trying process: s s~ > mu+ e- b b~ WEIGHTED<=6 @2  
INFO: Crossed process found for s s~ > mu+ mu- g g, reuse diagrams. 
INFO: Crossed process found for s s~ > mu+ mu- u u~, reuse diagrams. 
INFO: Crossed process found for s s~ > mu+ mu- c c~, reuse diagrams. 
INFO: Crossed process found for s s~ > mu+ mu- d d~, reuse diagrams. 
INFO: Crossed process found for s s~ > mu+ mu- s s~, reuse diagrams. 
INFO: Trying process: s s~ > mu+ mu- s b~ WEIGHTED<=6 @2  
INFO: Trying process: s s~ > mu+ mu- b b~ WEIGHTED<=6 @2  
INFO: Process has 8 diagrams 
INFO: Trying process: s s~ > mu+ ta- s b~ WEIGHTED<=6 @2  
INFO: Trying process: s s~ > mu+ ta- b b~ WEIGHTED<=6 @2  
INFO: Trying process: s s~ > ta+ e- s b~ WEIGHTED<=6 @2  
INFO: Trying process: s s~ > ta+ e- b b~ WEIGHTED<=6 @2  
INFO: Trying process: s s~ > ta+ mu- s b~ WEIGHTED<=6 @2  
INFO: Trying process: s s~ > ta+ mu- b b~ WEIGHTED<=6 @2  
INFO: Crossed process found for s s~ > ta+ ta- g g, reuse diagrams. 
INFO: Crossed process found for s s~ > ta+ ta- u u~, reuse diagrams. 
INFO: Crossed process found for s s~ > ta+ ta- c c~, reuse diagrams. 
INFO: Crossed process found for s s~ > ta+ ta- d d~, reuse diagrams. 
INFO: Crossed process found for s s~ > ta+ ta- s s~, reuse diagrams. 
INFO: Trying process: s s~ > ta+ ta- s b~ WEIGHTED<=6 @2  
INFO: Trying process: s s~ > ta+ ta- b b~ WEIGHTED<=6 @2  
INFO: Process has 8 diagrams 
INFO: Crossed process found for s b > e+ e- s b, reuse diagrams. 
INFO: Trying process: s b > e+ e- b b WEIGHTED<=6 @2  
INFO: Trying process: s b > e+ mu- b b WEIGHTED<=6 @2  
INFO: Trying process: s b > e+ ta- b b WEIGHTED<=6 @2  
INFO: Trying process: s b > mu+ e- b b WEIGHTED<=6 @2  
INFO: Crossed process found for s b > mu+ mu- s b, reuse diagrams. 
INFO: Trying process: s b > mu+ mu- b b WEIGHTED<=6 @2  
INFO: Trying process: s b > mu+ ta- b b WEIGHTED<=6 @2  
INFO: Trying process: s b > ta+ e- b b WEIGHTED<=6 @2  
INFO: Trying process: s b > ta+ mu- b b WEIGHTED<=6 @2  
INFO: Crossed process found for s b > ta+ ta- s b, reuse diagrams. 
INFO: Trying process: s b > ta+ ta- b b WEIGHTED<=6 @2  
INFO: Crossed process found for s b~ > e+ e- s b~, reuse diagrams. 
INFO: Crossed process found for s b~ > mu+ mu- s b~, reuse diagrams. 
INFO: Crossed process found for s b~ > ta+ ta- s b~, reuse diagrams. 
INFO: Process u~ g > e+ e- g u~ added to mirror process g u~ > e+ e- g u~ 
INFO: Process u~ g > mu+ mu- g u~ added to mirror process g u~ > mu+ mu- g u~ 
INFO: Process u~ g > ta+ ta- g u~ added to mirror process g u~ > ta+ ta- g u~ 
INFO: Process u~ u > e+ e- g g added to mirror process u u~ > e+ e- g g 
INFO: Process u~ u > e+ e- u u~ added to mirror process u u~ > e+ e- u u~ 
INFO: Process u~ u > e+ e- c c~ added to mirror process u u~ > e+ e- c c~ 
INFO: Process u~ u > e+ e- d d~ added to mirror process u u~ > e+ e- d d~ 
INFO: Process u~ u > e+ e- s s~ added to mirror process u u~ > e+ e- s s~ 
INFO: Process u~ u > e+ e- b b~ added to mirror process u u~ > e+ e- b b~ 
INFO: Process u~ u > mu+ mu- g g added to mirror process u u~ > mu+ mu- g g 
INFO: Process u~ u > mu+ mu- u u~ added to mirror process u u~ > mu+ mu- u u~ 
INFO: Process u~ u > mu+ mu- c c~ added to mirror process u u~ > mu+ mu- c c~ 
INFO: Process u~ u > mu+ mu- d d~ added to mirror process u u~ > mu+ mu- d d~ 
INFO: Process u~ u > mu+ mu- s s~ added to mirror process u u~ > mu+ mu- s s~ 
INFO: Process u~ u > mu+ mu- b b~ added to mirror process u u~ > mu+ mu- b b~ 
INFO: Process u~ u > ta+ ta- g g added to mirror process u u~ > ta+ ta- g g 
INFO: Process u~ u > ta+ ta- u u~ added to mirror process u u~ > ta+ ta- u u~ 
INFO: Process u~ u > ta+ ta- c c~ added to mirror process u u~ > ta+ ta- c c~ 
INFO: Process u~ u > ta+ ta- d d~ added to mirror process u u~ > ta+ ta- d d~ 
INFO: Process u~ u > ta+ ta- s s~ added to mirror process u u~ > ta+ ta- s s~ 
INFO: Process u~ u > ta+ ta- b b~ added to mirror process u u~ > ta+ ta- b b~ 
INFO: Process u~ c > e+ e- c u~ added to mirror process c u~ > e+ e- c u~ 
INFO: Process u~ c > mu+ mu- c u~ added to mirror process c u~ > mu+ mu- c u~ 
INFO: Process u~ c > ta+ ta- c u~ added to mirror process c u~ > ta+ ta- c u~ 
INFO: Process u~ d > e+ e- d u~ added to mirror process d u~ > e+ e- d u~ 
INFO: Process u~ d > mu+ mu- d u~ added to mirror process d u~ > mu+ mu- d u~ 
INFO: Process u~ d > ta+ ta- d u~ added to mirror process d u~ > ta+ ta- d u~ 
INFO: Process u~ s > e+ e- s u~ added to mirror process s u~ > e+ e- s u~ 
INFO: Process u~ s > mu+ mu- s u~ added to mirror process s u~ > mu+ mu- s u~ 
INFO: Process u~ s > ta+ ta- s u~ added to mirror process s u~ > ta+ ta- s u~ 
INFO: Crossed process found for u~ u~ > e+ e- u~ u~, reuse diagrams. 
INFO: Crossed process found for u~ u~ > mu+ mu- u~ u~, reuse diagrams. 
INFO: Crossed process found for u~ u~ > ta+ ta- u~ u~, reuse diagrams. 
INFO: Crossed process found for u~ c~ > e+ e- u~ c~, reuse diagrams. 
INFO: Crossed process found for u~ c~ > mu+ mu- u~ c~, reuse diagrams. 
INFO: Crossed process found for u~ c~ > ta+ ta- u~ c~, reuse diagrams. 
INFO: Crossed process found for u~ d~ > e+ e- u~ d~, reuse diagrams. 
INFO: Crossed process found for u~ d~ > mu+ mu- u~ d~, reuse diagrams. 
INFO: Crossed process found for u~ d~ > ta+ ta- u~ d~, reuse diagrams. 
INFO: Crossed process found for u~ s~ > e+ e- u~ s~, reuse diagrams. 
INFO: Crossed process found for u~ s~ > mu+ mu- u~ s~, reuse diagrams. 
INFO: Crossed process found for u~ s~ > ta+ ta- u~ s~, reuse diagrams. 
INFO: Crossed process found for u~ b > e+ e- b u~, reuse diagrams. 
INFO: Crossed process found for u~ b > mu+ mu- b u~, reuse diagrams. 
INFO: Crossed process found for u~ b > ta+ ta- b u~, reuse diagrams. 
INFO: Crossed process found for u~ b~ > e+ e- u~ b~, reuse diagrams. 
INFO: Crossed process found for u~ b~ > mu+ mu- u~ b~, reuse diagrams. 
INFO: Crossed process found for u~ b~ > ta+ ta- u~ b~, reuse diagrams. 
INFO: Process c~ g > e+ e- g c~ added to mirror process g c~ > e+ e- g c~ 
INFO: Process c~ g > mu+ mu- g c~ added to mirror process g c~ > mu+ mu- g c~ 
INFO: Process c~ g > ta+ ta- g c~ added to mirror process g c~ > ta+ ta- g c~ 
INFO: Process c~ u > e+ e- u c~ added to mirror process u c~ > e+ e- u c~ 
INFO: Process c~ u > mu+ mu- u c~ added to mirror process u c~ > mu+ mu- u c~ 
INFO: Process c~ u > ta+ ta- u c~ added to mirror process u c~ > ta+ ta- u c~ 
INFO: Process c~ c > e+ e- g g added to mirror process c c~ > e+ e- g g 
INFO: Process c~ c > e+ e- u u~ added to mirror process c c~ > e+ e- u u~ 
INFO: Process c~ c > e+ e- c c~ added to mirror process c c~ > e+ e- c c~ 
INFO: Process c~ c > e+ e- d d~ added to mirror process c c~ > e+ e- d d~ 
INFO: Process c~ c > e+ e- s s~ added to mirror process c c~ > e+ e- s s~ 
INFO: Process c~ c > e+ e- b b~ added to mirror process c c~ > e+ e- b b~ 
INFO: Process c~ c > mu+ mu- g g added to mirror process c c~ > mu+ mu- g g 
INFO: Process c~ c > mu+ mu- u u~ added to mirror process c c~ > mu+ mu- u u~ 
INFO: Process c~ c > mu+ mu- c c~ added to mirror process c c~ > mu+ mu- c c~ 
INFO: Process c~ c > mu+ mu- d d~ added to mirror process c c~ > mu+ mu- d d~ 
INFO: Process c~ c > mu+ mu- s s~ added to mirror process c c~ > mu+ mu- s s~ 
INFO: Process c~ c > mu+ mu- b b~ added to mirror process c c~ > mu+ mu- b b~ 
INFO: Process c~ c > ta+ ta- g g added to mirror process c c~ > ta+ ta- g g 
INFO: Process c~ c > ta+ ta- u u~ added to mirror process c c~ > ta+ ta- u u~ 
INFO: Process c~ c > ta+ ta- c c~ added to mirror process c c~ > ta+ ta- c c~ 
INFO: Process c~ c > ta+ ta- d d~ added to mirror process c c~ > ta+ ta- d d~ 
INFO: Process c~ c > ta+ ta- s s~ added to mirror process c c~ > ta+ ta- s s~ 
INFO: Process c~ c > ta+ ta- b b~ added to mirror process c c~ > ta+ ta- b b~ 
INFO: Process c~ d > e+ e- d c~ added to mirror process d c~ > e+ e- d c~ 
INFO: Process c~ d > mu+ mu- d c~ added to mirror process d c~ > mu+ mu- d c~ 
INFO: Process c~ d > ta+ ta- d c~ added to mirror process d c~ > ta+ ta- d c~ 
INFO: Process c~ s > e+ e- s c~ added to mirror process s c~ > e+ e- s c~ 
INFO: Process c~ s > mu+ mu- s c~ added to mirror process s c~ > mu+ mu- s c~ 
INFO: Process c~ s > ta+ ta- s c~ added to mirror process s c~ > ta+ ta- s c~ 
INFO: Process c~ u~ > e+ e- u~ c~ added to mirror process u~ c~ > e+ e- u~ c~ 
INFO: Process c~ u~ > mu+ mu- u~ c~ added to mirror process u~ c~ > mu+ mu- u~ c~ 
INFO: Process c~ u~ > ta+ ta- u~ c~ added to mirror process u~ c~ > ta+ ta- u~ c~ 
INFO: Crossed process found for c~ c~ > e+ e- c~ c~, reuse diagrams. 
INFO: Crossed process found for c~ c~ > mu+ mu- c~ c~, reuse diagrams. 
INFO: Crossed process found for c~ c~ > ta+ ta- c~ c~, reuse diagrams. 
INFO: Crossed process found for c~ d~ > e+ e- c~ d~, reuse diagrams. 
INFO: Crossed process found for c~ d~ > mu+ mu- c~ d~, reuse diagrams. 
INFO: Crossed process found for c~ d~ > ta+ ta- c~ d~, reuse diagrams. 
INFO: Crossed process found for c~ s~ > e+ e- c~ s~, reuse diagrams. 
INFO: Crossed process found for c~ s~ > mu+ mu- c~ s~, reuse diagrams. 
INFO: Crossed process found for c~ s~ > ta+ ta- c~ s~, reuse diagrams. 
INFO: Crossed process found for c~ b > e+ e- b c~, reuse diagrams. 
INFO: Crossed process found for c~ b > mu+ mu- b c~, reuse diagrams. 
INFO: Crossed process found for c~ b > ta+ ta- b c~, reuse diagrams. 
INFO: Crossed process found for c~ b~ > e+ e- c~ b~, reuse diagrams. 
INFO: Crossed process found for c~ b~ > mu+ mu- c~ b~, reuse diagrams. 
INFO: Crossed process found for c~ b~ > ta+ ta- c~ b~, reuse diagrams. 
INFO: Process d~ g > e+ e- g d~ added to mirror process g d~ > e+ e- g d~ 
INFO: Process d~ g > mu+ mu- g d~ added to mirror process g d~ > mu+ mu- g d~ 
INFO: Process d~ g > ta+ ta- g d~ added to mirror process g d~ > ta+ ta- g d~ 
INFO: Process d~ u > e+ e- u d~ added to mirror process u d~ > e+ e- u d~ 
INFO: Process d~ u > mu+ mu- u d~ added to mirror process u d~ > mu+ mu- u d~ 
INFO: Process d~ u > ta+ ta- u d~ added to mirror process u d~ > ta+ ta- u d~ 
INFO: Process d~ c > e+ e- c d~ added to mirror process c d~ > e+ e- c d~ 
INFO: Process d~ c > mu+ mu- c d~ added to mirror process c d~ > mu+ mu- c d~ 
INFO: Process d~ c > ta+ ta- c d~ added to mirror process c d~ > ta+ ta- c d~ 
INFO: Process d~ d > e+ e- g g added to mirror process d d~ > e+ e- g g 
INFO: Process d~ d > e+ e- u u~ added to mirror process d d~ > e+ e- u u~ 
INFO: Process d~ d > e+ e- c c~ added to mirror process d d~ > e+ e- c c~ 
INFO: Process d~ d > e+ e- d d~ added to mirror process d d~ > e+ e- d d~ 
INFO: Process d~ d > e+ e- s s~ added to mirror process d d~ > e+ e- s s~ 
INFO: Process d~ d > e+ e- b b~ added to mirror process d d~ > e+ e- b b~ 
INFO: Process d~ d > mu+ mu- g g added to mirror process d d~ > mu+ mu- g g 
INFO: Process d~ d > mu+ mu- u u~ added to mirror process d d~ > mu+ mu- u u~ 
INFO: Process d~ d > mu+ mu- c c~ added to mirror process d d~ > mu+ mu- c c~ 
INFO: Process d~ d > mu+ mu- d d~ added to mirror process d d~ > mu+ mu- d d~ 
INFO: Process d~ d > mu+ mu- s s~ added to mirror process d d~ > mu+ mu- s s~ 
INFO: Process d~ d > mu+ mu- b b~ added to mirror process d d~ > mu+ mu- b b~ 
INFO: Process d~ d > ta+ ta- g g added to mirror process d d~ > ta+ ta- g g 
INFO: Process d~ d > ta+ ta- u u~ added to mirror process d d~ > ta+ ta- u u~ 
INFO: Process d~ d > ta+ ta- c c~ added to mirror process d d~ > ta+ ta- c c~ 
INFO: Process d~ d > ta+ ta- d d~ added to mirror process d d~ > ta+ ta- d d~ 
INFO: Process d~ d > ta+ ta- s s~ added to mirror process d d~ > ta+ ta- s s~ 
INFO: Process d~ d > ta+ ta- b b~ added to mirror process d d~ > ta+ ta- b b~ 
INFO: Process d~ s > e+ e- s d~ added to mirror process s d~ > e+ e- s d~ 
INFO: Process d~ s > mu+ mu- s d~ added to mirror process s d~ > mu+ mu- s d~ 
INFO: Process d~ s > ta+ ta- s d~ added to mirror process s d~ > ta+ ta- s d~ 
INFO: Process d~ u~ > e+ e- u~ d~ added to mirror process u~ d~ > e+ e- u~ d~ 
INFO: Process d~ u~ > mu+ mu- u~ d~ added to mirror process u~ d~ > mu+ mu- u~ d~ 
INFO: Process d~ u~ > ta+ ta- u~ d~ added to mirror process u~ d~ > ta+ ta- u~ d~ 
INFO: Process d~ c~ > e+ e- c~ d~ added to mirror process c~ d~ > e+ e- c~ d~ 
INFO: Process d~ c~ > mu+ mu- c~ d~ added to mirror process c~ d~ > mu+ mu- c~ d~ 
INFO: Process d~ c~ > ta+ ta- c~ d~ added to mirror process c~ d~ > ta+ ta- c~ d~ 
INFO: Crossed process found for d~ d~ > e+ e- d~ d~, reuse diagrams. 
INFO: Trying process: d~ d~ > e+ e- b~ b~ WEIGHTED<=6 @2  
INFO: Trying process: d~ d~ > e+ mu- b~ b~ WEIGHTED<=6 @2  
INFO: Trying process: d~ d~ > e+ ta- b~ b~ WEIGHTED<=6 @2  
INFO: Trying process: d~ d~ > mu+ e- b~ b~ WEIGHTED<=6 @2  
INFO: Crossed process found for d~ d~ > mu+ mu- d~ d~, reuse diagrams. 
INFO: Trying process: d~ d~ > mu+ mu- b~ b~ WEIGHTED<=6 @2  
INFO: Trying process: d~ d~ > mu+ ta- b~ b~ WEIGHTED<=6 @2  
INFO: Trying process: d~ d~ > ta+ e- b~ b~ WEIGHTED<=6 @2  
INFO: Trying process: d~ d~ > ta+ mu- b~ b~ WEIGHTED<=6 @2  
INFO: Crossed process found for d~ d~ > ta+ ta- d~ d~, reuse diagrams. 
INFO: Trying process: d~ d~ > ta+ ta- b~ b~ WEIGHTED<=6 @2  
INFO: Crossed process found for d~ s~ > e+ e- d~ s~, reuse diagrams. 
INFO: Trying process: d~ s~ > e+ e- b~ b~ WEIGHTED<=6 @2  
INFO: Trying process: d~ s~ > e+ mu- b~ b~ WEIGHTED<=6 @2  
INFO: Trying process: d~ s~ > e+ ta- b~ b~ WEIGHTED<=6 @2  
INFO: Trying process: d~ s~ > mu+ e- b~ b~ WEIGHTED<=6 @2  
INFO: Crossed process found for d~ s~ > mu+ mu- d~ s~, reuse diagrams. 
INFO: Trying process: d~ s~ > mu+ mu- b~ b~ WEIGHTED<=6 @2  
INFO: Trying process: d~ s~ > mu+ ta- b~ b~ WEIGHTED<=6 @2  
INFO: Trying process: d~ s~ > ta+ e- b~ b~ WEIGHTED<=6 @2  
INFO: Trying process: d~ s~ > ta+ mu- b~ b~ WEIGHTED<=6 @2  
INFO: Crossed process found for d~ s~ > ta+ ta- d~ s~, reuse diagrams. 
INFO: Trying process: d~ s~ > ta+ ta- b~ b~ WEIGHTED<=6 @2  
INFO: Crossed process found for d~ b > e+ e- b d~, reuse diagrams. 
INFO: Trying process: d~ b > e+ e- b b~ WEIGHTED<=6 @2  
INFO: Trying process: d~ b > e+ mu- b b~ WEIGHTED<=6 @2  
INFO: Trying process: d~ b > e+ ta- b b~ WEIGHTED<=6 @2  
INFO: Trying process: d~ b > mu+ e- b b~ WEIGHTED<=6 @2  
INFO: Crossed process found for d~ b > mu+ mu- b d~, reuse diagrams. 
INFO: Trying process: d~ b > mu+ mu- b b~ WEIGHTED<=6 @2  
INFO: Trying process: d~ b > mu+ ta- b b~ WEIGHTED<=6 @2  
INFO: Trying process: d~ b > ta+ e- b b~ WEIGHTED<=6 @2  
INFO: Trying process: d~ b > ta+ mu- b b~ WEIGHTED<=6 @2  
INFO: Crossed process found for d~ b > ta+ ta- b d~, reuse diagrams. 
INFO: Trying process: d~ b > ta+ ta- b b~ WEIGHTED<=6 @2  
INFO: Crossed process found for d~ b~ > e+ e- d~ b~, reuse diagrams. 
INFO: Crossed process found for d~ b~ > mu+ mu- d~ b~, reuse diagrams. 
INFO: Crossed process found for d~ b~ > ta+ ta- d~ b~, reuse diagrams. 
INFO: Process s~ g > e+ e- g s~ added to mirror process g s~ > e+ e- g s~ 
INFO: Process s~ g > mu+ mu- g s~ added to mirror process g s~ > mu+ mu- g s~ 
INFO: Process s~ g > ta+ ta- g s~ added to mirror process g s~ > ta+ ta- g s~ 
INFO: Process s~ u > e+ e- u s~ added to mirror process u s~ > e+ e- u s~ 
INFO: Process s~ u > mu+ mu- u s~ added to mirror process u s~ > mu+ mu- u s~ 
INFO: Process s~ u > ta+ ta- u s~ added to mirror process u s~ > ta+ ta- u s~ 
INFO: Process s~ c > e+ e- c s~ added to mirror process c s~ > e+ e- c s~ 
INFO: Process s~ c > mu+ mu- c s~ added to mirror process c s~ > mu+ mu- c s~ 
INFO: Process s~ c > ta+ ta- c s~ added to mirror process c s~ > ta+ ta- c s~ 
INFO: Process s~ d > e+ e- d s~ added to mirror process d s~ > e+ e- d s~ 
INFO: Process s~ d > mu+ mu- d s~ added to mirror process d s~ > mu+ mu- d s~ 
INFO: Process s~ d > ta+ ta- d s~ added to mirror process d s~ > ta+ ta- d s~ 
INFO: Process s~ s > e+ e- g g added to mirror process s s~ > e+ e- g g 
INFO: Process s~ s > e+ e- u u~ added to mirror process s s~ > e+ e- u u~ 
INFO: Process s~ s > e+ e- c c~ added to mirror process s s~ > e+ e- c c~ 
INFO: Process s~ s > e+ e- d d~ added to mirror process s s~ > e+ e- d d~ 
INFO: Process s~ s > e+ e- s s~ added to mirror process s s~ > e+ e- s s~ 
INFO: Process s~ s > e+ e- b b~ added to mirror process s s~ > e+ e- b b~ 
INFO: Process s~ s > mu+ mu- g g added to mirror process s s~ > mu+ mu- g g 
INFO: Process s~ s > mu+ mu- u u~ added to mirror process s s~ > mu+ mu- u u~ 
INFO: Process s~ s > mu+ mu- c c~ added to mirror process s s~ > mu+ mu- c c~ 
INFO: Process s~ s > mu+ mu- d d~ added to mirror process s s~ > mu+ mu- d d~ 
INFO: Process s~ s > mu+ mu- s s~ added to mirror process s s~ > mu+ mu- s s~ 
INFO: Process s~ s > mu+ mu- b b~ added to mirror process s s~ > mu+ mu- b b~ 
INFO: Process s~ s > ta+ ta- g g added to mirror process s s~ > ta+ ta- g g 
INFO: Process s~ s > ta+ ta- u u~ added to mirror process s s~ > ta+ ta- u u~ 
INFO: Process s~ s > ta+ ta- c c~ added to mirror process s s~ > ta+ ta- c c~ 
INFO: Process s~ s > ta+ ta- d d~ added to mirror process s s~ > ta+ ta- d d~ 
INFO: Process s~ s > ta+ ta- s s~ added to mirror process s s~ > ta+ ta- s s~ 
INFO: Process s~ s > ta+ ta- b b~ added to mirror process s s~ > ta+ ta- b b~ 
INFO: Process s~ u~ > e+ e- u~ s~ added to mirror process u~ s~ > e+ e- u~ s~ 
INFO: Process s~ u~ > mu+ mu- u~ s~ added to mirror process u~ s~ > mu+ mu- u~ s~ 
INFO: Process s~ u~ > ta+ ta- u~ s~ added to mirror process u~ s~ > ta+ ta- u~ s~ 
INFO: Process s~ c~ > e+ e- c~ s~ added to mirror process c~ s~ > e+ e- c~ s~ 
INFO: Process s~ c~ > mu+ mu- c~ s~ added to mirror process c~ s~ > mu+ mu- c~ s~ 
INFO: Process s~ c~ > ta+ ta- c~ s~ added to mirror process c~ s~ > ta+ ta- c~ s~ 
INFO: Process s~ d~ > e+ e- d~ s~ added to mirror process d~ s~ > e+ e- d~ s~ 
INFO: Process s~ d~ > mu+ mu- d~ s~ added to mirror process d~ s~ > mu+ mu- d~ s~ 
INFO: Process s~ d~ > ta+ ta- d~ s~ added to mirror process d~ s~ > ta+ ta- d~ s~ 
INFO: Crossed process found for s~ s~ > e+ e- s~ s~, reuse diagrams. 
INFO: Trying process: s~ s~ > e+ e- b~ b~ WEIGHTED<=6 @2  
INFO: Trying process: s~ s~ > e+ mu- b~ b~ WEIGHTED<=6 @2  
INFO: Trying process: s~ s~ > e+ ta- b~ b~ WEIGHTED<=6 @2  
INFO: Trying process: s~ s~ > mu+ e- b~ b~ WEIGHTED<=6 @2  
INFO: Crossed process found for s~ s~ > mu+ mu- s~ s~, reuse diagrams. 
INFO: Trying process: s~ s~ > mu+ mu- b~ b~ WEIGHTED<=6 @2  
INFO: Trying process: s~ s~ > mu+ ta- b~ b~ WEIGHTED<=6 @2  
INFO: Trying process: s~ s~ > ta+ e- b~ b~ WEIGHTED<=6 @2  
INFO: Trying process: s~ s~ > ta+ mu- b~ b~ WEIGHTED<=6 @2  
INFO: Crossed process found for s~ s~ > ta+ ta- s~ s~, reuse diagrams. 
INFO: Trying process: s~ s~ > ta+ ta- b~ b~ WEIGHTED<=6 @2  
INFO: Crossed process found for s~ b > e+ e- b s~, reuse diagrams. 
INFO: Trying process: s~ b > e+ e- b b~ WEIGHTED<=6 @2  
INFO: Trying process: s~ b > e+ mu- b b~ WEIGHTED<=6 @2  
INFO: Trying process: s~ b > e+ ta- b b~ WEIGHTED<=6 @2  
INFO: Trying process: s~ b > mu+ e- b b~ WEIGHTED<=6 @2  
INFO: Crossed process found for s~ b > mu+ mu- b s~, reuse diagrams. 
INFO: Trying process: s~ b > mu+ mu- b b~ WEIGHTED<=6 @2  
INFO: Trying process: s~ b > mu+ ta- b b~ WEIGHTED<=6 @2  
INFO: Trying process: s~ b > ta+ e- b b~ WEIGHTED<=6 @2  
INFO: Trying process: s~ b > ta+ mu- b b~ WEIGHTED<=6 @2  
INFO: Crossed process found for s~ b > ta+ ta- b s~, reuse diagrams. 
INFO: Trying process: s~ b > ta+ ta- b b~ WEIGHTED<=6 @2  
INFO: Crossed process found for s~ b~ > e+ e- s~ b~, reuse diagrams. 
INFO: Crossed process found for s~ b~ > mu+ mu- s~ b~, reuse diagrams. 
INFO: Crossed process found for s~ b~ > ta+ ta- s~ b~, reuse diagrams. 
INFO: Process b g > e+ e- g b added to mirror process g b > e+ e- g b 
INFO: Process b g > mu+ mu- g b added to mirror process g b > mu+ mu- g b 
INFO: Process b g > ta+ ta- g b added to mirror process g b > ta+ ta- g b 
INFO: Process b u > e+ e- u b added to mirror process u b > e+ e- u b 
INFO: Process b u > mu+ mu- u b added to mirror process u b > mu+ mu- u b 
INFO: Process b u > ta+ ta- u b added to mirror process u b > ta+ ta- u b 
INFO: Process b c > e+ e- c b added to mirror process c b > e+ e- c b 
INFO: Process b c > mu+ mu- c b added to mirror process c b > mu+ mu- c b 
INFO: Process b c > ta+ ta- c b added to mirror process c b > ta+ ta- c b 
INFO: Process b d > e+ e- d b added to mirror process d b > e+ e- d b 
INFO: Process b d > mu+ mu- d b added to mirror process d b > mu+ mu- d b 
INFO: Process b d > ta+ ta- d b added to mirror process d b > ta+ ta- d b 
INFO: Process b s > e+ e- s b added to mirror process s b > e+ e- s b 
INFO: Process b s > mu+ mu- s b added to mirror process s b > mu+ mu- s b 
INFO: Process b s > ta+ ta- s b added to mirror process s b > ta+ ta- s b 
INFO: Process b u~ > e+ e- b u~ added to mirror process u~ b > e+ e- b u~ 
INFO: Process b u~ > mu+ mu- b u~ added to mirror process u~ b > mu+ mu- b u~ 
INFO: Process b u~ > ta+ ta- b u~ added to mirror process u~ b > ta+ ta- b u~ 
INFO: Process b c~ > e+ e- b c~ added to mirror process c~ b > e+ e- b c~ 
INFO: Process b c~ > mu+ mu- b c~ added to mirror process c~ b > mu+ mu- b c~ 
INFO: Process b c~ > ta+ ta- b c~ added to mirror process c~ b > ta+ ta- b c~ 
INFO: Process b d~ > e+ e- b d~ added to mirror process d~ b > e+ e- b d~ 
INFO: Process b d~ > mu+ mu- b d~ added to mirror process d~ b > mu+ mu- b d~ 
INFO: Process b d~ > ta+ ta- b d~ added to mirror process d~ b > ta+ ta- b d~ 
INFO: Process b s~ > e+ e- b s~ added to mirror process s~ b > e+ e- b s~ 
INFO: Process b s~ > mu+ mu- b s~ added to mirror process s~ b > mu+ mu- b s~ 
INFO: Process b s~ > ta+ ta- b s~ added to mirror process s~ b > ta+ ta- b s~ 
INFO: Trying process: b b > e+ e- b b WEIGHTED<=6 @2  
INFO: Process has 16 diagrams 
INFO: Trying process: b b > e+ mu- b b WEIGHTED<=6 @2  
INFO: Trying process: b b > e+ ta- b b WEIGHTED<=6 @2  
INFO: Trying process: b b > mu+ e- b b WEIGHTED<=6 @2  
INFO: Trying process: b b > mu+ mu- b b WEIGHTED<=6 @2  
INFO: Process has 16 diagrams 
INFO: Trying process: b b > mu+ ta- b b WEIGHTED<=6 @2  
INFO: Trying process: b b > ta+ e- b b WEIGHTED<=6 @2  
INFO: Trying process: b b > ta+ mu- b b WEIGHTED<=6 @2  
INFO: Trying process: b b > ta+ ta- b b WEIGHTED<=6 @2  
INFO: Process has 16 diagrams 
INFO: Crossed process found for b b~ > e+ e- g g, reuse diagrams. 
INFO: Crossed process found for b b~ > e+ e- u u~, reuse diagrams. 
INFO: Crossed process found for b b~ > e+ e- c c~, reuse diagrams. 
INFO: Crossed process found for b b~ > e+ e- d d~, reuse diagrams. 
INFO: Crossed process found for b b~ > e+ e- s s~, reuse diagrams. 
INFO: Crossed process found for b b~ > e+ e- b b~, reuse diagrams. 
INFO: Crossed process found for b b~ > mu+ mu- g g, reuse diagrams. 
INFO: Crossed process found for b b~ > mu+ mu- u u~, reuse diagrams. 
INFO: Crossed process found for b b~ > mu+ mu- c c~, reuse diagrams. 
INFO: Crossed process found for b b~ > mu+ mu- d d~, reuse diagrams. 
INFO: Crossed process found for b b~ > mu+ mu- s s~, reuse diagrams. 
INFO: Crossed process found for b b~ > mu+ mu- b b~, reuse diagrams. 
INFO: Crossed process found for b b~ > ta+ ta- g g, reuse diagrams. 
INFO: Crossed process found for b b~ > ta+ ta- u u~, reuse diagrams. 
INFO: Crossed process found for b b~ > ta+ ta- c c~, reuse diagrams. 
INFO: Crossed process found for b b~ > ta+ ta- d d~, reuse diagrams. 
INFO: Crossed process found for b b~ > ta+ ta- s s~, reuse diagrams. 
INFO: Crossed process found for b b~ > ta+ ta- b b~, reuse diagrams. 
INFO: Process b~ g > e+ e- g b~ added to mirror process g b~ > e+ e- g b~ 
INFO: Process b~ g > mu+ mu- g b~ added to mirror process g b~ > mu+ mu- g b~ 
INFO: Process b~ g > ta+ ta- g b~ added to mirror process g b~ > ta+ ta- g b~ 
INFO: Process b~ u > e+ e- u b~ added to mirror process u b~ > e+ e- u b~ 
INFO: Process b~ u > mu+ mu- u b~ added to mirror process u b~ > mu+ mu- u b~ 
INFO: Process b~ u > ta+ ta- u b~ added to mirror process u b~ > ta+ ta- u b~ 
INFO: Process b~ c > e+ e- c b~ added to mirror process c b~ > e+ e- c b~ 
INFO: Process b~ c > mu+ mu- c b~ added to mirror process c b~ > mu+ mu- c b~ 
INFO: Process b~ c > ta+ ta- c b~ added to mirror process c b~ > ta+ ta- c b~ 
INFO: Process b~ d > e+ e- d b~ added to mirror process d b~ > e+ e- d b~ 
INFO: Process b~ d > mu+ mu- d b~ added to mirror process d b~ > mu+ mu- d b~ 
INFO: Process b~ d > ta+ ta- d b~ added to mirror process d b~ > ta+ ta- d b~ 
INFO: Process b~ s > e+ e- s b~ added to mirror process s b~ > e+ e- s b~ 
INFO: Process b~ s > mu+ mu- s b~ added to mirror process s b~ > mu+ mu- s b~ 
INFO: Process b~ s > ta+ ta- s b~ added to mirror process s b~ > ta+ ta- s b~ 
INFO: Process b~ u~ > e+ e- u~ b~ added to mirror process u~ b~ > e+ e- u~ b~ 
INFO: Process b~ u~ > mu+ mu- u~ b~ added to mirror process u~ b~ > mu+ mu- u~ b~ 
INFO: Process b~ u~ > ta+ ta- u~ b~ added to mirror process u~ b~ > ta+ ta- u~ b~ 
INFO: Process b~ c~ > e+ e- c~ b~ added to mirror process c~ b~ > e+ e- c~ b~ 
INFO: Process b~ c~ > mu+ mu- c~ b~ added to mirror process c~ b~ > mu+ mu- c~ b~ 
INFO: Process b~ c~ > ta+ ta- c~ b~ added to mirror process c~ b~ > ta+ ta- c~ b~ 
INFO: Process b~ d~ > e+ e- d~ b~ added to mirror process d~ b~ > e+ e- d~ b~ 
INFO: Process b~ d~ > mu+ mu- d~ b~ added to mirror process d~ b~ > mu+ mu- d~ b~ 
INFO: Process b~ d~ > ta+ ta- d~ b~ added to mirror process d~ b~ > ta+ ta- d~ b~ 
INFO: Process b~ s~ > e+ e- s~ b~ added to mirror process s~ b~ > e+ e- s~ b~ 
INFO: Process b~ s~ > mu+ mu- s~ b~ added to mirror process s~ b~ > mu+ mu- s~ b~ 
INFO: Process b~ s~ > ta+ ta- s~ b~ added to mirror process s~ b~ > ta+ ta- s~ b~ 
INFO: Process b~ b > e+ e- g g added to mirror process b b~ > e+ e- g g 
INFO: Process b~ b > e+ e- u u~ added to mirror process b b~ > e+ e- u u~ 
INFO: Process b~ b > e+ e- c c~ added to mirror process b b~ > e+ e- c c~ 
INFO: Process b~ b > e+ e- d d~ added to mirror process b b~ > e+ e- d d~ 
INFO: Process b~ b > e+ e- s s~ added to mirror process b b~ > e+ e- s s~ 
INFO: Process b~ b > e+ e- b b~ added to mirror process b b~ > e+ e- b b~ 
INFO: Process b~ b > mu+ mu- g g added to mirror process b b~ > mu+ mu- g g 
INFO: Process b~ b > mu+ mu- u u~ added to mirror process b b~ > mu+ mu- u u~ 
INFO: Process b~ b > mu+ mu- c c~ added to mirror process b b~ > mu+ mu- c c~ 
INFO: Process b~ b > mu+ mu- d d~ added to mirror process b b~ > mu+ mu- d d~ 
INFO: Process b~ b > mu+ mu- s s~ added to mirror process b b~ > mu+ mu- s s~ 
INFO: Process b~ b > mu+ mu- b b~ added to mirror process b b~ > mu+ mu- b b~ 
INFO: Process b~ b > ta+ ta- g g added to mirror process b b~ > ta+ ta- g g 
INFO: Process b~ b > ta+ ta- u u~ added to mirror process b b~ > ta+ ta- u u~ 
INFO: Process b~ b > ta+ ta- c c~ added to mirror process b b~ > ta+ ta- c c~ 
INFO: Process b~ b > ta+ ta- d d~ added to mirror process b b~ > ta+ ta- d d~ 
INFO: Process b~ b > ta+ ta- s s~ added to mirror process b b~ > ta+ ta- s s~ 
INFO: Process b~ b > ta+ ta- b b~ added to mirror process b b~ > ta+ ta- b b~ 
INFO: Crossed process found for b~ b~ > e+ e- b~ b~, reuse diagrams. 
INFO: Crossed process found for b~ b~ > mu+ mu- b~ b~, reuse diagrams. 
INFO: Crossed process found for b~ b~ > ta+ ta- b~ b~, reuse diagrams. 
285 processes with 3120 diagrams generated in 19.234 s
Total: 345 processes with 3330 diagrams
output /eos/project/f/foundational-model-dataset/samples/pu200_ryliu/DYJetsToLL_13TeV-madgraphMLM-pythia8-2000-3
INFO: directory /eos/project/f/foundational-model-dataset/samples/pu200_ryliu/DYJetsToLL_13TeV-madgraphMLM-pythia8-2000-3 already exists.
If you continue this directory will be deleted and replaced.
Do you want to continue? [[4my[0m, n]
[1mThe answer to the previous question is not set in your input file[0m
[1mUse y value[0m
INFO: initialize a new directory: DYJetsToLL_13TeV-madgraphMLM-pythia8-2000-3 
INFO: remove old information in DYJetsToLL_13TeV-madgraphMLM-pythia8-2000-3 
INFO: Organizing processes into subprocess groups 
INFO: Generating Helas calls for process: g g > e+ e- u u~ WEIGHTED<=6 @2 
INFO: Processing color information for process: g g > e+ e- u u~ @2 
INFO: Combined process g g > e+ e- c c~ WEIGHTED<=6 @2 with process g g > e+ e- u u~ WEIGHTED<=6 @2 
INFO: Generating Helas calls for process: g g > e+ e- d d~ WEIGHTED<=6 @2 
INFO: Reusing existing color information for process: g g > e+ e- d d~ @2 
INFO: Combined process g g > e+ e- s s~ WEIGHTED<=6 @2 with process g g > e+ e- d d~ WEIGHTED<=6 @2 
INFO: Combined process g g > e+ e- b b~ WEIGHTED<=6 @2 with process g g > e+ e- d d~ WEIGHTED<=6 @2 
INFO: Combined process g g > mu+ mu- u u~ WEIGHTED<=6 @2 with process g g > e+ e- u u~ WEIGHTED<=6 @2 
INFO: Combined process g g > mu+ mu- c c~ WEIGHTED<=6 @2 with process g g > e+ e- u u~ WEIGHTED<=6 @2 
INFO: Combined process g g > mu+ mu- d d~ WEIGHTED<=6 @2 with process g g > e+ e- d d~ WEIGHTED<=6 @2 
INFO: Combined process g g > mu+ mu- s s~ WEIGHTED<=6 @2 with process g g > e+ e- d d~ WEIGHTED<=6 @2 
INFO: Combined process g g > mu+ mu- b b~ WEIGHTED<=6 @2 with process g g > e+ e- d d~ WEIGHTED<=6 @2 
INFO: Generating Helas calls for process: g g > ta+ ta- u u~ WEIGHTED<=6 @2 
INFO: Processing color information for process: g g > ta+ ta- u u~ @2 
INFO: Combined process g g > ta+ ta- c c~ WEIGHTED<=6 @2 with process g g > ta+ ta- u u~ WEIGHTED<=6 @2 
INFO: Generating Helas calls for process: g g > ta+ ta- d d~ WEIGHTED<=6 @2 
INFO: Reusing existing color information for process: g g > ta+ ta- d d~ @2 
INFO: Combined process g g > ta+ ta- s s~ WEIGHTED<=6 @2 with process g g > ta+ ta- d d~ WEIGHTED<=6 @2 
INFO: Combined process g g > ta+ ta- b b~ WEIGHTED<=6 @2 with process g g > ta+ ta- d d~ WEIGHTED<=6 @2 
INFO: Generating Helas calls for process: g u > e+ e- g u WEIGHTED<=6 @2 
INFO: Processing color information for process: g u > e+ e- g u @2 
INFO: Combined process g u > mu+ mu- g u WEIGHTED<=6 @2 with process g u > e+ e- g u WEIGHTED<=6 @2 
INFO: Combined process g c > e+ e- g c WEIGHTED<=6 @2 with process g u > e+ e- g u WEIGHTED<=6 @2 
INFO: Combined process g c > mu+ mu- g c WEIGHTED<=6 @2 with process g u > e+ e- g u WEIGHTED<=6 @2 
INFO: Generating Helas calls for process: g d > e+ e- g d WEIGHTED<=6 @2 
INFO: Reusing existing color information for process: g d > e+ e- g d @2 
INFO: Combined process g d > mu+ mu- g d WEIGHTED<=6 @2 with process g d > e+ e- g d WEIGHTED<=6 @2 
INFO: Combined process g s > e+ e- g s WEIGHTED<=6 @2 with process g d > e+ e- g d WEIGHTED<=6 @2 
INFO: Combined process g s > mu+ mu- g s WEIGHTED<=6 @2 with process g d > e+ e- g d WEIGHTED<=6 @2 
INFO: Generating Helas calls for process: g u~ > e+ e- g u~ WEIGHTED<=6 @2 
INFO: Processing color information for process: g u~ > e+ e- g u~ @2 
INFO: Combined process g u~ > mu+ mu- g u~ WEIGHTED<=6 @2 with process g u~ > e+ e- g u~ WEIGHTED<=6 @2 
INFO: Combined process g c~ > e+ e- g c~ WEIGHTED<=6 @2 with process g u~ > e+ e- g u~ WEIGHTED<=6 @2 
INFO: Combined process g c~ > mu+ mu- g c~ WEIGHTED<=6 @2 with process g u~ > e+ e- g u~ WEIGHTED<=6 @2 
INFO: Generating Helas calls for process: g d~ > e+ e- g d~ WEIGHTED<=6 @2 
INFO: Reusing existing color information for process: g d~ > e+ e- g d~ @2 
INFO: Combined process g d~ > mu+ mu- g d~ WEIGHTED<=6 @2 with process g d~ > e+ e- g d~ WEIGHTED<=6 @2 
INFO: Combined process g s~ > e+ e- g s~ WEIGHTED<=6 @2 with process g d~ > e+ e- g d~ WEIGHTED<=6 @2 
INFO: Combined process g s~ > mu+ mu- g s~ WEIGHTED<=6 @2 with process g d~ > e+ e- g d~ WEIGHTED<=6 @2 
INFO: Combined process g b > e+ e- g b WEIGHTED<=6 @2 with process g d > e+ e- g d WEIGHTED<=6 @2 
INFO: Combined process g b > mu+ mu- g b WEIGHTED<=6 @2 with process g d > e+ e- g d WEIGHTED<=6 @2 
INFO: Combined process g b~ > e+ e- g b~ WEIGHTED<=6 @2 with process g d~ > e+ e- g d~ WEIGHTED<=6 @2 
INFO: Combined process g b~ > mu+ mu- g b~ WEIGHTED<=6 @2 with process g d~ > e+ e- g d~ WEIGHTED<=6 @2 
INFO: Generating Helas calls for process: g u > ta+ ta- g u WEIGHTED<=6 @2 
INFO: Processing color information for process: g u > ta+ ta- g u @2 
INFO: Combined process g c > ta+ ta- g c WEIGHTED<=6 @2 with process g u > ta+ ta- g u WEIGHTED<=6 @2 
INFO: Generating Helas calls for process: g d > ta+ ta- g d WEIGHTED<=6 @2 
INFO: Reusing existing color information for process: g d > ta+ ta- g d @2 
INFO: Combined process g s > ta+ ta- g s WEIGHTED<=6 @2 with process g d > ta+ ta- g d WEIGHTED<=6 @2 
INFO: Generating Helas calls for process: g u~ > ta+ ta- g u~ WEIGHTED<=6 @2 
INFO: Processing color information for process: g u~ > ta+ ta- g u~ @2 
INFO: Combined process g c~ > ta+ ta- g c~ WEIGHTED<=6 @2 with process g u~ > ta+ ta- g u~ WEIGHTED<=6 @2 
INFO: Generating Helas calls for process: g d~ > ta+ ta- g d~ WEIGHTED<=6 @2 
INFO: Reusing existing color information for process: g d~ > ta+ ta- g d~ @2 
INFO: Combined process g s~ > ta+ ta- g s~ WEIGHTED<=6 @2 with process g d~ > ta+ ta- g d~ WEIGHTED<=6 @2 
INFO: Combined process g b > ta+ ta- g b WEIGHTED<=6 @2 with process g d > ta+ ta- g d WEIGHTED<=6 @2 
INFO: Combined process g b~ > ta+ ta- g b~ WEIGHTED<=6 @2 with process g d~ > ta+ ta- g d~ WEIGHTED<=6 @2 
INFO: Generating Helas calls for process: u u > e+ e- u u WEIGHTED<=6 @2 
INFO: Processing color information for process: u u > e+ e- u u @2 
INFO: Combined process u u > mu+ mu- u u WEIGHTED<=6 @2 with process u u > e+ e- u u WEIGHTED<=6 @2 
INFO: Generating Helas calls for process: u u~ > e+ e- u u~ WEIGHTED<=6 @2 
INFO: Processing color information for process: u u~ > e+ e- u u~ @2 
INFO: Combined process u u~ > mu+ mu- u u~ WEIGHTED<=6 @2 with process u u~ > e+ e- u u~ WEIGHTED<=6 @2 
INFO: Combined process c c > e+ e- c c WEIGHTED<=6 @2 with process u u > e+ e- u u WEIGHTED<=6 @2 
INFO: Combined process c c > mu+ mu- c c WEIGHTED<=6 @2 with process u u > e+ e- u u WEIGHTED<=6 @2 
INFO: Combined process c c~ > e+ e- c c~ WEIGHTED<=6 @2 with process u u~ > e+ e- u u~ WEIGHTED<=6 @2 
INFO: Combined process c c~ > mu+ mu- c c~ WEIGHTED<=6 @2 with process u u~ > e+ e- u u~ WEIGHTED<=6 @2 
INFO: Generating Helas calls for process: d d > e+ e- d d WEIGHTED<=6 @2 
INFO: Reusing existing color information for process: d d > e+ e- d d @2 
INFO: Combined process d d > mu+ mu- d d WEIGHTED<=6 @2 with process d d > e+ e- d d WEIGHTED<=6 @2 
INFO: Generating Helas calls for process: d d~ > e+ e- d d~ WEIGHTED<=6 @2 
INFO: Reusing existing color information for process: d d~ > e+ e- d d~ @2 
INFO: Combined process d d~ > mu+ mu- d d~ WEIGHTED<=6 @2 with process d d~ > e+ e- d d~ WEIGHTED<=6 @2 
INFO: Combined process s s > e+ e- s s WEIGHTED<=6 @2 with process d d > e+ e- d d WEIGHTED<=6 @2 
INFO: Combined process s s > mu+ mu- s s WEIGHTED<=6 @2 with process d d > e+ e- d d WEIGHTED<=6 @2 
INFO: Combined process s s~ > e+ e- s s~ WEIGHTED<=6 @2 with process d d~ > e+ e- d d~ WEIGHTED<=6 @2 
INFO: Combined process s s~ > mu+ mu- s s~ WEIGHTED<=6 @2 with process d d~ > e+ e- d d~ WEIGHTED<=6 @2 
INFO: Generating Helas calls for process: u~ u~ > e+ e- u~ u~ WEIGHTED<=6 @2 
INFO: Processing color information for process: u~ u~ > e+ e- u~ u~ @2 
INFO: Combined process u~ u~ > mu+ mu- u~ u~ WEIGHTED<=6 @2 with process u~ u~ > e+ e- u~ u~ WEIGHTED<=6 @2 
INFO: Combined process c~ c~ > e+ e- c~ c~ WEIGHTED<=6 @2 with process u~ u~ > e+ e- u~ u~ WEIGHTED<=6 @2 
INFO: Combined process c~ c~ > mu+ mu- c~ c~ WEIGHTED<=6 @2 with process u~ u~ > e+ e- u~ u~ WEIGHTED<=6 @2 
INFO: Generating Helas calls for process: d~ d~ > e+ e- d~ d~ WEIGHTED<=6 @2 
INFO: Reusing existing color information for process: d~ d~ > e+ e- d~ d~ @2 
INFO: Combined process d~ d~ > mu+ mu- d~ d~ WEIGHTED<=6 @2 with process d~ d~ > e+ e- d~ d~ WEIGHTED<=6 @2 
INFO: Combined process s~ s~ > e+ e- s~ s~ WEIGHTED<=6 @2 with process d~ d~ > e+ e- d~ d~ WEIGHTED<=6 @2 
INFO: Combined process s~ s~ > mu+ mu- s~ s~ WEIGHTED<=6 @2 with process d~ d~ > e+ e- d~ d~ WEIGHTED<=6 @2 
INFO: Combined process b b > e+ e- b b WEIGHTED<=6 @2 with process d d > e+ e- d d WEIGHTED<=6 @2 
INFO: Combined process b b > mu+ mu- b b WEIGHTED<=6 @2 with process d d > e+ e- d d WEIGHTED<=6 @2 
INFO: Combined process b b~ > e+ e- b b~ WEIGHTED<=6 @2 with process d d~ > e+ e- d d~ WEIGHTED<=6 @2 
INFO: Combined process b b~ > mu+ mu- b b~ WEIGHTED<=6 @2 with process d d~ > e+ e- d d~ WEIGHTED<=6 @2 
INFO: Combined process b~ b~ > e+ e- b~ b~ WEIGHTED<=6 @2 with process d~ d~ > e+ e- d~ d~ WEIGHTED<=6 @2 
INFO: Combined process b~ b~ > mu+ mu- b~ b~ WEIGHTED<=6 @2 with process d~ d~ > e+ e- d~ d~ WEIGHTED<=6 @2 
INFO: Generating Helas calls for process: u c > e+ e- u c WEIGHTED<=6 @2 
INFO: Processing color information for process: u c > e+ e- u c @2 
INFO: Combined process u c > mu+ mu- u c WEIGHTED<=6 @2 with process u c > e+ e- u c WEIGHTED<=6 @2 
INFO: Generating Helas calls for process: u d > e+ e- u d WEIGHTED<=6 @2 
INFO: Reusing existing color information for process: u d > e+ e- u d @2 
INFO: Combined process u d > mu+ mu- u d WEIGHTED<=6 @2 with process u d > e+ e- u d WEIGHTED<=6 @2 
INFO: Combined process u s > e+ e- u s WEIGHTED<=6 @2 with process u d > e+ e- u d WEIGHTED<=6 @2 
INFO: Combined process u s > mu+ mu- u s WEIGHTED<=6 @2 with process u d > e+ e- u d WEIGHTED<=6 @2 
INFO: Generating Helas calls for process: u u~ > e+ e- c c~ WEIGHTED<=6 @2 
INFO: Processing color information for process: u u~ > e+ e- c c~ @2 
INFO: Generating Helas calls for process: u u~ > e+ e- d d~ WEIGHTED<=6 @2 
INFO: Reusing existing color information for process: u u~ > e+ e- d d~ @2 
INFO: Combined process u u~ > e+ e- s s~ WEIGHTED<=6 @2 with process u u~ > e+ e- d d~ WEIGHTED<=6 @2 
INFO: Combined process u u~ > e+ e- b b~ WEIGHTED<=6 @2 with process u u~ > e+ e- d d~ WEIGHTED<=6 @2 
INFO: Combined process u u~ > mu+ mu- c c~ WEIGHTED<=6 @2 with process u u~ > e+ e- c c~ WEIGHTED<=6 @2 
INFO: Combined process u u~ > mu+ mu- d d~ WEIGHTED<=6 @2 with process u u~ > e+ e- d d~ WEIGHTED<=6 @2 
INFO: Combined process u u~ > mu+ mu- s s~ WEIGHTED<=6 @2 with process u u~ > e+ e- d d~ WEIGHTED<=6 @2 
INFO: Combined process u u~ > mu+ mu- b b~ WEIGHTED<=6 @2 with process u u~ > e+ e- d d~ WEIGHTED<=6 @2 
INFO: Generating Helas calls for process: u c~ > e+ e- u c~ WEIGHTED<=6 @2 
INFO: Processing color information for process: u c~ > e+ e- u c~ @2 
INFO: Combined process u c~ > mu+ mu- u c~ WEIGHTED<=6 @2 with process u c~ > e+ e- u c~ WEIGHTED<=6 @2 
INFO: Generating Helas calls for process: u d~ > e+ e- u d~ WEIGHTED<=6 @2 
INFO: Reusing existing color information for process: u d~ > e+ e- u d~ @2 
INFO: Combined process u d~ > mu+ mu- u d~ WEIGHTED<=6 @2 with process u d~ > e+ e- u d~ WEIGHTED<=6 @2 
INFO: Combined process u s~ > e+ e- u s~ WEIGHTED<=6 @2 with process u d~ > e+ e- u d~ WEIGHTED<=6 @2 
INFO: Combined process u s~ > mu+ mu- u s~ WEIGHTED<=6 @2 with process u d~ > e+ e- u d~ WEIGHTED<=6 @2 
INFO: Combined process u b > e+ e- u b WEIGHTED<=6 @2 with process u d > e+ e- u d WEIGHTED<=6 @2 
INFO: Combined process u b > mu+ mu- u b WEIGHTED<=6 @2 with process u d > e+ e- u d WEIGHTED<=6 @2 
INFO: Combined process u b~ > e+ e- u b~ WEIGHTED<=6 @2 with process u d~ > e+ e- u d~ WEIGHTED<=6 @2 
INFO: Combined process u b~ > mu+ mu- u b~ WEIGHTED<=6 @2 with process u d~ > e+ e- u d~ WEIGHTED<=6 @2 
INFO: Combined process c d > e+ e- c d WEIGHTED<=6 @2 with process u d > e+ e- u d WEIGHTED<=6 @2 
INFO: Combined process c d > mu+ mu- c d WEIGHTED<=6 @2 with process u d > e+ e- u d WEIGHTED<=6 @2 
INFO: Combined process c s > e+ e- c s WEIGHTED<=6 @2 with process u d > e+ e- u d WEIGHTED<=6 @2 
INFO: Combined process c s > mu+ mu- c s WEIGHTED<=6 @2 with process u d > e+ e- u d WEIGHTED<=6 @2 
INFO: Combined process c u~ > e+ e- c u~ WEIGHTED<=6 @2 with process u c~ > e+ e- u c~ WEIGHTED<=6 @2 
INFO: Combined process c u~ > mu+ mu- c u~ WEIGHTED<=6 @2 with process u c~ > e+ e- u c~ WEIGHTED<=6 @2 
INFO: Combined process c c~ > e+ e- u u~ WEIGHTED<=6 @2 with process u u~ > e+ e- c c~ WEIGHTED<=6 @2 
INFO: Combined process c c~ > e+ e- d d~ WEIGHTED<=6 @2 with process u u~ > e+ e- d d~ WEIGHTED<=6 @2 
INFO: Combined process c c~ > e+ e- s s~ WEIGHTED<=6 @2 with process u u~ > e+ e- d d~ WEIGHTED<=6 @2 
INFO: Combined process c c~ > e+ e- b b~ WEIGHTED<=6 @2 with process u u~ > e+ e- d d~ WEIGHTED<=6 @2 
INFO: Combined process c c~ > mu+ mu- u u~ WEIGHTED<=6 @2 with process u u~ > e+ e- c c~ WEIGHTED<=6 @2 
INFO: Combined process c c~ > mu+ mu- d d~ WEIGHTED<=6 @2 with process u u~ > e+ e- d d~ WEIGHTED<=6 @2 
INFO: Combined process c c~ > mu+ mu- s s~ WEIGHTED<=6 @2 with process u u~ > e+ e- d d~ WEIGHTED<=6 @2 
INFO: Combined process c c~ > mu+ mu- b b~ WEIGHTED<=6 @2 with process u u~ > e+ e- d d~ WEIGHTED<=6 @2 
INFO: Combined process c d~ > e+ e- c d~ WEIGHTED<=6 @2 with process u d~ > e+ e- u d~ WEIGHTED<=6 @2 
INFO: Combined process c d~ > mu+ mu- c d~ WEIGHTED<=6 @2 with process u d~ > e+ e- u d~ WEIGHTED<=6 @2 
INFO: Combined process c s~ > e+ e- c s~ WEIGHTED<=6 @2 with process u d~ > e+ e- u d~ WEIGHTED<=6 @2 
INFO: Combined process c s~ > mu+ mu- c s~ WEIGHTED<=6 @2 with process u d~ > e+ e- u d~ WEIGHTED<=6 @2 
INFO: Combined process c b > e+ e- c b WEIGHTED<=6 @2 with process u d > e+ e- u d WEIGHTED<=6 @2 
INFO: Combined process c b > mu+ mu- c b WEIGHTED<=6 @2 with process u d > e+ e- u d WEIGHTED<=6 @2 
INFO: Combined process c b~ > e+ e- c b~ WEIGHTED<=6 @2 with process u d~ > e+ e- u d~ WEIGHTED<=6 @2 
INFO: Combined process c b~ > mu+ mu- c b~ WEIGHTED<=6 @2 with process u d~ > e+ e- u d~ WEIGHTED<=6 @2 
INFO: Generating Helas calls for process: d s > e+ e- d s WEIGHTED<=6 @2 
INFO: Reusing existing color information for process: d s > e+ e- d s @2 
INFO: Combined process d s > mu+ mu- d s WEIGHTED<=6 @2 with process d s > e+ e- d s WEIGHTED<=6 @2 
INFO: Generating Helas calls for process: d u~ > e+ e- d u~ WEIGHTED<=6 @2 
INFO: Processing color information for process: d u~ > e+ e- d u~ @2 
INFO: Combined process d u~ > mu+ mu- d u~ WEIGHTED<=6 @2 with process d u~ > e+ e- d u~ WEIGHTED<=6 @2 
INFO: Combined process d c~ > e+ e- d c~ WEIGHTED<=6 @2 with process d u~ > e+ e- d u~ WEIGHTED<=6 @2 
INFO: Combined process d c~ > mu+ mu- d c~ WEIGHTED<=6 @2 with process d u~ > e+ e- d u~ WEIGHTED<=6 @2 
INFO: Generating Helas calls for process: d d~ > e+ e- u u~ WEIGHTED<=6 @2 
INFO: Processing color information for process: d d~ > e+ e- u u~ @2 
INFO: Combined process d d~ > e+ e- c c~ WEIGHTED<=6 @2 with process d d~ > e+ e- u u~ WEIGHTED<=6 @2 
INFO: Generating Helas calls for process: d d~ > e+ e- s s~ WEIGHTED<=6 @2 
INFO: Reusing existing color information for process: d d~ > e+ e- s s~ @2 
INFO: Combined process d d~ > e+ e- b b~ WEIGHTED<=6 @2 with process d d~ > e+ e- s s~ WEIGHTED<=6 @2 
INFO: Combined process d d~ > mu+ mu- u u~ WEIGHTED<=6 @2 with process d d~ > e+ e- u u~ WEIGHTED<=6 @2 
INFO: Combined process d d~ > mu+ mu- c c~ WEIGHTED<=6 @2 with process d d~ > e+ e- u u~ WEIGHTED<=6 @2 
INFO: Combined process d d~ > mu+ mu- s s~ WEIGHTED<=6 @2 with process d d~ > e+ e- s s~ WEIGHTED<=6 @2 
INFO: Combined process d d~ > mu+ mu- b b~ WEIGHTED<=6 @2 with process d d~ > e+ e- s s~ WEIGHTED<=6 @2 
INFO: Generating Helas calls for process: d s~ > e+ e- d s~ WEIGHTED<=6 @2 
INFO: Reusing existing color information for process: d s~ > e+ e- d s~ @2 
INFO: Combined process d s~ > mu+ mu- d s~ WEIGHTED<=6 @2 with process d s~ > e+ e- d s~ WEIGHTED<=6 @2 
INFO: Combined process d b > e+ e- d b WEIGHTED<=6 @2 with process d s > e+ e- d s WEIGHTED<=6 @2 
INFO: Combined process d b > mu+ mu- d b WEIGHTED<=6 @2 with process d s > e+ e- d s WEIGHTED<=6 @2 
INFO: Combined process d b~ > e+ e- d b~ WEIGHTED<=6 @2 with process d s~ > e+ e- d s~ WEIGHTED<=6 @2 
INFO: Combined process d b~ > mu+ mu- d b~ WEIGHTED<=6 @2 with process d s~ > e+ e- d s~ WEIGHTED<=6 @2 
INFO: Combined process s u~ > e+ e- s u~ WEIGHTED<=6 @2 with process d u~ > e+ e- d u~ WEIGHTED<=6 @2 
INFO: Combined process s u~ > mu+ mu- s u~ WEIGHTED<=6 @2 with process d u~ > e+ e- d u~ WEIGHTED<=6 @2 
INFO: Combined process s c~ > e+ e- s c~ WEIGHTED<=6 @2 with process d u~ > e+ e- d u~ WEIGHTED<=6 @2 
INFO: Combined process s c~ > mu+ mu- s c~ WEIGHTED<=6 @2 with process d u~ > e+ e- d u~ WEIGHTED<=6 @2 
INFO: Combined process s d~ > e+ e- s d~ WEIGHTED<=6 @2 with process d s~ > e+ e- d s~ WEIGHTED<=6 @2 
INFO: Combined process s d~ > mu+ mu- s d~ WEIGHTED<=6 @2 with process d s~ > e+ e- d s~ WEIGHTED<=6 @2 
INFO: Combined process s s~ > e+ e- u u~ WEIGHTED<=6 @2 with process d d~ > e+ e- u u~ WEIGHTED<=6 @2 
INFO: Combined process s s~ > e+ e- c c~ WEIGHTED<=6 @2 with process d d~ > e+ e- u u~ WEIGHTED<=6 @2 
INFO: Combined process s s~ > e+ e- d d~ WEIGHTED<=6 @2 with process d d~ > e+ e- s s~ WEIGHTED<=6 @2 
INFO: Combined process s s~ > e+ e- b b~ WEIGHTED<=6 @2 with process d d~ > e+ e- s s~ WEIGHTED<=6 @2 
INFO: Combined process s s~ > mu+ mu- u u~ WEIGHTED<=6 @2 with process d d~ > e+ e- u u~ WEIGHTED<=6 @2 
INFO: Combined process s s~ > mu+ mu- c c~ WEIGHTED<=6 @2 with process d d~ > e+ e- u u~ WEIGHTED<=6 @2 
INFO: Combined process s s~ > mu+ mu- d d~ WEIGHTED<=6 @2 with process d d~ > e+ e- s s~ WEIGHTED<=6 @2 
INFO: Combined process s s~ > mu+ mu- b b~ WEIGHTED<=6 @2 with process d d~ > e+ e- s s~ WEIGHTED<=6 @2 
INFO: Combined process s b > e+ e- s b WEIGHTED<=6 @2 with process d s > e+ e- d s WEIGHTED<=6 @2 
INFO: Combined process s b > mu+ mu- s b WEIGHTED<=6 @2 with process d s > e+ e- d s WEIGHTED<=6 @2 
INFO: Combined process s b~ > e+ e- s b~ WEIGHTED<=6 @2 with process d s~ > e+ e- d s~ WEIGHTED<=6 @2 
INFO: Combined process s b~ > mu+ mu- s b~ WEIGHTED<=6 @2 with process d s~ > e+ e- d s~ WEIGHTED<=6 @2 
INFO: Generating Helas calls for process: u~ c~ > e+ e- u~ c~ WEIGHTED<=6 @2 
INFO: Processing color information for process: u~ c~ > e+ e- u~ c~ @2 
INFO: Combined process u~ c~ > mu+ mu- u~ c~ WEIGHTED<=6 @2 with process u~ c~ > e+ e- u~ c~ WEIGHTED<=6 @2 
INFO: Generating Helas calls for process: u~ d~ > e+ e- u~ d~ WEIGHTED<=6 @2 
INFO: Reusing existing color information for process: u~ d~ > e+ e- u~ d~ @2 
INFO: Combined process u~ d~ > mu+ mu- u~ d~ WEIGHTED<=6 @2 with process u~ d~ > e+ e- u~ d~ WEIGHTED<=6 @2 
INFO: Combined process u~ s~ > e+ e- u~ s~ WEIGHTED<=6 @2 with process u~ d~ > e+ e- u~ d~ WEIGHTED<=6 @2 
INFO: Combined process u~ s~ > mu+ mu- u~ s~ WEIGHTED<=6 @2 with process u~ d~ > e+ e- u~ d~ WEIGHTED<=6 @2 
INFO: Generating Helas calls for process: u~ b > e+ e- b u~ WEIGHTED<=6 @2 
INFO: Processing color information for process: u~ b > e+ e- b u~ @2 
INFO: Combined process u~ b > mu+ mu- b u~ WEIGHTED<=6 @2 with process u~ b > e+ e- b u~ WEIGHTED<=6 @2 
INFO: Combined process u~ b~ > e+ e- u~ b~ WEIGHTED<=6 @2 with process u~ d~ > e+ e- u~ d~ WEIGHTED<=6 @2 
INFO: Combined process u~ b~ > mu+ mu- u~ b~ WEIGHTED<=6 @2 with process u~ d~ > e+ e- u~ d~ WEIGHTED<=6 @2 
INFO: Combined process c~ d~ > e+ e- c~ d~ WEIGHTED<=6 @2 with process u~ d~ > e+ e- u~ d~ WEIGHTED<=6 @2 
INFO: Combined process c~ d~ > mu+ mu- c~ d~ WEIGHTED<=6 @2 with process u~ d~ > e+ e- u~ d~ WEIGHTED<=6 @2 
INFO: Combined process c~ s~ > e+ e- c~ s~ WEIGHTED<=6 @2 with process u~ d~ > e+ e- u~ d~ WEIGHTED<=6 @2 
INFO: Combined process c~ s~ > mu+ mu- c~ s~ WEIGHTED<=6 @2 with process u~ d~ > e+ e- u~ d~ WEIGHTED<=6 @2 
INFO: Combined process c~ b > e+ e- b c~ WEIGHTED<=6 @2 with process u~ b > e+ e- b u~ WEIGHTED<=6 @2 
INFO: Combined process c~ b > mu+ mu- b c~ WEIGHTED<=6 @2 with process u~ b > e+ e- b u~ WEIGHTED<=6 @2 
INFO: Combined process c~ b~ > e+ e- c~ b~ WEIGHTED<=6 @2 with process u~ d~ > e+ e- u~ d~ WEIGHTED<=6 @2 
INFO: Combined process c~ b~ > mu+ mu- c~ b~ WEIGHTED<=6 @2 with process u~ d~ > e+ e- u~ d~ WEIGHTED<=6 @2 
INFO: Generating Helas calls for process: d~ s~ > e+ e- d~ s~ WEIGHTED<=6 @2 
INFO: Reusing existing color information for process: d~ s~ > e+ e- d~ s~ @2 
INFO: Combined process d~ s~ > mu+ mu- d~ s~ WEIGHTED<=6 @2 with process d~ s~ > e+ e- d~ s~ WEIGHTED<=6 @2 
INFO: Generating Helas calls for process: d~ b > e+ e- b d~ WEIGHTED<=6 @2 
INFO: Reusing existing color information for process: d~ b > e+ e- b d~ @2 
INFO: Combined process d~ b > mu+ mu- b d~ WEIGHTED<=6 @2 with process d~ b > e+ e- b d~ WEIGHTED<=6 @2 
INFO: Combined process d~ b~ > e+ e- d~ b~ WEIGHTED<=6 @2 with process d~ s~ > e+ e- d~ s~ WEIGHTED<=6 @2 
INFO: Combined process d~ b~ > mu+ mu- d~ b~ WEIGHTED<=6 @2 with process d~ s~ > e+ e- d~ s~ WEIGHTED<=6 @2 
INFO: Combined process s~ b > e+ e- b s~ WEIGHTED<=6 @2 with process d~ b > e+ e- b d~ WEIGHTED<=6 @2 
INFO: Combined process s~ b > mu+ mu- b s~ WEIGHTED<=6 @2 with process d~ b > e+ e- b d~ WEIGHTED<=6 @2 
INFO: Combined process s~ b~ > e+ e- s~ b~ WEIGHTED<=6 @2 with process d~ s~ > e+ e- d~ s~ WEIGHTED<=6 @2 
INFO: Combined process s~ b~ > mu+ mu- s~ b~ WEIGHTED<=6 @2 with process d~ s~ > e+ e- d~ s~ WEIGHTED<=6 @2 
INFO: Combined process b b~ > e+ e- u u~ WEIGHTED<=6 @2 with process d d~ > e+ e- u u~ WEIGHTED<=6 @2 
INFO: Combined process b b~ > e+ e- c c~ WEIGHTED<=6 @2 with process d d~ > e+ e- u u~ WEIGHTED<=6 @2 
INFO: Combined process b b~ > e+ e- d d~ WEIGHTED<=6 @2 with process d d~ > e+ e- s s~ WEIGHTED<=6 @2 
INFO: Combined process b b~ > e+ e- s s~ WEIGHTED<=6 @2 with process d d~ > e+ e- s s~ WEIGHTED<=6 @2 
INFO: Combined process b b~ > mu+ mu- u u~ WEIGHTED<=6 @2 with process d d~ > e+ e- u u~ WEIGHTED<=6 @2 
INFO: Combined process b b~ > mu+ mu- c c~ WEIGHTED<=6 @2 with process d d~ > e+ e- u u~ WEIGHTED<=6 @2 
INFO: Combined process b b~ > mu+ mu- d d~ WEIGHTED<=6 @2 with process d d~ > e+ e- s s~ WEIGHTED<=6 @2 
INFO: Combined process b b~ > mu+ mu- s s~ WEIGHTED<=6 @2 with process d d~ > e+ e- s s~ WEIGHTED<=6 @2 
INFO: Generating Helas calls for process: u u > ta+ ta- u u WEIGHTED<=6 @2 
INFO: Processing color information for process: u u > ta+ ta- u u @2 
INFO: Generating Helas calls for process: u u~ > ta+ ta- u u~ WEIGHTED<=6 @2 
INFO: Processing color information for process: u u~ > ta+ ta- u u~ @2 
INFO: Combined process c c > ta+ ta- c c WEIGHTED<=6 @2 with process u u > ta+ ta- u u WEIGHTED<=6 @2 
INFO: Combined process c c~ > ta+ ta- c c~ WEIGHTED<=6 @2 with process u u~ > ta+ ta- u u~ WEIGHTED<=6 @2 
INFO: Generating Helas calls for process: d d > ta+ ta- d d WEIGHTED<=6 @2 
INFO: Reusing existing color information for process: d d > ta+ ta- d d @2 
INFO: Generating Helas calls for process: d d~ > ta+ ta- d d~ WEIGHTED<=6 @2 
INFO: Reusing existing color information for process: d d~ > ta+ ta- d d~ @2 
INFO: Combined process s s > ta+ ta- s s WEIGHTED<=6 @2 with process d d > ta+ ta- d d WEIGHTED<=6 @2 
INFO: Combined process s s~ > ta+ ta- s s~ WEIGHTED<=6 @2 with process d d~ > ta+ ta- d d~ WEIGHTED<=6 @2 
INFO: Generating Helas calls for process: u~ u~ > ta+ ta- u~ u~ WEIGHTED<=6 @2 
INFO: Processing color information for process: u~ u~ > ta+ ta- u~ u~ @2 
INFO: Combined process c~ c~ > ta+ ta- c~ c~ WEIGHTED<=6 @2 with process u~ u~ > ta+ ta- u~ u~ WEIGHTED<=6 @2 
INFO: Generating Helas calls for process: d~ d~ > ta+ ta- d~ d~ WEIGHTED<=6 @2 
INFO: Reusing existing color information for process: d~ d~ > ta+ ta- d~ d~ @2 
INFO: Combined process s~ s~ > ta+ ta- s~ s~ WEIGHTED<=6 @2 with process d~ d~ > ta+ ta- d~ d~ WEIGHTED<=6 @2 
INFO: Combined process b b > ta+ ta- b b WEIGHTED<=6 @2 with process d d > ta+ ta- d d WEIGHTED<=6 @2 
INFO: Combined process b b~ > ta+ ta- b b~ WEIGHTED<=6 @2 with process d d~ > ta+ ta- d d~ WEIGHTED<=6 @2 
INFO: Combined process b~ b~ > ta+ ta- b~ b~ WEIGHTED<=6 @2 with process d~ d~ > ta+ ta- d~ d~ WEIGHTED<=6 @2 
INFO: Generating Helas calls for process: u c > ta+ ta- u c WEIGHTED<=6 @2 
INFO: Processing color information for process: u c > ta+ ta- u c @2 
INFO: Generating Helas calls for process: u d > ta+ ta- u d WEIGHTED<=6 @2 
INFO: Reusing existing color information for process: u d > ta+ ta- u d @2 
INFO: Combined process u s > ta+ ta- u s WEIGHTED<=6 @2 with process u d > ta+ ta- u d WEIGHTED<=6 @2 
INFO: Generating Helas calls for process: u u~ > ta+ ta- c c~ WEIGHTED<=6 @2 
INFO: Processing color information for process: u u~ > ta+ ta- c c~ @2 
INFO: Generating Helas calls for process: u u~ > ta+ ta- d d~ WEIGHTED<=6 @2 
INFO: Reusing existing color information for process: u u~ > ta+ ta- d d~ @2 
INFO: Combined process u u~ > ta+ ta- s s~ WEIGHTED<=6 @2 with process u u~ > ta+ ta- d d~ WEIGHTED<=6 @2 
INFO: Combined process u u~ > ta+ ta- b b~ WEIGHTED<=6 @2 with process u u~ > ta+ ta- d d~ WEIGHTED<=6 @2 
INFO: Generating Helas calls for process: u c~ > ta+ ta- u c~ WEIGHTED<=6 @2 
INFO: Processing color information for process: u c~ > ta+ ta- u c~ @2 
INFO: Generating Helas calls for process: u d~ > ta+ ta- u d~ WEIGHTED<=6 @2 
INFO: Reusing existing color information for process: u d~ > ta+ ta- u d~ @2 
INFO: Combined process u s~ > ta+ ta- u s~ WEIGHTED<=6 @2 with process u d~ > ta+ ta- u d~ WEIGHTED<=6 @2 
INFO: Combined process u b > ta+ ta- u b WEIGHTED<=6 @2 with process u d > ta+ ta- u d WEIGHTED<=6 @2 
INFO: Combined process u b~ > ta+ ta- u b~ WEIGHTED<=6 @2 with process u d~ > ta+ ta- u d~ WEIGHTED<=6 @2 
INFO: Combined process c d > ta+ ta- c d WEIGHTED<=6 @2 with process u d > ta+ ta- u d WEIGHTED<=6 @2 
INFO: Combined process c s > ta+ ta- c s WEIGHTED<=6 @2 with process u d > ta+ ta- u d WEIGHTED<=6 @2 
INFO: Combined process c u~ > ta+ ta- c u~ WEIGHTED<=6 @2 with process u c~ > ta+ ta- u c~ WEIGHTED<=6 @2 
INFO: Combined process c c~ > ta+ ta- u u~ WEIGHTED<=6 @2 with process u u~ > ta+ ta- c c~ WEIGHTED<=6 @2 
INFO: Combined process c c~ > ta+ ta- d d~ WEIGHTED<=6 @2 with process u u~ > ta+ ta- d d~ WEIGHTED<=6 @2 
INFO: Combined process c c~ > ta+ ta- s s~ WEIGHTED<=6 @2 with process u u~ > ta+ ta- d d~ WEIGHTED<=6 @2 
INFO: Combined process c c~ > ta+ ta- b b~ WEIGHTED<=6 @2 with process u u~ > ta+ ta- d d~ WEIGHTED<=6 @2 
INFO: Combined process c d~ > ta+ ta- c d~ WEIGHTED<=6 @2 with process u d~ > ta+ ta- u d~ WEIGHTED<=6 @2 
INFO: Combined process c s~ > ta+ ta- c s~ WEIGHTED<=6 @2 with process u d~ > ta+ ta- u d~ WEIGHTED<=6 @2 
INFO: Combined process c b > ta+ ta- c b WEIGHTED<=6 @2 with process u d > ta+ ta- u d WEIGHTED<=6 @2 
INFO: Combined process c b~ > ta+ ta- c b~ WEIGHTED<=6 @2 with process u d~ > ta+ ta- u d~ WEIGHTED<=6 @2 
INFO: Generating Helas calls for process: d s > ta+ ta- d s WEIGHTED<=6 @2 
INFO: Reusing existing color information for process: d s > ta+ ta- d s @2 
INFO: Generating Helas calls for process: d u~ > ta+ ta- d u~ WEIGHTED<=6 @2 
INFO: Processing color information for process: d u~ > ta+ ta- d u~ @2 
INFO: Combined process d c~ > ta+ ta- d c~ WEIGHTED<=6 @2 with process d u~ > ta+ ta- d u~ WEIGHTED<=6 @2 
INFO: Generating Helas calls for process: d d~ > ta+ ta- u u~ WEIGHTED<=6 @2 
INFO: Processing color information for process: d d~ > ta+ ta- u u~ @2 
INFO: Combined process d d~ > ta+ ta- c c~ WEIGHTED<=6 @2 with process d d~ > ta+ ta- u u~ WEIGHTED<=6 @2 
INFO: Generating Helas calls for process: d d~ > ta+ ta- s s~ WEIGHTED<=6 @2 
INFO: Reusing existing color information for process: d d~ > ta+ ta- s s~ @2 
INFO: Combined process d d~ > ta+ ta- b b~ WEIGHTED<=6 @2 with process d d~ > ta+ ta- s s~ WEIGHTED<=6 @2 
INFO: Generating Helas calls for process: d s~ > ta+ ta- d s~ WEIGHTED<=6 @2 
INFO: Reusing existing color information for process: d s~ > ta+ ta- d s~ @2 
INFO: Combined process d b > ta+ ta- d b WEIGHTED<=6 @2 with process d s > ta+ ta- d s WEIGHTED<=6 @2 
INFO: Combined process d b~ > ta+ ta- d b~ WEIGHTED<=6 @2 with process d s~ > ta+ ta- d s~ WEIGHTED<=6 @2 
INFO: Combined process s u~ > ta+ ta- s u~ WEIGHTED<=6 @2 with process d u~ > ta+ ta- d u~ WEIGHTED<=6 @2 
INFO: Combined process s c~ > ta+ ta- s c~ WEIGHTED<=6 @2 with process d u~ > ta+ ta- d u~ WEIGHTED<=6 @2 
INFO: Combined process s d~ > ta+ ta- s d~ WEIGHTED<=6 @2 with process d s~ > ta+ ta- d s~ WEIGHTED<=6 @2 
INFO: Combined process s s~ > ta+ ta- u u~ WEIGHTED<=6 @2 with process d d~ > ta+ ta- u u~ WEIGHTED<=6 @2 
INFO: Combined process s s~ > ta+ ta- c c~ WEIGHTED<=6 @2 with process d d~ > ta+ ta- u u~ WEIGHTED<=6 @2 
INFO: Combined process s s~ > ta+ ta- d d~ WEIGHTED<=6 @2 with process d d~ > ta+ ta- s s~ WEIGHTED<=6 @2 
INFO: Combined process s s~ > ta+ ta- b b~ WEIGHTED<=6 @2 with process d d~ > ta+ ta- s s~ WEIGHTED<=6 @2 
INFO: Combined process s b > ta+ ta- s b WEIGHTED<=6 @2 with process d s > ta+ ta- d s WEIGHTED<=6 @2 
INFO: Combined process s b~ > ta+ ta- s b~ WEIGHTED<=6 @2 with process d s~ > ta+ ta- d s~ WEIGHTED<=6 @2 
INFO: Generating Helas calls for process: u~ c~ > ta+ ta- u~ c~ WEIGHTED<=6 @2 
INFO: Processing color information for process: u~ c~ > ta+ ta- u~ c~ @2 
INFO: Generating Helas calls for process: u~ d~ > ta+ ta- u~ d~ WEIGHTED<=6 @2 
INFO: Reusing existing color information for process: u~ d~ > ta+ ta- u~ d~ @2 
INFO: Combined process u~ s~ > ta+ ta- u~ s~ WEIGHTED<=6 @2 with process u~ d~ > ta+ ta- u~ d~ WEIGHTED<=6 @2 
INFO: Generating Helas calls for process: u~ b > ta+ ta- b u~ WEIGHTED<=6 @2 
INFO: Processing color information for process: u~ b > ta+ ta- b u~ @2 
INFO: Combined process u~ b~ > ta+ ta- u~ b~ WEIGHTED<=6 @2 with process u~ d~ > ta+ ta- u~ d~ WEIGHTED<=6 @2 
INFO: Combined process c~ d~ > ta+ ta- c~ d~ WEIGHTED<=6 @2 with process u~ d~ > ta+ ta- u~ d~ WEIGHTED<=6 @2 
INFO: Combined process c~ s~ > ta+ ta- c~ s~ WEIGHTED<=6 @2 with process u~ d~ > ta+ ta- u~ d~ WEIGHTED<=6 @2 
INFO: Combined process c~ b > ta+ ta- b c~ WEIGHTED<=6 @2 with process u~ b > ta+ ta- b u~ WEIGHTED<=6 @2 
INFO: Combined process c~ b~ > ta+ ta- c~ b~ WEIGHTED<=6 @2 with process u~ d~ > ta+ ta- u~ d~ WEIGHTED<=6 @2 
INFO: Generating Helas calls for process: d~ s~ > ta+ ta- d~ s~ WEIGHTED<=6 @2 
INFO: Reusing existing color information for process: d~ s~ > ta+ ta- d~ s~ @2 
INFO: Generating Helas calls for process: d~ b > ta+ ta- b d~ WEIGHTED<=6 @2 
INFO: Reusing existing color information for process: d~ b > ta+ ta- b d~ @2 
INFO: Combined process d~ b~ > ta+ ta- d~ b~ WEIGHTED<=6 @2 with process d~ s~ > ta+ ta- d~ s~ WEIGHTED<=6 @2 
INFO: Combined process s~ b > ta+ ta- b s~ WEIGHTED<=6 @2 with process d~ b > ta+ ta- b d~ WEIGHTED<=6 @2 
INFO: Combined process s~ b~ > ta+ ta- s~ b~ WEIGHTED<=6 @2 with process d~ s~ > ta+ ta- d~ s~ WEIGHTED<=6 @2 
INFO: Combined process b b~ > ta+ ta- u u~ WEIGHTED<=6 @2 with process d d~ > ta+ ta- u u~ WEIGHTED<=6 @2 
INFO: Combined process b b~ > ta+ ta- c c~ WEIGHTED<=6 @2 with process d d~ > ta+ ta- u u~ WEIGHTED<=6 @2 
INFO: Combined process b b~ > ta+ ta- d d~ WEIGHTED<=6 @2 with process d d~ > ta+ ta- s s~ WEIGHTED<=6 @2 
INFO: Combined process b b~ > ta+ ta- s s~ WEIGHTED<=6 @2 with process d d~ > ta+ ta- s s~ WEIGHTED<=6 @2 
INFO: Generating Helas calls for process: u u~ > e+ e- g g WEIGHTED<=6 @2 
INFO: Processing color information for process: u u~ > e+ e- g g @2 
INFO: Combined process u u~ > mu+ mu- g g WEIGHTED<=6 @2 with process u u~ > e+ e- g g WEIGHTED<=6 @2 
INFO: Combined process c c~ > e+ e- g g WEIGHTED<=6 @2 with process u u~ > e+ e- g g WEIGHTED<=6 @2 
INFO: Combined process c c~ > mu+ mu- g g WEIGHTED<=6 @2 with process u u~ > e+ e- g g WEIGHTED<=6 @2 
INFO: Generating Helas calls for process: d d~ > e+ e- g g WEIGHTED<=6 @2 
INFO: Reusing existing color information for process: d d~ > e+ e- g g @2 
INFO: Combined process d d~ > mu+ mu- g g WEIGHTED<=6 @2 with process d d~ > e+ e- g g WEIGHTED<=6 @2 
INFO: Combined process s s~ > e+ e- g g WEIGHTED<=6 @2 with process d d~ > e+ e- g g WEIGHTED<=6 @2 
INFO: Combined process s s~ > mu+ mu- g g WEIGHTED<=6 @2 with process d d~ > e+ e- g g WEIGHTED<=6 @2 
INFO: Combined process b b~ > e+ e- g g WEIGHTED<=6 @2 with process d d~ > e+ e- g g WEIGHTED<=6 @2 
INFO: Combined process b b~ > mu+ mu- g g WEIGHTED<=6 @2 with process d d~ > e+ e- g g WEIGHTED<=6 @2 
INFO: Generating Helas calls for process: u u~ > ta+ ta- g g WEIGHTED<=6 @2 
INFO: Processing color information for process: u u~ > ta+ ta- g g @2 
INFO: Combined process c c~ > ta+ ta- g g WEIGHTED<=6 @2 with process u u~ > ta+ ta- g g WEIGHTED<=6 @2 
INFO: Generating Helas calls for process: d d~ > ta+ ta- g g WEIGHTED<=6 @2 
INFO: Reusing existing color information for process: d d~ > ta+ ta- g g @2 
INFO: Combined process s s~ > ta+ ta- g g WEIGHTED<=6 @2 with process d d~ > ta+ ta- g g WEIGHTED<=6 @2 
INFO: Combined process b b~ > ta+ ta- g g WEIGHTED<=6 @2 with process d d~ > ta+ ta- g g WEIGHTED<=6 @2 
INFO: Generating Helas calls for process: g u > e+ e- u WEIGHTED<=5 @1 
INFO: Processing color information for process: g u > e+ e- u @1 
INFO: Combined process g u > mu+ mu- u WEIGHTED<=5 @1 with process g u > e+ e- u WEIGHTED<=5 @1 
INFO: Combined process g c > e+ e- c WEIGHTED<=5 @1 with process g u > e+ e- u WEIGHTED<=5 @1 
INFO: Combined process g c > mu+ mu- c WEIGHTED<=5 @1 with process g u > e+ e- u WEIGHTED<=5 @1 
INFO: Generating Helas calls for process: g d > e+ e- d WEIGHTED<=5 @1 
INFO: Reusing existing color information for process: g d > e+ e- d @1 
INFO: Combined process g d > mu+ mu- d WEIGHTED<=5 @1 with process g d > e+ e- d WEIGHTED<=5 @1 
INFO: Combined process g s > e+ e- s WEIGHTED<=5 @1 with process g d > e+ e- d WEIGHTED<=5 @1 
INFO: Combined process g s > mu+ mu- s WEIGHTED<=5 @1 with process g d > e+ e- d WEIGHTED<=5 @1 
INFO: Generating Helas calls for process: g u~ > e+ e- u~ WEIGHTED<=5 @1 
INFO: Processing color information for process: g u~ > e+ e- u~ @1 
INFO: Combined process g u~ > mu+ mu- u~ WEIGHTED<=5 @1 with process g u~ > e+ e- u~ WEIGHTED<=5 @1 
INFO: Combined process g c~ > e+ e- c~ WEIGHTED<=5 @1 with process g u~ > e+ e- u~ WEIGHTED<=5 @1 
INFO: Combined process g c~ > mu+ mu- c~ WEIGHTED<=5 @1 with process g u~ > e+ e- u~ WEIGHTED<=5 @1 
INFO: Generating Helas calls for process: g d~ > e+ e- d~ WEIGHTED<=5 @1 
INFO: Reusing existing color information for process: g d~ > e+ e- d~ @1 
INFO: Combined process g d~ > mu+ mu- d~ WEIGHTED<=5 @1 with process g d~ > e+ e- d~ WEIGHTED<=5 @1 
INFO: Combined process g s~ > e+ e- s~ WEIGHTED<=5 @1 with process g d~ > e+ e- d~ WEIGHTED<=5 @1 
INFO: Combined process g s~ > mu+ mu- s~ WEIGHTED<=5 @1 with process g d~ > e+ e- d~ WEIGHTED<=5 @1 
INFO: Combined process g b > e+ e- b WEIGHTED<=5 @1 with process g d > e+ e- d WEIGHTED<=5 @1 
INFO: Combined process g b > mu+ mu- b WEIGHTED<=5 @1 with process g d > e+ e- d WEIGHTED<=5 @1 
INFO: Combined process g b~ > e+ e- b~ WEIGHTED<=5 @1 with process g d~ > e+ e- d~ WEIGHTED<=5 @1 
INFO: Combined process g b~ > mu+ mu- b~ WEIGHTED<=5 @1 with process g d~ > e+ e- d~ WEIGHTED<=5 @1 
INFO: Generating Helas calls for process: g u > ta+ ta- u WEIGHTED<=5 @1 
INFO: Processing color information for process: g u > ta+ ta- u @1 
INFO: Combined process g c > ta+ ta- c WEIGHTED<=5 @1 with process g u > ta+ ta- u WEIGHTED<=5 @1 
INFO: Generating Helas calls for process: g d > ta+ ta- d WEIGHTED<=5 @1 
INFO: Reusing existing color information for process: g d > ta+ ta- d @1 
INFO: Combined process g s > ta+ ta- s WEIGHTED<=5 @1 with process g d > ta+ ta- d WEIGHTED<=5 @1 
INFO: Generating Helas calls for process: g u~ > ta+ ta- u~ WEIGHTED<=5 @1 
INFO: Processing color information for process: g u~ > ta+ ta- u~ @1 
INFO: Combined process g c~ > ta+ ta- c~ WEIGHTED<=5 @1 with process g u~ > ta+ ta- u~ WEIGHTED<=5 @1 
INFO: Generating Helas calls for process: g d~ > ta+ ta- d~ WEIGHTED<=5 @1 
INFO: Reusing existing color information for process: g d~ > ta+ ta- d~ @1 
INFO: Combined process g s~ > ta+ ta- s~ WEIGHTED<=5 @1 with process g d~ > ta+ ta- d~ WEIGHTED<=5 @1 
INFO: Combined process g b > ta+ ta- b WEIGHTED<=5 @1 with process g d > ta+ ta- d WEIGHTED<=5 @1 
INFO: Combined process g b~ > ta+ ta- b~ WEIGHTED<=5 @1 with process g d~ > ta+ ta- d~ WEIGHTED<=5 @1 
INFO: Generating Helas calls for process: u u~ > e+ e- g WEIGHTED<=5 @1 
INFO: Processing color information for process: u u~ > e+ e- g @1 
INFO: Combined process u u~ > mu+ mu- g WEIGHTED<=5 @1 with process u u~ > e+ e- g WEIGHTED<=5 @1 
INFO: Combined process c c~ > e+ e- g WEIGHTED<=5 @1 with process u u~ > e+ e- g WEIGHTED<=5 @1 
INFO: Combined process c c~ > mu+ mu- g WEIGHTED<=5 @1 with process u u~ > e+ e- g WEIGHTED<=5 @1 
INFO: Generating Helas calls for process: d d~ > e+ e- g WEIGHTED<=5 @1 
INFO: Reusing existing color information for process: d d~ > e+ e- g @1 
INFO: Combined process d d~ > mu+ mu- g WEIGHTED<=5 @1 with process d d~ > e+ e- g WEIGHTED<=5 @1 
INFO: Combined process s s~ > e+ e- g WEIGHTED<=5 @1 with process d d~ > e+ e- g WEIGHTED<=5 @1 
INFO: Combined process s s~ > mu+ mu- g WEIGHTED<=5 @1 with process d d~ > e+ e- g WEIGHTED<=5 @1 
INFO: Combined process b b~ > e+ e- g WEIGHTED<=5 @1 with process d d~ > e+ e- g WEIGHTED<=5 @1 
INFO: Combined process b b~ > mu+ mu- g WEIGHTED<=5 @1 with process d d~ > e+ e- g WEIGHTED<=5 @1 
INFO: Generating Helas calls for process: u u~ > ta+ ta- g WEIGHTED<=5 @1 
INFO: Processing color information for process: u u~ > ta+ ta- g @1 
INFO: Combined process c c~ > ta+ ta- g WEIGHTED<=5 @1 with process u u~ > ta+ ta- g WEIGHTED<=5 @1 
INFO: Generating Helas calls for process: d d~ > ta+ ta- g WEIGHTED<=5 @1 
INFO: Reusing existing color information for process: d d~ > ta+ ta- g @1 
INFO: Combined process s s~ > ta+ ta- g WEIGHTED<=5 @1 with process d d~ > ta+ ta- g WEIGHTED<=5 @1 
INFO: Combined process b b~ > ta+ ta- g WEIGHTED<=5 @1 with process d d~ > ta+ ta- g WEIGHTED<=5 @1 
INFO: Generating Helas calls for process: u u~ > e+ e- WEIGHTED<=4 
INFO: Processing color information for process: u u~ > e+ e- 
INFO: Combined process u u~ > mu+ mu- WEIGHTED<=4 with process u u~ > e+ e- WEIGHTED<=4 
INFO: Combined process c c~ > e+ e- WEIGHTED<=4 with process u u~ > e+ e- WEIGHTED<=4 
INFO: Combined process c c~ > mu+ mu- WEIGHTED<=4 with process u u~ > e+ e- WEIGHTED<=4 
INFO: Generating Helas calls for process: d d~ > e+ e- WEIGHTED<=4 
INFO: Reusing existing color information for process: d d~ > e+ e- 
INFO: Combined process d d~ > mu+ mu- WEIGHTED<=4 with process d d~ > e+ e- WEIGHTED<=4 
INFO: Combined process s s~ > e+ e- WEIGHTED<=4 with process d d~ > e+ e- WEIGHTED<=4 
INFO: Combined process s s~ > mu+ mu- WEIGHTED<=4 with process d d~ > e+ e- WEIGHTED<=4 
INFO: Combined process b b~ > e+ e- WEIGHTED<=4 with process d d~ > e+ e- WEIGHTED<=4 
INFO: Combined process b b~ > mu+ mu- WEIGHTED<=4 with process d d~ > e+ e- WEIGHTED<=4 
INFO: Generating Helas calls for process: u u~ > ta+ ta- WEIGHTED<=4 
INFO: Processing color information for process: u u~ > ta+ ta- 
INFO: Combined process c c~ > ta+ ta- WEIGHTED<=4 with process u u~ > ta+ ta- WEIGHTED<=4 
INFO: Generating Helas calls for process: d d~ > ta+ ta- WEIGHTED<=4 
INFO: Reusing existing color information for process: d d~ > ta+ ta- 
INFO: Combined process s s~ > ta+ ta- WEIGHTED<=4 with process d d~ > ta+ ta- WEIGHTED<=4 
INFO: Combined process b b~ > ta+ ta- WEIGHTED<=4 with process d d~ > ta+ ta- WEIGHTED<=4 
INFO: Creating files in directory P2_gg_llqq 
INFO: Generating Feynman diagrams for Process: g g > e+ e- u u~ WEIGHTED<=6 @2 
INFO: Generating Feynman diagrams for Process: g g > e+ e- d d~ WEIGHTED<=6 @2 
INFO: Finding symmetric diagrams for subprocess group gg_llqq 
INFO: Creating files in directory P2_gg_taptamqq 
INFO: Generating Feynman diagrams for Process: g g > ta+ ta- u u~ WEIGHTED<=6 @2 
INFO: Generating Feynman diagrams for Process: g g > ta+ ta- d d~ WEIGHTED<=6 @2 
INFO: Finding symmetric diagrams for subprocess group gg_taptamqq 
INFO: Creating files in directory P2_gq_llgq 
INFO: Generating Feynman diagrams for Process: g u > e+ e- g u WEIGHTED<=6 @2 
INFO: Generating Feynman diagrams for Process: g d > e+ e- g d WEIGHTED<=6 @2 
INFO: Generating Feynman diagrams for Process: g u~ > e+ e- g u~ WEIGHTED<=6 @2 
INFO: Generating Feynman diagrams for Process: g d~ > e+ e- g d~ WEIGHTED<=6 @2 
INFO: Finding symmetric diagrams for subprocess group gq_llgq 
INFO: Creating files in directory P2_gq_taptamgq 
INFO: Generating Feynman diagrams for Process: g u > ta+ ta- g u WEIGHTED<=6 @2 
INFO: Generating Feynman diagrams for Process: g d > ta+ ta- g d WEIGHTED<=6 @2 
INFO: Generating Feynman diagrams for Process: g u~ > ta+ ta- g u~ WEIGHTED<=6 @2 
INFO: Generating Feynman diagrams for Process: g d~ > ta+ ta- g d~ WEIGHTED<=6 @2 
INFO: Finding symmetric diagrams for subprocess group gq_taptamgq 
INFO: Creating files in directory P2_qq_llqq 
INFO: Generating Feynman diagrams for Process: u u > e+ e- u u WEIGHTED<=6 @2 
INFO: Generating Feynman diagrams for Process: u u~ > e+ e- u u~ WEIGHTED<=6 @2 
INFO: Generating Feynman diagrams for Process: d d > e+ e- d d WEIGHTED<=6 @2 
INFO: Generating Feynman diagrams for Process: d d~ > e+ e- d d~ WEIGHTED<=6 @2 
INFO: Generating Feynman diagrams for Process: u~ u~ > e+ e- u~ u~ WEIGHTED<=6 @2 
INFO: Generating Feynman diagrams for Process: d~ d~ > e+ e- d~ d~ WEIGHTED<=6 @2 
INFO: Generating Feynman diagrams for Process: u c > e+ e- u c WEIGHTED<=6 @2 
INFO: Generating Feynman diagrams for Process: u d > e+ e- u d WEIGHTED<=6 @2 
INFO: Generating Feynman diagrams for Process: u u~ > e+ e- c c~ WEIGHTED<=6 @2 
INFO: Generating Feynman diagrams for Process: u u~ > e+ e- d d~ WEIGHTED<=6 @2 
INFO: Generating Feynman diagrams for Process: u c~ > e+ e- u c~ WEIGHTED<=6 @2 
INFO: Generating Feynman diagrams for Process: u d~ > e+ e- u d~ WEIGHTED<=6 @2 
INFO: Generating Feynman diagrams for Process: d s > e+ e- d s WEIGHTED<=6 @2 
INFO: Generating Feynman diagrams for Process: d u~ > e+ e- d u~ WEIGHTED<=6 @2 
INFO: Generating Feynman diagrams for Process: d d~ > e+ e- u u~ WEIGHTED<=6 @2 
INFO: Generating Feynman diagrams for Process: d d~ > e+ e- s s~ WEIGHTED<=6 @2 
INFO: Generating Feynman diagrams for Process: d s~ > e+ e- d s~ WEIGHTED<=6 @2 
INFO: Generating Feynman diagrams for Process: u~ c~ > e+ e- u~ c~ WEIGHTED<=6 @2 
INFO: Generating Feynman diagrams for Process: u~ d~ > e+ e- u~ d~ WEIGHTED<=6 @2 
INFO: Generating Feynman diagrams for Process: u~ b > e+ e- b u~ WEIGHTED<=6 @2 
INFO: Generating Feynman diagrams for Process: d~ s~ > e+ e- d~ s~ WEIGHTED<=6 @2 
INFO: Generating Feynman diagrams for Process: d~ b > e+ e- b d~ WEIGHTED<=6 @2 
INFO: Finding symmetric diagrams for subprocess group qq_llqq 
INFO: Creating files in directory P2_qq_taptamqq 
INFO: Generating Feynman diagrams for Process: u u > ta+ ta- u u WEIGHTED<=6 @2 
INFO: Generating Feynman diagrams for Process: u u~ > ta+ ta- u u~ WEIGHTED<=6 @2 
INFO: Generating Feynman diagrams for Process: d d > ta+ ta- d d WEIGHTED<=6 @2 
INFO: Generating Feynman diagrams for Process: d d~ > ta+ ta- d d~ WEIGHTED<=6 @2 
INFO: Generating Feynman diagrams for Process: u~ u~ > ta+ ta- u~ u~ WEIGHTED<=6 @2 
INFO: Generating Feynman diagrams for Process: d~ d~ > ta+ ta- d~ d~ WEIGHTED<=6 @2 
INFO: Generating Feynman diagrams for Process: u c > ta+ ta- u c WEIGHTED<=6 @2 
INFO: Generating Feynman diagrams for Process: u d > ta+ ta- u d WEIGHTED<=6 @2 
INFO: Generating Feynman diagrams for Process: u u~ > ta+ ta- c c~ WEIGHTED<=6 @2 
INFO: Generating Feynman diagrams for Process: u u~ > ta+ ta- d d~ WEIGHTED<=6 @2 
INFO: Generating Feynman diagrams for Process: u c~ > ta+ ta- u c~ WEIGHTED<=6 @2 
INFO: Generating Feynman diagrams for Process: u d~ > ta+ ta- u d~ WEIGHTED<=6 @2 
INFO: Generating Feynman diagrams for Process: d s > ta+ ta- d s WEIGHTED<=6 @2 
INFO: Generating Feynman diagrams for Process: d u~ > ta+ ta- d u~ WEIGHTED<=6 @2 
INFO: Generating Feynman diagrams for Process: d d~ > ta+ ta- u u~ WEIGHTED<=6 @2 
INFO: Generating Feynman diagrams for Process: d d~ > ta+ ta- s s~ WEIGHTED<=6 @2 
INFO: Generating Feynman diagrams for Process: d s~ > ta+ ta- d s~ WEIGHTED<=6 @2 
INFO: Generating Feynman diagrams for Process: u~ c~ > ta+ ta- u~ c~ WEIGHTED<=6 @2 
INFO: Generating Feynman diagrams for Process: u~ d~ > ta+ ta- u~ d~ WEIGHTED<=6 @2 
INFO: Generating Feynman diagrams for Process: u~ b > ta+ ta- b u~ WEIGHTED<=6 @2 
INFO: Generating Feynman diagrams for Process: d~ s~ > ta+ ta- d~ s~ WEIGHTED<=6 @2 
INFO: Generating Feynman diagrams for Process: d~ b > ta+ ta- b d~ WEIGHTED<=6 @2 
INFO: Finding symmetric diagrams for subprocess group qq_taptamqq 
INFO: Creating files in directory P2_qq_llgg 
INFO: Generating Feynman diagrams for Process: u u~ > e+ e- g g WEIGHTED<=6 @2 
INFO: Generating Feynman diagrams for Process: d d~ > e+ e- g g WEIGHTED<=6 @2 
INFO: Finding symmetric diagrams for subprocess group qq_llgg 
INFO: Creating files in directory P2_qq_taptamgg 
INFO: Generating Feynman diagrams for Process: u u~ > ta+ ta- g g WEIGHTED<=6 @2 
INFO: Generating Feynman diagrams for Process: d d~ > ta+ ta- g g WEIGHTED<=6 @2 
INFO: Finding symmetric diagrams for subprocess group qq_taptamgg 
INFO: Creating files in directory P1_gq_llq 
INFO: Generating Feynman diagrams for Process: g u > e+ e- u WEIGHTED<=5 @1 
INFO: Generating Feynman diagrams for Process: g d > e+ e- d WEIGHTED<=5 @1 
INFO: Generating Feynman diagrams for Process: g u~ > e+ e- u~ WEIGHTED<=5 @1 
INFO: Generating Feynman diagrams for Process: g d~ > e+ e- d~ WEIGHTED<=5 @1 
INFO: Finding symmetric diagrams for subprocess group gq_llq 
INFO: Creating files in directory P1_gq_taptamq 
INFO: Generating Feynman diagrams for Process: g u > ta+ ta- u WEIGHTED<=5 @1 
INFO: Generating Feynman diagrams for Process: g d > ta+ ta- d WEIGHTED<=5 @1 
INFO: Generating Feynman diagrams for Process: g u~ > ta+ ta- u~ WEIGHTED<=5 @1 
INFO: Generating Feynman diagrams for Process: g d~ > ta+ ta- d~ WEIGHTED<=5 @1 
INFO: Finding symmetric diagrams for subprocess group gq_taptamq 
INFO: Creating files in directory P1_qq_llg 
INFO: Generating Feynman diagrams for Process: u u~ > e+ e- g WEIGHTED<=5 @1 
INFO: Generating Feynman diagrams for Process: d d~ > e+ e- g WEIGHTED<=5 @1 
INFO: Finding symmetric diagrams for subprocess group qq_llg 
INFO: Creating files in directory P1_qq_taptamg 
INFO: Generating Feynman diagrams for Process: u u~ > ta+ ta- g WEIGHTED<=5 @1 
INFO: Generating Feynman diagrams for Process: d d~ > ta+ ta- g WEIGHTED<=5 @1 
INFO: Finding symmetric diagrams for subprocess group qq_taptamg 
INFO: Creating files in directory P0_qq_ll 
INFO: Generating Feynman diagrams for Process: u u~ > e+ e- WEIGHTED<=4 
INFO: Generating Feynman diagrams for Process: d d~ > e+ e- WEIGHTED<=4 
INFO: Finding symmetric diagrams for subprocess group qq_ll 
INFO: Creating files in directory P0_qq_taptam 
INFO: Generating Feynman diagrams for Process: u u~ > ta+ ta- WEIGHTED<=4 
INFO: Generating Feynman diagrams for Process: d d~ > ta+ ta- WEIGHTED<=4 
INFO: Finding symmetric diagrams for subprocess group qq_taptam 
Generated helas calls for 76 subprocesses (760 diagrams) in 2.507 s
Wrote files for 1916 helas calls in 40.069 s
ALOHA: aloha starts to compute helicity amplitudes
ALOHA: aloha creates 6 routines in  2.113 s
save configuration file to /eos/project/f/foundational-model-dataset/samples/pu200_ryliu/DYJetsToLL_13TeV-madgraphMLM-pythia8-2000-3/Cards/me5_configuration.txt
INFO: Use Fortran compiler /usr/bin/gfortran 
INFO: Use c++ compiler g++ 
INFO: Generate web pages 
Output to directory /eos/project/f/foundational-model-dataset/samples/pu200_ryliu/DYJetsToLL_13TeV-madgraphMLM-pythia8-2000-3 done.
Type "launch" to generate events from this process, or see
/eos/project/f/foundational-model-dataset/samples/pu200_ryliu/DYJetsToLL_13TeV-madgraphMLM-pythia8-2000-3/README
Run "open index.html" to see more information about this process.
quit
************************************************************
*                                                          *
*                      W E L C O M E to                    *
*             M A D G R A P H 5 _ a M C @ N L O            *
*                      M A D E V E N T                     *
*                                                          *
*                 *                       *                *
*                   *        * *        *                  *
*                     * * * * 5 * * * *                    *
*                   *        * *        *                  *
*                 *                       *                *
*                                                          *
*         VERSION 3.5.3                                    *
*                                                          *
*    The MadGraph5_aMC@NLO Development Team - Find us at   *
*    https://server06.fynu.ucl.ac.be/projects/madgraph     *
*                                                          *
*               Type 'help' for in-line help.              *
*                                                          *
************************************************************
INFO: load configuration from /eos/project/f/foundational-model-dataset/samples/pu200_ryliu/DYJetsToLL_13TeV-madgraphMLM-pythia8-2000-3/Cards/me5_configuration.txt  
INFO: load configuration from /usr/local/MG5_aMC_v3_5_3/input/mg5_configuration.txt  
INFO: load configuration from /eos/project/f/foundational-model-dataset/samples/pu200_ryliu/DYJetsToLL_13TeV-madgraphMLM-pythia8-2000-3/Cards/me5_configuration.txt  
No valid eps viewer found. Please set in ./input/mg5_configuration.txt
No valid web browser found. Please set in ./input/mg5_configuration.txt
import command /eos/project/f/foundational-model-dataset/samples/pu200_ryliu/DYJetsToLL_13TeV-madgraphMLM-pythia8-2000-3/Cards/launchrun.dat
launch
The following switches determine which programs are run:
/===========================================================================\
| 1. Choose the shower/hadronization program   [1m  shower[0m = [31mOFF[0m               |
| 2. Choose the detector simulation program    [1mdetector[0m = [31mOFF[0m               |
| 3. Choose an analysis package (plot/convert) [1manalysis[0m = [01mNot Avail.[0m        |
| 4. Decay onshell particles                   [1m madspin[0m = [31mOFF[0m               |
| 5. Add weights to events for new hypp.       [1mreweight[0m = [31mOFF[0m               |
\===========================================================================/
Either type the switch number (1 to 5) to change its setting,
Set any switch explicitly (e.g. type 'shower=Pythia8' at the prompt)
Type 'help' for the list of all valid option
Type '0', 'auto', 'done' or just press enter when you are done.
The following switches determine which programs are run:
/===========================================================================\
| 1. Choose the shower/hadronization program   [1m  shower[0m = [31mOFF[0m               |
| 2. Choose the detector simulation program    [1mdetector[0m = [31mOFF[0m               |
| 3. Choose an analysis package (plot/convert) [1manalysis[0m = [01mNot Avail.[0m        |
| 4. Decay onshell particles                   [1m madspin[0m = [31mOFF[0m               |
| 5. Add weights to events for new hypp.       [1mreweight[0m = [31mOFF[0m               |
\===========================================================================/
Either type the switch number (1 to 5) to change its setting,
Set any switch explicitly (e.g. type 'shower=Pythia8' at the prompt)
Type 'help' for the list of all valid option
Type '0', 'auto', 'done' or just press enter when you are done.
unexpected indent (<unknown>, line 1)
[1;34mFound unexpected entry in run_card: "reweight_pdf" with value "     NNPDF31_nnlo_hessian_pdfas  ".
  The type was assigned to str. 
  The definition of that variable will be automatically added to fortran file 
  The value of that variable will be passed to the fortran code via fortran file [0m
[1;34mrun_card missed argument custom_fcts. Takes default: [][0m
set nevents 2000
[1mINFO: modify parameter nevents of the run_card.dat to 2000 [0m
[1;34mWARNING: Particle 15 with small width detected (2.27e-12): See https://answers.launchpad.net/mg5amcnlo/+faq/3053 to learn the special handling of that case [0m
INFO: Update the dependent parameter of the param_card.dat 
[1;34mWARNING: update the strong coupling value (alpha_s) to the value from the pdf selected: 0.11800215829284905 [0m
unexpected indent (<unknown>, line 1)
Generating 2000 events with run name run_01
survey  run_01 
unexpected indent (<unknown>, line 1)
INFO: compile directory 
[1;34mNot able to open file /eos/project/f/foundational-model-dataset/samples/pu200_ryliu/DYJetsToLL_13TeV-madgraphMLM-pythia8-2000-3/crossx.html since no program configured.Please set one in ./input/mg5_configuration.txt[0m
INFO: Using LHAPDF v6.3.0 interface for PDFs 
compile Source Directory
Using random number seed offset = 3
INFO: Running Survey 
Creating Jobs
Working on SubProcesses
INFO: Compiling for process 1/14. 
INFO:     P2_gg_llqq  
INFO: Compiling for process 2/14. 
INFO:     P2_gg_taptamqq  
INFO: Compiling for process 3/14. 
INFO:     P2_gq_llgq  
INFO: Compiling for process 4/14. 
INFO:     P2_gq_taptamgq  
INFO: Compiling for process 5/14. 
INFO:     P2_qq_llqq  
INFO: Compiling for process 6/14. 
INFO:     P2_qq_taptamqq  
INFO: Compiling for process 7/14. 
INFO:     P2_qq_llgg  
INFO: Compiling for process 8/14. 
INFO:     P2_qq_taptamgg  
INFO: Compiling for process 9/14. 
INFO:     P1_gq_llq  
INFO: Compiling for process 10/14. 
INFO:     P1_gq_taptamq  
INFO: Compiling for process 11/14. 
INFO:     P1_qq_llg  
INFO: Compiling for process 12/14. 
INFO:     P1_qq_taptamg  
INFO: Compiling for process 13/14. 
INFO:     P0_qq_ll  
INFO: Compiling for process 14/14. 
INFO:     P0_qq_taptam  
INFO:     P2_gg_llqq  
INFO:     P2_gg_taptamqq  
INFO:     P2_gq_llgq  
INFO:     P2_gq_taptamgq  
INFO:     P2_qq_llqq  
INFO:     P2_qq_taptamqq  
INFO:     P2_qq_llgg  
INFO:     P2_qq_taptamgg  
INFO:     P1_gq_llq  
INFO:     P1_gq_taptamq  
INFO:     P1_qq_llg  
INFO:     P1_qq_taptamg  
INFO:     P0_qq_ll  
INFO:     P0_qq_taptam  
INFO:  Idle: 1,  Running: 0,  Completed: 57 [ current time: 10h00 ] 
INFO:  Idle: 0,  Running: 1,  Completed: 57 [ current time: 10h00 ] 
INFO:  Idle: 0,  Running: 0,  Completed: 58 [  1.3s  ] 
INFO: End survey 
refine 2000
Creating Jobs
INFO: Refine results to 2000 
INFO: Generating 2000.0 unweighted events. 
sum of cpu time of last step: 2m49s
INFO: Effective Luminosity 0.013714875770718298 pb^-1 
INFO: need to improve 3 channels 
- Current estimate of cross-section: 174891.140443 +- 497.3147321286135
    P2_gg_llqq 
    P2_gg_taptamqq 
    P2_gq_llgq 
    P2_gq_taptamgq 
    P2_qq_llqq 
    P2_qq_taptamqq 
    P2_qq_llgg 
    P2_qq_taptamgg 
    P1_gq_llq 
    P1_gq_taptamq 
    P1_qq_llg 
    P1_qq_taptamg 
    P0_qq_ll 
    P0_qq_taptam 
INFO:  Idle: 1,  Running: 3,  Completed: 0 [ current time: 10h00 ] 
INFO:  Idle: 0,  Running: 3,  Completed: 1 [  0.79s  ] 
INFO:  Idle: 0,  Running: 0,  Completed: 4 [  3.3s  ] 
INFO: Combining runs 
sum of cpu time of last step: 2m53s
INFO: finish refine 
refine 2000 --treshold=0.9
No need for second refine due to stability of cross-section
INFO: Combining Events 
unexpected indent (<unknown>, line 1)
combination of events done in 9.708910942077637 s 
  === Results Summary for run: run_01 tag: Dyjets ===

     Cross-section :   1.752e+05 +- 268.7 pb
     Nb of events :  2000
 
INFO: Running Systematics computation 
unexpected indent (<unknown>, line 1)
INFO: # Events generated with PDF: NNPDF31_nnlo_hessian_pdfas (306000) 
INFO: # Will Compute 147 weights per event. 
INFO: # Currently at event 0 [elapsed time: 0.013 s] 
INFO: #***************************************************************************
#
# original cross-section: 175373.97000000588
#     scale variation: +69.5% -49.3%
#     central scheme variation: +0.705% -59.3%
# PDF variation: +17.4% -17.4%
#
# dynamical scheme # 1 : 129212 +77.9% -51.3% # \sum ET
# dynamical scheme # 2 : 140558 +75.2% -50.9% # \sum\sqrt{m^2+pt^2}
# dynamical scheme # 3 : 71431.3 +102% -56.5% # 0.5 \sum\sqrt{m^2+pt^2}
# dynamical scheme # 4 : 176610 +68.3% -48.5% # \sqrt{\hat s}
#***************************************************************************
 
INFO: End of systematics computation 
store_events
INFO: Storing parton level results 
INFO: End Parton 
reweight -from_cards
decay_events -from_cards
INFO: [92mRunning Pythia8 [arXiv:1410.3012][0m 
No user-defined value for Pythia8 parameter 'JetMatching:nJetMax'. Setting it automatically to 2.
Splitting .lhe event file for PY8 parallelization...
Submitting Pythia8 jobs...
Pythia8 shower jobs: 1 Idle, 19 Running, 0 Done [5 seconds]
Pythia8 shower jobs: 0 Idle, 19 Running, 1 Done [1m20s]
Pythia8 shower jobs: 0 Idle, 18 Running, 2 Done [1m23s]
Pythia8 shower jobs: 0 Idle, 17 Running, 3 Done [1m24s]
Pythia8 shower jobs: 0 Idle, 16 Running, 4 Done [1m28s]
Pythia8 shower jobs: 0 Idle, 15 Running, 5 Done [1m28s]
Pythia8 shower jobs: 0 Idle, 14 Running, 6 Done [1m29s]
Pythia8 shower jobs: 0 Idle, 13 Running, 7 Done [1m30s]
Pythia8 shower jobs: 0 Idle, 12 Running, 8 Done [1m31s]
Pythia8 shower jobs: 0 Idle, 11 Running, 9 Done [1m32s]
Pythia8 shower jobs: 0 Idle, 10 Running, 10 Done [1m43s]
Pythia8 shower jobs: 0 Idle, 9 Running, 11 Done [1m43s]
Pythia8 shower jobs: 0 Idle, 8 Running, 12 Done [1m44s]
Pythia8 shower jobs: 0 Idle, 7 Running, 13 Done [1m44s]
Pythia8 shower jobs: 0 Idle, 6 Running, 14 Done [1m44s]
Pythia8 shower jobs: 0 Idle, 5 Running, 15 Done [1m47s]
Pythia8 shower jobs: 0 Idle, 4 Running, 16 Done [1m47s]
Pythia8 shower jobs: 0 Idle, 3 Running, 17 Done [1m47s]
Pythia8 shower jobs: 0 Idle, 2 Running, 18 Done [1m48s]
Pythia8 shower jobs: 0 Idle, 1 Running, 19 Done [1m50s]
Pythia8 shower jobs: 0 Idle, 0 Running, 20 Done [1m50s]
Merging results from the split PY8 runs...
INFO: Create matching plots for Pythia8 
[1;34mWARNING: Install gnuplot to be able to view the plots generated at :
   /eos/project/f/foundational-model-dataset/samples/pu200_ryliu/DYJetsToLL_13TeV-madgraphMLM-pythia8-2000-3/HTML/run_01/Dyjets_PY8_plots/central_qCut_djr_plots.gnuplot.gnuplot
   /eos/project/f/foundational-model-dataset/samples/pu200_ryliu/DYJetsToLL_13TeV-madgraphMLM-pythia8-2000-3/HTML/run_01/Dyjets_PY8_plots/central_qCut_pt_plots.gnuplot.gnuplot
   /eos/project/f/foundational-model-dataset/samples/pu200_ryliu/DYJetsToLL_13TeV-madgraphMLM-pythia8-2000-3/HTML/run_01/Dyjets_PY8_plots/min_max_qCut_djr_comparison.gnuplot.gnuplot
   /eos/project/f/foundational-model-dataset/samples/pu200_ryliu/DYJetsToLL_13TeV-madgraphMLM-pythia8-2000-3/HTML/run_01/Dyjets_PY8_plots/min_max_qCut_pt_comparison.gnuplot.gnuplot
   /eos/project/f/foundational-model-dataset/samples/pu200_ryliu/DYJetsToLL_13TeV-madgraphMLM-pythia8-2000-3/HTML/run_01/Dyjets_PY8_plots/qCut_22.5_djr_plots.gnuplot.gnuplot
   /eos/project/f/foundational-model-dataset/samples/pu200_ryliu/DYJetsToLL_13TeV-madgraphMLM-pythia8-2000-3/HTML/run_01/Dyjets_PY8_plots/qCut_22.5_pt_plots.gnuplot.gnuplot
   /eos/project/f/foundational-model-dataset/samples/pu200_ryliu/DYJetsToLL_13TeV-madgraphMLM-pythia8-2000-3/HTML/run_01/Dyjets_PY8_plots/qCut_30_djr_plots.gnuplot.gnuplot
   /eos/project/f/foundational-model-dataset/samples/pu200_ryliu/DYJetsToLL_13TeV-madgraphMLM-pythia8-2000-3/HTML/run_01/Dyjets_PY8_plots/qCut_30_pt_plots.gnuplot.gnuplot [0m
INFO: Pythia8 shower finished after 3m06s. 
INFO: prepare delphes run 
INFO: Running Delphes 
INFO: If you are interested in lhco output. please run root2lhco converter. 
INFO:  or edit bin/internal/run_delphes3 to run the converter automatically. 
INFO: delphes done 
  === Results Summary for run: run_01 tag: Dyjets ===

     Cross-section :   1.752e+05 +- 268.7 pb
     Nb of events :  2000
     Pythia8 merged cross-sections are:
      > Merging scale = 15     : 1.5661e+05  +/- 1.8e+02 [pb]
      > Merging scale = 22.5   : 1.5749e+05  +/- 1.9e+02 [pb]
      > Merging scale = 30     : 1.5678e+05  +/- 1.8e+02 [pb]
     Notice that because Systematics computation is turned on, the merging did not veto events but modified their weights instead.
     The resulting hepmc/stdhep file should therefore be use with those weights.
 
INFO: storing files of previous run 
INFO: Storing Pythia8 files of previous run 
INFO: Done 
quit
INFO:  
launch in debug mode
Found the following event record:  Dyjets_delphes_events.root
Done!
