/eos/project/f/foundational-model-dataset/samples/pu200_ryliu/QCD_HT50toInf-2000-10002
workdir: /pool/condor/dir_2543403
args: QCD_HT50toInf 2000 10002 /eos/project/f/foundational-model-dataset/samples/pu200_ryliu /afs/cern.ch/user/r/ryliu/public/simulation True
************************************************************
*                                                          *
*                     W E L C O M E to                     *
*              M A D G R A P H 5 _ a M C @ N L O           *
*                                                          *
*                                                          *
*                 *                       *                *
*                   *        * *        *                  *
*                     * * * * 5 * * * *                    *
*                   *        * *        *                  *
*                 *                       *                *
*                                                          *
*         VERSION 3.5.3                 2023-12-23         *
*                                                          *
*    The MadGraph5_aMC@NLO Development Team - Find us at   *
*              http://madgraph.phys.ucl.ac.be/             *
*                            and                           *
*            http://amcatnlo.web.cern.ch/amcatnlo/         *
*                                                          *
*               Type 'help' for in-line help.              *
*           Type 'tutorial' to learn how MG5 works         *
*    Type 'tutorial aMCatNLO' to learn how aMC@NLO works   *
*    Type 'tutorial MadLoop' to learn how MadLoop works    *
*                                                          *
************************************************************
load MG5 configuration from ../../../usr/local/MG5_aMC_v3_5_3/input/mg5_configuration.txt 
set fastjet to fastjet-config
eMELA-config does not seem to correspond to a valid eMELA-config executable.
 Please set the 'fastjet'variable to the full (absolute) /PATH/TO/eMELA-config (including eMELA-config).
 MG5_aMC> set eMELA /PATH/TO/eMELA-config

set ninja to /usr/local/MG5_aMC_v3_5_3/HEPTools/lib
set lhapdf to lhapdf-config
set lhapdf to lhapdf-config
No valid eps viewer found. Please set in ./input/mg5_configuration.txt
No valid web browser found. Please set in ./input/mg5_configuration.txt
import /eos/project/f/foundational-model-dataset/samples/pu200_ryliu/QCD_HT50toInf-2000-10002/proc_card.dat
The import format was not given, so we guess it as command
import model sm-ckm_no_b_mass
INFO: Restrict model sm-ckm_no_b_mass with file ../../../usr/local/MG5_aMC_v3_5_3/models/sm/restrict_ckm_no_b_mass.dat . 
INFO: Run "set stdout_level DEBUG" before import for more information. 
INFO: Change particles name to pass to MG5 convention 
Defined multiparticle p = g u c d s u~ c~ d~ s~
Defined multiparticle j = g u c d s u~ c~ d~ s~
Defined multiparticle l+ = e+ mu+
Defined multiparticle l- = e- mu-
Defined multiparticle vl = ve vm vt
Defined multiparticle vl~ = ve~ vm~ vt~
[1;34mPass the definition of 'j' and 'p' to 5 flavour scheme.[0m
Defined multiparticle all = g u c d s b u~ c~ d~ s~ b~ a ve vm vt e- mu- ve~ vm~ vt~ e+ mu+ t t~ z w+ h w- ta- ta+
generate p p > j j @0
INFO: Checking for minimal orders which gives processes. 
INFO: Please specify coupling orders to bypass this step. 
INFO: Trying coupling order WEIGHTED<=2: WEIGTHED IS QCD+2*QED 
INFO: Trying process: g g > g g WEIGHTED<=2  
INFO: Process has 4 diagrams 
INFO: Trying process: g g > u u~ WEIGHTED<=2  
INFO: Process has 3 diagrams 
INFO: Trying process: g g > u c~ WEIGHTED<=2  
INFO: Trying process: g g > c u~ WEIGHTED<=2  
INFO: Trying process: g g > c c~ WEIGHTED<=2  
INFO: Process has 3 diagrams 
INFO: Trying process: g g > d d~ WEIGHTED<=2  
INFO: Process has 3 diagrams 
INFO: Trying process: g g > d s~ WEIGHTED<=2  
INFO: Trying process: g g > d b~ WEIGHTED<=2  
INFO: Trying process: g g > s d~ WEIGHTED<=2  
INFO: Trying process: g g > s s~ WEIGHTED<=2  
INFO: Process has 3 diagrams 
INFO: Trying process: g g > s b~ WEIGHTED<=2  
INFO: Trying process: g g > b d~ WEIGHTED<=2  
INFO: Trying process: g g > b s~ WEIGHTED<=2  
INFO: Trying process: g g > b b~ WEIGHTED<=2  
INFO: Process has 3 diagrams 
INFO: Crossed process found for g u > g u, reuse diagrams. 
INFO: Crossed process found for g c > g c, reuse diagrams. 
INFO: Crossed process found for g d > g d, reuse diagrams. 
INFO: Crossed process found for g s > g s, reuse diagrams. 
INFO: Crossed process found for g u~ > g u~, reuse diagrams. 
INFO: Crossed process found for g c~ > g c~, reuse diagrams. 
INFO: Crossed process found for g d~ > g d~, reuse diagrams. 
INFO: Crossed process found for g s~ > g s~, reuse diagrams. 
INFO: Crossed process found for g b > g b, reuse diagrams. 
INFO: Crossed process found for g b~ > g b~, reuse diagrams. 
INFO: Process u g > g u added to mirror process g u > g u 
INFO: Trying process: u u > u u WEIGHTED<=2  
INFO: Process has 2 diagrams 
INFO: Trying process: u u > u c WEIGHTED<=2  
INFO: Trying process: u u > c c WEIGHTED<=2  
INFO: Trying process: u c > u u WEIGHTED<=2  
INFO: Trying process: u c > u c WEIGHTED<=2  
INFO: Process has 1 diagrams 
INFO: Trying process: u c > c c WEIGHTED<=2  
INFO: Trying process: u d > u d WEIGHTED<=2  
INFO: Process has 1 diagrams 
INFO: Trying process: u d > u s WEIGHTED<=2  
INFO: Trying process: u d > u b WEIGHTED<=2  
INFO: Trying process: u d > c d WEIGHTED<=2  
INFO: Trying process: u d > c s WEIGHTED<=2  
INFO: Trying process: u d > c b WEIGHTED<=2  
INFO: Trying process: u s > u d WEIGHTED<=2  
INFO: Trying process: u s > u s WEIGHTED<=2  
INFO: Process has 1 diagrams 
INFO: Trying process: u s > u b WEIGHTED<=2  
INFO: Trying process: u s > c d WEIGHTED<=2  
INFO: Trying process: u s > c s WEIGHTED<=2  
INFO: Trying process: u s > c b WEIGHTED<=2  
INFO: Crossed process found for u u~ > g g, reuse diagrams. 
INFO: Crossed process found for u u~ > u u~, reuse diagrams. 
INFO: Crossed process found for u u~ > c c~, reuse diagrams. 
INFO: Crossed process found for u u~ > d d~, reuse diagrams. 
INFO: Trying process: u u~ > d b~ WEIGHTED<=2  
INFO: Crossed process found for u u~ > s s~, reuse diagrams. 
INFO: Trying process: u u~ > s b~ WEIGHTED<=2  
INFO: Trying process: u u~ > b b~ WEIGHTED<=2  
INFO: Process has 1 diagrams 
INFO: Crossed process found for u c~ > u c~, reuse diagrams. 
INFO: Trying process: u c~ > d b~ WEIGHTED<=2  
INFO: Trying process: u c~ > s b~ WEIGHTED<=2  
INFO: Trying process: u c~ > b b~ WEIGHTED<=2  
INFO: Crossed process found for u d~ > u d~, reuse diagrams. 
INFO: Crossed process found for u s~ > u s~, reuse diagrams. 
INFO: Crossed process found for u b > u b, reuse diagrams. 
INFO: Crossed process found for u b~ > u b~, reuse diagrams. 
INFO: Process c g > g c added to mirror process g c > g c 
INFO: Process c u > u c added to mirror process u c > u c 
INFO: Trying process: c c > u u WEIGHTED<=2  
INFO: Trying process: c c > u c WEIGHTED<=2  
INFO: Trying process: c c > c c WEIGHTED<=2  
INFO: Process has 2 diagrams 
INFO: Trying process: c d > u d WEIGHTED<=2  
INFO: Trying process: c d > u s WEIGHTED<=2  
INFO: Trying process: c d > u b WEIGHTED<=2  
INFO: Trying process: c d > c d WEIGHTED<=2  
INFO: Process has 1 diagrams 
INFO: Trying process: c d > c s WEIGHTED<=2  
INFO: Trying process: c d > c b WEIGHTED<=2  
INFO: Trying process: c s > u d WEIGHTED<=2  
INFO: Trying process: c s > u s WEIGHTED<=2  
INFO: Trying process: c s > u b WEIGHTED<=2  
INFO: Trying process: c s > c d WEIGHTED<=2  
INFO: Trying process: c s > c s WEIGHTED<=2  
INFO: Process has 1 diagrams 
INFO: Trying process: c s > c b WEIGHTED<=2  
INFO: Crossed process found for c u~ > c u~, reuse diagrams. 
INFO: Trying process: c u~ > d b~ WEIGHTED<=2  
INFO: Trying process: c u~ > s b~ WEIGHTED<=2  
INFO: Trying process: c u~ > b b~ WEIGHTED<=2  
INFO: Crossed process found for c c~ > g g, reuse diagrams. 
INFO: Crossed process found for c c~ > u u~, reuse diagrams. 
INFO: Crossed process found for c c~ > c c~, reuse diagrams. 
INFO: Crossed process found for c c~ > d d~, reuse diagrams. 
INFO: Trying process: c c~ > d b~ WEIGHTED<=2  
INFO: Crossed process found for c c~ > s s~, reuse diagrams. 
INFO: Trying process: c c~ > s b~ WEIGHTED<=2  
INFO: Trying process: c c~ > b b~ WEIGHTED<=2  
INFO: Process has 1 diagrams 
INFO: Crossed process found for c d~ > c d~, reuse diagrams. 
INFO: Crossed process found for c s~ > c s~, reuse diagrams. 
INFO: Crossed process found for c b > c b, reuse diagrams. 
INFO: Crossed process found for c b~ > c b~, reuse diagrams. 
INFO: Process d g > g d added to mirror process g d > g d 
INFO: Process d u > u d added to mirror process u d > u d 
INFO: Process d c > c d added to mirror process c d > c d 
INFO: Trying process: d d > d d WEIGHTED<=2  
INFO: Process has 2 diagrams 
INFO: Trying process: d d > d s WEIGHTED<=2  
INFO: Trying process: d d > d b WEIGHTED<=2  
INFO: Trying process: d d > s s WEIGHTED<=2  
INFO: Trying process: d d > s b WEIGHTED<=2  
INFO: Trying process: d d > b b WEIGHTED<=2  
INFO: Trying process: d s > d d WEIGHTED<=2  
INFO: Trying process: d s > d s WEIGHTED<=2  
INFO: Process has 1 diagrams 
INFO: Trying process: d s > d b WEIGHTED<=2  
INFO: Trying process: d s > s s WEIGHTED<=2  
INFO: Trying process: d s > s b WEIGHTED<=2  
INFO: Trying process: d s > b b WEIGHTED<=2  
INFO: Crossed process found for d u~ > d u~, reuse diagrams. 
INFO: Crossed process found for d c~ > d c~, reuse diagrams. 
INFO: Crossed process found for d d~ > g g, reuse diagrams. 
INFO: Crossed process found for d d~ > u u~, reuse diagrams. 
INFO: Crossed process found for d d~ > c c~, reuse diagrams. 
INFO: Crossed process found for d d~ > d d~, reuse diagrams. 
INFO: Trying process: d d~ > d b~ WEIGHTED<=2  
INFO: Crossed process found for d d~ > s s~, reuse diagrams. 
INFO: Trying process: d d~ > s b~ WEIGHTED<=2  
INFO: Trying process: d d~ > b b~ WEIGHTED<=2  
INFO: Process has 1 diagrams 
INFO: Crossed process found for d s~ > d s~, reuse diagrams. 
INFO: Trying process: d s~ > s b~ WEIGHTED<=2  
INFO: Trying process: d s~ > b b~ WEIGHTED<=2  
INFO: Crossed process found for d b > d b, reuse diagrams. 
INFO: Trying process: d b > b b WEIGHTED<=2  
INFO: Crossed process found for d b~ > d b~, reuse diagrams. 
INFO: Process s g > g s added to mirror process g s > g s 
INFO: Process s u > u s added to mirror process u s > u s 
INFO: Process s c > c s added to mirror process c s > c s 
INFO: Process s d > d s added to mirror process d s > d s 
INFO: Trying process: s s > d d WEIGHTED<=2  
INFO: Trying process: s s > d s WEIGHTED<=2  
INFO: Trying process: s s > d b WEIGHTED<=2  
INFO: Trying process: s s > s s WEIGHTED<=2  
INFO: Process has 2 diagrams 
INFO: Trying process: s s > s b WEIGHTED<=2  
INFO: Trying process: s s > b b WEIGHTED<=2  
INFO: Crossed process found for s u~ > s u~, reuse diagrams. 
INFO: Crossed process found for s c~ > s c~, reuse diagrams. 
INFO: Trying process: s d~ > d b~ WEIGHTED<=2  
INFO: Crossed process found for s d~ > s d~, reuse diagrams. 
INFO: Trying process: s d~ > s b~ WEIGHTED<=2  
INFO: Trying process: s d~ > b b~ WEIGHTED<=2  
INFO: Crossed process found for s s~ > g g, reuse diagrams. 
INFO: Crossed process found for s s~ > u u~, reuse diagrams. 
INFO: Crossed process found for s s~ > c c~, reuse diagrams. 
INFO: Crossed process found for s s~ > d d~, reuse diagrams. 
INFO: Crossed process found for s s~ > s s~, reuse diagrams. 
INFO: Trying process: s s~ > s b~ WEIGHTED<=2  
INFO: Trying process: s s~ > b b~ WEIGHTED<=2  
INFO: Process has 1 diagrams 
INFO: Crossed process found for s b > s b, reuse diagrams. 
INFO: Trying process: s b > b b WEIGHTED<=2  
INFO: Crossed process found for s b~ > s b~, reuse diagrams. 
INFO: Process u~ g > g u~ added to mirror process g u~ > g u~ 
INFO: Process u~ u > g g added to mirror process u u~ > g g 
INFO: Process u~ u > u u~ added to mirror process u u~ > u u~ 
INFO: Process u~ u > c c~ added to mirror process u u~ > c c~ 
INFO: Process u~ u > d d~ added to mirror process u u~ > d d~ 
INFO: Process u~ u > s s~ added to mirror process u u~ > s s~ 
INFO: Process u~ u > b b~ added to mirror process u u~ > b b~ 
INFO: Process u~ c > c u~ added to mirror process c u~ > c u~ 
INFO: Process u~ d > d u~ added to mirror process d u~ > d u~ 
INFO: Process u~ s > s u~ added to mirror process s u~ > s u~ 
INFO: Crossed process found for u~ u~ > u~ u~, reuse diagrams. 
INFO: Crossed process found for u~ c~ > u~ c~, reuse diagrams. 
INFO: Crossed process found for u~ d~ > u~ d~, reuse diagrams. 
INFO: Crossed process found for u~ s~ > u~ s~, reuse diagrams. 
INFO: Crossed process found for u~ b > b u~, reuse diagrams. 
INFO: Crossed process found for u~ b~ > u~ b~, reuse diagrams. 
INFO: Process c~ g > g c~ added to mirror process g c~ > g c~ 
INFO: Process c~ u > u c~ added to mirror process u c~ > u c~ 
INFO: Process c~ c > g g added to mirror process c c~ > g g 
INFO: Process c~ c > u u~ added to mirror process c c~ > u u~ 
INFO: Process c~ c > c c~ added to mirror process c c~ > c c~ 
INFO: Process c~ c > d d~ added to mirror process c c~ > d d~ 
INFO: Process c~ c > s s~ added to mirror process c c~ > s s~ 
INFO: Process c~ c > b b~ added to mirror process c c~ > b b~ 
INFO: Process c~ d > d c~ added to mirror process d c~ > d c~ 
INFO: Process c~ s > s c~ added to mirror process s c~ > s c~ 
INFO: Process c~ u~ > u~ c~ added to mirror process u~ c~ > u~ c~ 
INFO: Crossed process found for c~ c~ > c~ c~, reuse diagrams. 
INFO: Crossed process found for c~ d~ > c~ d~, reuse diagrams. 
INFO: Crossed process found for c~ s~ > c~ s~, reuse diagrams. 
INFO: Crossed process found for c~ b > b c~, reuse diagrams. 
INFO: Crossed process found for c~ b~ > c~ b~, reuse diagrams. 
INFO: Process d~ g > g d~ added to mirror process g d~ > g d~ 
INFO: Process d~ u > u d~ added to mirror process u d~ > u d~ 
INFO: Process d~ c > c d~ added to mirror process c d~ > c d~ 
INFO: Process d~ d > g g added to mirror process d d~ > g g 
INFO: Process d~ d > u u~ added to mirror process d d~ > u u~ 
INFO: Process d~ d > c c~ added to mirror process d d~ > c c~ 
INFO: Process d~ d > d d~ added to mirror process d d~ > d d~ 
INFO: Process d~ d > s s~ added to mirror process d d~ > s s~ 
INFO: Process d~ d > b b~ added to mirror process d d~ > b b~ 
INFO: Process d~ s > s d~ added to mirror process s d~ > s d~ 
INFO: Process d~ u~ > u~ d~ added to mirror process u~ d~ > u~ d~ 
INFO: Process d~ c~ > c~ d~ added to mirror process c~ d~ > c~ d~ 
INFO: Crossed process found for d~ d~ > d~ d~, reuse diagrams. 
INFO: Trying process: d~ d~ > b~ b~ WEIGHTED<=2  
INFO: Crossed process found for d~ s~ > d~ s~, reuse diagrams. 
INFO: Trying process: d~ s~ > b~ b~ WEIGHTED<=2  
INFO: Crossed process found for d~ b > b d~, reuse diagrams. 
INFO: Trying process: d~ b > b b~ WEIGHTED<=2  
INFO: Crossed process found for d~ b~ > d~ b~, reuse diagrams. 
INFO: Process s~ g > g s~ added to mirror process g s~ > g s~ 
INFO: Process s~ u > u s~ added to mirror process u s~ > u s~ 
INFO: Process s~ c > c s~ added to mirror process c s~ > c s~ 
INFO: Process s~ d > d s~ added to mirror process d s~ > d s~ 
INFO: Process s~ s > g g added to mirror process s s~ > g g 
INFO: Process s~ s > u u~ added to mirror process s s~ > u u~ 
INFO: Process s~ s > c c~ added to mirror process s s~ > c c~ 
INFO: Process s~ s > d d~ added to mirror process s s~ > d d~ 
INFO: Process s~ s > s s~ added to mirror process s s~ > s s~ 
INFO: Process s~ s > b b~ added to mirror process s s~ > b b~ 
INFO: Process s~ u~ > u~ s~ added to mirror process u~ s~ > u~ s~ 
INFO: Process s~ c~ > c~ s~ added to mirror process c~ s~ > c~ s~ 
INFO: Process s~ d~ > d~ s~ added to mirror process d~ s~ > d~ s~ 
INFO: Crossed process found for s~ s~ > s~ s~, reuse diagrams. 
INFO: Trying process: s~ s~ > b~ b~ WEIGHTED<=2  
INFO: Crossed process found for s~ b > b s~, reuse diagrams. 
INFO: Trying process: s~ b > b b~ WEIGHTED<=2  
INFO: Crossed process found for s~ b~ > s~ b~, reuse diagrams. 
INFO: Process b g > g b added to mirror process g b > g b 
INFO: Process b u > u b added to mirror process u b > u b 
INFO: Process b c > c b added to mirror process c b > c b 
INFO: Process b d > d b added to mirror process d b > d b 
INFO: Process b s > s b added to mirror process s b > s b 
INFO: Process b u~ > b u~ added to mirror process u~ b > b u~ 
INFO: Process b c~ > b c~ added to mirror process c~ b > b c~ 
INFO: Process b d~ > b d~ added to mirror process d~ b > b d~ 
INFO: Process b s~ > b s~ added to mirror process s~ b > b s~ 
INFO: Trying process: b b > b b WEIGHTED<=2  
INFO: Process has 2 diagrams 
INFO: Crossed process found for b b~ > g g, reuse diagrams. 
INFO: Crossed process found for b b~ > u u~, reuse diagrams. 
INFO: Crossed process found for b b~ > c c~, reuse diagrams. 
INFO: Crossed process found for b b~ > d d~, reuse diagrams. 
INFO: Crossed process found for b b~ > s s~, reuse diagrams. 
INFO: Crossed process found for b b~ > b b~, reuse diagrams. 
INFO: Process b~ g > g b~ added to mirror process g b~ > g b~ 
INFO: Process b~ u > u b~ added to mirror process u b~ > u b~ 
INFO: Process b~ c > c b~ added to mirror process c b~ > c b~ 
INFO: Process b~ d > d b~ added to mirror process d b~ > d b~ 
INFO: Process b~ s > s b~ added to mirror process s b~ > s b~ 
INFO: Process b~ u~ > u~ b~ added to mirror process u~ b~ > u~ b~ 
INFO: Process b~ c~ > c~ b~ added to mirror process c~ b~ > c~ b~ 
INFO: Process b~ d~ > d~ b~ added to mirror process d~ b~ > d~ b~ 
INFO: Process b~ s~ > s~ b~ added to mirror process s~ b~ > s~ b~ 
INFO: Process b~ b > g g added to mirror process b b~ > g g 
INFO: Process b~ b > u u~ added to mirror process b b~ > u u~ 
INFO: Process b~ b > c c~ added to mirror process b b~ > c c~ 
INFO: Process b~ b > d d~ added to mirror process b b~ > d d~ 
INFO: Process b~ b > s s~ added to mirror process b b~ > s s~ 
INFO: Process b~ b > b b~ added to mirror process b b~ > b b~ 
INFO: Crossed process found for b~ b~ > b~ b~, reuse diagrams. 
96 processes with 154 diagrams generated in 0.822 s
Total: 96 processes with 154 diagrams
add process p p > j j j @1
INFO: Checking for minimal orders which gives processes. 
INFO: Please specify coupling orders to bypass this step. 
INFO: Trying coupling order WEIGHTED<=3: WEIGTHED IS QCD+2*QED 
INFO: Trying process: g g > g g g WEIGHTED<=3 @1  
INFO: Process has 25 diagrams 
INFO: Trying process: g g > g u u~ WEIGHTED<=3 @1  
INFO: Process has 16 diagrams 
INFO: Trying process: g g > g u c~ WEIGHTED<=3 @1  
INFO: Trying process: g g > g c u~ WEIGHTED<=3 @1  
INFO: Trying process: g g > g c c~ WEIGHTED<=3 @1  
INFO: Process has 16 diagrams 
INFO: Trying process: g g > g d d~ WEIGHTED<=3 @1  
INFO: Process has 16 diagrams 
INFO: Trying process: g g > g d s~ WEIGHTED<=3 @1  
INFO: Trying process: g g > g d b~ WEIGHTED<=3 @1  
INFO: Trying process: g g > g s d~ WEIGHTED<=3 @1  
INFO: Trying process: g g > g s s~ WEIGHTED<=3 @1  
INFO: Process has 16 diagrams 
INFO: Trying process: g g > g s b~ WEIGHTED<=3 @1  
INFO: Trying process: g g > g b d~ WEIGHTED<=3 @1  
INFO: Trying process: g g > g b s~ WEIGHTED<=3 @1  
INFO: Trying process: g g > g b b~ WEIGHTED<=3 @1  
INFO: Process has 16 diagrams 
INFO: Crossed process found for g u > g g u, reuse diagrams. 
INFO: Trying process: g u > u u u~ WEIGHTED<=3 @1  
INFO: Process has 10 diagrams 
INFO: Trying process: g u > u u c~ WEIGHTED<=3 @1  
INFO: Trying process: g u > u c u~ WEIGHTED<=3 @1  
INFO: Trying process: g u > u c c~ WEIGHTED<=3 @1  
INFO: Process has 5 diagrams 
INFO: Trying process: g u > u d d~ WEIGHTED<=3 @1  
INFO: Process has 5 diagrams 
INFO: Trying process: g u > u d s~ WEIGHTED<=3 @1  
INFO: Trying process: g u > u d b~ WEIGHTED<=3 @1  
INFO: Trying process: g u > u s d~ WEIGHTED<=3 @1  
INFO: Trying process: g u > u s s~ WEIGHTED<=3 @1  
INFO: Process has 5 diagrams 
INFO: Trying process: g u > u s b~ WEIGHTED<=3 @1  
INFO: Trying process: g u > u b d~ WEIGHTED<=3 @1  
INFO: Trying process: g u > u b s~ WEIGHTED<=3 @1  
INFO: Trying process: g u > u b b~ WEIGHTED<=3 @1  
INFO: Process has 5 diagrams 
INFO: Trying process: g u > c c u~ WEIGHTED<=3 @1  
INFO: Trying process: g u > c c c~ WEIGHTED<=3 @1  
INFO: Trying process: g u > c d d~ WEIGHTED<=3 @1  
INFO: Trying process: g u > c d s~ WEIGHTED<=3 @1  
INFO: Trying process: g u > c d b~ WEIGHTED<=3 @1  
INFO: Trying process: g u > c s d~ WEIGHTED<=3 @1  
INFO: Trying process: g u > c s s~ WEIGHTED<=3 @1  
INFO: Trying process: g u > c s b~ WEIGHTED<=3 @1  
INFO: Trying process: g u > c b d~ WEIGHTED<=3 @1  
INFO: Trying process: g u > c b s~ WEIGHTED<=3 @1  
INFO: Trying process: g u > c b b~ WEIGHTED<=3 @1  
INFO: Crossed process found for g c > g g c, reuse diagrams. 
INFO: Trying process: g c > u u c~ WEIGHTED<=3 @1  
INFO: Crossed process found for g c > u c u~, reuse diagrams. 
INFO: Trying process: g c > u c c~ WEIGHTED<=3 @1  
INFO: Trying process: g c > u d d~ WEIGHTED<=3 @1  
INFO: Trying process: g c > u d s~ WEIGHTED<=3 @1  
INFO: Trying process: g c > u d b~ WEIGHTED<=3 @1  
INFO: Trying process: g c > u s d~ WEIGHTED<=3 @1  
INFO: Trying process: g c > u s s~ WEIGHTED<=3 @1  
INFO: Trying process: g c > u s b~ WEIGHTED<=3 @1  
INFO: Trying process: g c > u b d~ WEIGHTED<=3 @1  
INFO: Trying process: g c > u b s~ WEIGHTED<=3 @1  
INFO: Trying process: g c > u b b~ WEIGHTED<=3 @1  
INFO: Trying process: g c > c c c~ WEIGHTED<=3 @1  
INFO: Process has 10 diagrams 
INFO: Trying process: g c > c d d~ WEIGHTED<=3 @1  
INFO: Process has 5 diagrams 
INFO: Trying process: g c > c d s~ WEIGHTED<=3 @1  
INFO: Trying process: g c > c d b~ WEIGHTED<=3 @1  
INFO: Trying process: g c > c s d~ WEIGHTED<=3 @1  
INFO: Trying process: g c > c s s~ WEIGHTED<=3 @1  
INFO: Process has 5 diagrams 
INFO: Trying process: g c > c s b~ WEIGHTED<=3 @1  
INFO: Trying process: g c > c b d~ WEIGHTED<=3 @1  
INFO: Trying process: g c > c b s~ WEIGHTED<=3 @1  
INFO: Trying process: g c > c b b~ WEIGHTED<=3 @1  
INFO: Process has 5 diagrams 
INFO: Crossed process found for g d > g g d, reuse diagrams. 
INFO: Crossed process found for g d > u d u~, reuse diagrams. 
INFO: Crossed process found for g d > c d c~, reuse diagrams. 
INFO: Trying process: g d > d d d~ WEIGHTED<=3 @1  
INFO: Process has 10 diagrams 
INFO: Trying process: g d > d d s~ WEIGHTED<=3 @1  
INFO: Trying process: g d > d d b~ WEIGHTED<=3 @1  
INFO: Trying process: g d > d s d~ WEIGHTED<=3 @1  
INFO: Trying process: g d > d s s~ WEIGHTED<=3 @1  
INFO: Process has 5 diagrams 
INFO: Trying process: g d > d s b~ WEIGHTED<=3 @1  
INFO: Trying process: g d > d b d~ WEIGHTED<=3 @1  
INFO: Trying process: g d > d b s~ WEIGHTED<=3 @1  
INFO: Trying process: g d > d b b~ WEIGHTED<=3 @1  
INFO: Process has 5 diagrams 
INFO: Trying process: g d > s s d~ WEIGHTED<=3 @1  
INFO: Trying process: g d > s s s~ WEIGHTED<=3 @1  
INFO: Trying process: g d > s s b~ WEIGHTED<=3 @1  
INFO: Trying process: g d > s b d~ WEIGHTED<=3 @1  
INFO: Trying process: g d > s b s~ WEIGHTED<=3 @1  
INFO: Trying process: g d > s b b~ WEIGHTED<=3 @1  
INFO: Trying process: g d > b b d~ WEIGHTED<=3 @1  
INFO: Trying process: g d > b b s~ WEIGHTED<=3 @1  
INFO: Trying process: g d > b b b~ WEIGHTED<=3 @1  
INFO: Crossed process found for g s > g g s, reuse diagrams. 
INFO: Crossed process found for g s > u s u~, reuse diagrams. 
INFO: Crossed process found for g s > c s c~, reuse diagrams. 
INFO: Trying process: g s > d d s~ WEIGHTED<=3 @1  
INFO: Trying process: g s > d d b~ WEIGHTED<=3 @1  
INFO: Crossed process found for g s > d s d~, reuse diagrams. 
INFO: Trying process: g s > d s s~ WEIGHTED<=3 @1  
INFO: Trying process: g s > d s b~ WEIGHTED<=3 @1  
INFO: Trying process: g s > d b s~ WEIGHTED<=3 @1  
INFO: Trying process: g s > d b b~ WEIGHTED<=3 @1  
INFO: Trying process: g s > s s s~ WEIGHTED<=3 @1  
INFO: Process has 10 diagrams 
INFO: Trying process: g s > s s b~ WEIGHTED<=3 @1  
INFO: Trying process: g s > s b s~ WEIGHTED<=3 @1  
INFO: Trying process: g s > s b b~ WEIGHTED<=3 @1  
INFO: Process has 5 diagrams 
INFO: Trying process: g s > b b s~ WEIGHTED<=3 @1  
INFO: Trying process: g s > b b b~ WEIGHTED<=3 @1  
INFO: Crossed process found for g u~ > g g u~, reuse diagrams. 
INFO: Crossed process found for g u~ > u u~ u~, reuse diagrams. 
INFO: Crossed process found for g u~ > c u~ c~, reuse diagrams. 
INFO: Crossed process found for g u~ > d u~ d~, reuse diagrams. 
INFO: Crossed process found for g u~ > s u~ s~, reuse diagrams. 
INFO: Crossed process found for g u~ > b u~ b~, reuse diagrams. 
INFO: Crossed process found for g c~ > g g c~, reuse diagrams. 
INFO: Crossed process found for g c~ > u u~ c~, reuse diagrams. 
INFO: Crossed process found for g c~ > c c~ c~, reuse diagrams. 
INFO: Crossed process found for g c~ > d c~ d~, reuse diagrams. 
INFO: Crossed process found for g c~ > s c~ s~, reuse diagrams. 
INFO: Crossed process found for g c~ > b c~ b~, reuse diagrams. 
INFO: Crossed process found for g d~ > g g d~, reuse diagrams. 
INFO: Crossed process found for g d~ > u u~ d~, reuse diagrams. 
INFO: Crossed process found for g d~ > c c~ d~, reuse diagrams. 
INFO: Crossed process found for g d~ > d d~ d~, reuse diagrams. 
INFO: Trying process: g d~ > d b~ b~ WEIGHTED<=3 @1  
INFO: Crossed process found for g d~ > s d~ s~, reuse diagrams. 
INFO: Trying process: g d~ > s b~ b~ WEIGHTED<=3 @1  
INFO: Crossed process found for g d~ > b d~ b~, reuse diagrams. 
INFO: Trying process: g d~ > b b~ b~ WEIGHTED<=3 @1  
INFO: Crossed process found for g s~ > g g s~, reuse diagrams. 
INFO: Crossed process found for g s~ > u u~ s~, reuse diagrams. 
INFO: Crossed process found for g s~ > c c~ s~, reuse diagrams. 
INFO: Crossed process found for g s~ > d d~ s~, reuse diagrams. 
INFO: Crossed process found for g s~ > s s~ s~, reuse diagrams. 
INFO: Trying process: g s~ > s b~ b~ WEIGHTED<=3 @1  
INFO: Crossed process found for g s~ > b s~ b~, reuse diagrams. 
INFO: Trying process: g s~ > b b~ b~ WEIGHTED<=3 @1  
INFO: Crossed process found for g b > g g b, reuse diagrams. 
INFO: Crossed process found for g b > u b u~, reuse diagrams. 
INFO: Crossed process found for g b > c b c~, reuse diagrams. 
INFO: Crossed process found for g b > d b d~, reuse diagrams. 
INFO: Crossed process found for g b > s b s~, reuse diagrams. 
INFO: Trying process: g b > b b b~ WEIGHTED<=3 @1  
INFO: Process has 10 diagrams 
INFO: Crossed process found for g b~ > g g b~, reuse diagrams. 
INFO: Crossed process found for g b~ > u u~ b~, reuse diagrams. 
INFO: Crossed process found for g b~ > c c~ b~, reuse diagrams. 
INFO: Crossed process found for g b~ > d d~ b~, reuse diagrams. 
INFO: Crossed process found for g b~ > s s~ b~, reuse diagrams. 
INFO: Crossed process found for g b~ > b b~ b~, reuse diagrams. 
INFO: Process u g > g g u added to mirror process g u > g g u 
INFO: Process u g > u u u~ added to mirror process g u > u u u~ 
INFO: Process u g > u c c~ added to mirror process g u > u c c~ 
INFO: Process u g > u d d~ added to mirror process g u > u d d~ 
INFO: Process u g > u s s~ added to mirror process g u > u s s~ 
INFO: Process u g > u b b~ added to mirror process g u > u b b~ 
INFO: Crossed process found for u u > g u u, reuse diagrams. 
INFO: Crossed process found for u c > g u c, reuse diagrams. 
INFO: Crossed process found for u d > g u d, reuse diagrams. 
INFO: Crossed process found for u s > g u s, reuse diagrams. 
INFO: Crossed process found for u u~ > g g g, reuse diagrams. 
INFO: Crossed process found for u u~ > g u u~, reuse diagrams. 
INFO: Crossed process found for u u~ > g c c~, reuse diagrams. 
INFO: Crossed process found for u u~ > g d d~, reuse diagrams. 
INFO: Crossed process found for u u~ > g s s~, reuse diagrams. 
INFO: Crossed process found for u u~ > g b b~, reuse diagrams. 
INFO: Crossed process found for u c~ > g u c~, reuse diagrams. 
INFO: Crossed process found for u d~ > g u d~, reuse diagrams. 
INFO: Crossed process found for u s~ > g u s~, reuse diagrams. 
INFO: Crossed process found for u b > g u b, reuse diagrams. 
INFO: Crossed process found for u b~ > g u b~, reuse diagrams. 
INFO: Process c g > g g c added to mirror process g c > g g c 
INFO: Process c g > u c u~ added to mirror process g c > u c u~ 
INFO: Process c g > c c c~ added to mirror process g c > c c c~ 
INFO: Process c g > c d d~ added to mirror process g c > c d d~ 
INFO: Process c g > c s s~ added to mirror process g c > c s s~ 
INFO: Process c g > c b b~ added to mirror process g c > c b b~ 
INFO: Process c u > g u c added to mirror process u c > g u c 
INFO: Crossed process found for c c > g c c, reuse diagrams. 
INFO: Crossed process found for c d > g c d, reuse diagrams. 
INFO: Crossed process found for c s > g c s, reuse diagrams. 
INFO: Crossed process found for c u~ > g c u~, reuse diagrams. 
INFO: Crossed process found for c c~ > g g g, reuse diagrams. 
INFO: Crossed process found for c c~ > g u u~, reuse diagrams. 
INFO: Crossed process found for c c~ > g c c~, reuse diagrams. 
INFO: Crossed process found for c c~ > g d d~, reuse diagrams. 
INFO: Crossed process found for c c~ > g s s~, reuse diagrams. 
INFO: Crossed process found for c c~ > g b b~, reuse diagrams. 
INFO: Crossed process found for c d~ > g c d~, reuse diagrams. 
INFO: Crossed process found for c s~ > g c s~, reuse diagrams. 
INFO: Crossed process found for c b > g c b, reuse diagrams. 
INFO: Crossed process found for c b~ > g c b~, reuse diagrams. 
INFO: Process d g > g g d added to mirror process g d > g g d 
INFO: Process d g > u d u~ added to mirror process g d > u d u~ 
INFO: Process d g > c d c~ added to mirror process g d > c d c~ 
INFO: Process d g > d d d~ added to mirror process g d > d d d~ 
INFO: Process d g > d s s~ added to mirror process g d > d s s~ 
INFO: Process d g > d b b~ added to mirror process g d > d b b~ 
INFO: Process d u > g u d added to mirror process u d > g u d 
INFO: Process d c > g c d added to mirror process c d > g c d 
INFO: Crossed process found for d d > g d d, reuse diagrams. 
INFO: Crossed process found for d s > g d s, reuse diagrams. 
INFO: Crossed process found for d u~ > g d u~, reuse diagrams. 
INFO: Crossed process found for d c~ > g d c~, reuse diagrams. 
INFO: Crossed process found for d d~ > g g g, reuse diagrams. 
INFO: Crossed process found for d d~ > g u u~, reuse diagrams. 
INFO: Crossed process found for d d~ > g c c~, reuse diagrams. 
INFO: Crossed process found for d d~ > g d d~, reuse diagrams. 
INFO: Crossed process found for d d~ > g s s~, reuse diagrams. 
INFO: Crossed process found for d d~ > g b b~, reuse diagrams. 
INFO: Crossed process found for d s~ > g d s~, reuse diagrams. 
INFO: Crossed process found for d b > g d b, reuse diagrams. 
INFO: Crossed process found for d b~ > g d b~, reuse diagrams. 
INFO: Process s g > g g s added to mirror process g s > g g s 
INFO: Process s g > u s u~ added to mirror process g s > u s u~ 
INFO: Process s g > c s c~ added to mirror process g s > c s c~ 
INFO: Process s g > d s d~ added to mirror process g s > d s d~ 
INFO: Process s g > s s s~ added to mirror process g s > s s s~ 
INFO: Process s g > s b b~ added to mirror process g s > s b b~ 
INFO: Process s u > g u s added to mirror process u s > g u s 
INFO: Process s c > g c s added to mirror process c s > g c s 
INFO: Process s d > g d s added to mirror process d s > g d s 
INFO: Crossed process found for s s > g s s, reuse diagrams. 
INFO: Crossed process found for s u~ > g s u~, reuse diagrams. 
INFO: Crossed process found for s c~ > g s c~, reuse diagrams. 
INFO: Crossed process found for s d~ > g s d~, reuse diagrams. 
INFO: Crossed process found for s s~ > g g g, reuse diagrams. 
INFO: Crossed process found for s s~ > g u u~, reuse diagrams. 
INFO: Crossed process found for s s~ > g c c~, reuse diagrams. 
INFO: Crossed process found for s s~ > g d d~, reuse diagrams. 
INFO: Crossed process found for s s~ > g s s~, reuse diagrams. 
INFO: Crossed process found for s s~ > g b b~, reuse diagrams. 
INFO: Crossed process found for s b > g s b, reuse diagrams. 
INFO: Crossed process found for s b~ > g s b~, reuse diagrams. 
INFO: Process u~ g > g g u~ added to mirror process g u~ > g g u~ 
INFO: Process u~ g > u u~ u~ added to mirror process g u~ > u u~ u~ 
INFO: Process u~ g > c u~ c~ added to mirror process g u~ > c u~ c~ 
INFO: Process u~ g > d u~ d~ added to mirror process g u~ > d u~ d~ 
INFO: Process u~ g > s u~ s~ added to mirror process g u~ > s u~ s~ 
INFO: Process u~ g > b u~ b~ added to mirror process g u~ > b u~ b~ 
INFO: Process u~ u > g g g added to mirror process u u~ > g g g 
INFO: Process u~ u > g u u~ added to mirror process u u~ > g u u~ 
INFO: Process u~ u > g c c~ added to mirror process u u~ > g c c~ 
INFO: Process u~ u > g d d~ added to mirror process u u~ > g d d~ 
INFO: Process u~ u > g s s~ added to mirror process u u~ > g s s~ 
INFO: Process u~ u > g b b~ added to mirror process u u~ > g b b~ 
INFO: Process u~ c > g c u~ added to mirror process c u~ > g c u~ 
INFO: Process u~ d > g d u~ added to mirror process d u~ > g d u~ 
INFO: Process u~ s > g s u~ added to mirror process s u~ > g s u~ 
INFO: Crossed process found for u~ u~ > g u~ u~, reuse diagrams. 
INFO: Crossed process found for u~ c~ > g u~ c~, reuse diagrams. 
INFO: Crossed process found for u~ d~ > g u~ d~, reuse diagrams. 
INFO: Crossed process found for u~ s~ > g u~ s~, reuse diagrams. 
INFO: Crossed process found for u~ b > g b u~, reuse diagrams. 
INFO: Crossed process found for u~ b~ > g u~ b~, reuse diagrams. 
INFO: Process c~ g > g g c~ added to mirror process g c~ > g g c~ 
INFO: Process c~ g > u u~ c~ added to mirror process g c~ > u u~ c~ 
INFO: Process c~ g > c c~ c~ added to mirror process g c~ > c c~ c~ 
INFO: Process c~ g > d c~ d~ added to mirror process g c~ > d c~ d~ 
INFO: Process c~ g > s c~ s~ added to mirror process g c~ > s c~ s~ 
INFO: Process c~ g > b c~ b~ added to mirror process g c~ > b c~ b~ 
INFO: Process c~ u > g u c~ added to mirror process u c~ > g u c~ 
INFO: Process c~ c > g g g added to mirror process c c~ > g g g 
INFO: Process c~ c > g u u~ added to mirror process c c~ > g u u~ 
INFO: Process c~ c > g c c~ added to mirror process c c~ > g c c~ 
INFO: Process c~ c > g d d~ added to mirror process c c~ > g d d~ 
INFO: Process c~ c > g s s~ added to mirror process c c~ > g s s~ 
INFO: Process c~ c > g b b~ added to mirror process c c~ > g b b~ 
INFO: Process c~ d > g d c~ added to mirror process d c~ > g d c~ 
INFO: Process c~ s > g s c~ added to mirror process s c~ > g s c~ 
INFO: Process c~ u~ > g u~ c~ added to mirror process u~ c~ > g u~ c~ 
INFO: Crossed process found for c~ c~ > g c~ c~, reuse diagrams. 
INFO: Crossed process found for c~ d~ > g c~ d~, reuse diagrams. 
INFO: Crossed process found for c~ s~ > g c~ s~, reuse diagrams. 
INFO: Crossed process found for c~ b > g b c~, reuse diagrams. 
INFO: Crossed process found for c~ b~ > g c~ b~, reuse diagrams. 
INFO: Process d~ g > g g d~ added to mirror process g d~ > g g d~ 
INFO: Process d~ g > u u~ d~ added to mirror process g d~ > u u~ d~ 
INFO: Process d~ g > c c~ d~ added to mirror process g d~ > c c~ d~ 
INFO: Process d~ g > d d~ d~ added to mirror process g d~ > d d~ d~ 
INFO: Process d~ g > s d~ s~ added to mirror process g d~ > s d~ s~ 
INFO: Process d~ g > b d~ b~ added to mirror process g d~ > b d~ b~ 
INFO: Process d~ u > g u d~ added to mirror process u d~ > g u d~ 
INFO: Process d~ c > g c d~ added to mirror process c d~ > g c d~ 
INFO: Process d~ d > g g g added to mirror process d d~ > g g g 
INFO: Process d~ d > g u u~ added to mirror process d d~ > g u u~ 
INFO: Process d~ d > g c c~ added to mirror process d d~ > g c c~ 
INFO: Process d~ d > g d d~ added to mirror process d d~ > g d d~ 
INFO: Process d~ d > g s s~ added to mirror process d d~ > g s s~ 
INFO: Process d~ d > g b b~ added to mirror process d d~ > g b b~ 
INFO: Process d~ s > g s d~ added to mirror process s d~ > g s d~ 
INFO: Process d~ u~ > g u~ d~ added to mirror process u~ d~ > g u~ d~ 
INFO: Process d~ c~ > g c~ d~ added to mirror process c~ d~ > g c~ d~ 
INFO: Crossed process found for d~ d~ > g d~ d~, reuse diagrams. 
INFO: Crossed process found for d~ s~ > g d~ s~, reuse diagrams. 
INFO: Crossed process found for d~ b > g b d~, reuse diagrams. 
INFO: Crossed process found for d~ b~ > g d~ b~, reuse diagrams. 
INFO: Process s~ g > g g s~ added to mirror process g s~ > g g s~ 
INFO: Process s~ g > u u~ s~ added to mirror process g s~ > u u~ s~ 
INFO: Process s~ g > c c~ s~ added to mirror process g s~ > c c~ s~ 
INFO: Process s~ g > d d~ s~ added to mirror process g s~ > d d~ s~ 
INFO: Process s~ g > s s~ s~ added to mirror process g s~ > s s~ s~ 
INFO: Process s~ g > b s~ b~ added to mirror process g s~ > b s~ b~ 
INFO: Process s~ u > g u s~ added to mirror process u s~ > g u s~ 
INFO: Process s~ c > g c s~ added to mirror process c s~ > g c s~ 
INFO: Process s~ d > g d s~ added to mirror process d s~ > g d s~ 
INFO: Process s~ s > g g g added to mirror process s s~ > g g g 
INFO: Process s~ s > g u u~ added to mirror process s s~ > g u u~ 
INFO: Process s~ s > g c c~ added to mirror process s s~ > g c c~ 
INFO: Process s~ s > g d d~ added to mirror process s s~ > g d d~ 
INFO: Process s~ s > g s s~ added to mirror process s s~ > g s s~ 
INFO: Process s~ s > g b b~ added to mirror process s s~ > g b b~ 
INFO: Process s~ u~ > g u~ s~ added to mirror process u~ s~ > g u~ s~ 
INFO: Process s~ c~ > g c~ s~ added to mirror process c~ s~ > g c~ s~ 
INFO: Process s~ d~ > g d~ s~ added to mirror process d~ s~ > g d~ s~ 
INFO: Crossed process found for s~ s~ > g s~ s~, reuse diagrams. 
INFO: Crossed process found for s~ b > g b s~, reuse diagrams. 
INFO: Crossed process found for s~ b~ > g s~ b~, reuse diagrams. 
INFO: Process b g > g g b added to mirror process g b > g g b 
INFO: Process b g > u b u~ added to mirror process g b > u b u~ 
INFO: Process b g > c b c~ added to mirror process g b > c b c~ 
INFO: Process b g > d b d~ added to mirror process g b > d b d~ 
INFO: Process b g > s b s~ added to mirror process g b > s b s~ 
INFO: Process b g > b b b~ added to mirror process g b > b b b~ 
INFO: Process b u > g u b added to mirror process u b > g u b 
INFO: Process b c > g c b added to mirror process c b > g c b 
INFO: Process b d > g d b added to mirror process d b > g d b 
INFO: Process b s > g s b added to mirror process s b > g s b 
INFO: Process b u~ > g b u~ added to mirror process u~ b > g b u~ 
INFO: Process b c~ > g b c~ added to mirror process c~ b > g b c~ 
INFO: Process b d~ > g b d~ added to mirror process d~ b > g b d~ 
INFO: Process b s~ > g b s~ added to mirror process s~ b > g b s~ 
INFO: Crossed process found for b b > g b b, reuse diagrams. 
INFO: Crossed process found for b b~ > g g g, reuse diagrams. 
INFO: Crossed process found for b b~ > g u u~, reuse diagrams. 
INFO: Crossed process found for b b~ > g c c~, reuse diagrams. 
INFO: Crossed process found for b b~ > g d d~, reuse diagrams. 
INFO: Crossed process found for b b~ > g s s~, reuse diagrams. 
INFO: Crossed process found for b b~ > g b b~, reuse diagrams. 
INFO: Process b~ g > g g b~ added to mirror process g b~ > g g b~ 
INFO: Process b~ g > u u~ b~ added to mirror process g b~ > u u~ b~ 
INFO: Process b~ g > c c~ b~ added to mirror process g b~ > c c~ b~ 
INFO: Process b~ g > d d~ b~ added to mirror process g b~ > d d~ b~ 
INFO: Process b~ g > s s~ b~ added to mirror process g b~ > s s~ b~ 
INFO: Process b~ g > b b~ b~ added to mirror process g b~ > b b~ b~ 
INFO: Process b~ u > g u b~ added to mirror process u b~ > g u b~ 
INFO: Process b~ c > g c b~ added to mirror process c b~ > g c b~ 
INFO: Process b~ d > g d b~ added to mirror process d b~ > g d b~ 
INFO: Process b~ s > g s b~ added to mirror process s b~ > g s b~ 
INFO: Process b~ u~ > g u~ b~ added to mirror process u~ b~ > g u~ b~ 
INFO: Process b~ c~ > g c~ b~ added to mirror process c~ b~ > g c~ b~ 
INFO: Process b~ d~ > g d~ b~ added to mirror process d~ b~ > g d~ b~ 
INFO: Process b~ s~ > g s~ b~ added to mirror process s~ b~ > g s~ b~ 
INFO: Process b~ b > g g g added to mirror process b b~ > g g g 
INFO: Process b~ b > g u u~ added to mirror process b b~ > g u u~ 
INFO: Process b~ b > g c c~ added to mirror process b b~ > g c c~ 
INFO: Process b~ b > g d d~ added to mirror process b b~ > g d d~ 
INFO: Process b~ b > g s s~ added to mirror process b b~ > g s s~ 
INFO: Process b~ b > g b b~ added to mirror process b b~ > g b b~ 
INFO: Crossed process found for b~ b~ > g b~ b~, reuse diagrams. 
146 processes with 1095 diagrams generated in 3.495 s
Total: 242 processes with 1249 diagrams
add process p p > j j j j @2
INFO: Checking for minimal orders which gives processes. 
INFO: Please specify coupling orders to bypass this step. 
INFO: Trying coupling order WEIGHTED<=4: WEIGTHED IS QCD+2*QED 
INFO: Trying process: g g > g g g g WEIGHTED<=4 @2  
INFO: Process has 220 diagrams 
INFO: Trying process: g g > g g u u~ WEIGHTED<=4 @2  
INFO: Process has 123 diagrams 
INFO: Trying process: g g > g g u c~ WEIGHTED<=4 @2  
INFO: Trying process: g g > g g c u~ WEIGHTED<=4 @2  
INFO: Trying process: g g > g g c c~ WEIGHTED<=4 @2  
INFO: Process has 123 diagrams 
INFO: Trying process: g g > g g d d~ WEIGHTED<=4 @2  
INFO: Process has 123 diagrams 
INFO: Trying process: g g > g g d s~ WEIGHTED<=4 @2  
INFO: Trying process: g g > g g d b~ WEIGHTED<=4 @2  
INFO: Trying process: g g > g g s d~ WEIGHTED<=4 @2  
INFO: Trying process: g g > g g s s~ WEIGHTED<=4 @2  
INFO: Process has 123 diagrams 
INFO: Trying process: g g > g g s b~ WEIGHTED<=4 @2  
INFO: Trying process: g g > g g b d~ WEIGHTED<=4 @2  
INFO: Trying process: g g > g g b s~ WEIGHTED<=4 @2  
INFO: Trying process: g g > g g b b~ WEIGHTED<=4 @2  
INFO: Process has 123 diagrams 
INFO: Trying process: g g > u u u~ u~ WEIGHTED<=4 @2  
INFO: Process has 72 diagrams 
INFO: Trying process: g g > u u u~ c~ WEIGHTED<=4 @2  
INFO: Trying process: g g > u u c~ c~ WEIGHTED<=4 @2  
INFO: Trying process: g g > u c u~ u~ WEIGHTED<=4 @2  
INFO: Trying process: g g > u c u~ c~ WEIGHTED<=4 @2  
INFO: Process has 36 diagrams 
INFO: Trying process: g g > u c c~ c~ WEIGHTED<=4 @2  
INFO: Trying process: g g > u d u~ d~ WEIGHTED<=4 @2  
INFO: Process has 36 diagrams 
INFO: Trying process: g g > u d u~ s~ WEIGHTED<=4 @2  
INFO: Trying process: g g > u d u~ b~ WEIGHTED<=4 @2  
INFO: Trying process: g g > u d c~ d~ WEIGHTED<=4 @2  
INFO: Trying process: g g > u d c~ s~ WEIGHTED<=4 @2  
INFO: Trying process: g g > u d c~ b~ WEIGHTED<=4 @2  
INFO: Trying process: g g > u s u~ d~ WEIGHTED<=4 @2  
INFO: Trying process: g g > u s u~ s~ WEIGHTED<=4 @2  
INFO: Process has 36 diagrams 
INFO: Trying process: g g > u s u~ b~ WEIGHTED<=4 @2  
INFO: Trying process: g g > u s c~ d~ WEIGHTED<=4 @2  
INFO: Trying process: g g > u s c~ s~ WEIGHTED<=4 @2  
INFO: Trying process: g g > u s c~ b~ WEIGHTED<=4 @2  
INFO: Trying process: g g > u b u~ d~ WEIGHTED<=4 @2  
INFO: Trying process: g g > u b u~ s~ WEIGHTED<=4 @2  
INFO: Trying process: g g > u b u~ b~ WEIGHTED<=4 @2  
INFO: Process has 36 diagrams 
INFO: Trying process: g g > u b c~ d~ WEIGHTED<=4 @2  
INFO: Trying process: g g > u b c~ s~ WEIGHTED<=4 @2  
INFO: Trying process: g g > u b c~ b~ WEIGHTED<=4 @2  
INFO: Trying process: g g > c c u~ u~ WEIGHTED<=4 @2  
INFO: Trying process: g g > c c u~ c~ WEIGHTED<=4 @2  
INFO: Trying process: g g > c c c~ c~ WEIGHTED<=4 @2  
INFO: Process has 72 diagrams 
INFO: Trying process: g g > c d u~ d~ WEIGHTED<=4 @2  
INFO: Trying process: g g > c d u~ s~ WEIGHTED<=4 @2  
INFO: Trying process: g g > c d u~ b~ WEIGHTED<=4 @2  
INFO: Trying process: g g > c d c~ d~ WEIGHTED<=4 @2  
INFO: Process has 36 diagrams 
INFO: Trying process: g g > c d c~ s~ WEIGHTED<=4 @2  
INFO: Trying process: g g > c d c~ b~ WEIGHTED<=4 @2  
INFO: Trying process: g g > c s u~ d~ WEIGHTED<=4 @2  
INFO: Trying process: g g > c s u~ s~ WEIGHTED<=4 @2  
INFO: Trying process: g g > c s u~ b~ WEIGHTED<=4 @2  
INFO: Trying process: g g > c s c~ d~ WEIGHTED<=4 @2  
INFO: Trying process: g g > c s c~ s~ WEIGHTED<=4 @2  
INFO: Process has 36 diagrams 
INFO: Trying process: g g > c s c~ b~ WEIGHTED<=4 @2  
INFO: Trying process: g g > c b u~ d~ WEIGHTED<=4 @2  
INFO: Trying process: g g > c b u~ s~ WEIGHTED<=4 @2  
INFO: Trying process: g g > c b u~ b~ WEIGHTED<=4 @2  
INFO: Trying process: g g > c b c~ d~ WEIGHTED<=4 @2  
INFO: Trying process: g g > c b c~ s~ WEIGHTED<=4 @2  
INFO: Trying process: g g > c b c~ b~ WEIGHTED<=4 @2  
INFO: Process has 36 diagrams 
INFO: Trying process: g g > d d d~ d~ WEIGHTED<=4 @2  
INFO: Process has 72 diagrams 
INFO: Trying process: g g > d d d~ s~ WEIGHTED<=4 @2  
INFO: Trying process: g g > d d d~ b~ WEIGHTED<=4 @2  
INFO: Trying process: g g > d d s~ s~ WEIGHTED<=4 @2  
INFO: Trying process: g g > d d s~ b~ WEIGHTED<=4 @2  
INFO: Trying process: g g > d d b~ b~ WEIGHTED<=4 @2  
INFO: Trying process: g g > d s d~ d~ WEIGHTED<=4 @2  
INFO: Trying process: g g > d s d~ s~ WEIGHTED<=4 @2  
INFO: Process has 36 diagrams 
INFO: Trying process: g g > d s d~ b~ WEIGHTED<=4 @2  
INFO: Trying process: g g > d s s~ s~ WEIGHTED<=4 @2  
INFO: Trying process: g g > d s s~ b~ WEIGHTED<=4 @2  
INFO: Trying process: g g > d s b~ b~ WEIGHTED<=4 @2  
INFO: Trying process: g g > d b d~ d~ WEIGHTED<=4 @2  
INFO: Trying process: g g > d b d~ s~ WEIGHTED<=4 @2  
INFO: Trying process: g g > d b d~ b~ WEIGHTED<=4 @2  
INFO: Process has 36 diagrams 
INFO: Trying process: g g > d b s~ s~ WEIGHTED<=4 @2  
INFO: Trying process: g g > d b s~ b~ WEIGHTED<=4 @2  
INFO: Trying process: g g > d b b~ b~ WEIGHTED<=4 @2  
INFO: Trying process: g g > s s d~ d~ WEIGHTED<=4 @2  
INFO: Trying process: g g > s s d~ s~ WEIGHTED<=4 @2  
INFO: Trying process: g g > s s d~ b~ WEIGHTED<=4 @2  
INFO: Trying process: g g > s s s~ s~ WEIGHTED<=4 @2  
INFO: Process has 72 diagrams 
INFO: Trying process: g g > s s s~ b~ WEIGHTED<=4 @2  
INFO: Trying process: g g > s s b~ b~ WEIGHTED<=4 @2  
INFO: Trying process: g g > s b d~ d~ WEIGHTED<=4 @2  
INFO: Trying process: g g > s b d~ s~ WEIGHTED<=4 @2  
INFO: Trying process: g g > s b d~ b~ WEIGHTED<=4 @2  
INFO: Trying process: g g > s b s~ s~ WEIGHTED<=4 @2  
INFO: Trying process: g g > s b s~ b~ WEIGHTED<=4 @2  
INFO: Process has 36 diagrams 
INFO: Trying process: g g > s b b~ b~ WEIGHTED<=4 @2  
INFO: Trying process: g g > b b d~ d~ WEIGHTED<=4 @2  
INFO: Trying process: g g > b b d~ s~ WEIGHTED<=4 @2  
INFO: Trying process: g g > b b d~ b~ WEIGHTED<=4 @2  
INFO: Trying process: g g > b b s~ s~ WEIGHTED<=4 @2  
INFO: Trying process: g g > b b s~ b~ WEIGHTED<=4 @2  
INFO: Trying process: g g > b b b~ b~ WEIGHTED<=4 @2  
INFO: Process has 72 diagrams 
INFO: Crossed process found for g u > g g g u, reuse diagrams. 
INFO: Crossed process found for g u > g u u u~, reuse diagrams. 
INFO: Crossed process found for g u > g u c c~, reuse diagrams. 
INFO: Crossed process found for g u > g u d d~, reuse diagrams. 
INFO: Crossed process found for g u > g u s s~, reuse diagrams. 
INFO: Crossed process found for g u > g u b b~, reuse diagrams. 
INFO: Crossed process found for g c > g g g c, reuse diagrams. 
INFO: Crossed process found for g c > g u c u~, reuse diagrams. 
INFO: Crossed process found for g c > g c c c~, reuse diagrams. 
INFO: Crossed process found for g c > g c d d~, reuse diagrams. 
INFO: Crossed process found for g c > g c s s~, reuse diagrams. 
INFO: Crossed process found for g c > g c b b~, reuse diagrams. 
INFO: Crossed process found for g d > g g g d, reuse diagrams. 
INFO: Crossed process found for g d > g u d u~, reuse diagrams. 
INFO: Crossed process found for g d > g c d c~, reuse diagrams. 
INFO: Crossed process found for g d > g d d d~, reuse diagrams. 
INFO: Crossed process found for g d > g d s s~, reuse diagrams. 
INFO: Crossed process found for g d > g d b b~, reuse diagrams. 
INFO: Crossed process found for g s > g g g s, reuse diagrams. 
INFO: Crossed process found for g s > g u s u~, reuse diagrams. 
INFO: Crossed process found for g s > g c s c~, reuse diagrams. 
INFO: Crossed process found for g s > g d s d~, reuse diagrams. 
INFO: Crossed process found for g s > g s s s~, reuse diagrams. 
INFO: Crossed process found for g s > g s b b~, reuse diagrams. 
INFO: Crossed process found for g u~ > g g g u~, reuse diagrams. 
INFO: Crossed process found for g u~ > g u u~ u~, reuse diagrams. 
INFO: Crossed process found for g u~ > g c u~ c~, reuse diagrams. 
INFO: Crossed process found for g u~ > g d u~ d~, reuse diagrams. 
INFO: Crossed process found for g u~ > g s u~ s~, reuse diagrams. 
INFO: Crossed process found for g u~ > g b u~ b~, reuse diagrams. 
INFO: Crossed process found for g c~ > g g g c~, reuse diagrams. 
INFO: Crossed process found for g c~ > g u u~ c~, reuse diagrams. 
INFO: Crossed process found for g c~ > g c c~ c~, reuse diagrams. 
INFO: Crossed process found for g c~ > g d c~ d~, reuse diagrams. 
INFO: Crossed process found for g c~ > g s c~ s~, reuse diagrams. 
INFO: Crossed process found for g c~ > g b c~ b~, reuse diagrams. 
INFO: Crossed process found for g d~ > g g g d~, reuse diagrams. 
INFO: Crossed process found for g d~ > g u u~ d~, reuse diagrams. 
INFO: Crossed process found for g d~ > g c c~ d~, reuse diagrams. 
INFO: Crossed process found for g d~ > g d d~ d~, reuse diagrams. 
INFO: Crossed process found for g d~ > g s d~ s~, reuse diagrams. 
INFO: Crossed process found for g d~ > g b d~ b~, reuse diagrams. 
INFO: Crossed process found for g s~ > g g g s~, reuse diagrams. 
INFO: Crossed process found for g s~ > g u u~ s~, reuse diagrams. 
INFO: Crossed process found for g s~ > g c c~ s~, reuse diagrams. 
INFO: Crossed process found for g s~ > g d d~ s~, reuse diagrams. 
INFO: Crossed process found for g s~ > g s s~ s~, reuse diagrams. 
INFO: Crossed process found for g s~ > g b s~ b~, reuse diagrams. 
INFO: Crossed process found for g b > g g g b, reuse diagrams. 
INFO: Crossed process found for g b > g u b u~, reuse diagrams. 
INFO: Crossed process found for g b > g c b c~, reuse diagrams. 
INFO: Crossed process found for g b > g d b d~, reuse diagrams. 
INFO: Crossed process found for g b > g s b s~, reuse diagrams. 
INFO: Crossed process found for g b > g b b b~, reuse diagrams. 
INFO: Crossed process found for g b~ > g g g b~, reuse diagrams. 
INFO: Crossed process found for g b~ > g u u~ b~, reuse diagrams. 
INFO: Crossed process found for g b~ > g c c~ b~, reuse diagrams. 
INFO: Crossed process found for g b~ > g d d~ b~, reuse diagrams. 
INFO: Crossed process found for g b~ > g s s~ b~, reuse diagrams. 
INFO: Crossed process found for g b~ > g b b~ b~, reuse diagrams. 
INFO: Process u g > g g g u added to mirror process g u > g g g u 
INFO: Process u g > g u u u~ added to mirror process g u > g u u u~ 
INFO: Process u g > g u c c~ added to mirror process g u > g u c c~ 
INFO: Process u g > g u d d~ added to mirror process g u > g u d d~ 
INFO: Process u g > g u s s~ added to mirror process g u > g u s s~ 
INFO: Process u g > g u b b~ added to mirror process g u > g u b b~ 
INFO: Crossed process found for u u > g g u u, reuse diagrams. 
INFO: Trying process: u u > u u u u~ WEIGHTED<=4 @2  
INFO: Process has 42 diagrams 
INFO: Trying process: u u > u u u c~ WEIGHTED<=4 @2  
INFO: Trying process: u u > u u c u~ WEIGHTED<=4 @2  
INFO: Trying process: u u > u u c c~ WEIGHTED<=4 @2  
INFO: Process has 14 diagrams 
INFO: Trying process: u u > u u d d~ WEIGHTED<=4 @2  
INFO: Process has 14 diagrams 
INFO: Trying process: u u > u u d s~ WEIGHTED<=4 @2  
INFO: Trying process: u u > u u d b~ WEIGHTED<=4 @2  
INFO: Trying process: u u > u u s d~ WEIGHTED<=4 @2  
INFO: Trying process: u u > u u s s~ WEIGHTED<=4 @2  
INFO: Process has 14 diagrams 
INFO: Trying process: u u > u u s b~ WEIGHTED<=4 @2  
INFO: Trying process: u u > u u b d~ WEIGHTED<=4 @2  
INFO: Trying process: u u > u u b s~ WEIGHTED<=4 @2  
INFO: Trying process: u u > u u b b~ WEIGHTED<=4 @2  
INFO: Process has 14 diagrams 
INFO: Trying process: u u > u c c u~ WEIGHTED<=4 @2  
INFO: Trying process: u u > u c c c~ WEIGHTED<=4 @2  
INFO: Trying process: u u > u c d d~ WEIGHTED<=4 @2  
INFO: Trying process: u u > u c d s~ WEIGHTED<=4 @2  
INFO: Trying process: u u > u c d b~ WEIGHTED<=4 @2  
INFO: Trying process: u u > u c s d~ WEIGHTED<=4 @2  
INFO: Trying process: u u > u c s s~ WEIGHTED<=4 @2  
INFO: Trying process: u u > u c s b~ WEIGHTED<=4 @2  
INFO: Trying process: u u > u c b d~ WEIGHTED<=4 @2  
INFO: Trying process: u u > u c b s~ WEIGHTED<=4 @2  
INFO: Trying process: u u > u c b b~ WEIGHTED<=4 @2  
INFO: Trying process: u u > c c c u~ WEIGHTED<=4 @2  
INFO: Trying process: u u > c c c c~ WEIGHTED<=4 @2  
INFO: Trying process: u u > c c d d~ WEIGHTED<=4 @2  
INFO: Trying process: u u > c c d s~ WEIGHTED<=4 @2  
INFO: Trying process: u u > c c d b~ WEIGHTED<=4 @2  
INFO: Trying process: u u > c c s d~ WEIGHTED<=4 @2  
INFO: Trying process: u u > c c s s~ WEIGHTED<=4 @2  
INFO: Trying process: u u > c c s b~ WEIGHTED<=4 @2  
INFO: Trying process: u u > c c b d~ WEIGHTED<=4 @2  
INFO: Trying process: u u > c c b s~ WEIGHTED<=4 @2  
INFO: Trying process: u u > c c b b~ WEIGHTED<=4 @2  
INFO: Crossed process found for u c > g g u c, reuse diagrams. 
INFO: Trying process: u c > u u u c~ WEIGHTED<=4 @2  
INFO: Crossed process found for u c > u u c u~, reuse diagrams. 
INFO: Trying process: u c > u u c c~ WEIGHTED<=4 @2  
INFO: Trying process: u c > u u d d~ WEIGHTED<=4 @2  
INFO: Trying process: u c > u u d s~ WEIGHTED<=4 @2  
INFO: Trying process: u c > u u d b~ WEIGHTED<=4 @2  
INFO: Trying process: u c > u u s d~ WEIGHTED<=4 @2  
INFO: Trying process: u c > u u s s~ WEIGHTED<=4 @2  
INFO: Trying process: u c > u u s b~ WEIGHTED<=4 @2  
INFO: Trying process: u c > u u b d~ WEIGHTED<=4 @2  
INFO: Trying process: u c > u u b s~ WEIGHTED<=4 @2  
INFO: Trying process: u c > u u b b~ WEIGHTED<=4 @2  
INFO: Trying process: u c > u c c c~ WEIGHTED<=4 @2  
INFO: Process has 14 diagrams 
INFO: Trying process: u c > u c d d~ WEIGHTED<=4 @2  
INFO: Process has 7 diagrams 
INFO: Trying process: u c > u c d s~ WEIGHTED<=4 @2  
INFO: Trying process: u c > u c d b~ WEIGHTED<=4 @2  
INFO: Trying process: u c > u c s d~ WEIGHTED<=4 @2  
INFO: Trying process: u c > u c s s~ WEIGHTED<=4 @2  
INFO: Process has 7 diagrams 
INFO: Trying process: u c > u c s b~ WEIGHTED<=4 @2  
INFO: Trying process: u c > u c b d~ WEIGHTED<=4 @2  
INFO: Trying process: u c > u c b s~ WEIGHTED<=4 @2  
INFO: Trying process: u c > u c b b~ WEIGHTED<=4 @2  
INFO: Process has 7 diagrams 
INFO: Trying process: u c > c c c c~ WEIGHTED<=4 @2  
INFO: Trying process: u c > c c d d~ WEIGHTED<=4 @2  
INFO: Trying process: u c > c c d s~ WEIGHTED<=4 @2  
INFO: Trying process: u c > c c d b~ WEIGHTED<=4 @2  
INFO: Trying process: u c > c c s d~ WEIGHTED<=4 @2  
INFO: Trying process: u c > c c s s~ WEIGHTED<=4 @2  
INFO: Trying process: u c > c c s b~ WEIGHTED<=4 @2  
INFO: Trying process: u c > c c b d~ WEIGHTED<=4 @2  
INFO: Trying process: u c > c c b s~ WEIGHTED<=4 @2  
INFO: Trying process: u c > c c b b~ WEIGHTED<=4 @2  
INFO: Crossed process found for u d > g g u d, reuse diagrams. 
INFO: Crossed process found for u d > u u d u~, reuse diagrams. 
INFO: Crossed process found for u d > u c d c~, reuse diagrams. 
INFO: Trying process: u d > u d d d~ WEIGHTED<=4 @2  
INFO: Process has 14 diagrams 
INFO: Trying process: u d > u d d s~ WEIGHTED<=4 @2  
INFO: Trying process: u d > u d d b~ WEIGHTED<=4 @2  
INFO: Trying process: u d > u d s d~ WEIGHTED<=4 @2  
INFO: Trying process: u d > u d s s~ WEIGHTED<=4 @2  
INFO: Process has 7 diagrams 
INFO: Trying process: u d > u d s b~ WEIGHTED<=4 @2  
INFO: Trying process: u d > u d b d~ WEIGHTED<=4 @2  
INFO: Trying process: u d > u d b s~ WEIGHTED<=4 @2  
INFO: Trying process: u d > u d b b~ WEIGHTED<=4 @2  
INFO: Process has 7 diagrams 
INFO: Trying process: u d > u s s d~ WEIGHTED<=4 @2  
INFO: Trying process: u d > u s s s~ WEIGHTED<=4 @2  
INFO: Trying process: u d > u s s b~ WEIGHTED<=4 @2  
INFO: Trying process: u d > u s b d~ WEIGHTED<=4 @2  
INFO: Trying process: u d > u s b s~ WEIGHTED<=4 @2  
INFO: Trying process: u d > u s b b~ WEIGHTED<=4 @2  
INFO: Trying process: u d > u b b d~ WEIGHTED<=4 @2  
INFO: Trying process: u d > u b b s~ WEIGHTED<=4 @2  
INFO: Trying process: u d > u b b b~ WEIGHTED<=4 @2  
INFO: Trying process: u d > c d d d~ WEIGHTED<=4 @2  
INFO: Trying process: u d > c d d s~ WEIGHTED<=4 @2  
INFO: Trying process: u d > c d d b~ WEIGHTED<=4 @2  
INFO: Trying process: u d > c d s d~ WEIGHTED<=4 @2  
INFO: Trying process: u d > c d s s~ WEIGHTED<=4 @2  
INFO: Trying process: u d > c d s b~ WEIGHTED<=4 @2  
INFO: Trying process: u d > c d b d~ WEIGHTED<=4 @2  
INFO: Trying process: u d > c d b s~ WEIGHTED<=4 @2  
INFO: Trying process: u d > c d b b~ WEIGHTED<=4 @2  
INFO: Trying process: u d > c s s d~ WEIGHTED<=4 @2  
INFO: Trying process: u d > c s s s~ WEIGHTED<=4 @2  
INFO: Trying process: u d > c s s b~ WEIGHTED<=4 @2  
INFO: Trying process: u d > c s b d~ WEIGHTED<=4 @2  
INFO: Trying process: u d > c s b s~ WEIGHTED<=4 @2  
INFO: Trying process: u d > c s b b~ WEIGHTED<=4 @2  
INFO: Trying process: u d > c b b d~ WEIGHTED<=4 @2  
INFO: Trying process: u d > c b b s~ WEIGHTED<=4 @2  
INFO: Trying process: u d > c b b b~ WEIGHTED<=4 @2  
INFO: Crossed process found for u s > g g u s, reuse diagrams. 
INFO: Crossed process found for u s > u u s u~, reuse diagrams. 
INFO: Crossed process found for u s > u c s c~, reuse diagrams. 
INFO: Trying process: u s > u d d s~ WEIGHTED<=4 @2  
INFO: Trying process: u s > u d d b~ WEIGHTED<=4 @2  
INFO: Crossed process found for u s > u d s d~, reuse diagrams. 
INFO: Trying process: u s > u d s s~ WEIGHTED<=4 @2  
INFO: Trying process: u s > u d s b~ WEIGHTED<=4 @2  
INFO: Trying process: u s > u d b s~ WEIGHTED<=4 @2  
INFO: Trying process: u s > u d b b~ WEIGHTED<=4 @2  
INFO: Trying process: u s > u s s s~ WEIGHTED<=4 @2  
INFO: Process has 14 diagrams 
INFO: Trying process: u s > u s s b~ WEIGHTED<=4 @2  
INFO: Trying process: u s > u s b s~ WEIGHTED<=4 @2  
INFO: Trying process: u s > u s b b~ WEIGHTED<=4 @2  
INFO: Process has 7 diagrams 
INFO: Trying process: u s > u b b s~ WEIGHTED<=4 @2  
INFO: Trying process: u s > u b b b~ WEIGHTED<=4 @2  
INFO: Trying process: u s > c d d s~ WEIGHTED<=4 @2  
INFO: Trying process: u s > c d d b~ WEIGHTED<=4 @2  
INFO: Trying process: u s > c d s s~ WEIGHTED<=4 @2  
INFO: Trying process: u s > c d s b~ WEIGHTED<=4 @2  
INFO: Trying process: u s > c d b s~ WEIGHTED<=4 @2  
INFO: Trying process: u s > c d b b~ WEIGHTED<=4 @2  
INFO: Trying process: u s > c s s s~ WEIGHTED<=4 @2  
INFO: Trying process: u s > c s s b~ WEIGHTED<=4 @2  
INFO: Trying process: u s > c s b s~ WEIGHTED<=4 @2  
INFO: Trying process: u s > c s b b~ WEIGHTED<=4 @2  
INFO: Trying process: u s > c b b s~ WEIGHTED<=4 @2  
INFO: Trying process: u s > c b b b~ WEIGHTED<=4 @2  
INFO: Crossed process found for u u~ > g g g g, reuse diagrams. 
INFO: Crossed process found for u u~ > g g u u~, reuse diagrams. 
INFO: Crossed process found for u u~ > g g c c~, reuse diagrams. 
INFO: Crossed process found for u u~ > g g d d~, reuse diagrams. 
INFO: Crossed process found for u u~ > g g s s~, reuse diagrams. 
INFO: Crossed process found for u u~ > g g b b~, reuse diagrams. 
INFO: Crossed process found for u u~ > u u u~ u~, reuse diagrams. 
INFO: Crossed process found for u u~ > u c u~ c~, reuse diagrams. 
INFO: Crossed process found for u u~ > u d u~ d~, reuse diagrams. 
INFO: Crossed process found for u u~ > u s u~ s~, reuse diagrams. 
INFO: Crossed process found for u u~ > u b u~ b~, reuse diagrams. 
INFO: Crossed process found for u u~ > c c c~ c~, reuse diagrams. 
INFO: Crossed process found for u u~ > c d c~ d~, reuse diagrams. 
INFO: Crossed process found for u u~ > c s c~ s~, reuse diagrams. 
INFO: Crossed process found for u u~ > c b c~ b~, reuse diagrams. 
INFO: Crossed process found for u u~ > d d d~ d~, reuse diagrams. 
INFO: Trying process: u u~ > d d b~ b~ WEIGHTED<=4 @2  
INFO: Crossed process found for u u~ > d s d~ s~, reuse diagrams. 
INFO: Trying process: u u~ > d s b~ b~ WEIGHTED<=4 @2  
INFO: Crossed process found for u u~ > d b d~ b~, reuse diagrams. 
INFO: Trying process: u u~ > d b b~ b~ WEIGHTED<=4 @2  
INFO: Crossed process found for u u~ > s s s~ s~, reuse diagrams. 
INFO: Trying process: u u~ > s s b~ b~ WEIGHTED<=4 @2  
INFO: Crossed process found for u u~ > s b s~ b~, reuse diagrams. 
INFO: Trying process: u u~ > s b b~ b~ WEIGHTED<=4 @2  
INFO: Trying process: u u~ > b b b~ b~ WEIGHTED<=4 @2  
INFO: Process has 14 diagrams 
INFO: Crossed process found for u c~ > g g u c~, reuse diagrams. 
INFO: Crossed process found for u c~ > u u u~ c~, reuse diagrams. 
INFO: Crossed process found for u c~ > u c c~ c~, reuse diagrams. 
INFO: Crossed process found for u c~ > u d c~ d~, reuse diagrams. 
INFO: Crossed process found for u c~ > u s c~ s~, reuse diagrams. 
INFO: Crossed process found for u c~ > u b c~ b~, reuse diagrams. 
INFO: Trying process: u c~ > d d b~ b~ WEIGHTED<=4 @2  
INFO: Trying process: u c~ > d s b~ b~ WEIGHTED<=4 @2  
INFO: Trying process: u c~ > d b b~ b~ WEIGHTED<=4 @2  
INFO: Trying process: u c~ > s s b~ b~ WEIGHTED<=4 @2  
INFO: Trying process: u c~ > s b b~ b~ WEIGHTED<=4 @2  
INFO: Trying process: u c~ > b b b~ b~ WEIGHTED<=4 @2  
INFO: Crossed process found for u d~ > g g u d~, reuse diagrams. 
INFO: Crossed process found for u d~ > u u u~ d~, reuse diagrams. 
INFO: Crossed process found for u d~ > u c c~ d~, reuse diagrams. 
INFO: Crossed process found for u d~ > u d d~ d~, reuse diagrams. 
INFO: Crossed process found for u d~ > u s d~ s~, reuse diagrams. 
INFO: Crossed process found for u d~ > u b d~ b~, reuse diagrams. 
INFO: Crossed process found for u s~ > g g u s~, reuse diagrams. 
INFO: Crossed process found for u s~ > u u u~ s~, reuse diagrams. 
INFO: Crossed process found for u s~ > u c c~ s~, reuse diagrams. 
INFO: Crossed process found for u s~ > u d d~ s~, reuse diagrams. 
INFO: Crossed process found for u s~ > u s s~ s~, reuse diagrams. 
INFO: Crossed process found for u s~ > u b s~ b~, reuse diagrams. 
INFO: Crossed process found for u b > g g u b, reuse diagrams. 
INFO: Crossed process found for u b > u u b u~, reuse diagrams. 
INFO: Crossed process found for u b > u c b c~, reuse diagrams. 
INFO: Crossed process found for u b > u d b d~, reuse diagrams. 
INFO: Crossed process found for u b > u s b s~, reuse diagrams. 
INFO: Crossed process found for u b > u b b b~, reuse diagrams. 
INFO: Crossed process found for u b~ > g g u b~, reuse diagrams. 
INFO: Crossed process found for u b~ > u u u~ b~, reuse diagrams. 
INFO: Crossed process found for u b~ > u c c~ b~, reuse diagrams. 
INFO: Crossed process found for u b~ > u d d~ b~, reuse diagrams. 
INFO: Crossed process found for u b~ > u s s~ b~, reuse diagrams. 
INFO: Crossed process found for u b~ > u b b~ b~, reuse diagrams. 
INFO: Process c g > g g g c added to mirror process g c > g g g c 
INFO: Process c g > g u c u~ added to mirror process g c > g u c u~ 
INFO: Process c g > g c c c~ added to mirror process g c > g c c c~ 
INFO: Process c g > g c d d~ added to mirror process g c > g c d d~ 
INFO: Process c g > g c s s~ added to mirror process g c > g c s s~ 
INFO: Process c g > g c b b~ added to mirror process g c > g c b b~ 
INFO: Process c u > g g u c added to mirror process u c > g g u c 
INFO: Process c u > u u c u~ added to mirror process u c > u u c u~ 
INFO: Process c u > u c c c~ added to mirror process u c > u c c c~ 
INFO: Process c u > u c d d~ added to mirror process u c > u c d d~ 
INFO: Process c u > u c s s~ added to mirror process u c > u c s s~ 
INFO: Process c u > u c b b~ added to mirror process u c > u c b b~ 
INFO: Crossed process found for c c > g g c c, reuse diagrams. 
INFO: Trying process: c c > u u u c~ WEIGHTED<=4 @2  
INFO: Trying process: c c > u u c c~ WEIGHTED<=4 @2  
INFO: Trying process: c c > u u d d~ WEIGHTED<=4 @2  
INFO: Trying process: c c > u u d s~ WEIGHTED<=4 @2  
INFO: Trying process: c c > u u d b~ WEIGHTED<=4 @2  
INFO: Trying process: c c > u u s d~ WEIGHTED<=4 @2  
INFO: Trying process: c c > u u s s~ WEIGHTED<=4 @2  
INFO: Trying process: c c > u u s b~ WEIGHTED<=4 @2  
INFO: Trying process: c c > u u b d~ WEIGHTED<=4 @2  
INFO: Trying process: c c > u u b s~ WEIGHTED<=4 @2  
INFO: Trying process: c c > u u b b~ WEIGHTED<=4 @2  
INFO: Crossed process found for c c > u c c u~, reuse diagrams. 
INFO: Trying process: c c > u c c c~ WEIGHTED<=4 @2  
INFO: Trying process: c c > u c d d~ WEIGHTED<=4 @2  
INFO: Trying process: c c > u c d s~ WEIGHTED<=4 @2  
INFO: Trying process: c c > u c d b~ WEIGHTED<=4 @2  
INFO: Trying process: c c > u c s d~ WEIGHTED<=4 @2  
INFO: Trying process: c c > u c s s~ WEIGHTED<=4 @2  
INFO: Trying process: c c > u c s b~ WEIGHTED<=4 @2  
INFO: Trying process: c c > u c b d~ WEIGHTED<=4 @2  
INFO: Trying process: c c > u c b s~ WEIGHTED<=4 @2  
INFO: Trying process: c c > u c b b~ WEIGHTED<=4 @2  
INFO: Trying process: c c > c c c c~ WEIGHTED<=4 @2  
INFO: Process has 42 diagrams 
INFO: Trying process: c c > c c d d~ WEIGHTED<=4 @2  
INFO: Process has 14 diagrams 
INFO: Trying process: c c > c c d s~ WEIGHTED<=4 @2  
INFO: Trying process: c c > c c d b~ WEIGHTED<=4 @2  
INFO: Trying process: c c > c c s d~ WEIGHTED<=4 @2  
INFO: Trying process: c c > c c s s~ WEIGHTED<=4 @2  
INFO: Process has 14 diagrams 
INFO: Trying process: c c > c c s b~ WEIGHTED<=4 @2  
INFO: Trying process: c c > c c b d~ WEIGHTED<=4 @2  
INFO: Trying process: c c > c c b s~ WEIGHTED<=4 @2  
INFO: Trying process: c c > c c b b~ WEIGHTED<=4 @2  
INFO: Process has 14 diagrams 
INFO: Crossed process found for c d > g g c d, reuse diagrams. 
INFO: Crossed process found for c d > u c d u~, reuse diagrams. 
INFO: Trying process: c d > u d d d~ WEIGHTED<=4 @2  
INFO: Trying process: c d > u d d s~ WEIGHTED<=4 @2  
INFO: Trying process: c d > u d d b~ WEIGHTED<=4 @2  
INFO: Trying process: c d > u d s d~ WEIGHTED<=4 @2  
INFO: Trying process: c d > u d s s~ WEIGHTED<=4 @2  
INFO: Trying process: c d > u d s b~ WEIGHTED<=4 @2  
INFO: Trying process: c d > u d b d~ WEIGHTED<=4 @2  
INFO: Trying process: c d > u d b s~ WEIGHTED<=4 @2  
INFO: Trying process: c d > u d b b~ WEIGHTED<=4 @2  
INFO: Trying process: c d > u s s d~ WEIGHTED<=4 @2  
INFO: Trying process: c d > u s s s~ WEIGHTED<=4 @2  
INFO: Trying process: c d > u s s b~ WEIGHTED<=4 @2  
INFO: Trying process: c d > u s b d~ WEIGHTED<=4 @2  
INFO: Trying process: c d > u s b s~ WEIGHTED<=4 @2  
INFO: Trying process: c d > u s b b~ WEIGHTED<=4 @2  
INFO: Trying process: c d > u b b d~ WEIGHTED<=4 @2  
INFO: Trying process: c d > u b b s~ WEIGHTED<=4 @2  
INFO: Trying process: c d > u b b b~ WEIGHTED<=4 @2  
INFO: Crossed process found for c d > c c d c~, reuse diagrams. 
INFO: Trying process: c d > c d d d~ WEIGHTED<=4 @2  
INFO: Process has 14 diagrams 
INFO: Trying process: c d > c d d s~ WEIGHTED<=4 @2  
INFO: Trying process: c d > c d d b~ WEIGHTED<=4 @2  
INFO: Trying process: c d > c d s d~ WEIGHTED<=4 @2  
INFO: Trying process: c d > c d s s~ WEIGHTED<=4 @2  
INFO: Process has 7 diagrams 
INFO: Trying process: c d > c d s b~ WEIGHTED<=4 @2  
INFO: Trying process: c d > c d b d~ WEIGHTED<=4 @2  
INFO: Trying process: c d > c d b s~ WEIGHTED<=4 @2  
INFO: Trying process: c d > c d b b~ WEIGHTED<=4 @2  
INFO: Process has 7 diagrams 
INFO: Trying process: c d > c s s d~ WEIGHTED<=4 @2  
INFO: Trying process: c d > c s s s~ WEIGHTED<=4 @2  
INFO: Trying process: c d > c s s b~ WEIGHTED<=4 @2  
INFO: Trying process: c d > c s b d~ WEIGHTED<=4 @2  
INFO: Trying process: c d > c s b s~ WEIGHTED<=4 @2  
INFO: Trying process: c d > c s b b~ WEIGHTED<=4 @2  
INFO: Trying process: c d > c b b d~ WEIGHTED<=4 @2  
INFO: Trying process: c d > c b b s~ WEIGHTED<=4 @2  
INFO: Trying process: c d > c b b b~ WEIGHTED<=4 @2  
INFO: Crossed process found for c s > g g c s, reuse diagrams. 
INFO: Crossed process found for c s > u c s u~, reuse diagrams. 
INFO: Trying process: c s > u d d s~ WEIGHTED<=4 @2  
INFO: Trying process: c s > u d d b~ WEIGHTED<=4 @2  
INFO: Trying process: c s > u d s s~ WEIGHTED<=4 @2  
INFO: Trying process: c s > u d s b~ WEIGHTED<=4 @2  
INFO: Trying process: c s > u d b s~ WEIGHTED<=4 @2  
INFO: Trying process: c s > u d b b~ WEIGHTED<=4 @2  
INFO: Trying process: c s > u s s s~ WEIGHTED<=4 @2  
INFO: Trying process: c s > u s s b~ WEIGHTED<=4 @2  
INFO: Trying process: c s > u s b s~ WEIGHTED<=4 @2  
INFO: Trying process: c s > u s b b~ WEIGHTED<=4 @2  
INFO: Trying process: c s > u b b s~ WEIGHTED<=4 @2  
INFO: Trying process: c s > u b b b~ WEIGHTED<=4 @2  
INFO: Crossed process found for c s > c c s c~, reuse diagrams. 
INFO: Trying process: c s > c d d s~ WEIGHTED<=4 @2  
INFO: Trying process: c s > c d d b~ WEIGHTED<=4 @2  
INFO: Crossed process found for c s > c d s d~, reuse diagrams. 
INFO: Trying process: c s > c d s s~ WEIGHTED<=4 @2  
INFO: Trying process: c s > c d s b~ WEIGHTED<=4 @2  
INFO: Trying process: c s > c d b s~ WEIGHTED<=4 @2  
INFO: Trying process: c s > c d b b~ WEIGHTED<=4 @2  
INFO: Trying process: c s > c s s s~ WEIGHTED<=4 @2  
INFO: Process has 14 diagrams 
INFO: Trying process: c s > c s s b~ WEIGHTED<=4 @2  
INFO: Trying process: c s > c s b s~ WEIGHTED<=4 @2  
INFO: Trying process: c s > c s b b~ WEIGHTED<=4 @2  
INFO: Process has 7 diagrams 
INFO: Trying process: c s > c b b s~ WEIGHTED<=4 @2  
INFO: Trying process: c s > c b b b~ WEIGHTED<=4 @2  
INFO: Crossed process found for c u~ > g g c u~, reuse diagrams. 
INFO: Crossed process found for c u~ > u c u~ u~, reuse diagrams. 
INFO: Crossed process found for c u~ > c c u~ c~, reuse diagrams. 
INFO: Crossed process found for c u~ > c d u~ d~, reuse diagrams. 
INFO: Crossed process found for c u~ > c s u~ s~, reuse diagrams. 
INFO: Crossed process found for c u~ > c b u~ b~, reuse diagrams. 
INFO: Trying process: c u~ > d d b~ b~ WEIGHTED<=4 @2  
INFO: Trying process: c u~ > d s b~ b~ WEIGHTED<=4 @2  
INFO: Trying process: c u~ > d b b~ b~ WEIGHTED<=4 @2  
INFO: Trying process: c u~ > s s b~ b~ WEIGHTED<=4 @2  
INFO: Trying process: c u~ > s b b~ b~ WEIGHTED<=4 @2  
INFO: Trying process: c u~ > b b b~ b~ WEIGHTED<=4 @2  
INFO: Crossed process found for c c~ > g g g g, reuse diagrams. 
INFO: Crossed process found for c c~ > g g u u~, reuse diagrams. 
INFO: Crossed process found for c c~ > g g c c~, reuse diagrams. 
INFO: Crossed process found for c c~ > g g d d~, reuse diagrams. 
INFO: Crossed process found for c c~ > g g s s~, reuse diagrams. 
INFO: Crossed process found for c c~ > g g b b~, reuse diagrams. 
INFO: Crossed process found for c c~ > u u u~ u~, reuse diagrams. 
INFO: Crossed process found for c c~ > u c u~ c~, reuse diagrams. 
INFO: Crossed process found for c c~ > u d u~ d~, reuse diagrams. 
INFO: Crossed process found for c c~ > u s u~ s~, reuse diagrams. 
INFO: Crossed process found for c c~ > u b u~ b~, reuse diagrams. 
INFO: Crossed process found for c c~ > c c c~ c~, reuse diagrams. 
INFO: Crossed process found for c c~ > c d c~ d~, reuse diagrams. 
INFO: Crossed process found for c c~ > c s c~ s~, reuse diagrams. 
INFO: Crossed process found for c c~ > c b c~ b~, reuse diagrams. 
INFO: Crossed process found for c c~ > d d d~ d~, reuse diagrams. 
INFO: Trying process: c c~ > d d b~ b~ WEIGHTED<=4 @2  
INFO: Crossed process found for c c~ > d s d~ s~, reuse diagrams. 
INFO: Trying process: c c~ > d s b~ b~ WEIGHTED<=4 @2  
INFO: Crossed process found for c c~ > d b d~ b~, reuse diagrams. 
INFO: Trying process: c c~ > d b b~ b~ WEIGHTED<=4 @2  
INFO: Crossed process found for c c~ > s s s~ s~, reuse diagrams. 
INFO: Trying process: c c~ > s s b~ b~ WEIGHTED<=4 @2  
INFO: Crossed process found for c c~ > s b s~ b~, reuse diagrams. 
INFO: Trying process: c c~ > s b b~ b~ WEIGHTED<=4 @2  
INFO: Trying process: c c~ > b b b~ b~ WEIGHTED<=4 @2  
INFO: Process has 14 diagrams 
INFO: Crossed process found for c d~ > g g c d~, reuse diagrams. 
INFO: Crossed process found for c d~ > u c u~ d~, reuse diagrams. 
INFO: Crossed process found for c d~ > c c c~ d~, reuse diagrams. 
INFO: Crossed process found for c d~ > c d d~ d~, reuse diagrams. 
INFO: Crossed process found for c d~ > c s d~ s~, reuse diagrams. 
INFO: Crossed process found for c d~ > c b d~ b~, reuse diagrams. 
INFO: Crossed process found for c s~ > g g c s~, reuse diagrams. 
INFO: Crossed process found for c s~ > u c u~ s~, reuse diagrams. 
INFO: Crossed process found for c s~ > c c c~ s~, reuse diagrams. 
INFO: Crossed process found for c s~ > c d d~ s~, reuse diagrams. 
INFO: Crossed process found for c s~ > c s s~ s~, reuse diagrams. 
INFO: Crossed process found for c s~ > c b s~ b~, reuse diagrams. 
INFO: Crossed process found for c b > g g c b, reuse diagrams. 
INFO: Crossed process found for c b > u c b u~, reuse diagrams. 
INFO: Crossed process found for c b > c c b c~, reuse diagrams. 
INFO: Crossed process found for c b > c d b d~, reuse diagrams. 
INFO: Crossed process found for c b > c s b s~, reuse diagrams. 
INFO: Crossed process found for c b > c b b b~, reuse diagrams. 
INFO: Crossed process found for c b~ > g g c b~, reuse diagrams. 
INFO: Crossed process found for c b~ > u c u~ b~, reuse diagrams. 
INFO: Crossed process found for c b~ > c c c~ b~, reuse diagrams. 
INFO: Crossed process found for c b~ > c d d~ b~, reuse diagrams. 
INFO: Crossed process found for c b~ > c s s~ b~, reuse diagrams. 
INFO: Crossed process found for c b~ > c b b~ b~, reuse diagrams. 
INFO: Process d g > g g g d added to mirror process g d > g g g d 
INFO: Process d g > g u d u~ added to mirror process g d > g u d u~ 
INFO: Process d g > g c d c~ added to mirror process g d > g c d c~ 
INFO: Process d g > g d d d~ added to mirror process g d > g d d d~ 
INFO: Process d g > g d s s~ added to mirror process g d > g d s s~ 
INFO: Process d g > g d b b~ added to mirror process g d > g d b b~ 
INFO: Process d u > g g u d added to mirror process u d > g g u d 
INFO: Process d u > u u d u~ added to mirror process u d > u u d u~ 
INFO: Process d u > u c d c~ added to mirror process u d > u c d c~ 
INFO: Process d u > u d d d~ added to mirror process u d > u d d d~ 
INFO: Process d u > u d s s~ added to mirror process u d > u d s s~ 
INFO: Process d u > u d b b~ added to mirror process u d > u d b b~ 
INFO: Process d c > g g c d added to mirror process c d > g g c d 
INFO: Process d c > u c d u~ added to mirror process c d > u c d u~ 
INFO: Process d c > c c d c~ added to mirror process c d > c c d c~ 
INFO: Process d c > c d d d~ added to mirror process c d > c d d d~ 
INFO: Process d c > c d s s~ added to mirror process c d > c d s s~ 
INFO: Process d c > c d b b~ added to mirror process c d > c d b b~ 
INFO: Crossed process found for d d > g g d d, reuse diagrams. 
INFO: Crossed process found for d d > u d d u~, reuse diagrams. 
INFO: Crossed process found for d d > c d d c~, reuse diagrams. 
INFO: Trying process: d d > d d d d~ WEIGHTED<=4 @2  
INFO: Process has 42 diagrams 
INFO: Trying process: d d > d d d s~ WEIGHTED<=4 @2  
INFO: Trying process: d d > d d d b~ WEIGHTED<=4 @2  
INFO: Trying process: d d > d d s d~ WEIGHTED<=4 @2  
INFO: Trying process: d d > d d s s~ WEIGHTED<=4 @2  
INFO: Process has 14 diagrams 
INFO: Trying process: d d > d d s b~ WEIGHTED<=4 @2  
INFO: Trying process: d d > d d b d~ WEIGHTED<=4 @2  
INFO: Trying process: d d > d d b s~ WEIGHTED<=4 @2  
INFO: Trying process: d d > d d b b~ WEIGHTED<=4 @2  
INFO: Process has 14 diagrams 
INFO: Trying process: d d > d s s d~ WEIGHTED<=4 @2  
INFO: Trying process: d d > d s s s~ WEIGHTED<=4 @2  
INFO: Trying process: d d > d s s b~ WEIGHTED<=4 @2  
INFO: Trying process: d d > d s b d~ WEIGHTED<=4 @2  
INFO: Trying process: d d > d s b s~ WEIGHTED<=4 @2  
INFO: Trying process: d d > d s b b~ WEIGHTED<=4 @2  
INFO: Trying process: d d > d b b d~ WEIGHTED<=4 @2  
INFO: Trying process: d d > d b b s~ WEIGHTED<=4 @2  
INFO: Trying process: d d > d b b b~ WEIGHTED<=4 @2  
INFO: Trying process: d d > s s s d~ WEIGHTED<=4 @2  
INFO: Trying process: d d > s s s s~ WEIGHTED<=4 @2  
INFO: Trying process: d d > s s s b~ WEIGHTED<=4 @2  
INFO: Trying process: d d > s s b d~ WEIGHTED<=4 @2  
INFO: Trying process: d d > s s b s~ WEIGHTED<=4 @2  
INFO: Trying process: d d > s s b b~ WEIGHTED<=4 @2  
INFO: Trying process: d d > s b b d~ WEIGHTED<=4 @2  
INFO: Trying process: d d > s b b s~ WEIGHTED<=4 @2  
INFO: Trying process: d d > s b b b~ WEIGHTED<=4 @2  
INFO: Trying process: d d > b b b d~ WEIGHTED<=4 @2  
INFO: Trying process: d d > b b b s~ WEIGHTED<=4 @2  
INFO: Trying process: d d > b b b b~ WEIGHTED<=4 @2  
INFO: Crossed process found for d s > g g d s, reuse diagrams. 
INFO: Crossed process found for d s > u d s u~, reuse diagrams. 
INFO: Crossed process found for d s > c d s c~, reuse diagrams. 
INFO: Trying process: d s > d d d s~ WEIGHTED<=4 @2  
INFO: Trying process: d s > d d d b~ WEIGHTED<=4 @2  
INFO: Crossed process found for d s > d d s d~, reuse diagrams. 
INFO: Trying process: d s > d d s s~ WEIGHTED<=4 @2  
INFO: Trying process: d s > d d s b~ WEIGHTED<=4 @2  
INFO: Trying process: d s > d d b s~ WEIGHTED<=4 @2  
INFO: Trying process: d s > d d b b~ WEIGHTED<=4 @2  
INFO: Trying process: d s > d s s s~ WEIGHTED<=4 @2  
INFO: Process has 14 diagrams 
INFO: Trying process: d s > d s s b~ WEIGHTED<=4 @2  
INFO: Trying process: d s > d s b s~ WEIGHTED<=4 @2  
INFO: Trying process: d s > d s b b~ WEIGHTED<=4 @2  
INFO: Process has 7 diagrams 
INFO: Trying process: d s > d b b s~ WEIGHTED<=4 @2  
INFO: Trying process: d s > d b b b~ WEIGHTED<=4 @2  
INFO: Trying process: d s > s s s s~ WEIGHTED<=4 @2  
INFO: Trying process: d s > s s s b~ WEIGHTED<=4 @2  
INFO: Trying process: d s > s s b s~ WEIGHTED<=4 @2  
INFO: Trying process: d s > s s b b~ WEIGHTED<=4 @2  
INFO: Trying process: d s > s b b s~ WEIGHTED<=4 @2  
INFO: Trying process: d s > s b b b~ WEIGHTED<=4 @2  
INFO: Trying process: d s > b b b s~ WEIGHTED<=4 @2  
INFO: Trying process: d s > b b b b~ WEIGHTED<=4 @2  
INFO: Crossed process found for d u~ > g g d u~, reuse diagrams. 
INFO: Crossed process found for d u~ > u d u~ u~, reuse diagrams. 
INFO: Crossed process found for d u~ > c d u~ c~, reuse diagrams. 
INFO: Crossed process found for d u~ > d d u~ d~, reuse diagrams. 
INFO: Crossed process found for d u~ > d s u~ s~, reuse diagrams. 
INFO: Crossed process found for d u~ > d b u~ b~, reuse diagrams. 
INFO: Crossed process found for d c~ > g g d c~, reuse diagrams. 
INFO: Crossed process found for d c~ > u d u~ c~, reuse diagrams. 
INFO: Crossed process found for d c~ > c d c~ c~, reuse diagrams. 
INFO: Crossed process found for d c~ > d d c~ d~, reuse diagrams. 
INFO: Crossed process found for d c~ > d s c~ s~, reuse diagrams. 
INFO: Crossed process found for d c~ > d b c~ b~, reuse diagrams. 
INFO: Crossed process found for d d~ > g g g g, reuse diagrams. 
INFO: Crossed process found for d d~ > g g u u~, reuse diagrams. 
INFO: Crossed process found for d d~ > g g c c~, reuse diagrams. 
INFO: Crossed process found for d d~ > g g d d~, reuse diagrams. 
INFO: Crossed process found for d d~ > g g s s~, reuse diagrams. 
INFO: Crossed process found for d d~ > g g b b~, reuse diagrams. 
INFO: Crossed process found for d d~ > u u u~ u~, reuse diagrams. 
INFO: Crossed process found for d d~ > u c u~ c~, reuse diagrams. 
INFO: Crossed process found for d d~ > u d u~ d~, reuse diagrams. 
INFO: Crossed process found for d d~ > u s u~ s~, reuse diagrams. 
INFO: Crossed process found for d d~ > u b u~ b~, reuse diagrams. 
INFO: Crossed process found for d d~ > c c c~ c~, reuse diagrams. 
INFO: Crossed process found for d d~ > c d c~ d~, reuse diagrams. 
INFO: Crossed process found for d d~ > c s c~ s~, reuse diagrams. 
INFO: Crossed process found for d d~ > c b c~ b~, reuse diagrams. 
INFO: Crossed process found for d d~ > d d d~ d~, reuse diagrams. 
INFO: Trying process: d d~ > d d b~ b~ WEIGHTED<=4 @2  
INFO: Crossed process found for d d~ > d s d~ s~, reuse diagrams. 
INFO: Trying process: d d~ > d s b~ b~ WEIGHTED<=4 @2  
INFO: Crossed process found for d d~ > d b d~ b~, reuse diagrams. 
INFO: Trying process: d d~ > d b b~ b~ WEIGHTED<=4 @2  
INFO: Crossed process found for d d~ > s s s~ s~, reuse diagrams. 
INFO: Trying process: d d~ > s s b~ b~ WEIGHTED<=4 @2  
INFO: Crossed process found for d d~ > s b s~ b~, reuse diagrams. 
INFO: Trying process: d d~ > s b b~ b~ WEIGHTED<=4 @2  
INFO: Trying process: d d~ > b b b~ b~ WEIGHTED<=4 @2  
INFO: Process has 14 diagrams 
INFO: Crossed process found for d s~ > g g d s~, reuse diagrams. 
INFO: Crossed process found for d s~ > u d u~ s~, reuse diagrams. 
INFO: Crossed process found for d s~ > c d c~ s~, reuse diagrams. 
INFO: Crossed process found for d s~ > d d d~ s~, reuse diagrams. 
INFO: Crossed process found for d s~ > d s s~ s~, reuse diagrams. 
INFO: Crossed process found for d s~ > d b s~ b~, reuse diagrams. 
INFO: Trying process: d s~ > s s b~ b~ WEIGHTED<=4 @2  
INFO: Trying process: d s~ > s b b~ b~ WEIGHTED<=4 @2  
INFO: Trying process: d s~ > b b b~ b~ WEIGHTED<=4 @2  
INFO: Crossed process found for d b > g g d b, reuse diagrams. 
INFO: Crossed process found for d b > u d b u~, reuse diagrams. 
INFO: Crossed process found for d b > c d b c~, reuse diagrams. 
INFO: Crossed process found for d b > d d b d~, reuse diagrams. 
INFO: Crossed process found for d b > d s b s~, reuse diagrams. 
INFO: Crossed process found for d b > d b b b~, reuse diagrams. 
INFO: Trying process: d b > b b b b~ WEIGHTED<=4 @2  
INFO: Crossed process found for d b~ > g g d b~, reuse diagrams. 
INFO: Crossed process found for d b~ > u d u~ b~, reuse diagrams. 
INFO: Crossed process found for d b~ > c d c~ b~, reuse diagrams. 
INFO: Crossed process found for d b~ > d d d~ b~, reuse diagrams. 
INFO: Crossed process found for d b~ > d s s~ b~, reuse diagrams. 
INFO: Crossed process found for d b~ > d b b~ b~, reuse diagrams. 
INFO: Process s g > g g g s added to mirror process g s > g g g s 
INFO: Process s g > g u s u~ added to mirror process g s > g u s u~ 
INFO: Process s g > g c s c~ added to mirror process g s > g c s c~ 
INFO: Process s g > g d s d~ added to mirror process g s > g d s d~ 
INFO: Process s g > g s s s~ added to mirror process g s > g s s s~ 
INFO: Process s g > g s b b~ added to mirror process g s > g s b b~ 
INFO: Process s u > g g u s added to mirror process u s > g g u s 
INFO: Process s u > u u s u~ added to mirror process u s > u u s u~ 
INFO: Process s u > u c s c~ added to mirror process u s > u c s c~ 
INFO: Process s u > u d s d~ added to mirror process u s > u d s d~ 
INFO: Process s u > u s s s~ added to mirror process u s > u s s s~ 
INFO: Process s u > u s b b~ added to mirror process u s > u s b b~ 
INFO: Process s c > g g c s added to mirror process c s > g g c s 
INFO: Process s c > u c s u~ added to mirror process c s > u c s u~ 
INFO: Process s c > c c s c~ added to mirror process c s > c c s c~ 
INFO: Process s c > c d s d~ added to mirror process c s > c d s d~ 
INFO: Process s c > c s s s~ added to mirror process c s > c s s s~ 
INFO: Process s c > c s b b~ added to mirror process c s > c s b b~ 
INFO: Process s d > g g d s added to mirror process d s > g g d s 
INFO: Process s d > u d s u~ added to mirror process d s > u d s u~ 
INFO: Process s d > c d s c~ added to mirror process d s > c d s c~ 
INFO: Process s d > d d s d~ added to mirror process d s > d d s d~ 
INFO: Process s d > d s s s~ added to mirror process d s > d s s s~ 
INFO: Process s d > d s b b~ added to mirror process d s > d s b b~ 
INFO: Crossed process found for s s > g g s s, reuse diagrams. 
INFO: Crossed process found for s s > u s s u~, reuse diagrams. 
INFO: Crossed process found for s s > c s s c~, reuse diagrams. 
INFO: Trying process: s s > d d d s~ WEIGHTED<=4 @2  
INFO: Trying process: s s > d d d b~ WEIGHTED<=4 @2  
INFO: Trying process: s s > d d s s~ WEIGHTED<=4 @2  
INFO: Trying process: s s > d d s b~ WEIGHTED<=4 @2  
INFO: Trying process: s s > d d b s~ WEIGHTED<=4 @2  
INFO: Trying process: s s > d d b b~ WEIGHTED<=4 @2  
INFO: Crossed process found for s s > d s s d~, reuse diagrams. 
INFO: Trying process: s s > d s s s~ WEIGHTED<=4 @2  
INFO: Trying process: s s > d s s b~ WEIGHTED<=4 @2  
INFO: Trying process: s s > d s b s~ WEIGHTED<=4 @2  
INFO: Trying process: s s > d s b b~ WEIGHTED<=4 @2  
INFO: Trying process: s s > d b b s~ WEIGHTED<=4 @2  
INFO: Trying process: s s > d b b b~ WEIGHTED<=4 @2  
INFO: Trying process: s s > s s s s~ WEIGHTED<=4 @2  
INFO: Process has 42 diagrams 
INFO: Trying process: s s > s s s b~ WEIGHTED<=4 @2  
INFO: Trying process: s s > s s b s~ WEIGHTED<=4 @2  
INFO: Trying process: s s > s s b b~ WEIGHTED<=4 @2  
INFO: Process has 14 diagrams 
INFO: Trying process: s s > s b b s~ WEIGHTED<=4 @2  
INFO: Trying process: s s > s b b b~ WEIGHTED<=4 @2  
INFO: Trying process: s s > b b b s~ WEIGHTED<=4 @2  
INFO: Trying process: s s > b b b b~ WEIGHTED<=4 @2  
INFO: Crossed process found for s u~ > g g s u~, reuse diagrams. 
INFO: Crossed process found for s u~ > u s u~ u~, reuse diagrams. 
INFO: Crossed process found for s u~ > c s u~ c~, reuse diagrams. 
INFO: Crossed process found for s u~ > d s u~ d~, reuse diagrams. 
INFO: Crossed process found for s u~ > s s u~ s~, reuse diagrams. 
INFO: Crossed process found for s u~ > s b u~ b~, reuse diagrams. 
INFO: Crossed process found for s c~ > g g s c~, reuse diagrams. 
INFO: Crossed process found for s c~ > u s u~ c~, reuse diagrams. 
INFO: Crossed process found for s c~ > c s c~ c~, reuse diagrams. 
INFO: Crossed process found for s c~ > d s c~ d~, reuse diagrams. 
INFO: Crossed process found for s c~ > s s c~ s~, reuse diagrams. 
INFO: Crossed process found for s c~ > s b c~ b~, reuse diagrams. 
INFO: Crossed process found for s d~ > g g s d~, reuse diagrams. 
INFO: Crossed process found for s d~ > u s u~ d~, reuse diagrams. 
INFO: Crossed process found for s d~ > c s c~ d~, reuse diagrams. 
INFO: Trying process: s d~ > d d b~ b~ WEIGHTED<=4 @2  
INFO: Crossed process found for s d~ > d s d~ d~, reuse diagrams. 
INFO: Trying process: s d~ > d s b~ b~ WEIGHTED<=4 @2  
INFO: Trying process: s d~ > d b b~ b~ WEIGHTED<=4 @2  
INFO: Crossed process found for s d~ > s s d~ s~, reuse diagrams. 
INFO: Trying process: s d~ > s s b~ b~ WEIGHTED<=4 @2  
INFO: Crossed process found for s d~ > s b d~ b~, reuse diagrams. 
INFO: Trying process: s d~ > s b b~ b~ WEIGHTED<=4 @2  
INFO: Trying process: s d~ > b b b~ b~ WEIGHTED<=4 @2  
INFO: Crossed process found for s s~ > g g g g, reuse diagrams. 
INFO: Crossed process found for s s~ > g g u u~, reuse diagrams. 
INFO: Crossed process found for s s~ > g g c c~, reuse diagrams. 
INFO: Crossed process found for s s~ > g g d d~, reuse diagrams. 
INFO: Crossed process found for s s~ > g g s s~, reuse diagrams. 
INFO: Crossed process found for s s~ > g g b b~, reuse diagrams. 
INFO: Crossed process found for s s~ > u u u~ u~, reuse diagrams. 
INFO: Crossed process found for s s~ > u c u~ c~, reuse diagrams. 
INFO: Crossed process found for s s~ > u d u~ d~, reuse diagrams. 
INFO: Crossed process found for s s~ > u s u~ s~, reuse diagrams. 
INFO: Crossed process found for s s~ > u b u~ b~, reuse diagrams. 
INFO: Crossed process found for s s~ > c c c~ c~, reuse diagrams. 
INFO: Crossed process found for s s~ > c d c~ d~, reuse diagrams. 
INFO: Crossed process found for s s~ > c s c~ s~, reuse diagrams. 
INFO: Crossed process found for s s~ > c b c~ b~, reuse diagrams. 
INFO: Crossed process found for s s~ > d d d~ d~, reuse diagrams. 
INFO: Crossed process found for s s~ > d s d~ s~, reuse diagrams. 
INFO: Crossed process found for s s~ > d b d~ b~, reuse diagrams. 
INFO: Crossed process found for s s~ > s s s~ s~, reuse diagrams. 
INFO: Trying process: s s~ > s s b~ b~ WEIGHTED<=4 @2  
INFO: Crossed process found for s s~ > s b s~ b~, reuse diagrams. 
INFO: Trying process: s s~ > s b b~ b~ WEIGHTED<=4 @2  
INFO: Trying process: s s~ > b b b~ b~ WEIGHTED<=4 @2  
INFO: Process has 14 diagrams 
INFO: Crossed process found for s b > g g s b, reuse diagrams. 
INFO: Crossed process found for s b > u s b u~, reuse diagrams. 
INFO: Crossed process found for s b > c s b c~, reuse diagrams. 
INFO: Crossed process found for s b > d s b d~, reuse diagrams. 
INFO: Crossed process found for s b > s s b s~, reuse diagrams. 
INFO: Crossed process found for s b > s b b b~, reuse diagrams. 
INFO: Trying process: s b > b b b b~ WEIGHTED<=4 @2  
INFO: Crossed process found for s b~ > g g s b~, reuse diagrams. 
INFO: Crossed process found for s b~ > u s u~ b~, reuse diagrams. 
INFO: Crossed process found for s b~ > c s c~ b~, reuse diagrams. 
INFO: Crossed process found for s b~ > d s d~ b~, reuse diagrams. 
INFO: Crossed process found for s b~ > s s s~ b~, reuse diagrams. 
INFO: Crossed process found for s b~ > s b b~ b~, reuse diagrams. 
INFO: Process u~ g > g g g u~ added to mirror process g u~ > g g g u~ 
INFO: Process u~ g > g u u~ u~ added to mirror process g u~ > g u u~ u~ 
INFO: Process u~ g > g c u~ c~ added to mirror process g u~ > g c u~ c~ 
INFO: Process u~ g > g d u~ d~ added to mirror process g u~ > g d u~ d~ 
INFO: Process u~ g > g s u~ s~ added to mirror process g u~ > g s u~ s~ 
INFO: Process u~ g > g b u~ b~ added to mirror process g u~ > g b u~ b~ 
INFO: Process u~ u > g g g g added to mirror process u u~ > g g g g 
INFO: Process u~ u > g g u u~ added to mirror process u u~ > g g u u~ 
INFO: Process u~ u > g g c c~ added to mirror process u u~ > g g c c~ 
INFO: Process u~ u > g g d d~ added to mirror process u u~ > g g d d~ 
INFO: Process u~ u > g g s s~ added to mirror process u u~ > g g s s~ 
INFO: Process u~ u > g g b b~ added to mirror process u u~ > g g b b~ 
INFO: Process u~ u > u u u~ u~ added to mirror process u u~ > u u u~ u~ 
INFO: Process u~ u > u c u~ c~ added to mirror process u u~ > u c u~ c~ 
INFO: Process u~ u > u d u~ d~ added to mirror process u u~ > u d u~ d~ 
INFO: Process u~ u > u s u~ s~ added to mirror process u u~ > u s u~ s~ 
INFO: Process u~ u > u b u~ b~ added to mirror process u u~ > u b u~ b~ 
INFO: Process u~ u > c c c~ c~ added to mirror process u u~ > c c c~ c~ 
INFO: Process u~ u > c d c~ d~ added to mirror process u u~ > c d c~ d~ 
INFO: Process u~ u > c s c~ s~ added to mirror process u u~ > c s c~ s~ 
INFO: Process u~ u > c b c~ b~ added to mirror process u u~ > c b c~ b~ 
INFO: Process u~ u > d d d~ d~ added to mirror process u u~ > d d d~ d~ 
INFO: Process u~ u > d s d~ s~ added to mirror process u u~ > d s d~ s~ 
INFO: Process u~ u > d b d~ b~ added to mirror process u u~ > d b d~ b~ 
INFO: Process u~ u > s s s~ s~ added to mirror process u u~ > s s s~ s~ 
INFO: Process u~ u > s b s~ b~ added to mirror process u u~ > s b s~ b~ 
INFO: Process u~ u > b b b~ b~ added to mirror process u u~ > b b b~ b~ 
INFO: Process u~ c > g g c u~ added to mirror process c u~ > g g c u~ 
INFO: Process u~ c > u c u~ u~ added to mirror process c u~ > u c u~ u~ 
INFO: Process u~ c > c c u~ c~ added to mirror process c u~ > c c u~ c~ 
INFO: Process u~ c > c d u~ d~ added to mirror process c u~ > c d u~ d~ 
INFO: Process u~ c > c s u~ s~ added to mirror process c u~ > c s u~ s~ 
INFO: Process u~ c > c b u~ b~ added to mirror process c u~ > c b u~ b~ 
INFO: Process u~ d > g g d u~ added to mirror process d u~ > g g d u~ 
INFO: Process u~ d > u d u~ u~ added to mirror process d u~ > u d u~ u~ 
INFO: Process u~ d > c d u~ c~ added to mirror process d u~ > c d u~ c~ 
INFO: Process u~ d > d d u~ d~ added to mirror process d u~ > d d u~ d~ 
INFO: Process u~ d > d s u~ s~ added to mirror process d u~ > d s u~ s~ 
INFO: Process u~ d > d b u~ b~ added to mirror process d u~ > d b u~ b~ 
INFO: Process u~ s > g g s u~ added to mirror process s u~ > g g s u~ 
INFO: Process u~ s > u s u~ u~ added to mirror process s u~ > u s u~ u~ 
INFO: Process u~ s > c s u~ c~ added to mirror process s u~ > c s u~ c~ 
INFO: Process u~ s > d s u~ d~ added to mirror process s u~ > d s u~ d~ 
INFO: Process u~ s > s s u~ s~ added to mirror process s u~ > s s u~ s~ 
INFO: Process u~ s > s b u~ b~ added to mirror process s u~ > s b u~ b~ 
INFO: Crossed process found for u~ u~ > g g u~ u~, reuse diagrams. 
INFO: Crossed process found for u~ u~ > u u~ u~ u~, reuse diagrams. 
INFO: Crossed process found for u~ u~ > c u~ u~ c~, reuse diagrams. 
INFO: Crossed process found for u~ u~ > d u~ u~ d~, reuse diagrams. 
INFO: Crossed process found for u~ u~ > s u~ u~ s~, reuse diagrams. 
INFO: Crossed process found for u~ u~ > b u~ u~ b~, reuse diagrams. 
INFO: Crossed process found for u~ c~ > g g u~ c~, reuse diagrams. 
INFO: Crossed process found for u~ c~ > u u~ u~ c~, reuse diagrams. 
INFO: Crossed process found for u~ c~ > c u~ c~ c~, reuse diagrams. 
INFO: Crossed process found for u~ c~ > d u~ c~ d~, reuse diagrams. 
INFO: Crossed process found for u~ c~ > s u~ c~ s~, reuse diagrams. 
INFO: Crossed process found for u~ c~ > b u~ c~ b~, reuse diagrams. 
INFO: Crossed process found for u~ d~ > g g u~ d~, reuse diagrams. 
INFO: Crossed process found for u~ d~ > u u~ u~ d~, reuse diagrams. 
INFO: Crossed process found for u~ d~ > c u~ c~ d~, reuse diagrams. 
INFO: Crossed process found for u~ d~ > d u~ d~ d~, reuse diagrams. 
INFO: Crossed process found for u~ d~ > s u~ d~ s~, reuse diagrams. 
INFO: Crossed process found for u~ d~ > b u~ d~ b~, reuse diagrams. 
INFO: Crossed process found for u~ s~ > g g u~ s~, reuse diagrams. 
INFO: Crossed process found for u~ s~ > u u~ u~ s~, reuse diagrams. 
INFO: Crossed process found for u~ s~ > c u~ c~ s~, reuse diagrams. 
INFO: Crossed process found for u~ s~ > d u~ d~ s~, reuse diagrams. 
INFO: Crossed process found for u~ s~ > s u~ s~ s~, reuse diagrams. 
INFO: Crossed process found for u~ s~ > b u~ s~ b~, reuse diagrams. 
INFO: Crossed process found for u~ b > g g b u~, reuse diagrams. 
INFO: Crossed process found for u~ b > u b u~ u~, reuse diagrams. 
INFO: Crossed process found for u~ b > c b u~ c~, reuse diagrams. 
INFO: Crossed process found for u~ b > d b u~ d~, reuse diagrams. 
INFO: Crossed process found for u~ b > s b u~ s~, reuse diagrams. 
INFO: Crossed process found for u~ b > b b u~ b~, reuse diagrams. 
INFO: Crossed process found for u~ b~ > g g u~ b~, reuse diagrams. 
INFO: Crossed process found for u~ b~ > u u~ u~ b~, reuse diagrams. 
INFO: Crossed process found for u~ b~ > c u~ c~ b~, reuse diagrams. 
INFO: Crossed process found for u~ b~ > d u~ d~ b~, reuse diagrams. 
INFO: Crossed process found for u~ b~ > s u~ s~ b~, reuse diagrams. 
INFO: Crossed process found for u~ b~ > b u~ b~ b~, reuse diagrams. 
INFO: Process c~ g > g g g c~ added to mirror process g c~ > g g g c~ 
INFO: Process c~ g > g u u~ c~ added to mirror process g c~ > g u u~ c~ 
INFO: Process c~ g > g c c~ c~ added to mirror process g c~ > g c c~ c~ 
INFO: Process c~ g > g d c~ d~ added to mirror process g c~ > g d c~ d~ 
INFO: Process c~ g > g s c~ s~ added to mirror process g c~ > g s c~ s~ 
INFO: Process c~ g > g b c~ b~ added to mirror process g c~ > g b c~ b~ 
INFO: Process c~ u > g g u c~ added to mirror process u c~ > g g u c~ 
INFO: Process c~ u > u u u~ c~ added to mirror process u c~ > u u u~ c~ 
INFO: Process c~ u > u c c~ c~ added to mirror process u c~ > u c c~ c~ 
INFO: Process c~ u > u d c~ d~ added to mirror process u c~ > u d c~ d~ 
INFO: Process c~ u > u s c~ s~ added to mirror process u c~ > u s c~ s~ 
INFO: Process c~ u > u b c~ b~ added to mirror process u c~ > u b c~ b~ 
INFO: Process c~ c > g g g g added to mirror process c c~ > g g g g 
INFO: Process c~ c > g g u u~ added to mirror process c c~ > g g u u~ 
INFO: Process c~ c > g g c c~ added to mirror process c c~ > g g c c~ 
INFO: Process c~ c > g g d d~ added to mirror process c c~ > g g d d~ 
INFO: Process c~ c > g g s s~ added to mirror process c c~ > g g s s~ 
INFO: Process c~ c > g g b b~ added to mirror process c c~ > g g b b~ 
INFO: Process c~ c > u u u~ u~ added to mirror process c c~ > u u u~ u~ 
INFO: Process c~ c > u c u~ c~ added to mirror process c c~ > u c u~ c~ 
INFO: Process c~ c > u d u~ d~ added to mirror process c c~ > u d u~ d~ 
INFO: Process c~ c > u s u~ s~ added to mirror process c c~ > u s u~ s~ 
INFO: Process c~ c > u b u~ b~ added to mirror process c c~ > u b u~ b~ 
INFO: Process c~ c > c c c~ c~ added to mirror process c c~ > c c c~ c~ 
INFO: Process c~ c > c d c~ d~ added to mirror process c c~ > c d c~ d~ 
INFO: Process c~ c > c s c~ s~ added to mirror process c c~ > c s c~ s~ 
INFO: Process c~ c > c b c~ b~ added to mirror process c c~ > c b c~ b~ 
INFO: Process c~ c > d d d~ d~ added to mirror process c c~ > d d d~ d~ 
INFO: Process c~ c > d s d~ s~ added to mirror process c c~ > d s d~ s~ 
INFO: Process c~ c > d b d~ b~ added to mirror process c c~ > d b d~ b~ 
INFO: Process c~ c > s s s~ s~ added to mirror process c c~ > s s s~ s~ 
INFO: Process c~ c > s b s~ b~ added to mirror process c c~ > s b s~ b~ 
INFO: Process c~ c > b b b~ b~ added to mirror process c c~ > b b b~ b~ 
INFO: Process c~ d > g g d c~ added to mirror process d c~ > g g d c~ 
INFO: Process c~ d > u d u~ c~ added to mirror process d c~ > u d u~ c~ 
INFO: Process c~ d > c d c~ c~ added to mirror process d c~ > c d c~ c~ 
INFO: Process c~ d > d d c~ d~ added to mirror process d c~ > d d c~ d~ 
INFO: Process c~ d > d s c~ s~ added to mirror process d c~ > d s c~ s~ 
INFO: Process c~ d > d b c~ b~ added to mirror process d c~ > d b c~ b~ 
INFO: Process c~ s > g g s c~ added to mirror process s c~ > g g s c~ 
INFO: Process c~ s > u s u~ c~ added to mirror process s c~ > u s u~ c~ 
INFO: Process c~ s > c s c~ c~ added to mirror process s c~ > c s c~ c~ 
INFO: Process c~ s > d s c~ d~ added to mirror process s c~ > d s c~ d~ 
INFO: Process c~ s > s s c~ s~ added to mirror process s c~ > s s c~ s~ 
INFO: Process c~ s > s b c~ b~ added to mirror process s c~ > s b c~ b~ 
INFO: Process c~ u~ > g g u~ c~ added to mirror process u~ c~ > g g u~ c~ 
INFO: Process c~ u~ > u u~ u~ c~ added to mirror process u~ c~ > u u~ u~ c~ 
INFO: Process c~ u~ > c u~ c~ c~ added to mirror process u~ c~ > c u~ c~ c~ 
INFO: Process c~ u~ > d u~ c~ d~ added to mirror process u~ c~ > d u~ c~ d~ 
INFO: Process c~ u~ > s u~ c~ s~ added to mirror process u~ c~ > s u~ c~ s~ 
INFO: Process c~ u~ > b u~ c~ b~ added to mirror process u~ c~ > b u~ c~ b~ 
INFO: Crossed process found for c~ c~ > g g c~ c~, reuse diagrams. 
INFO: Crossed process found for c~ c~ > u u~ c~ c~, reuse diagrams. 
INFO: Crossed process found for c~ c~ > c c~ c~ c~, reuse diagrams. 
INFO: Crossed process found for c~ c~ > d c~ c~ d~, reuse diagrams. 
INFO: Crossed process found for c~ c~ > s c~ c~ s~, reuse diagrams. 
INFO: Crossed process found for c~ c~ > b c~ c~ b~, reuse diagrams. 
INFO: Crossed process found for c~ d~ > g g c~ d~, reuse diagrams. 
INFO: Crossed process found for c~ d~ > u u~ c~ d~, reuse diagrams. 
INFO: Crossed process found for c~ d~ > c c~ c~ d~, reuse diagrams. 
INFO: Crossed process found for c~ d~ > d c~ d~ d~, reuse diagrams. 
INFO: Crossed process found for c~ d~ > s c~ d~ s~, reuse diagrams. 
INFO: Crossed process found for c~ d~ > b c~ d~ b~, reuse diagrams. 
INFO: Crossed process found for c~ s~ > g g c~ s~, reuse diagrams. 
INFO: Crossed process found for c~ s~ > u u~ c~ s~, reuse diagrams. 
INFO: Crossed process found for c~ s~ > c c~ c~ s~, reuse diagrams. 
INFO: Crossed process found for c~ s~ > d c~ d~ s~, reuse diagrams. 
INFO: Crossed process found for c~ s~ > s c~ s~ s~, reuse diagrams. 
INFO: Crossed process found for c~ s~ > b c~ s~ b~, reuse diagrams. 
INFO: Crossed process found for c~ b > g g b c~, reuse diagrams. 
INFO: Crossed process found for c~ b > u b u~ c~, reuse diagrams. 
INFO: Crossed process found for c~ b > c b c~ c~, reuse diagrams. 
INFO: Crossed process found for c~ b > d b c~ d~, reuse diagrams. 
INFO: Crossed process found for c~ b > s b c~ s~, reuse diagrams. 
INFO: Crossed process found for c~ b > b b c~ b~, reuse diagrams. 
INFO: Crossed process found for c~ b~ > g g c~ b~, reuse diagrams. 
INFO: Crossed process found for c~ b~ > u u~ c~ b~, reuse diagrams. 
INFO: Crossed process found for c~ b~ > c c~ c~ b~, reuse diagrams. 
INFO: Crossed process found for c~ b~ > d c~ d~ b~, reuse diagrams. 
INFO: Crossed process found for c~ b~ > s c~ s~ b~, reuse diagrams. 
INFO: Crossed process found for c~ b~ > b c~ b~ b~, reuse diagrams. 
INFO: Process d~ g > g g g d~ added to mirror process g d~ > g g g d~ 
INFO: Process d~ g > g u u~ d~ added to mirror process g d~ > g u u~ d~ 
INFO: Process d~ g > g c c~ d~ added to mirror process g d~ > g c c~ d~ 
INFO: Process d~ g > g d d~ d~ added to mirror process g d~ > g d d~ d~ 
INFO: Process d~ g > g s d~ s~ added to mirror process g d~ > g s d~ s~ 
INFO: Process d~ g > g b d~ b~ added to mirror process g d~ > g b d~ b~ 
INFO: Process d~ u > g g u d~ added to mirror process u d~ > g g u d~ 
INFO: Process d~ u > u u u~ d~ added to mirror process u d~ > u u u~ d~ 
INFO: Process d~ u > u c c~ d~ added to mirror process u d~ > u c c~ d~ 
INFO: Process d~ u > u d d~ d~ added to mirror process u d~ > u d d~ d~ 
INFO: Process d~ u > u s d~ s~ added to mirror process u d~ > u s d~ s~ 
INFO: Process d~ u > u b d~ b~ added to mirror process u d~ > u b d~ b~ 
INFO: Process d~ c > g g c d~ added to mirror process c d~ > g g c d~ 
INFO: Process d~ c > u c u~ d~ added to mirror process c d~ > u c u~ d~ 
INFO: Process d~ c > c c c~ d~ added to mirror process c d~ > c c c~ d~ 
INFO: Process d~ c > c d d~ d~ added to mirror process c d~ > c d d~ d~ 
INFO: Process d~ c > c s d~ s~ added to mirror process c d~ > c s d~ s~ 
INFO: Process d~ c > c b d~ b~ added to mirror process c d~ > c b d~ b~ 
INFO: Process d~ d > g g g g added to mirror process d d~ > g g g g 
INFO: Process d~ d > g g u u~ added to mirror process d d~ > g g u u~ 
INFO: Process d~ d > g g c c~ added to mirror process d d~ > g g c c~ 
INFO: Process d~ d > g g d d~ added to mirror process d d~ > g g d d~ 
INFO: Process d~ d > g g s s~ added to mirror process d d~ > g g s s~ 
INFO: Process d~ d > g g b b~ added to mirror process d d~ > g g b b~ 
INFO: Process d~ d > u u u~ u~ added to mirror process d d~ > u u u~ u~ 
INFO: Process d~ d > u c u~ c~ added to mirror process d d~ > u c u~ c~ 
INFO: Process d~ d > u d u~ d~ added to mirror process d d~ > u d u~ d~ 
INFO: Process d~ d > u s u~ s~ added to mirror process d d~ > u s u~ s~ 
INFO: Process d~ d > u b u~ b~ added to mirror process d d~ > u b u~ b~ 
INFO: Process d~ d > c c c~ c~ added to mirror process d d~ > c c c~ c~ 
INFO: Process d~ d > c d c~ d~ added to mirror process d d~ > c d c~ d~ 
INFO: Process d~ d > c s c~ s~ added to mirror process d d~ > c s c~ s~ 
INFO: Process d~ d > c b c~ b~ added to mirror process d d~ > c b c~ b~ 
INFO: Process d~ d > d d d~ d~ added to mirror process d d~ > d d d~ d~ 
INFO: Process d~ d > d s d~ s~ added to mirror process d d~ > d s d~ s~ 
INFO: Process d~ d > d b d~ b~ added to mirror process d d~ > d b d~ b~ 
INFO: Process d~ d > s s s~ s~ added to mirror process d d~ > s s s~ s~ 
INFO: Process d~ d > s b s~ b~ added to mirror process d d~ > s b s~ b~ 
INFO: Process d~ d > b b b~ b~ added to mirror process d d~ > b b b~ b~ 
INFO: Process d~ s > g g s d~ added to mirror process s d~ > g g s d~ 
INFO: Process d~ s > u s u~ d~ added to mirror process s d~ > u s u~ d~ 
INFO: Process d~ s > c s c~ d~ added to mirror process s d~ > c s c~ d~ 
INFO: Process d~ s > d s d~ d~ added to mirror process s d~ > d s d~ d~ 
INFO: Process d~ s > s s d~ s~ added to mirror process s d~ > s s d~ s~ 
INFO: Process d~ s > s b d~ b~ added to mirror process s d~ > s b d~ b~ 
INFO: Process d~ u~ > g g u~ d~ added to mirror process u~ d~ > g g u~ d~ 
INFO: Process d~ u~ > u u~ u~ d~ added to mirror process u~ d~ > u u~ u~ d~ 
INFO: Process d~ u~ > c u~ c~ d~ added to mirror process u~ d~ > c u~ c~ d~ 
INFO: Process d~ u~ > d u~ d~ d~ added to mirror process u~ d~ > d u~ d~ d~ 
INFO: Process d~ u~ > s u~ d~ s~ added to mirror process u~ d~ > s u~ d~ s~ 
INFO: Process d~ u~ > b u~ d~ b~ added to mirror process u~ d~ > b u~ d~ b~ 
INFO: Process d~ c~ > g g c~ d~ added to mirror process c~ d~ > g g c~ d~ 
INFO: Process d~ c~ > u u~ c~ d~ added to mirror process c~ d~ > u u~ c~ d~ 
INFO: Process d~ c~ > c c~ c~ d~ added to mirror process c~ d~ > c c~ c~ d~ 
INFO: Process d~ c~ > d c~ d~ d~ added to mirror process c~ d~ > d c~ d~ d~ 
INFO: Process d~ c~ > s c~ d~ s~ added to mirror process c~ d~ > s c~ d~ s~ 
INFO: Process d~ c~ > b c~ d~ b~ added to mirror process c~ d~ > b c~ d~ b~ 
INFO: Crossed process found for d~ d~ > g g d~ d~, reuse diagrams. 
INFO: Crossed process found for d~ d~ > u u~ d~ d~, reuse diagrams. 
INFO: Crossed process found for d~ d~ > c c~ d~ d~, reuse diagrams. 
INFO: Crossed process found for d~ d~ > d d~ d~ d~, reuse diagrams. 
INFO: Trying process: d~ d~ > d b~ b~ b~ WEIGHTED<=4 @2  
INFO: Crossed process found for d~ d~ > s d~ d~ s~, reuse diagrams. 
INFO: Trying process: d~ d~ > s b~ b~ b~ WEIGHTED<=4 @2  
INFO: Crossed process found for d~ d~ > b d~ d~ b~, reuse diagrams. 
INFO: Trying process: d~ d~ > b b~ b~ b~ WEIGHTED<=4 @2  
INFO: Crossed process found for d~ s~ > g g d~ s~, reuse diagrams. 
INFO: Crossed process found for d~ s~ > u u~ d~ s~, reuse diagrams. 
INFO: Crossed process found for d~ s~ > c c~ d~ s~, reuse diagrams. 
INFO: Crossed process found for d~ s~ > d d~ d~ s~, reuse diagrams. 
INFO: Crossed process found for d~ s~ > s d~ s~ s~, reuse diagrams. 
INFO: Trying process: d~ s~ > s b~ b~ b~ WEIGHTED<=4 @2  
INFO: Crossed process found for d~ s~ > b d~ s~ b~, reuse diagrams. 
INFO: Trying process: d~ s~ > b b~ b~ b~ WEIGHTED<=4 @2  
INFO: Crossed process found for d~ b > g g b d~, reuse diagrams. 
INFO: Crossed process found for d~ b > u b u~ d~, reuse diagrams. 
INFO: Crossed process found for d~ b > c b c~ d~, reuse diagrams. 
INFO: Crossed process found for d~ b > d b d~ d~, reuse diagrams. 
INFO: Crossed process found for d~ b > s b d~ s~, reuse diagrams. 
INFO: Crossed process found for d~ b > b b d~ b~, reuse diagrams. 
INFO: Trying process: d~ b > b b b~ b~ WEIGHTED<=4 @2  
INFO: Crossed process found for d~ b~ > g g d~ b~, reuse diagrams. 
INFO: Crossed process found for d~ b~ > u u~ d~ b~, reuse diagrams. 
INFO: Crossed process found for d~ b~ > c c~ d~ b~, reuse diagrams. 
INFO: Crossed process found for d~ b~ > d d~ d~ b~, reuse diagrams. 
INFO: Crossed process found for d~ b~ > s d~ s~ b~, reuse diagrams. 
INFO: Crossed process found for d~ b~ > b d~ b~ b~, reuse diagrams. 
INFO: Process s~ g > g g g s~ added to mirror process g s~ > g g g s~ 
INFO: Process s~ g > g u u~ s~ added to mirror process g s~ > g u u~ s~ 
INFO: Process s~ g > g c c~ s~ added to mirror process g s~ > g c c~ s~ 
INFO: Process s~ g > g d d~ s~ added to mirror process g s~ > g d d~ s~ 
INFO: Process s~ g > g s s~ s~ added to mirror process g s~ > g s s~ s~ 
INFO: Process s~ g > g b s~ b~ added to mirror process g s~ > g b s~ b~ 
INFO: Process s~ u > g g u s~ added to mirror process u s~ > g g u s~ 
INFO: Process s~ u > u u u~ s~ added to mirror process u s~ > u u u~ s~ 
INFO: Process s~ u > u c c~ s~ added to mirror process u s~ > u c c~ s~ 
INFO: Process s~ u > u d d~ s~ added to mirror process u s~ > u d d~ s~ 
INFO: Process s~ u > u s s~ s~ added to mirror process u s~ > u s s~ s~ 
INFO: Process s~ u > u b s~ b~ added to mirror process u s~ > u b s~ b~ 
INFO: Process s~ c > g g c s~ added to mirror process c s~ > g g c s~ 
INFO: Process s~ c > u c u~ s~ added to mirror process c s~ > u c u~ s~ 
INFO: Process s~ c > c c c~ s~ added to mirror process c s~ > c c c~ s~ 
INFO: Process s~ c > c d d~ s~ added to mirror process c s~ > c d d~ s~ 
INFO: Process s~ c > c s s~ s~ added to mirror process c s~ > c s s~ s~ 
INFO: Process s~ c > c b s~ b~ added to mirror process c s~ > c b s~ b~ 
INFO: Process s~ d > g g d s~ added to mirror process d s~ > g g d s~ 
INFO: Process s~ d > u d u~ s~ added to mirror process d s~ > u d u~ s~ 
INFO: Process s~ d > c d c~ s~ added to mirror process d s~ > c d c~ s~ 
INFO: Process s~ d > d d d~ s~ added to mirror process d s~ > d d d~ s~ 
INFO: Process s~ d > d s s~ s~ added to mirror process d s~ > d s s~ s~ 
INFO: Process s~ d > d b s~ b~ added to mirror process d s~ > d b s~ b~ 
INFO: Process s~ s > g g g g added to mirror process s s~ > g g g g 
INFO: Process s~ s > g g u u~ added to mirror process s s~ > g g u u~ 
INFO: Process s~ s > g g c c~ added to mirror process s s~ > g g c c~ 
INFO: Process s~ s > g g d d~ added to mirror process s s~ > g g d d~ 
INFO: Process s~ s > g g s s~ added to mirror process s s~ > g g s s~ 
INFO: Process s~ s > g g b b~ added to mirror process s s~ > g g b b~ 
INFO: Process s~ s > u u u~ u~ added to mirror process s s~ > u u u~ u~ 
INFO: Process s~ s > u c u~ c~ added to mirror process s s~ > u c u~ c~ 
INFO: Process s~ s > u d u~ d~ added to mirror process s s~ > u d u~ d~ 
INFO: Process s~ s > u s u~ s~ added to mirror process s s~ > u s u~ s~ 
INFO: Process s~ s > u b u~ b~ added to mirror process s s~ > u b u~ b~ 
INFO: Process s~ s > c c c~ c~ added to mirror process s s~ > c c c~ c~ 
INFO: Process s~ s > c d c~ d~ added to mirror process s s~ > c d c~ d~ 
INFO: Process s~ s > c s c~ s~ added to mirror process s s~ > c s c~ s~ 
INFO: Process s~ s > c b c~ b~ added to mirror process s s~ > c b c~ b~ 
INFO: Process s~ s > d d d~ d~ added to mirror process s s~ > d d d~ d~ 
INFO: Process s~ s > d s d~ s~ added to mirror process s s~ > d s d~ s~ 
INFO: Process s~ s > d b d~ b~ added to mirror process s s~ > d b d~ b~ 
INFO: Process s~ s > s s s~ s~ added to mirror process s s~ > s s s~ s~ 
INFO: Process s~ s > s b s~ b~ added to mirror process s s~ > s b s~ b~ 
INFO: Process s~ s > b b b~ b~ added to mirror process s s~ > b b b~ b~ 
INFO: Process s~ u~ > g g u~ s~ added to mirror process u~ s~ > g g u~ s~ 
INFO: Process s~ u~ > u u~ u~ s~ added to mirror process u~ s~ > u u~ u~ s~ 
INFO: Process s~ u~ > c u~ c~ s~ added to mirror process u~ s~ > c u~ c~ s~ 
INFO: Process s~ u~ > d u~ d~ s~ added to mirror process u~ s~ > d u~ d~ s~ 
INFO: Process s~ u~ > s u~ s~ s~ added to mirror process u~ s~ > s u~ s~ s~ 
INFO: Process s~ u~ > b u~ s~ b~ added to mirror process u~ s~ > b u~ s~ b~ 
INFO: Process s~ c~ > g g c~ s~ added to mirror process c~ s~ > g g c~ s~ 
INFO: Process s~ c~ > u u~ c~ s~ added to mirror process c~ s~ > u u~ c~ s~ 
INFO: Process s~ c~ > c c~ c~ s~ added to mirror process c~ s~ > c c~ c~ s~ 
INFO: Process s~ c~ > d c~ d~ s~ added to mirror process c~ s~ > d c~ d~ s~ 
INFO: Process s~ c~ > s c~ s~ s~ added to mirror process c~ s~ > s c~ s~ s~ 
INFO: Process s~ c~ > b c~ s~ b~ added to mirror process c~ s~ > b c~ s~ b~ 
INFO: Process s~ d~ > g g d~ s~ added to mirror process d~ s~ > g g d~ s~ 
INFO: Process s~ d~ > u u~ d~ s~ added to mirror process d~ s~ > u u~ d~ s~ 
INFO: Process s~ d~ > c c~ d~ s~ added to mirror process d~ s~ > c c~ d~ s~ 
INFO: Process s~ d~ > d d~ d~ s~ added to mirror process d~ s~ > d d~ d~ s~ 
INFO: Process s~ d~ > s d~ s~ s~ added to mirror process d~ s~ > s d~ s~ s~ 
INFO: Process s~ d~ > b d~ s~ b~ added to mirror process d~ s~ > b d~ s~ b~ 
INFO: Crossed process found for s~ s~ > g g s~ s~, reuse diagrams. 
INFO: Crossed process found for s~ s~ > u u~ s~ s~, reuse diagrams. 
INFO: Crossed process found for s~ s~ > c c~ s~ s~, reuse diagrams. 
INFO: Crossed process found for s~ s~ > d d~ s~ s~, reuse diagrams. 
INFO: Crossed process found for s~ s~ > s s~ s~ s~, reuse diagrams. 
INFO: Trying process: s~ s~ > s b~ b~ b~ WEIGHTED<=4 @2  
INFO: Crossed process found for s~ s~ > b s~ s~ b~, reuse diagrams. 
INFO: Trying process: s~ s~ > b b~ b~ b~ WEIGHTED<=4 @2  
INFO: Crossed process found for s~ b > g g b s~, reuse diagrams. 
INFO: Crossed process found for s~ b > u b u~ s~, reuse diagrams. 
INFO: Crossed process found for s~ b > c b c~ s~, reuse diagrams. 
INFO: Crossed process found for s~ b > d b d~ s~, reuse diagrams. 
INFO: Crossed process found for s~ b > s b s~ s~, reuse diagrams. 
INFO: Crossed process found for s~ b > b b s~ b~, reuse diagrams. 
INFO: Trying process: s~ b > b b b~ b~ WEIGHTED<=4 @2  
INFO: Crossed process found for s~ b~ > g g s~ b~, reuse diagrams. 
INFO: Crossed process found for s~ b~ > u u~ s~ b~, reuse diagrams. 
INFO: Crossed process found for s~ b~ > c c~ s~ b~, reuse diagrams. 
INFO: Crossed process found for s~ b~ > d d~ s~ b~, reuse diagrams. 
INFO: Crossed process found for s~ b~ > s s~ s~ b~, reuse diagrams. 
INFO: Crossed process found for s~ b~ > b s~ b~ b~, reuse diagrams. 
INFO: Process b g > g g g b added to mirror process g b > g g g b 
INFO: Process b g > g u b u~ added to mirror process g b > g u b u~ 
INFO: Process b g > g c b c~ added to mirror process g b > g c b c~ 
INFO: Process b g > g d b d~ added to mirror process g b > g d b d~ 
INFO: Process b g > g s b s~ added to mirror process g b > g s b s~ 
INFO: Process b g > g b b b~ added to mirror process g b > g b b b~ 
INFO: Process b u > g g u b added to mirror process u b > g g u b 
INFO: Process b u > u u b u~ added to mirror process u b > u u b u~ 
INFO: Process b u > u c b c~ added to mirror process u b > u c b c~ 
INFO: Process b u > u d b d~ added to mirror process u b > u d b d~ 
INFO: Process b u > u s b s~ added to mirror process u b > u s b s~ 
INFO: Process b u > u b b b~ added to mirror process u b > u b b b~ 
INFO: Process b c > g g c b added to mirror process c b > g g c b 
INFO: Process b c > u c b u~ added to mirror process c b > u c b u~ 
INFO: Process b c > c c b c~ added to mirror process c b > c c b c~ 
INFO: Process b c > c d b d~ added to mirror process c b > c d b d~ 
INFO: Process b c > c s b s~ added to mirror process c b > c s b s~ 
INFO: Process b c > c b b b~ added to mirror process c b > c b b b~ 
INFO: Process b d > g g d b added to mirror process d b > g g d b 
INFO: Process b d > u d b u~ added to mirror process d b > u d b u~ 
INFO: Process b d > c d b c~ added to mirror process d b > c d b c~ 
INFO: Process b d > d d b d~ added to mirror process d b > d d b d~ 
INFO: Process b d > d s b s~ added to mirror process d b > d s b s~ 
INFO: Process b d > d b b b~ added to mirror process d b > d b b b~ 
INFO: Process b s > g g s b added to mirror process s b > g g s b 
INFO: Process b s > u s b u~ added to mirror process s b > u s b u~ 
INFO: Process b s > c s b c~ added to mirror process s b > c s b c~ 
INFO: Process b s > d s b d~ added to mirror process s b > d s b d~ 
INFO: Process b s > s s b s~ added to mirror process s b > s s b s~ 
INFO: Process b s > s b b b~ added to mirror process s b > s b b b~ 
INFO: Process b u~ > g g b u~ added to mirror process u~ b > g g b u~ 
INFO: Process b u~ > u b u~ u~ added to mirror process u~ b > u b u~ u~ 
INFO: Process b u~ > c b u~ c~ added to mirror process u~ b > c b u~ c~ 
INFO: Process b u~ > d b u~ d~ added to mirror process u~ b > d b u~ d~ 
INFO: Process b u~ > s b u~ s~ added to mirror process u~ b > s b u~ s~ 
INFO: Process b u~ > b b u~ b~ added to mirror process u~ b > b b u~ b~ 
INFO: Process b c~ > g g b c~ added to mirror process c~ b > g g b c~ 
INFO: Process b c~ > u b u~ c~ added to mirror process c~ b > u b u~ c~ 
INFO: Process b c~ > c b c~ c~ added to mirror process c~ b > c b c~ c~ 
INFO: Process b c~ > d b c~ d~ added to mirror process c~ b > d b c~ d~ 
INFO: Process b c~ > s b c~ s~ added to mirror process c~ b > s b c~ s~ 
INFO: Process b c~ > b b c~ b~ added to mirror process c~ b > b b c~ b~ 
INFO: Process b d~ > g g b d~ added to mirror process d~ b > g g b d~ 
INFO: Process b d~ > u b u~ d~ added to mirror process d~ b > u b u~ d~ 
INFO: Process b d~ > c b c~ d~ added to mirror process d~ b > c b c~ d~ 
INFO: Process b d~ > d b d~ d~ added to mirror process d~ b > d b d~ d~ 
INFO: Process b d~ > s b d~ s~ added to mirror process d~ b > s b d~ s~ 
INFO: Process b d~ > b b d~ b~ added to mirror process d~ b > b b d~ b~ 
INFO: Process b s~ > g g b s~ added to mirror process s~ b > g g b s~ 
INFO: Process b s~ > u b u~ s~ added to mirror process s~ b > u b u~ s~ 
INFO: Process b s~ > c b c~ s~ added to mirror process s~ b > c b c~ s~ 
INFO: Process b s~ > d b d~ s~ added to mirror process s~ b > d b d~ s~ 
INFO: Process b s~ > s b s~ s~ added to mirror process s~ b > s b s~ s~ 
INFO: Process b s~ > b b s~ b~ added to mirror process s~ b > b b s~ b~ 
INFO: Crossed process found for b b > g g b b, reuse diagrams. 
INFO: Crossed process found for b b > u b b u~, reuse diagrams. 
INFO: Crossed process found for b b > c b b c~, reuse diagrams. 
INFO: Crossed process found for b b > d b b d~, reuse diagrams. 
INFO: Crossed process found for b b > s b b s~, reuse diagrams. 
INFO: Trying process: b b > b b b b~ WEIGHTED<=4 @2  
INFO: Process has 42 diagrams 
INFO: Crossed process found for b b~ > g g g g, reuse diagrams. 
INFO: Crossed process found for b b~ > g g u u~, reuse diagrams. 
INFO: Crossed process found for b b~ > g g c c~, reuse diagrams. 
INFO: Crossed process found for b b~ > g g d d~, reuse diagrams. 
INFO: Crossed process found for b b~ > g g s s~, reuse diagrams. 
INFO: Crossed process found for b b~ > g g b b~, reuse diagrams. 
INFO: Crossed process found for b b~ > u u u~ u~, reuse diagrams. 
INFO: Crossed process found for b b~ > u c u~ c~, reuse diagrams. 
INFO: Crossed process found for b b~ > u d u~ d~, reuse diagrams. 
INFO: Crossed process found for b b~ > u s u~ s~, reuse diagrams. 
INFO: Crossed process found for b b~ > u b u~ b~, reuse diagrams. 
INFO: Crossed process found for b b~ > c c c~ c~, reuse diagrams. 
INFO: Crossed process found for b b~ > c d c~ d~, reuse diagrams. 
INFO: Crossed process found for b b~ > c s c~ s~, reuse diagrams. 
INFO: Crossed process found for b b~ > c b c~ b~, reuse diagrams. 
INFO: Crossed process found for b b~ > d d d~ d~, reuse diagrams. 
INFO: Crossed process found for b b~ > d s d~ s~, reuse diagrams. 
INFO: Crossed process found for b b~ > d b d~ b~, reuse diagrams. 
INFO: Crossed process found for b b~ > s s s~ s~, reuse diagrams. 
INFO: Crossed process found for b b~ > s b s~ b~, reuse diagrams. 
INFO: Crossed process found for b b~ > b b b~ b~, reuse diagrams. 
INFO: Process b~ g > g g g b~ added to mirror process g b~ > g g g b~ 
INFO: Process b~ g > g u u~ b~ added to mirror process g b~ > g u u~ b~ 
INFO: Process b~ g > g c c~ b~ added to mirror process g b~ > g c c~ b~ 
INFO: Process b~ g > g d d~ b~ added to mirror process g b~ > g d d~ b~ 
INFO: Process b~ g > g s s~ b~ added to mirror process g b~ > g s s~ b~ 
INFO: Process b~ g > g b b~ b~ added to mirror process g b~ > g b b~ b~ 
INFO: Process b~ u > g g u b~ added to mirror process u b~ > g g u b~ 
INFO: Process b~ u > u u u~ b~ added to mirror process u b~ > u u u~ b~ 
INFO: Process b~ u > u c c~ b~ added to mirror process u b~ > u c c~ b~ 
INFO: Process b~ u > u d d~ b~ added to mirror process u b~ > u d d~ b~ 
INFO: Process b~ u > u s s~ b~ added to mirror process u b~ > u s s~ b~ 
INFO: Process b~ u > u b b~ b~ added to mirror process u b~ > u b b~ b~ 
INFO: Process b~ c > g g c b~ added to mirror process c b~ > g g c b~ 
INFO: Process b~ c > u c u~ b~ added to mirror process c b~ > u c u~ b~ 
INFO: Process b~ c > c c c~ b~ added to mirror process c b~ > c c c~ b~ 
INFO: Process b~ c > c d d~ b~ added to mirror process c b~ > c d d~ b~ 
INFO: Process b~ c > c s s~ b~ added to mirror process c b~ > c s s~ b~ 
INFO: Process b~ c > c b b~ b~ added to mirror process c b~ > c b b~ b~ 
INFO: Process b~ d > g g d b~ added to mirror process d b~ > g g d b~ 
INFO: Process b~ d > u d u~ b~ added to mirror process d b~ > u d u~ b~ 
INFO: Process b~ d > c d c~ b~ added to mirror process d b~ > c d c~ b~ 
INFO: Process b~ d > d d d~ b~ added to mirror process d b~ > d d d~ b~ 
INFO: Process b~ d > d s s~ b~ added to mirror process d b~ > d s s~ b~ 
INFO: Process b~ d > d b b~ b~ added to mirror process d b~ > d b b~ b~ 
INFO: Process b~ s > g g s b~ added to mirror process s b~ > g g s b~ 
INFO: Process b~ s > u s u~ b~ added to mirror process s b~ > u s u~ b~ 
INFO: Process b~ s > c s c~ b~ added to mirror process s b~ > c s c~ b~ 
INFO: Process b~ s > d s d~ b~ added to mirror process s b~ > d s d~ b~ 
INFO: Process b~ s > s s s~ b~ added to mirror process s b~ > s s s~ b~ 
INFO: Process b~ s > s b b~ b~ added to mirror process s b~ > s b b~ b~ 
INFO: Process b~ u~ > g g u~ b~ added to mirror process u~ b~ > g g u~ b~ 
INFO: Process b~ u~ > u u~ u~ b~ added to mirror process u~ b~ > u u~ u~ b~ 
INFO: Process b~ u~ > c u~ c~ b~ added to mirror process u~ b~ > c u~ c~ b~ 
INFO: Process b~ u~ > d u~ d~ b~ added to mirror process u~ b~ > d u~ d~ b~ 
INFO: Process b~ u~ > s u~ s~ b~ added to mirror process u~ b~ > s u~ s~ b~ 
INFO: Process b~ u~ > b u~ b~ b~ added to mirror process u~ b~ > b u~ b~ b~ 
INFO: Process b~ c~ > g g c~ b~ added to mirror process c~ b~ > g g c~ b~ 
INFO: Process b~ c~ > u u~ c~ b~ added to mirror process c~ b~ > u u~ c~ b~ 
INFO: Process b~ c~ > c c~ c~ b~ added to mirror process c~ b~ > c c~ c~ b~ 
INFO: Process b~ c~ > d c~ d~ b~ added to mirror process c~ b~ > d c~ d~ b~ 
INFO: Process b~ c~ > s c~ s~ b~ added to mirror process c~ b~ > s c~ s~ b~ 
INFO: Process b~ c~ > b c~ b~ b~ added to mirror process c~ b~ > b c~ b~ b~ 
INFO: Process b~ d~ > g g d~ b~ added to mirror process d~ b~ > g g d~ b~ 
INFO: Process b~ d~ > u u~ d~ b~ added to mirror process d~ b~ > u u~ d~ b~ 
INFO: Process b~ d~ > c c~ d~ b~ added to mirror process d~ b~ > c c~ d~ b~ 
INFO: Process b~ d~ > d d~ d~ b~ added to mirror process d~ b~ > d d~ d~ b~ 
INFO: Process b~ d~ > s d~ s~ b~ added to mirror process d~ b~ > s d~ s~ b~ 
INFO: Process b~ d~ > b d~ b~ b~ added to mirror process d~ b~ > b d~ b~ b~ 
INFO: Process b~ s~ > g g s~ b~ added to mirror process s~ b~ > g g s~ b~ 
INFO: Process b~ s~ > u u~ s~ b~ added to mirror process s~ b~ > u u~ s~ b~ 
INFO: Process b~ s~ > c c~ s~ b~ added to mirror process s~ b~ > c c~ s~ b~ 
INFO: Process b~ s~ > d d~ s~ b~ added to mirror process s~ b~ > d d~ s~ b~ 
INFO: Process b~ s~ > s s~ s~ b~ added to mirror process s~ b~ > s s~ s~ b~ 
INFO: Process b~ s~ > b s~ b~ b~ added to mirror process s~ b~ > b s~ b~ b~ 
INFO: Process b~ b > g g g g added to mirror process b b~ > g g g g 
INFO: Process b~ b > g g u u~ added to mirror process b b~ > g g u u~ 
INFO: Process b~ b > g g c c~ added to mirror process b b~ > g g c c~ 
INFO: Process b~ b > g g d d~ added to mirror process b b~ > g g d d~ 
INFO: Process b~ b > g g s s~ added to mirror process b b~ > g g s s~ 
INFO: Process b~ b > g g b b~ added to mirror process b b~ > g g b b~ 
INFO: Process b~ b > u u u~ u~ added to mirror process b b~ > u u u~ u~ 
INFO: Process b~ b > u c u~ c~ added to mirror process b b~ > u c u~ c~ 
INFO: Process b~ b > u d u~ d~ added to mirror process b b~ > u d u~ d~ 
INFO: Process b~ b > u s u~ s~ added to mirror process b b~ > u s u~ s~ 
INFO: Process b~ b > u b u~ b~ added to mirror process b b~ > u b u~ b~ 
INFO: Process b~ b > c c c~ c~ added to mirror process b b~ > c c c~ c~ 
INFO: Process b~ b > c d c~ d~ added to mirror process b b~ > c d c~ d~ 
INFO: Process b~ b > c s c~ s~ added to mirror process b b~ > c s c~ s~ 
INFO: Process b~ b > c b c~ b~ added to mirror process b b~ > c b c~ b~ 
INFO: Process b~ b > d d d~ d~ added to mirror process b b~ > d d d~ d~ 
INFO: Process b~ b > d s d~ s~ added to mirror process b b~ > d s d~ s~ 
INFO: Process b~ b > d b d~ b~ added to mirror process b b~ > d b d~ b~ 
INFO: Process b~ b > s s s~ s~ added to mirror process b b~ > s s s~ s~ 
INFO: Process b~ b > s b s~ b~ added to mirror process b b~ > s b s~ b~ 
INFO: Process b~ b > b b b~ b~ added to mirror process b b~ > b b b~ b~ 
INFO: Crossed process found for b~ b~ > g g b~ b~, reuse diagrams. 
INFO: Crossed process found for b~ b~ > u u~ b~ b~, reuse diagrams. 
INFO: Crossed process found for b~ b~ > c c~ b~ b~, reuse diagrams. 
INFO: Crossed process found for b~ b~ > d d~ b~ b~, reuse diagrams. 
INFO: Crossed process found for b~ b~ > s s~ b~ b~, reuse diagrams. 
INFO: Crossed process found for b~ b~ > b b~ b~ b~, reuse diagrams. 
486 processes with 12720 diagrams generated in 28.771 s
Total: 728 processes with 13969 diagrams
output /eos/project/f/foundational-model-dataset/samples/pu200_ryliu/QCD_HT50toInf-2000-10002
INFO: directory /eos/project/f/foundational-model-dataset/samples/pu200_ryliu/QCD_HT50toInf-2000-10002 already exists.
If you continue this directory will be deleted and replaced.
Do you want to continue? [[4my[0m, n]
[1mThe answer to the previous question is not set in your input file[0m
[1mUse y value[0m
INFO: initialize a new directory: QCD_HT50toInf-2000-10002 
INFO: remove old information in QCD_HT50toInf-2000-10002 
INFO: Organizing processes into subprocess groups 
INFO: Generating Helas calls for process: g g > g g g g WEIGHTED<=4 @2 
INFO: Processing color information for process: g g > g g g g @2 
INFO: Generating Helas calls for process: g g > g g u u~ WEIGHTED<=4 @2 
INFO: Processing color information for process: g g > g g u u~ @2 
INFO: Combined process g g > g g c c~ WEIGHTED<=4 @2 with process g g > g g u u~ WEIGHTED<=4 @2 
INFO: Combined process g g > g g d d~ WEIGHTED<=4 @2 with process g g > g g u u~ WEIGHTED<=4 @2 
INFO: Combined process g g > g g s s~ WEIGHTED<=4 @2 with process g g > g g u u~ WEIGHTED<=4 @2 
INFO: Combined process g g > g g b b~ WEIGHTED<=4 @2 with process g g > g g u u~ WEIGHTED<=4 @2 
INFO: Generating Helas calls for process: g u > g g g u WEIGHTED<=4 @2 
INFO: Processing color information for process: g u > g g g u @2 
INFO: Combined process g c > g g g c WEIGHTED<=4 @2 with process g u > g g g u WEIGHTED<=4 @2 
INFO: Combined process g d > g g g d WEIGHTED<=4 @2 with process g u > g g g u WEIGHTED<=4 @2 
INFO: Combined process g s > g g g s WEIGHTED<=4 @2 with process g u > g g g u WEIGHTED<=4 @2 
INFO: Generating Helas calls for process: g u~ > g g g u~ WEIGHTED<=4 @2 
INFO: Processing color information for process: g u~ > g g g u~ @2 
INFO: Combined process g c~ > g g g c~ WEIGHTED<=4 @2 with process g u~ > g g g u~ WEIGHTED<=4 @2 
INFO: Combined process g d~ > g g g d~ WEIGHTED<=4 @2 with process g u~ > g g g u~ WEIGHTED<=4 @2 
INFO: Combined process g s~ > g g g s~ WEIGHTED<=4 @2 with process g u~ > g g g u~ WEIGHTED<=4 @2 
INFO: Combined process g b > g g g b WEIGHTED<=4 @2 with process g u > g g g u WEIGHTED<=4 @2 
INFO: Combined process g b~ > g g g b~ WEIGHTED<=4 @2 with process g u~ > g g g u~ WEIGHTED<=4 @2 
INFO: Generating Helas calls for process: u u~ > g g g g WEIGHTED<=4 @2 
INFO: Processing color information for process: u u~ > g g g g @2 
INFO: Combined process c c~ > g g g g WEIGHTED<=4 @2 with process u u~ > g g g g WEIGHTED<=4 @2 
INFO: Combined process d d~ > g g g g WEIGHTED<=4 @2 with process u u~ > g g g g WEIGHTED<=4 @2 
INFO: Combined process s s~ > g g g g WEIGHTED<=4 @2 with process u u~ > g g g g WEIGHTED<=4 @2 
INFO: Combined process b b~ > g g g g WEIGHTED<=4 @2 with process u u~ > g g g g WEIGHTED<=4 @2 
INFO: Generating Helas calls for process: g g > u u u~ u~ WEIGHTED<=4 @2 
INFO: Processing color information for process: g g > u u u~ u~ @2 
INFO: Combined process g g > c c c~ c~ WEIGHTED<=4 @2 with process g g > u u u~ u~ WEIGHTED<=4 @2 
INFO: Combined process g g > d d d~ d~ WEIGHTED<=4 @2 with process g g > u u u~ u~ WEIGHTED<=4 @2 
INFO: Combined process g g > s s s~ s~ WEIGHTED<=4 @2 with process g g > u u u~ u~ WEIGHTED<=4 @2 
INFO: Combined process g g > b b b~ b~ WEIGHTED<=4 @2 with process g g > u u u~ u~ WEIGHTED<=4 @2 
INFO: Generating Helas calls for process: g g > u c u~ c~ WEIGHTED<=4 @2 
INFO: Processing color information for process: g g > u c u~ c~ @2 
INFO: Combined process g g > u d u~ d~ WEIGHTED<=4 @2 with process g g > u c u~ c~ WEIGHTED<=4 @2 
INFO: Combined process g g > u s u~ s~ WEIGHTED<=4 @2 with process g g > u c u~ c~ WEIGHTED<=4 @2 
INFO: Combined process g g > u b u~ b~ WEIGHTED<=4 @2 with process g g > u c u~ c~ WEIGHTED<=4 @2 
INFO: Combined process g g > c d c~ d~ WEIGHTED<=4 @2 with process g g > u c u~ c~ WEIGHTED<=4 @2 
INFO: Combined process g g > c s c~ s~ WEIGHTED<=4 @2 with process g g > u c u~ c~ WEIGHTED<=4 @2 
INFO: Combined process g g > c b c~ b~ WEIGHTED<=4 @2 with process g g > u c u~ c~ WEIGHTED<=4 @2 
INFO: Combined process g g > d s d~ s~ WEIGHTED<=4 @2 with process g g > u c u~ c~ WEIGHTED<=4 @2 
INFO: Combined process g g > d b d~ b~ WEIGHTED<=4 @2 with process g g > u c u~ c~ WEIGHTED<=4 @2 
INFO: Combined process g g > s b s~ b~ WEIGHTED<=4 @2 with process g g > u c u~ c~ WEIGHTED<=4 @2 
INFO: Generating Helas calls for process: g u > g u u u~ WEIGHTED<=4 @2 
INFO: Processing color information for process: g u > g u u u~ @2 
INFO: Combined process g c > g c c c~ WEIGHTED<=4 @2 with process g u > g u u u~ WEIGHTED<=4 @2 
INFO: Combined process g d > g d d d~ WEIGHTED<=4 @2 with process g u > g u u u~ WEIGHTED<=4 @2 
INFO: Combined process g s > g s s s~ WEIGHTED<=4 @2 with process g u > g u u u~ WEIGHTED<=4 @2 
INFO: Generating Helas calls for process: g u~ > g u u~ u~ WEIGHTED<=4 @2 
INFO: Processing color information for process: g u~ > g u u~ u~ @2 
INFO: Combined process g c~ > g c c~ c~ WEIGHTED<=4 @2 with process g u~ > g u u~ u~ WEIGHTED<=4 @2 
INFO: Combined process g d~ > g d d~ d~ WEIGHTED<=4 @2 with process g u~ > g u u~ u~ WEIGHTED<=4 @2 
INFO: Combined process g s~ > g s s~ s~ WEIGHTED<=4 @2 with process g u~ > g u u~ u~ WEIGHTED<=4 @2 
INFO: Combined process g b > g b b b~ WEIGHTED<=4 @2 with process g u > g u u u~ WEIGHTED<=4 @2 
INFO: Combined process g b~ > g b b~ b~ WEIGHTED<=4 @2 with process g u~ > g u u~ u~ WEIGHTED<=4 @2 
INFO: Generating Helas calls for process: g u > g u c c~ WEIGHTED<=4 @2 
INFO: Processing color information for process: g u > g u c c~ @2 
INFO: Combined process g u > g u d d~ WEIGHTED<=4 @2 with process g u > g u c c~ WEIGHTED<=4 @2 
INFO: Combined process g u > g u s s~ WEIGHTED<=4 @2 with process g u > g u c c~ WEIGHTED<=4 @2 
INFO: Combined process g u > g u b b~ WEIGHTED<=4 @2 with process g u > g u c c~ WEIGHTED<=4 @2 
INFO: Combined process g c > g c u u~ WEIGHTED<=4 @2 with process g u > g u c c~ WEIGHTED<=4 @2 
INFO: Combined process g c > g c d d~ WEIGHTED<=4 @2 with process g u > g u c c~ WEIGHTED<=4 @2 
INFO: Combined process g c > g c s s~ WEIGHTED<=4 @2 with process g u > g u c c~ WEIGHTED<=4 @2 
INFO: Combined process g c > g c b b~ WEIGHTED<=4 @2 with process g u > g u c c~ WEIGHTED<=4 @2 
INFO: Combined process g d > g d u u~ WEIGHTED<=4 @2 with process g u > g u c c~ WEIGHTED<=4 @2 
INFO: Combined process g d > g d c c~ WEIGHTED<=4 @2 with process g u > g u c c~ WEIGHTED<=4 @2 
INFO: Combined process g d > g d s s~ WEIGHTED<=4 @2 with process g u > g u c c~ WEIGHTED<=4 @2 
INFO: Combined process g d > g d b b~ WEIGHTED<=4 @2 with process g u > g u c c~ WEIGHTED<=4 @2 
INFO: Combined process g s > g s u u~ WEIGHTED<=4 @2 with process g u > g u c c~ WEIGHTED<=4 @2 
INFO: Combined process g s > g s c c~ WEIGHTED<=4 @2 with process g u > g u c c~ WEIGHTED<=4 @2 
INFO: Combined process g s > g s d d~ WEIGHTED<=4 @2 with process g u > g u c c~ WEIGHTED<=4 @2 
INFO: Combined process g s > g s b b~ WEIGHTED<=4 @2 with process g u > g u c c~ WEIGHTED<=4 @2 
INFO: Generating Helas calls for process: g u~ > g c u~ c~ WEIGHTED<=4 @2 
INFO: Processing color information for process: g u~ > g c u~ c~ @2 
INFO: Combined process g u~ > g d u~ d~ WEIGHTED<=4 @2 with process g u~ > g c u~ c~ WEIGHTED<=4 @2 
INFO: Combined process g u~ > g s u~ s~ WEIGHTED<=4 @2 with process g u~ > g c u~ c~ WEIGHTED<=4 @2 
INFO: Combined process g u~ > g b u~ b~ WEIGHTED<=4 @2 with process g u~ > g c u~ c~ WEIGHTED<=4 @2 
INFO: Combined process g c~ > g u c~ u~ WEIGHTED<=4 @2 with process g u~ > g c u~ c~ WEIGHTED<=4 @2 
INFO: Combined process g c~ > g d c~ d~ WEIGHTED<=4 @2 with process g u~ > g c u~ c~ WEIGHTED<=4 @2 
INFO: Combined process g c~ > g s c~ s~ WEIGHTED<=4 @2 with process g u~ > g c u~ c~ WEIGHTED<=4 @2 
INFO: Combined process g c~ > g b c~ b~ WEIGHTED<=4 @2 with process g u~ > g c u~ c~ WEIGHTED<=4 @2 
INFO: Combined process g d~ > g u d~ u~ WEIGHTED<=4 @2 with process g u~ > g c u~ c~ WEIGHTED<=4 @2 
INFO: Combined process g d~ > g c d~ c~ WEIGHTED<=4 @2 with process g u~ > g c u~ c~ WEIGHTED<=4 @2 
INFO: Combined process g d~ > g s d~ s~ WEIGHTED<=4 @2 with process g u~ > g c u~ c~ WEIGHTED<=4 @2 
INFO: Combined process g d~ > g b d~ b~ WEIGHTED<=4 @2 with process g u~ > g c u~ c~ WEIGHTED<=4 @2 
INFO: Combined process g s~ > g u s~ u~ WEIGHTED<=4 @2 with process g u~ > g c u~ c~ WEIGHTED<=4 @2 
INFO: Combined process g s~ > g c s~ c~ WEIGHTED<=4 @2 with process g u~ > g c u~ c~ WEIGHTED<=4 @2 
INFO: Combined process g s~ > g d s~ d~ WEIGHTED<=4 @2 with process g u~ > g c u~ c~ WEIGHTED<=4 @2 
INFO: Combined process g s~ > g b s~ b~ WEIGHTED<=4 @2 with process g u~ > g c u~ c~ WEIGHTED<=4 @2 
INFO: Combined process g b > g b u u~ WEIGHTED<=4 @2 with process g u > g u c c~ WEIGHTED<=4 @2 
INFO: Combined process g b > g b c c~ WEIGHTED<=4 @2 with process g u > g u c c~ WEIGHTED<=4 @2 
INFO: Combined process g b > g b d d~ WEIGHTED<=4 @2 with process g u > g u c c~ WEIGHTED<=4 @2 
INFO: Combined process g b > g b s s~ WEIGHTED<=4 @2 with process g u > g u c c~ WEIGHTED<=4 @2 
INFO: Combined process g b~ > g u b~ u~ WEIGHTED<=4 @2 with process g u~ > g c u~ c~ WEIGHTED<=4 @2 
INFO: Combined process g b~ > g c b~ c~ WEIGHTED<=4 @2 with process g u~ > g c u~ c~ WEIGHTED<=4 @2 
INFO: Combined process g b~ > g d b~ d~ WEIGHTED<=4 @2 with process g u~ > g c u~ c~ WEIGHTED<=4 @2 
INFO: Combined process g b~ > g s b~ s~ WEIGHTED<=4 @2 with process g u~ > g c u~ c~ WEIGHTED<=4 @2 
INFO: Generating Helas calls for process: u u > g g u u WEIGHTED<=4 @2 
INFO: Processing color information for process: u u > g g u u @2 
INFO: Generating Helas calls for process: u u~ > g g u u~ WEIGHTED<=4 @2 
INFO: Processing color information for process: u u~ > g g u u~ @2 
INFO: Combined process c c > g g c c WEIGHTED<=4 @2 with process u u > g g u u WEIGHTED<=4 @2 
INFO: Combined process c c~ > g g c c~ WEIGHTED<=4 @2 with process u u~ > g g u u~ WEIGHTED<=4 @2 
INFO: Combined process d d > g g d d WEIGHTED<=4 @2 with process u u > g g u u WEIGHTED<=4 @2 
INFO: Combined process d d~ > g g d d~ WEIGHTED<=4 @2 with process u u~ > g g u u~ WEIGHTED<=4 @2 
INFO: Combined process s s > g g s s WEIGHTED<=4 @2 with process u u > g g u u WEIGHTED<=4 @2 
INFO: Combined process s s~ > g g s s~ WEIGHTED<=4 @2 with process u u~ > g g u u~ WEIGHTED<=4 @2 
INFO: Generating Helas calls for process: u~ u~ > g g u~ u~ WEIGHTED<=4 @2 
INFO: Processing color information for process: u~ u~ > g g u~ u~ @2 
INFO: Combined process c~ c~ > g g c~ c~ WEIGHTED<=4 @2 with process u~ u~ > g g u~ u~ WEIGHTED<=4 @2 
INFO: Combined process d~ d~ > g g d~ d~ WEIGHTED<=4 @2 with process u~ u~ > g g u~ u~ WEIGHTED<=4 @2 
INFO: Combined process s~ s~ > g g s~ s~ WEIGHTED<=4 @2 with process u~ u~ > g g u~ u~ WEIGHTED<=4 @2 
INFO: Combined process b b > g g b b WEIGHTED<=4 @2 with process u u > g g u u WEIGHTED<=4 @2 
INFO: Combined process b b~ > g g b b~ WEIGHTED<=4 @2 with process u u~ > g g u u~ WEIGHTED<=4 @2 
INFO: Combined process b~ b~ > g g b~ b~ WEIGHTED<=4 @2 with process u~ u~ > g g u~ u~ WEIGHTED<=4 @2 
INFO: Generating Helas calls for process: u c > g g u c WEIGHTED<=4 @2 
INFO: Processing color information for process: u c > g g u c @2 
INFO: Combined process u d > g g u d WEIGHTED<=4 @2 with process u c > g g u c WEIGHTED<=4 @2 
INFO: Combined process u s > g g u s WEIGHTED<=4 @2 with process u c > g g u c WEIGHTED<=4 @2 
INFO: Generating Helas calls for process: u u~ > g g c c~ WEIGHTED<=4 @2 
INFO: Processing color information for process: u u~ > g g c c~ @2 
INFO: Combined process u u~ > g g d d~ WEIGHTED<=4 @2 with process u u~ > g g c c~ WEIGHTED<=4 @2 
INFO: Combined process u u~ > g g s s~ WEIGHTED<=4 @2 with process u u~ > g g c c~ WEIGHTED<=4 @2 
INFO: Combined process u u~ > g g b b~ WEIGHTED<=4 @2 with process u u~ > g g c c~ WEIGHTED<=4 @2 
INFO: Generating Helas calls for process: u c~ > g g u c~ WEIGHTED<=4 @2 
INFO: Processing color information for process: u c~ > g g u c~ @2 
INFO: Combined process u d~ > g g u d~ WEIGHTED<=4 @2 with process u c~ > g g u c~ WEIGHTED<=4 @2 
INFO: Combined process u s~ > g g u s~ WEIGHTED<=4 @2 with process u c~ > g g u c~ WEIGHTED<=4 @2 
INFO: Combined process u b > g g u b WEIGHTED<=4 @2 with process u c > g g u c WEIGHTED<=4 @2 
INFO: Combined process u b~ > g g u b~ WEIGHTED<=4 @2 with process u c~ > g g u c~ WEIGHTED<=4 @2 
INFO: Combined process c d > g g c d WEIGHTED<=4 @2 with process u c > g g u c WEIGHTED<=4 @2 
INFO: Combined process c s > g g c s WEIGHTED<=4 @2 with process u c > g g u c WEIGHTED<=4 @2 
INFO: Combined process c u~ > g g c u~ WEIGHTED<=4 @2 with process u c~ > g g u c~ WEIGHTED<=4 @2 
INFO: Combined process c c~ > g g u u~ WEIGHTED<=4 @2 with process u u~ > g g c c~ WEIGHTED<=4 @2 
INFO: Combined process c c~ > g g d d~ WEIGHTED<=4 @2 with process u u~ > g g c c~ WEIGHTED<=4 @2 
INFO: Combined process c c~ > g g s s~ WEIGHTED<=4 @2 with process u u~ > g g c c~ WEIGHTED<=4 @2 
INFO: Combined process c c~ > g g b b~ WEIGHTED<=4 @2 with process u u~ > g g c c~ WEIGHTED<=4 @2 
INFO: Combined process c d~ > g g c d~ WEIGHTED<=4 @2 with process u c~ > g g u c~ WEIGHTED<=4 @2 
INFO: Combined process c s~ > g g c s~ WEIGHTED<=4 @2 with process u c~ > g g u c~ WEIGHTED<=4 @2 
INFO: Combined process c b > g g c b WEIGHTED<=4 @2 with process u c > g g u c WEIGHTED<=4 @2 
INFO: Combined process c b~ > g g c b~ WEIGHTED<=4 @2 with process u c~ > g g u c~ WEIGHTED<=4 @2 
INFO: Combined process d s > g g d s WEIGHTED<=4 @2 with process u c > g g u c WEIGHTED<=4 @2 
INFO: Combined process d u~ > g g d u~ WEIGHTED<=4 @2 with process u c~ > g g u c~ WEIGHTED<=4 @2 
INFO: Combined process d c~ > g g d c~ WEIGHTED<=4 @2 with process u c~ > g g u c~ WEIGHTED<=4 @2 
INFO: Combined process d d~ > g g u u~ WEIGHTED<=4 @2 with process u u~ > g g c c~ WEIGHTED<=4 @2 
INFO: Combined process d d~ > g g c c~ WEIGHTED<=4 @2 with process u u~ > g g c c~ WEIGHTED<=4 @2 
INFO: Combined process d d~ > g g s s~ WEIGHTED<=4 @2 with process u u~ > g g c c~ WEIGHTED<=4 @2 
INFO: Combined process d d~ > g g b b~ WEIGHTED<=4 @2 with process u u~ > g g c c~ WEIGHTED<=4 @2 
INFO: Combined process d s~ > g g d s~ WEIGHTED<=4 @2 with process u c~ > g g u c~ WEIGHTED<=4 @2 
INFO: Combined process d b > g g d b WEIGHTED<=4 @2 with process u c > g g u c WEIGHTED<=4 @2 
INFO: Combined process d b~ > g g d b~ WEIGHTED<=4 @2 with process u c~ > g g u c~ WEIGHTED<=4 @2 
INFO: Combined process s u~ > g g s u~ WEIGHTED<=4 @2 with process u c~ > g g u c~ WEIGHTED<=4 @2 
INFO: Combined process s c~ > g g s c~ WEIGHTED<=4 @2 with process u c~ > g g u c~ WEIGHTED<=4 @2 
INFO: Combined process s d~ > g g s d~ WEIGHTED<=4 @2 with process u c~ > g g u c~ WEIGHTED<=4 @2 
INFO: Combined process s s~ > g g u u~ WEIGHTED<=4 @2 with process u u~ > g g c c~ WEIGHTED<=4 @2 
INFO: Combined process s s~ > g g c c~ WEIGHTED<=4 @2 with process u u~ > g g c c~ WEIGHTED<=4 @2 
INFO: Combined process s s~ > g g d d~ WEIGHTED<=4 @2 with process u u~ > g g c c~ WEIGHTED<=4 @2 
INFO: Combined process s s~ > g g b b~ WEIGHTED<=4 @2 with process u u~ > g g c c~ WEIGHTED<=4 @2 
INFO: Combined process s b > g g s b WEIGHTED<=4 @2 with process u c > g g u c WEIGHTED<=4 @2 
INFO: Combined process s b~ > g g s b~ WEIGHTED<=4 @2 with process u c~ > g g u c~ WEIGHTED<=4 @2 
INFO: Generating Helas calls for process: u~ c~ > g g u~ c~ WEIGHTED<=4 @2 
INFO: Processing color information for process: u~ c~ > g g u~ c~ @2 
INFO: Combined process u~ d~ > g g u~ d~ WEIGHTED<=4 @2 with process u~ c~ > g g u~ c~ WEIGHTED<=4 @2 
INFO: Combined process u~ s~ > g g u~ s~ WEIGHTED<=4 @2 with process u~ c~ > g g u~ c~ WEIGHTED<=4 @2 
INFO: Generating Helas calls for process: u~ b > g g b u~ WEIGHTED<=4 @2 
INFO: Processing color information for process: u~ b > g g b u~ @2 
INFO: Combined process u~ b~ > g g u~ b~ WEIGHTED<=4 @2 with process u~ c~ > g g u~ c~ WEIGHTED<=4 @2 
INFO: Combined process c~ d~ > g g c~ d~ WEIGHTED<=4 @2 with process u~ c~ > g g u~ c~ WEIGHTED<=4 @2 
INFO: Combined process c~ s~ > g g c~ s~ WEIGHTED<=4 @2 with process u~ c~ > g g u~ c~ WEIGHTED<=4 @2 
INFO: Combined process c~ b > g g b c~ WEIGHTED<=4 @2 with process u~ b > g g b u~ WEIGHTED<=4 @2 
INFO: Combined process c~ b~ > g g c~ b~ WEIGHTED<=4 @2 with process u~ c~ > g g u~ c~ WEIGHTED<=4 @2 
INFO: Combined process d~ s~ > g g d~ s~ WEIGHTED<=4 @2 with process u~ c~ > g g u~ c~ WEIGHTED<=4 @2 
INFO: Combined process d~ b > g g b d~ WEIGHTED<=4 @2 with process u~ b > g g b u~ WEIGHTED<=4 @2 
INFO: Combined process d~ b~ > g g d~ b~ WEIGHTED<=4 @2 with process u~ c~ > g g u~ c~ WEIGHTED<=4 @2 
INFO: Combined process s~ b > g g b s~ WEIGHTED<=4 @2 with process u~ b > g g b u~ WEIGHTED<=4 @2 
INFO: Combined process s~ b~ > g g s~ b~ WEIGHTED<=4 @2 with process u~ c~ > g g u~ c~ WEIGHTED<=4 @2 
INFO: Combined process b b~ > g g u u~ WEIGHTED<=4 @2 with process u u~ > g g c c~ WEIGHTED<=4 @2 
INFO: Combined process b b~ > g g c c~ WEIGHTED<=4 @2 with process u u~ > g g c c~ WEIGHTED<=4 @2 
INFO: Combined process b b~ > g g d d~ WEIGHTED<=4 @2 with process u u~ > g g c c~ WEIGHTED<=4 @2 
INFO: Combined process b b~ > g g s s~ WEIGHTED<=4 @2 with process u u~ > g g c c~ WEIGHTED<=4 @2 
INFO: Generating Helas calls for process: u u > u u u u~ WEIGHTED<=4 @2 
INFO: Processing color information for process: u u > u u u u~ @2 
INFO: Generating Helas calls for process: u u~ > u u u~ u~ WEIGHTED<=4 @2 
INFO: Processing color information for process: u u~ > u u u~ u~ @2 
INFO: Combined process c c > c c c c~ WEIGHTED<=4 @2 with process u u > u u u u~ WEIGHTED<=4 @2 
INFO: Combined process c c~ > c c c~ c~ WEIGHTED<=4 @2 with process u u~ > u u u~ u~ WEIGHTED<=4 @2 
INFO: Combined process d d > d d d d~ WEIGHTED<=4 @2 with process u u > u u u u~ WEIGHTED<=4 @2 
INFO: Combined process d d~ > d d d~ d~ WEIGHTED<=4 @2 with process u u~ > u u u~ u~ WEIGHTED<=4 @2 
INFO: Combined process s s > s s s s~ WEIGHTED<=4 @2 with process u u > u u u u~ WEIGHTED<=4 @2 
INFO: Combined process s s~ > s s s~ s~ WEIGHTED<=4 @2 with process u u~ > u u u~ u~ WEIGHTED<=4 @2 
INFO: Generating Helas calls for process: u~ u~ > u u~ u~ u~ WEIGHTED<=4 @2 
INFO: Processing color information for process: u~ u~ > u u~ u~ u~ @2 
INFO: Combined process c~ c~ > c c~ c~ c~ WEIGHTED<=4 @2 with process u~ u~ > u u~ u~ u~ WEIGHTED<=4 @2 
INFO: Combined process d~ d~ > d d~ d~ d~ WEIGHTED<=4 @2 with process u~ u~ > u u~ u~ u~ WEIGHTED<=4 @2 
INFO: Combined process s~ s~ > s s~ s~ s~ WEIGHTED<=4 @2 with process u~ u~ > u u~ u~ u~ WEIGHTED<=4 @2 
INFO: Combined process b b > b b b b~ WEIGHTED<=4 @2 with process u u > u u u u~ WEIGHTED<=4 @2 
INFO: Combined process b b~ > b b b~ b~ WEIGHTED<=4 @2 with process u u~ > u u u~ u~ WEIGHTED<=4 @2 
INFO: Combined process b~ b~ > b b~ b~ b~ WEIGHTED<=4 @2 with process u~ u~ > u u~ u~ u~ WEIGHTED<=4 @2 
INFO: Generating Helas calls for process: u u > u u c c~ WEIGHTED<=4 @2 
INFO: Processing color information for process: u u > u u c c~ @2 
INFO: Combined process u u > u u d d~ WEIGHTED<=4 @2 with process u u > u u c c~ WEIGHTED<=4 @2 
INFO: Combined process u u > u u s s~ WEIGHTED<=4 @2 with process u u > u u c c~ WEIGHTED<=4 @2 
INFO: Combined process u u > u u b b~ WEIGHTED<=4 @2 with process u u > u u c c~ WEIGHTED<=4 @2 
INFO: Generating Helas calls for process: u c > u u c u~ WEIGHTED<=4 @2 
INFO: Processing color information for process: u c > u u c u~ @2 
INFO: Generating Helas calls for process: u c > u c c c~ WEIGHTED<=4 @2 
INFO: Processing color information for process: u c > u c c c~ @2 
INFO: Combined process u d > u u d u~ WEIGHTED<=4 @2 with process u c > u u c u~ WEIGHTED<=4 @2 
INFO: Combined process u d > u d d d~ WEIGHTED<=4 @2 with process u c > u c c c~ WEIGHTED<=4 @2 
INFO: Combined process u s > u u s u~ WEIGHTED<=4 @2 with process u c > u u c u~ WEIGHTED<=4 @2 
INFO: Combined process u s > u s s s~ WEIGHTED<=4 @2 with process u c > u c c c~ WEIGHTED<=4 @2 
INFO: Generating Helas calls for process: u u~ > u c u~ c~ WEIGHTED<=4 @2 
INFO: Processing color information for process: u u~ > u c u~ c~ @2 
INFO: Combined process u u~ > u d u~ d~ WEIGHTED<=4 @2 with process u u~ > u c u~ c~ WEIGHTED<=4 @2 
INFO: Combined process u u~ > u s u~ s~ WEIGHTED<=4 @2 with process u u~ > u c u~ c~ WEIGHTED<=4 @2 
INFO: Combined process u u~ > u b u~ b~ WEIGHTED<=4 @2 with process u u~ > u c u~ c~ WEIGHTED<=4 @2 
INFO: Generating Helas calls for process: u u~ > c c c~ c~ WEIGHTED<=4 @2 
INFO: Processing color information for process: u u~ > c c c~ c~ @2 
INFO: Combined process u u~ > d d d~ d~ WEIGHTED<=4 @2 with process u u~ > c c c~ c~ WEIGHTED<=4 @2 
INFO: Combined process u u~ > s s s~ s~ WEIGHTED<=4 @2 with process u u~ > c c c~ c~ WEIGHTED<=4 @2 
INFO: Combined process u u~ > b b b~ b~ WEIGHTED<=4 @2 with process u u~ > c c c~ c~ WEIGHTED<=4 @2 
INFO: Generating Helas calls for process: u c~ > u u u~ c~ WEIGHTED<=4 @2 
INFO: Processing color information for process: u c~ > u u u~ c~ @2 
INFO: Generating Helas calls for process: u c~ > u c c~ c~ WEIGHTED<=4 @2 
INFO: Processing color information for process: u c~ > u c c~ c~ @2 
INFO: Combined process u d~ > u u u~ d~ WEIGHTED<=4 @2 with process u c~ > u u u~ c~ WEIGHTED<=4 @2 
INFO: Combined process u d~ > u d d~ d~ WEIGHTED<=4 @2 with process u c~ > u c c~ c~ WEIGHTED<=4 @2 
INFO: Combined process u s~ > u u u~ s~ WEIGHTED<=4 @2 with process u c~ > u u u~ c~ WEIGHTED<=4 @2 
INFO: Combined process u s~ > u s s~ s~ WEIGHTED<=4 @2 with process u c~ > u c c~ c~ WEIGHTED<=4 @2 
INFO: Combined process u b > u u b u~ WEIGHTED<=4 @2 with process u c > u u c u~ WEIGHTED<=4 @2 
INFO: Combined process u b > u b b b~ WEIGHTED<=4 @2 with process u c > u c c c~ WEIGHTED<=4 @2 
INFO: Combined process u b~ > u u u~ b~ WEIGHTED<=4 @2 with process u c~ > u u u~ c~ WEIGHTED<=4 @2 
INFO: Combined process u b~ > u b b~ b~ WEIGHTED<=4 @2 with process u c~ > u c c~ c~ WEIGHTED<=4 @2 
INFO: Combined process c c > c u c u~ WEIGHTED<=4 @2 with process u u > u u c c~ WEIGHTED<=4 @2 
INFO: Combined process c c > c c d d~ WEIGHTED<=4 @2 with process u u > u u c c~ WEIGHTED<=4 @2 
INFO: Combined process c c > c c s s~ WEIGHTED<=4 @2 with process u u > u u c c~ WEIGHTED<=4 @2 
INFO: Combined process c c > c c b b~ WEIGHTED<=4 @2 with process u u > u u c c~ WEIGHTED<=4 @2 
INFO: Combined process c d > c c d c~ WEIGHTED<=4 @2 with process u c > u u c u~ WEIGHTED<=4 @2 
INFO: Combined process c d > c d d d~ WEIGHTED<=4 @2 with process u c > u c c c~ WEIGHTED<=4 @2 
INFO: Combined process c s > c c s c~ WEIGHTED<=4 @2 with process u c > u u c u~ WEIGHTED<=4 @2 
INFO: Combined process c s > c s s s~ WEIGHTED<=4 @2 with process u c > u c c c~ WEIGHTED<=4 @2 
INFO: Combined process c u~ > c u u~ u~ WEIGHTED<=4 @2 with process u c~ > u c c~ c~ WEIGHTED<=4 @2 
INFO: Combined process c u~ > c c c~ u~ WEIGHTED<=4 @2 with process u c~ > u u u~ c~ WEIGHTED<=4 @2 
INFO: Combined process c c~ > u u u~ u~ WEIGHTED<=4 @2 with process u u~ > c c c~ c~ WEIGHTED<=4 @2 
INFO: Generating Helas calls for process: c c~ > u c u~ c~ WEIGHTED<=4 @2 
INFO: Processing color information for process: c c~ > u c u~ c~ @2 
INFO: Combined process c c~ > c d c~ d~ WEIGHTED<=4 @2 with process u u~ > u c u~ c~ WEIGHTED<=4 @2 
INFO: Combined process c c~ > c s c~ s~ WEIGHTED<=4 @2 with process u u~ > u c u~ c~ WEIGHTED<=4 @2 
INFO: Combined process c c~ > c b c~ b~ WEIGHTED<=4 @2 with process u u~ > u c u~ c~ WEIGHTED<=4 @2 
INFO: Combined process c c~ > d d d~ d~ WEIGHTED<=4 @2 with process u u~ > c c c~ c~ WEIGHTED<=4 @2 
INFO: Combined process c c~ > s s s~ s~ WEIGHTED<=4 @2 with process u u~ > c c c~ c~ WEIGHTED<=4 @2 
INFO: Combined process c c~ > b b b~ b~ WEIGHTED<=4 @2 with process u u~ > c c c~ c~ WEIGHTED<=4 @2 
INFO: Combined process c d~ > c c c~ d~ WEIGHTED<=4 @2 with process u c~ > u u u~ c~ WEIGHTED<=4 @2 
INFO: Combined process c d~ > c d d~ d~ WEIGHTED<=4 @2 with process u c~ > u c c~ c~ WEIGHTED<=4 @2 
INFO: Combined process c s~ > c c c~ s~ WEIGHTED<=4 @2 with process u c~ > u u u~ c~ WEIGHTED<=4 @2 
INFO: Combined process c s~ > c s s~ s~ WEIGHTED<=4 @2 with process u c~ > u c c~ c~ WEIGHTED<=4 @2 
INFO: Combined process c b > c c b c~ WEIGHTED<=4 @2 with process u c > u u c u~ WEIGHTED<=4 @2 
INFO: Combined process c b > c b b b~ WEIGHTED<=4 @2 with process u c > u c c c~ WEIGHTED<=4 @2 
INFO: Combined process c b~ > c c c~ b~ WEIGHTED<=4 @2 with process u c~ > u u u~ c~ WEIGHTED<=4 @2 
INFO: Combined process c b~ > c b b~ b~ WEIGHTED<=4 @2 with process u c~ > u c c~ c~ WEIGHTED<=4 @2 
INFO: Combined process d d > d u d u~ WEIGHTED<=4 @2 with process u u > u u c c~ WEIGHTED<=4 @2 
INFO: Combined process d d > d c d c~ WEIGHTED<=4 @2 with process u u > u u c c~ WEIGHTED<=4 @2 
INFO: Combined process d d > d d s s~ WEIGHTED<=4 @2 with process u u > u u c c~ WEIGHTED<=4 @2 
INFO: Combined process d d > d d b b~ WEIGHTED<=4 @2 with process u u > u u c c~ WEIGHTED<=4 @2 
INFO: Combined process d s > d d s d~ WEIGHTED<=4 @2 with process u c > u u c u~ WEIGHTED<=4 @2 
INFO: Combined process d s > d s s s~ WEIGHTED<=4 @2 with process u c > u c c c~ WEIGHTED<=4 @2 
INFO: Combined process d u~ > d u u~ u~ WEIGHTED<=4 @2 with process u c~ > u c c~ c~ WEIGHTED<=4 @2 
INFO: Combined process d u~ > d d d~ u~ WEIGHTED<=4 @2 with process u c~ > u u u~ c~ WEIGHTED<=4 @2 
INFO: Combined process d c~ > d c c~ c~ WEIGHTED<=4 @2 with process u c~ > u c c~ c~ WEIGHTED<=4 @2 
INFO: Combined process d c~ > d d d~ c~ WEIGHTED<=4 @2 with process u c~ > u u u~ c~ WEIGHTED<=4 @2 
INFO: Combined process d d~ > u u u~ u~ WEIGHTED<=4 @2 with process u u~ > c c c~ c~ WEIGHTED<=4 @2 
INFO: Combined process d d~ > u d u~ d~ WEIGHTED<=4 @2 with process c c~ > u c u~ c~ WEIGHTED<=4 @2 
INFO: Combined process d d~ > c c c~ c~ WEIGHTED<=4 @2 with process u u~ > c c c~ c~ WEIGHTED<=4 @2 
INFO: Combined process d d~ > c d c~ d~ WEIGHTED<=4 @2 with process c c~ > u c u~ c~ WEIGHTED<=4 @2 
INFO: Combined process d d~ > d s d~ s~ WEIGHTED<=4 @2 with process u u~ > u c u~ c~ WEIGHTED<=4 @2 
INFO: Combined process d d~ > d b d~ b~ WEIGHTED<=4 @2 with process u u~ > u c u~ c~ WEIGHTED<=4 @2 
INFO: Combined process d d~ > s s s~ s~ WEIGHTED<=4 @2 with process u u~ > c c c~ c~ WEIGHTED<=4 @2 
INFO: Combined process d d~ > b b b~ b~ WEIGHTED<=4 @2 with process u u~ > c c c~ c~ WEIGHTED<=4 @2 
INFO: Combined process d s~ > d d d~ s~ WEIGHTED<=4 @2 with process u c~ > u u u~ c~ WEIGHTED<=4 @2 
INFO: Combined process d s~ > d s s~ s~ WEIGHTED<=4 @2 with process u c~ > u c c~ c~ WEIGHTED<=4 @2 
INFO: Combined process d b > d d b d~ WEIGHTED<=4 @2 with process u c > u u c u~ WEIGHTED<=4 @2 
INFO: Combined process d b > d b b b~ WEIGHTED<=4 @2 with process u c > u c c c~ WEIGHTED<=4 @2 
INFO: Combined process d b~ > d d d~ b~ WEIGHTED<=4 @2 with process u c~ > u u u~ c~ WEIGHTED<=4 @2 
INFO: Combined process d b~ > d b b~ b~ WEIGHTED<=4 @2 with process u c~ > u c c~ c~ WEIGHTED<=4 @2 
INFO: Combined process s s > s u s u~ WEIGHTED<=4 @2 with process u u > u u c c~ WEIGHTED<=4 @2 
INFO: Combined process s s > s c s c~ WEIGHTED<=4 @2 with process u u > u u c c~ WEIGHTED<=4 @2 
INFO: Combined process s s > s d s d~ WEIGHTED<=4 @2 with process u u > u u c c~ WEIGHTED<=4 @2 
INFO: Combined process s s > s s b b~ WEIGHTED<=4 @2 with process u u > u u c c~ WEIGHTED<=4 @2 
INFO: Combined process s u~ > s u u~ u~ WEIGHTED<=4 @2 with process u c~ > u c c~ c~ WEIGHTED<=4 @2 
INFO: Combined process s u~ > s s s~ u~ WEIGHTED<=4 @2 with process u c~ > u u u~ c~ WEIGHTED<=4 @2 
INFO: Combined process s c~ > s c c~ c~ WEIGHTED<=4 @2 with process u c~ > u c c~ c~ WEIGHTED<=4 @2 
INFO: Combined process s c~ > s s s~ c~ WEIGHTED<=4 @2 with process u c~ > u u u~ c~ WEIGHTED<=4 @2 
INFO: Combined process s d~ > s d d~ d~ WEIGHTED<=4 @2 with process u c~ > u c c~ c~ WEIGHTED<=4 @2 
INFO: Combined process s d~ > s s s~ d~ WEIGHTED<=4 @2 with process u c~ > u u u~ c~ WEIGHTED<=4 @2 
INFO: Combined process s s~ > u u u~ u~ WEIGHTED<=4 @2 with process u u~ > c c c~ c~ WEIGHTED<=4 @2 
INFO: Combined process s s~ > u s u~ s~ WEIGHTED<=4 @2 with process c c~ > u c u~ c~ WEIGHTED<=4 @2 
INFO: Combined process s s~ > c c c~ c~ WEIGHTED<=4 @2 with process u u~ > c c c~ c~ WEIGHTED<=4 @2 
INFO: Combined process s s~ > c s c~ s~ WEIGHTED<=4 @2 with process c c~ > u c u~ c~ WEIGHTED<=4 @2 
INFO: Combined process s s~ > d d d~ d~ WEIGHTED<=4 @2 with process u u~ > c c c~ c~ WEIGHTED<=4 @2 
INFO: Combined process s s~ > d s d~ s~ WEIGHTED<=4 @2 with process c c~ > u c u~ c~ WEIGHTED<=4 @2 
INFO: Combined process s s~ > s b s~ b~ WEIGHTED<=4 @2 with process u u~ > u c u~ c~ WEIGHTED<=4 @2 
INFO: Combined process s s~ > b b b~ b~ WEIGHTED<=4 @2 with process u u~ > c c c~ c~ WEIGHTED<=4 @2 
INFO: Combined process s b > s s b s~ WEIGHTED<=4 @2 with process u c > u u c u~ WEIGHTED<=4 @2 
INFO: Combined process s b > s b b b~ WEIGHTED<=4 @2 with process u c > u c c c~ WEIGHTED<=4 @2 
INFO: Combined process s b~ > s s s~ b~ WEIGHTED<=4 @2 with process u c~ > u u u~ c~ WEIGHTED<=4 @2 
INFO: Combined process s b~ > s b b~ b~ WEIGHTED<=4 @2 with process u c~ > u c c~ c~ WEIGHTED<=4 @2 
INFO: Generating Helas calls for process: u~ u~ > c u~ u~ c~ WEIGHTED<=4 @2 
INFO: Processing color information for process: u~ u~ > c u~ u~ c~ @2 
INFO: Combined process u~ u~ > d u~ u~ d~ WEIGHTED<=4 @2 with process u~ u~ > c u~ u~ c~ WEIGHTED<=4 @2 
INFO: Combined process u~ u~ > s u~ u~ s~ WEIGHTED<=4 @2 with process u~ u~ > c u~ u~ c~ WEIGHTED<=4 @2 
INFO: Combined process u~ u~ > b u~ u~ b~ WEIGHTED<=4 @2 with process u~ u~ > c u~ u~ c~ WEIGHTED<=4 @2 
INFO: Generating Helas calls for process: u~ c~ > u u~ u~ c~ WEIGHTED<=4 @2 
INFO: Processing color information for process: u~ c~ > u u~ u~ c~ @2 
INFO: Generating Helas calls for process: u~ c~ > c u~ c~ c~ WEIGHTED<=4 @2 
INFO: Processing color information for process: u~ c~ > c u~ c~ c~ @2 
INFO: Combined process u~ d~ > u u~ u~ d~ WEIGHTED<=4 @2 with process u~ c~ > u u~ u~ c~ WEIGHTED<=4 @2 
INFO: Combined process u~ d~ > d u~ d~ d~ WEIGHTED<=4 @2 with process u~ c~ > c u~ c~ c~ WEIGHTED<=4 @2 
INFO: Combined process u~ s~ > u u~ u~ s~ WEIGHTED<=4 @2 with process u~ c~ > u u~ u~ c~ WEIGHTED<=4 @2 
INFO: Combined process u~ s~ > s u~ s~ s~ WEIGHTED<=4 @2 with process u~ c~ > c u~ c~ c~ WEIGHTED<=4 @2 
INFO: Generating Helas calls for process: u~ b > u b u~ u~ WEIGHTED<=4 @2 
INFO: Processing color information for process: u~ b > u b u~ u~ @2 
INFO: Generating Helas calls for process: u~ b > b b u~ b~ WEIGHTED<=4 @2 
INFO: Processing color information for process: u~ b > b b u~ b~ @2 
INFO: Combined process u~ b~ > u u~ u~ b~ WEIGHTED<=4 @2 with process u~ c~ > u u~ u~ c~ WEIGHTED<=4 @2 
INFO: Combined process u~ b~ > b u~ b~ b~ WEIGHTED<=4 @2 with process u~ c~ > c u~ c~ c~ WEIGHTED<=4 @2 
INFO: Combined process c~ c~ > u c~ u~ c~ WEIGHTED<=4 @2 with process u~ u~ > c u~ u~ c~ WEIGHTED<=4 @2 
INFO: Combined process c~ c~ > d c~ c~ d~ WEIGHTED<=4 @2 with process u~ u~ > c u~ u~ c~ WEIGHTED<=4 @2 
INFO: Combined process c~ c~ > s c~ c~ s~ WEIGHTED<=4 @2 with process u~ u~ > c u~ u~ c~ WEIGHTED<=4 @2 
INFO: Combined process c~ c~ > b c~ c~ b~ WEIGHTED<=4 @2 with process u~ u~ > c u~ u~ c~ WEIGHTED<=4 @2 
INFO: Combined process c~ d~ > c c~ c~ d~ WEIGHTED<=4 @2 with process u~ c~ > u u~ u~ c~ WEIGHTED<=4 @2 
INFO: Combined process c~ d~ > d c~ d~ d~ WEIGHTED<=4 @2 with process u~ c~ > c u~ c~ c~ WEIGHTED<=4 @2 
INFO: Combined process c~ s~ > c c~ c~ s~ WEIGHTED<=4 @2 with process u~ c~ > u u~ u~ c~ WEIGHTED<=4 @2 
INFO: Combined process c~ s~ > s c~ s~ s~ WEIGHTED<=4 @2 with process u~ c~ > c u~ c~ c~ WEIGHTED<=4 @2 
INFO: Combined process c~ b > c b c~ c~ WEIGHTED<=4 @2 with process u~ b > u b u~ u~ WEIGHTED<=4 @2 
INFO: Combined process c~ b > b b c~ b~ WEIGHTED<=4 @2 with process u~ b > b b u~ b~ WEIGHTED<=4 @2 
INFO: Combined process c~ b~ > c c~ c~ b~ WEIGHTED<=4 @2 with process u~ c~ > u u~ u~ c~ WEIGHTED<=4 @2 
INFO: Combined process c~ b~ > b c~ b~ b~ WEIGHTED<=4 @2 with process u~ c~ > c u~ c~ c~ WEIGHTED<=4 @2 
INFO: Combined process d~ d~ > u d~ u~ d~ WEIGHTED<=4 @2 with process u~ u~ > c u~ u~ c~ WEIGHTED<=4 @2 
INFO: Combined process d~ d~ > c d~ c~ d~ WEIGHTED<=4 @2 with process u~ u~ > c u~ u~ c~ WEIGHTED<=4 @2 
INFO: Combined process d~ d~ > s d~ d~ s~ WEIGHTED<=4 @2 with process u~ u~ > c u~ u~ c~ WEIGHTED<=4 @2 
INFO: Combined process d~ d~ > b d~ d~ b~ WEIGHTED<=4 @2 with process u~ u~ > c u~ u~ c~ WEIGHTED<=4 @2 
INFO: Combined process d~ s~ > d d~ d~ s~ WEIGHTED<=4 @2 with process u~ c~ > u u~ u~ c~ WEIGHTED<=4 @2 
INFO: Combined process d~ s~ > s d~ s~ s~ WEIGHTED<=4 @2 with process u~ c~ > c u~ c~ c~ WEIGHTED<=4 @2 
INFO: Combined process d~ b > d b d~ d~ WEIGHTED<=4 @2 with process u~ b > u b u~ u~ WEIGHTED<=4 @2 
INFO: Combined process d~ b > b b d~ b~ WEIGHTED<=4 @2 with process u~ b > b b u~ b~ WEIGHTED<=4 @2 
INFO: Combined process d~ b~ > d d~ d~ b~ WEIGHTED<=4 @2 with process u~ c~ > u u~ u~ c~ WEIGHTED<=4 @2 
INFO: Combined process d~ b~ > b d~ b~ b~ WEIGHTED<=4 @2 with process u~ c~ > c u~ c~ c~ WEIGHTED<=4 @2 
INFO: Combined process s~ s~ > u s~ u~ s~ WEIGHTED<=4 @2 with process u~ u~ > c u~ u~ c~ WEIGHTED<=4 @2 
INFO: Combined process s~ s~ > c s~ c~ s~ WEIGHTED<=4 @2 with process u~ u~ > c u~ u~ c~ WEIGHTED<=4 @2 
INFO: Combined process s~ s~ > d s~ d~ s~ WEIGHTED<=4 @2 with process u~ u~ > c u~ u~ c~ WEIGHTED<=4 @2 
INFO: Combined process s~ s~ > b s~ s~ b~ WEIGHTED<=4 @2 with process u~ u~ > c u~ u~ c~ WEIGHTED<=4 @2 
INFO: Combined process s~ b > s b s~ s~ WEIGHTED<=4 @2 with process u~ b > u b u~ u~ WEIGHTED<=4 @2 
INFO: Combined process s~ b > b b s~ b~ WEIGHTED<=4 @2 with process u~ b > b b u~ b~ WEIGHTED<=4 @2 
INFO: Combined process s~ b~ > s s~ s~ b~ WEIGHTED<=4 @2 with process u~ c~ > u u~ u~ c~ WEIGHTED<=4 @2 
INFO: Combined process s~ b~ > b s~ b~ b~ WEIGHTED<=4 @2 with process u~ c~ > c u~ c~ c~ WEIGHTED<=4 @2 
INFO: Combined process b b > b u b u~ WEIGHTED<=4 @2 with process u u > u u c c~ WEIGHTED<=4 @2 
INFO: Combined process b b > b c b c~ WEIGHTED<=4 @2 with process u u > u u c c~ WEIGHTED<=4 @2 
INFO: Combined process b b > b d b d~ WEIGHTED<=4 @2 with process u u > u u c c~ WEIGHTED<=4 @2 
INFO: Combined process b b > b s b s~ WEIGHTED<=4 @2 with process u u > u u c c~ WEIGHTED<=4 @2 
INFO: Combined process b b~ > u u u~ u~ WEIGHTED<=4 @2 with process u u~ > c c c~ c~ WEIGHTED<=4 @2 
INFO: Generating Helas calls for process: b b~ > u b u~ b~ WEIGHTED<=4 @2 
INFO: Processing color information for process: b b~ > u b u~ b~ @2 
INFO: Combined process b b~ > c c c~ c~ WEIGHTED<=4 @2 with process u u~ > c c c~ c~ WEIGHTED<=4 @2 
INFO: Combined process b b~ > c b c~ b~ WEIGHTED<=4 @2 with process b b~ > u b u~ b~ WEIGHTED<=4 @2 
INFO: Combined process b b~ > d d d~ d~ WEIGHTED<=4 @2 with process u u~ > c c c~ c~ WEIGHTED<=4 @2 
INFO: Combined process b b~ > d b d~ b~ WEIGHTED<=4 @2 with process b b~ > u b u~ b~ WEIGHTED<=4 @2 
INFO: Combined process b b~ > s s s~ s~ WEIGHTED<=4 @2 with process u u~ > c c c~ c~ WEIGHTED<=4 @2 
INFO: Combined process b b~ > s b s~ b~ WEIGHTED<=4 @2 with process b b~ > u b u~ b~ WEIGHTED<=4 @2 
INFO: Combined process b~ b~ > u b~ u~ b~ WEIGHTED<=4 @2 with process u~ u~ > c u~ u~ c~ WEIGHTED<=4 @2 
INFO: Combined process b~ b~ > c b~ c~ b~ WEIGHTED<=4 @2 with process u~ u~ > c u~ u~ c~ WEIGHTED<=4 @2 
INFO: Combined process b~ b~ > d b~ d~ b~ WEIGHTED<=4 @2 with process u~ u~ > c u~ u~ c~ WEIGHTED<=4 @2 
INFO: Combined process b~ b~ > s b~ s~ b~ WEIGHTED<=4 @2 with process u~ u~ > c u~ u~ c~ WEIGHTED<=4 @2 
INFO: Generating Helas calls for process: u c > u c d d~ WEIGHTED<=4 @2 
INFO: Processing color information for process: u c > u c d d~ @2 
INFO: Combined process u c > u c s s~ WEIGHTED<=4 @2 with process u c > u c d d~ WEIGHTED<=4 @2 
INFO: Combined process u c > u c b b~ WEIGHTED<=4 @2 with process u c > u c d d~ WEIGHTED<=4 @2 
INFO: Combined process u d > u d c c~ WEIGHTED<=4 @2 with process u c > u c d d~ WEIGHTED<=4 @2 
INFO: Combined process u d > u d s s~ WEIGHTED<=4 @2 with process u c > u c d d~ WEIGHTED<=4 @2 
INFO: Combined process u d > u d b b~ WEIGHTED<=4 @2 with process u c > u c d d~ WEIGHTED<=4 @2 
INFO: Combined process u s > u s c c~ WEIGHTED<=4 @2 with process u c > u c d d~ WEIGHTED<=4 @2 
INFO: Combined process u s > u s d d~ WEIGHTED<=4 @2 with process u c > u c d d~ WEIGHTED<=4 @2 
INFO: Combined process u s > u s b b~ WEIGHTED<=4 @2 with process u c > u c d d~ WEIGHTED<=4 @2 
INFO: Generating Helas calls for process: u u~ > c d c~ d~ WEIGHTED<=4 @2 
INFO: Processing color information for process: u u~ > c d c~ d~ @2 
INFO: Combined process u u~ > c s c~ s~ WEIGHTED<=4 @2 with process u u~ > c d c~ d~ WEIGHTED<=4 @2 
INFO: Combined process u u~ > c b c~ b~ WEIGHTED<=4 @2 with process u u~ > c d c~ d~ WEIGHTED<=4 @2 
INFO: Combined process u u~ > d s d~ s~ WEIGHTED<=4 @2 with process u u~ > c d c~ d~ WEIGHTED<=4 @2 
INFO: Combined process u u~ > d b d~ b~ WEIGHTED<=4 @2 with process u u~ > c d c~ d~ WEIGHTED<=4 @2 
INFO: Combined process u u~ > s b s~ b~ WEIGHTED<=4 @2 with process u u~ > c d c~ d~ WEIGHTED<=4 @2 
INFO: Generating Helas calls for process: u c~ > u d c~ d~ WEIGHTED<=4 @2 
INFO: Processing color information for process: u c~ > u d c~ d~ @2 
INFO: Combined process u c~ > u s c~ s~ WEIGHTED<=4 @2 with process u c~ > u d c~ d~ WEIGHTED<=4 @2 
INFO: Combined process u c~ > u b c~ b~ WEIGHTED<=4 @2 with process u c~ > u d c~ d~ WEIGHTED<=4 @2 
INFO: Combined process u d~ > u c d~ c~ WEIGHTED<=4 @2 with process u c~ > u d c~ d~ WEIGHTED<=4 @2 
INFO: Combined process u d~ > u s d~ s~ WEIGHTED<=4 @2 with process u c~ > u d c~ d~ WEIGHTED<=4 @2 
INFO: Combined process u d~ > u b d~ b~ WEIGHTED<=4 @2 with process u c~ > u d c~ d~ WEIGHTED<=4 @2 
INFO: Combined process u s~ > u c s~ c~ WEIGHTED<=4 @2 with process u c~ > u d c~ d~ WEIGHTED<=4 @2 
INFO: Combined process u s~ > u d s~ d~ WEIGHTED<=4 @2 with process u c~ > u d c~ d~ WEIGHTED<=4 @2 
INFO: Combined process u s~ > u b s~ b~ WEIGHTED<=4 @2 with process u c~ > u d c~ d~ WEIGHTED<=4 @2 
INFO: Combined process u b > u b c c~ WEIGHTED<=4 @2 with process u c > u c d d~ WEIGHTED<=4 @2 
INFO: Combined process u b > u b d d~ WEIGHTED<=4 @2 with process u c > u c d d~ WEIGHTED<=4 @2 
INFO: Combined process u b > u b s s~ WEIGHTED<=4 @2 with process u c > u c d d~ WEIGHTED<=4 @2 
INFO: Combined process u b~ > u c b~ c~ WEIGHTED<=4 @2 with process u c~ > u d c~ d~ WEIGHTED<=4 @2 
INFO: Combined process u b~ > u d b~ d~ WEIGHTED<=4 @2 with process u c~ > u d c~ d~ WEIGHTED<=4 @2 
INFO: Combined process u b~ > u s b~ s~ WEIGHTED<=4 @2 with process u c~ > u d c~ d~ WEIGHTED<=4 @2 
INFO: Combined process c d > d u c u~ WEIGHTED<=4 @2 with process u c > u c d d~ WEIGHTED<=4 @2 
INFO: Combined process c d > c d s s~ WEIGHTED<=4 @2 with process u c > u c d d~ WEIGHTED<=4 @2 
INFO: Combined process c d > c d b b~ WEIGHTED<=4 @2 with process u c > u c d d~ WEIGHTED<=4 @2 
INFO: Combined process c s > s u c u~ WEIGHTED<=4 @2 with process u c > u c d d~ WEIGHTED<=4 @2 
INFO: Combined process c s > c s d d~ WEIGHTED<=4 @2 with process u c > u c d d~ WEIGHTED<=4 @2 
INFO: Combined process c s > c s b b~ WEIGHTED<=4 @2 with process u c > u c d d~ WEIGHTED<=4 @2 
INFO: Combined process c u~ > c d u~ d~ WEIGHTED<=4 @2 with process u c~ > u d c~ d~ WEIGHTED<=4 @2 
INFO: Combined process c u~ > c s u~ s~ WEIGHTED<=4 @2 with process u c~ > u d c~ d~ WEIGHTED<=4 @2 
INFO: Combined process c u~ > c b u~ b~ WEIGHTED<=4 @2 with process u c~ > u d c~ d~ WEIGHTED<=4 @2 
INFO: Combined process c c~ > u d u~ d~ WEIGHTED<=4 @2 with process u u~ > c d c~ d~ WEIGHTED<=4 @2 
INFO: Combined process c c~ > u s u~ s~ WEIGHTED<=4 @2 with process u u~ > c d c~ d~ WEIGHTED<=4 @2 
INFO: Combined process c c~ > u b u~ b~ WEIGHTED<=4 @2 with process u u~ > c d c~ d~ WEIGHTED<=4 @2 
INFO: Combined process c c~ > d s d~ s~ WEIGHTED<=4 @2 with process u u~ > c d c~ d~ WEIGHTED<=4 @2 
INFO: Combined process c c~ > d b d~ b~ WEIGHTED<=4 @2 with process u u~ > c d c~ d~ WEIGHTED<=4 @2 
INFO: Combined process c c~ > s b s~ b~ WEIGHTED<=4 @2 with process u u~ > c d c~ d~ WEIGHTED<=4 @2 
INFO: Combined process c d~ > c u d~ u~ WEIGHTED<=4 @2 with process u c~ > u d c~ d~ WEIGHTED<=4 @2 
INFO: Combined process c d~ > c s d~ s~ WEIGHTED<=4 @2 with process u c~ > u d c~ d~ WEIGHTED<=4 @2 
INFO: Combined process c d~ > c b d~ b~ WEIGHTED<=4 @2 with process u c~ > u d c~ d~ WEIGHTED<=4 @2 
INFO: Combined process c s~ > c u s~ u~ WEIGHTED<=4 @2 with process u c~ > u d c~ d~ WEIGHTED<=4 @2 
INFO: Combined process c s~ > c d s~ d~ WEIGHTED<=4 @2 with process u c~ > u d c~ d~ WEIGHTED<=4 @2 
INFO: Combined process c s~ > c b s~ b~ WEIGHTED<=4 @2 with process u c~ > u d c~ d~ WEIGHTED<=4 @2 
INFO: Combined process c b > b u c u~ WEIGHTED<=4 @2 with process u c > u c d d~ WEIGHTED<=4 @2 
INFO: Combined process c b > c b d d~ WEIGHTED<=4 @2 with process u c > u c d d~ WEIGHTED<=4 @2 
INFO: Combined process c b > c b s s~ WEIGHTED<=4 @2 with process u c > u c d d~ WEIGHTED<=4 @2 
INFO: Combined process c b~ > c u b~ u~ WEIGHTED<=4 @2 with process u c~ > u d c~ d~ WEIGHTED<=4 @2 
INFO: Combined process c b~ > c d b~ d~ WEIGHTED<=4 @2 with process u c~ > u d c~ d~ WEIGHTED<=4 @2 
INFO: Combined process c b~ > c s b~ s~ WEIGHTED<=4 @2 with process u c~ > u d c~ d~ WEIGHTED<=4 @2 
INFO: Combined process d s > s u d u~ WEIGHTED<=4 @2 with process u c > u c d d~ WEIGHTED<=4 @2 
INFO: Combined process d s > s c d c~ WEIGHTED<=4 @2 with process u c > u c d d~ WEIGHTED<=4 @2 
INFO: Combined process d s > d s b b~ WEIGHTED<=4 @2 with process u c > u c d d~ WEIGHTED<=4 @2 
INFO: Combined process d u~ > d c u~ c~ WEIGHTED<=4 @2 with process u c~ > u d c~ d~ WEIGHTED<=4 @2 
INFO: Combined process d u~ > d s u~ s~ WEIGHTED<=4 @2 with process u c~ > u d c~ d~ WEIGHTED<=4 @2 
INFO: Combined process d u~ > d b u~ b~ WEIGHTED<=4 @2 with process u c~ > u d c~ d~ WEIGHTED<=4 @2 
INFO: Combined process d c~ > d u c~ u~ WEIGHTED<=4 @2 with process u c~ > u d c~ d~ WEIGHTED<=4 @2 
INFO: Combined process d c~ > d s c~ s~ WEIGHTED<=4 @2 with process u c~ > u d c~ d~ WEIGHTED<=4 @2 
INFO: Combined process d c~ > d b c~ b~ WEIGHTED<=4 @2 with process u c~ > u d c~ d~ WEIGHTED<=4 @2 
INFO: Generating Helas calls for process: d d~ > u c u~ c~ WEIGHTED<=4 @2 
INFO: Processing color information for process: d d~ > u c u~ c~ @2 
INFO: Combined process d d~ > u s u~ s~ WEIGHTED<=4 @2 with process u u~ > c d c~ d~ WEIGHTED<=4 @2 
INFO: Combined process d d~ > u b u~ b~ WEIGHTED<=4 @2 with process u u~ > c d c~ d~ WEIGHTED<=4 @2 
INFO: Combined process d d~ > c s c~ s~ WEIGHTED<=4 @2 with process u u~ > c d c~ d~ WEIGHTED<=4 @2 
INFO: Combined process d d~ > c b c~ b~ WEIGHTED<=4 @2 with process u u~ > c d c~ d~ WEIGHTED<=4 @2 
INFO: Combined process d d~ > s b s~ b~ WEIGHTED<=4 @2 with process u u~ > c d c~ d~ WEIGHTED<=4 @2 
INFO: Combined process d s~ > d u s~ u~ WEIGHTED<=4 @2 with process u c~ > u d c~ d~ WEIGHTED<=4 @2 
INFO: Combined process d s~ > d c s~ c~ WEIGHTED<=4 @2 with process u c~ > u d c~ d~ WEIGHTED<=4 @2 
INFO: Combined process d s~ > d b s~ b~ WEIGHTED<=4 @2 with process u c~ > u d c~ d~ WEIGHTED<=4 @2 
INFO: Combined process d b > b u d u~ WEIGHTED<=4 @2 with process u c > u c d d~ WEIGHTED<=4 @2 
INFO: Combined process d b > b c d c~ WEIGHTED<=4 @2 with process u c > u c d d~ WEIGHTED<=4 @2 
INFO: Combined process d b > d b s s~ WEIGHTED<=4 @2 with process u c > u c d d~ WEIGHTED<=4 @2 
INFO: Combined process d b~ > d u b~ u~ WEIGHTED<=4 @2 with process u c~ > u d c~ d~ WEIGHTED<=4 @2 
INFO: Combined process d b~ > d c b~ c~ WEIGHTED<=4 @2 with process u c~ > u d c~ d~ WEIGHTED<=4 @2 
INFO: Combined process d b~ > d s b~ s~ WEIGHTED<=4 @2 with process u c~ > u d c~ d~ WEIGHTED<=4 @2 
INFO: Combined process s u~ > s c u~ c~ WEIGHTED<=4 @2 with process u c~ > u d c~ d~ WEIGHTED<=4 @2 
INFO: Combined process s u~ > s d u~ d~ WEIGHTED<=4 @2 with process u c~ > u d c~ d~ WEIGHTED<=4 @2 
INFO: Combined process s u~ > s b u~ b~ WEIGHTED<=4 @2 with process u c~ > u d c~ d~ WEIGHTED<=4 @2 
INFO: Combined process s c~ > s u c~ u~ WEIGHTED<=4 @2 with process u c~ > u d c~ d~ WEIGHTED<=4 @2 
INFO: Combined process s c~ > s d c~ d~ WEIGHTED<=4 @2 with process u c~ > u d c~ d~ WEIGHTED<=4 @2 
INFO: Combined process s c~ > s b c~ b~ WEIGHTED<=4 @2 with process u c~ > u d c~ d~ WEIGHTED<=4 @2 
INFO: Combined process s d~ > s u d~ u~ WEIGHTED<=4 @2 with process u c~ > u d c~ d~ WEIGHTED<=4 @2 
INFO: Combined process s d~ > s c d~ c~ WEIGHTED<=4 @2 with process u c~ > u d c~ d~ WEIGHTED<=4 @2 
INFO: Combined process s d~ > s b d~ b~ WEIGHTED<=4 @2 with process u c~ > u d c~ d~ WEIGHTED<=4 @2 
INFO: Combined process s s~ > u c u~ c~ WEIGHTED<=4 @2 with process d d~ > u c u~ c~ WEIGHTED<=4 @2 
INFO: Combined process s s~ > u d u~ d~ WEIGHTED<=4 @2 with process d d~ > u c u~ c~ WEIGHTED<=4 @2 
INFO: Combined process s s~ > u b u~ b~ WEIGHTED<=4 @2 with process u u~ > c d c~ d~ WEIGHTED<=4 @2 
INFO: Combined process s s~ > c d c~ d~ WEIGHTED<=4 @2 with process d d~ > u c u~ c~ WEIGHTED<=4 @2 
INFO: Combined process s s~ > c b c~ b~ WEIGHTED<=4 @2 with process u u~ > c d c~ d~ WEIGHTED<=4 @2 
INFO: Combined process s s~ > d b d~ b~ WEIGHTED<=4 @2 with process u u~ > c d c~ d~ WEIGHTED<=4 @2 
INFO: Combined process s b > b u s u~ WEIGHTED<=4 @2 with process u c > u c d d~ WEIGHTED<=4 @2 
INFO: Combined process s b > b c s c~ WEIGHTED<=4 @2 with process u c > u c d d~ WEIGHTED<=4 @2 
INFO: Combined process s b > b d s d~ WEIGHTED<=4 @2 with process u c > u c d d~ WEIGHTED<=4 @2 
INFO: Combined process s b~ > s u b~ u~ WEIGHTED<=4 @2 with process u c~ > u d c~ d~ WEIGHTED<=4 @2 
INFO: Combined process s b~ > s c b~ c~ WEIGHTED<=4 @2 with process u c~ > u d c~ d~ WEIGHTED<=4 @2 
INFO: Combined process s b~ > s d b~ d~ WEIGHTED<=4 @2 with process u c~ > u d c~ d~ WEIGHTED<=4 @2 
INFO: Generating Helas calls for process: u~ c~ > d u~ c~ d~ WEIGHTED<=4 @2 
INFO: Processing color information for process: u~ c~ > d u~ c~ d~ @2 
INFO: Combined process u~ c~ > s u~ c~ s~ WEIGHTED<=4 @2 with process u~ c~ > d u~ c~ d~ WEIGHTED<=4 @2 
INFO: Combined process u~ c~ > b u~ c~ b~ WEIGHTED<=4 @2 with process u~ c~ > d u~ c~ d~ WEIGHTED<=4 @2 
INFO: Combined process u~ d~ > c u~ d~ c~ WEIGHTED<=4 @2 with process u~ c~ > d u~ c~ d~ WEIGHTED<=4 @2 
INFO: Combined process u~ d~ > s u~ d~ s~ WEIGHTED<=4 @2 with process u~ c~ > d u~ c~ d~ WEIGHTED<=4 @2 
INFO: Combined process u~ d~ > b u~ d~ b~ WEIGHTED<=4 @2 with process u~ c~ > d u~ c~ d~ WEIGHTED<=4 @2 
INFO: Combined process u~ s~ > c u~ s~ c~ WEIGHTED<=4 @2 with process u~ c~ > d u~ c~ d~ WEIGHTED<=4 @2 
INFO: Combined process u~ s~ > d u~ s~ d~ WEIGHTED<=4 @2 with process u~ c~ > d u~ c~ d~ WEIGHTED<=4 @2 
INFO: Combined process u~ s~ > b u~ s~ b~ WEIGHTED<=4 @2 with process u~ c~ > d u~ c~ d~ WEIGHTED<=4 @2 
INFO: Generating Helas calls for process: u~ b > c b u~ c~ WEIGHTED<=4 @2 
INFO: Processing color information for process: u~ b > c b u~ c~ @2 
INFO: Combined process u~ b > d b u~ d~ WEIGHTED<=4 @2 with process u~ b > c b u~ c~ WEIGHTED<=4 @2 
INFO: Combined process u~ b > s b u~ s~ WEIGHTED<=4 @2 with process u~ b > c b u~ c~ WEIGHTED<=4 @2 
INFO: Combined process u~ b~ > c u~ b~ c~ WEIGHTED<=4 @2 with process u~ c~ > d u~ c~ d~ WEIGHTED<=4 @2 
INFO: Combined process u~ b~ > d u~ b~ d~ WEIGHTED<=4 @2 with process u~ c~ > d u~ c~ d~ WEIGHTED<=4 @2 
INFO: Combined process u~ b~ > s u~ b~ s~ WEIGHTED<=4 @2 with process u~ c~ > d u~ c~ d~ WEIGHTED<=4 @2 
INFO: Combined process c~ d~ > u d~ u~ c~ WEIGHTED<=4 @2 with process u~ c~ > d u~ c~ d~ WEIGHTED<=4 @2 
INFO: Combined process c~ d~ > s c~ d~ s~ WEIGHTED<=4 @2 with process u~ c~ > d u~ c~ d~ WEIGHTED<=4 @2 
INFO: Combined process c~ d~ > b c~ d~ b~ WEIGHTED<=4 @2 with process u~ c~ > d u~ c~ d~ WEIGHTED<=4 @2 
INFO: Combined process c~ s~ > u s~ u~ c~ WEIGHTED<=4 @2 with process u~ c~ > d u~ c~ d~ WEIGHTED<=4 @2 
INFO: Combined process c~ s~ > d c~ s~ d~ WEIGHTED<=4 @2 with process u~ c~ > d u~ c~ d~ WEIGHTED<=4 @2 
INFO: Combined process c~ s~ > b c~ s~ b~ WEIGHTED<=4 @2 with process u~ c~ > d u~ c~ d~ WEIGHTED<=4 @2 
INFO: Combined process c~ b > u b c~ u~ WEIGHTED<=4 @2 with process u~ b > c b u~ c~ WEIGHTED<=4 @2 
INFO: Combined process c~ b > d b c~ d~ WEIGHTED<=4 @2 with process u~ b > c b u~ c~ WEIGHTED<=4 @2 
INFO: Combined process c~ b > s b c~ s~ WEIGHTED<=4 @2 with process u~ b > c b u~ c~ WEIGHTED<=4 @2 
INFO: Combined process c~ b~ > u b~ u~ c~ WEIGHTED<=4 @2 with process u~ c~ > d u~ c~ d~ WEIGHTED<=4 @2 
INFO: Combined process c~ b~ > d c~ b~ d~ WEIGHTED<=4 @2 with process u~ c~ > d u~ c~ d~ WEIGHTED<=4 @2 
INFO: Combined process c~ b~ > s c~ b~ s~ WEIGHTED<=4 @2 with process u~ c~ > d u~ c~ d~ WEIGHTED<=4 @2 
INFO: Combined process d~ s~ > u s~ u~ d~ WEIGHTED<=4 @2 with process u~ c~ > d u~ c~ d~ WEIGHTED<=4 @2 
INFO: Combined process d~ s~ > c s~ c~ d~ WEIGHTED<=4 @2 with process u~ c~ > d u~ c~ d~ WEIGHTED<=4 @2 
INFO: Combined process d~ s~ > b d~ s~ b~ WEIGHTED<=4 @2 with process u~ c~ > d u~ c~ d~ WEIGHTED<=4 @2 
INFO: Combined process d~ b > u b d~ u~ WEIGHTED<=4 @2 with process u~ b > c b u~ c~ WEIGHTED<=4 @2 
INFO: Combined process d~ b > c b d~ c~ WEIGHTED<=4 @2 with process u~ b > c b u~ c~ WEIGHTED<=4 @2 
INFO: Combined process d~ b > s b d~ s~ WEIGHTED<=4 @2 with process u~ b > c b u~ c~ WEIGHTED<=4 @2 
INFO: Combined process d~ b~ > u b~ u~ d~ WEIGHTED<=4 @2 with process u~ c~ > d u~ c~ d~ WEIGHTED<=4 @2 
INFO: Combined process d~ b~ > c b~ c~ d~ WEIGHTED<=4 @2 with process u~ c~ > d u~ c~ d~ WEIGHTED<=4 @2 
INFO: Combined process d~ b~ > s d~ b~ s~ WEIGHTED<=4 @2 with process u~ c~ > d u~ c~ d~ WEIGHTED<=4 @2 
INFO: Combined process s~ b > u b s~ u~ WEIGHTED<=4 @2 with process u~ b > c b u~ c~ WEIGHTED<=4 @2 
INFO: Combined process s~ b > c b s~ c~ WEIGHTED<=4 @2 with process u~ b > c b u~ c~ WEIGHTED<=4 @2 
INFO: Combined process s~ b > d b s~ d~ WEIGHTED<=4 @2 with process u~ b > c b u~ c~ WEIGHTED<=4 @2 
INFO: Combined process s~ b~ > u b~ u~ s~ WEIGHTED<=4 @2 with process u~ c~ > d u~ c~ d~ WEIGHTED<=4 @2 
INFO: Combined process s~ b~ > c b~ c~ s~ WEIGHTED<=4 @2 with process u~ c~ > d u~ c~ d~ WEIGHTED<=4 @2 
INFO: Combined process s~ b~ > d b~ d~ s~ WEIGHTED<=4 @2 with process u~ c~ > d u~ c~ d~ WEIGHTED<=4 @2 
INFO: Combined process b b~ > u c u~ c~ WEIGHTED<=4 @2 with process d d~ > u c u~ c~ WEIGHTED<=4 @2 
INFO: Combined process b b~ > u d u~ d~ WEIGHTED<=4 @2 with process d d~ > u c u~ c~ WEIGHTED<=4 @2 
INFO: Combined process b b~ > u s u~ s~ WEIGHTED<=4 @2 with process d d~ > u c u~ c~ WEIGHTED<=4 @2 
INFO: Combined process b b~ > c d c~ d~ WEIGHTED<=4 @2 with process d d~ > u c u~ c~ WEIGHTED<=4 @2 
INFO: Combined process b b~ > c s c~ s~ WEIGHTED<=4 @2 with process d d~ > u c u~ c~ WEIGHTED<=4 @2 
INFO: Combined process b b~ > d s d~ s~ WEIGHTED<=4 @2 with process d d~ > u c u~ c~ WEIGHTED<=4 @2 
INFO: Generating Helas calls for process: g g > g g g WEIGHTED<=3 @1 
INFO: Processing color information for process: g g > g g g @1 
INFO: Generating Helas calls for process: g g > g u u~ WEIGHTED<=3 @1 
INFO: Processing color information for process: g g > g u u~ @1 
INFO: Combined process g g > g c c~ WEIGHTED<=3 @1 with process g g > g u u~ WEIGHTED<=3 @1 
INFO: Combined process g g > g d d~ WEIGHTED<=3 @1 with process g g > g u u~ WEIGHTED<=3 @1 
INFO: Combined process g g > g s s~ WEIGHTED<=3 @1 with process g g > g u u~ WEIGHTED<=3 @1 
INFO: Combined process g g > g b b~ WEIGHTED<=3 @1 with process g g > g u u~ WEIGHTED<=3 @1 
INFO: Generating Helas calls for process: g u > g g u WEIGHTED<=3 @1 
INFO: Processing color information for process: g u > g g u @1 
INFO: Combined process g c > g g c WEIGHTED<=3 @1 with process g u > g g u WEIGHTED<=3 @1 
INFO: Combined process g d > g g d WEIGHTED<=3 @1 with process g u > g g u WEIGHTED<=3 @1 
INFO: Combined process g s > g g s WEIGHTED<=3 @1 with process g u > g g u WEIGHTED<=3 @1 
INFO: Generating Helas calls for process: g u~ > g g u~ WEIGHTED<=3 @1 
INFO: Processing color information for process: g u~ > g g u~ @1 
INFO: Combined process g c~ > g g c~ WEIGHTED<=3 @1 with process g u~ > g g u~ WEIGHTED<=3 @1 
INFO: Combined process g d~ > g g d~ WEIGHTED<=3 @1 with process g u~ > g g u~ WEIGHTED<=3 @1 
INFO: Combined process g s~ > g g s~ WEIGHTED<=3 @1 with process g u~ > g g u~ WEIGHTED<=3 @1 
INFO: Combined process g b > g g b WEIGHTED<=3 @1 with process g u > g g u WEIGHTED<=3 @1 
INFO: Combined process g b~ > g g b~ WEIGHTED<=3 @1 with process g u~ > g g u~ WEIGHTED<=3 @1 
INFO: Generating Helas calls for process: u u~ > g g g WEIGHTED<=3 @1 
INFO: Processing color information for process: u u~ > g g g @1 
INFO: Combined process c c~ > g g g WEIGHTED<=3 @1 with process u u~ > g g g WEIGHTED<=3 @1 
INFO: Combined process d d~ > g g g WEIGHTED<=3 @1 with process u u~ > g g g WEIGHTED<=3 @1 
INFO: Combined process s s~ > g g g WEIGHTED<=3 @1 with process u u~ > g g g WEIGHTED<=3 @1 
INFO: Combined process b b~ > g g g WEIGHTED<=3 @1 with process u u~ > g g g WEIGHTED<=3 @1 
INFO: Generating Helas calls for process: g u > u u u~ WEIGHTED<=3 @1 
INFO: Processing color information for process: g u > u u u~ @1 
INFO: Combined process g c > c c c~ WEIGHTED<=3 @1 with process g u > u u u~ WEIGHTED<=3 @1 
INFO: Combined process g d > d d d~ WEIGHTED<=3 @1 with process g u > u u u~ WEIGHTED<=3 @1 
INFO: Combined process g s > s s s~ WEIGHTED<=3 @1 with process g u > u u u~ WEIGHTED<=3 @1 
INFO: Generating Helas calls for process: g u~ > u u~ u~ WEIGHTED<=3 @1 
INFO: Processing color information for process: g u~ > u u~ u~ @1 
INFO: Combined process g c~ > c c~ c~ WEIGHTED<=3 @1 with process g u~ > u u~ u~ WEIGHTED<=3 @1 
INFO: Combined process g d~ > d d~ d~ WEIGHTED<=3 @1 with process g u~ > u u~ u~ WEIGHTED<=3 @1 
INFO: Combined process g s~ > s s~ s~ WEIGHTED<=3 @1 with process g u~ > u u~ u~ WEIGHTED<=3 @1 
INFO: Combined process g b > b b b~ WEIGHTED<=3 @1 with process g u > u u u~ WEIGHTED<=3 @1 
INFO: Combined process g b~ > b b~ b~ WEIGHTED<=3 @1 with process g u~ > u u~ u~ WEIGHTED<=3 @1 
INFO: Generating Helas calls for process: g u > u c c~ WEIGHTED<=3 @1 
INFO: Processing color information for process: g u > u c c~ @1 
INFO: Combined process g u > u d d~ WEIGHTED<=3 @1 with process g u > u c c~ WEIGHTED<=3 @1 
INFO: Combined process g u > u s s~ WEIGHTED<=3 @1 with process g u > u c c~ WEIGHTED<=3 @1 
INFO: Combined process g u > u b b~ WEIGHTED<=3 @1 with process g u > u c c~ WEIGHTED<=3 @1 
INFO: Combined process g c > c u u~ WEIGHTED<=3 @1 with process g u > u c c~ WEIGHTED<=3 @1 
INFO: Combined process g c > c d d~ WEIGHTED<=3 @1 with process g u > u c c~ WEIGHTED<=3 @1 
INFO: Combined process g c > c s s~ WEIGHTED<=3 @1 with process g u > u c c~ WEIGHTED<=3 @1 
INFO: Combined process g c > c b b~ WEIGHTED<=3 @1 with process g u > u c c~ WEIGHTED<=3 @1 
INFO: Combined process g d > d u u~ WEIGHTED<=3 @1 with process g u > u c c~ WEIGHTED<=3 @1 
INFO: Combined process g d > d c c~ WEIGHTED<=3 @1 with process g u > u c c~ WEIGHTED<=3 @1 
INFO: Combined process g d > d s s~ WEIGHTED<=3 @1 with process g u > u c c~ WEIGHTED<=3 @1 
INFO: Combined process g d > d b b~ WEIGHTED<=3 @1 with process g u > u c c~ WEIGHTED<=3 @1 
INFO: Combined process g s > s u u~ WEIGHTED<=3 @1 with process g u > u c c~ WEIGHTED<=3 @1 
INFO: Combined process g s > s c c~ WEIGHTED<=3 @1 with process g u > u c c~ WEIGHTED<=3 @1 
INFO: Combined process g s > s d d~ WEIGHTED<=3 @1 with process g u > u c c~ WEIGHTED<=3 @1 
INFO: Combined process g s > s b b~ WEIGHTED<=3 @1 with process g u > u c c~ WEIGHTED<=3 @1 
INFO: Generating Helas calls for process: g u~ > c u~ c~ WEIGHTED<=3 @1 
INFO: Processing color information for process: g u~ > c u~ c~ @1 
INFO: Combined process g u~ > d u~ d~ WEIGHTED<=3 @1 with process g u~ > c u~ c~ WEIGHTED<=3 @1 
INFO: Combined process g u~ > s u~ s~ WEIGHTED<=3 @1 with process g u~ > c u~ c~ WEIGHTED<=3 @1 
INFO: Combined process g u~ > b u~ b~ WEIGHTED<=3 @1 with process g u~ > c u~ c~ WEIGHTED<=3 @1 
INFO: Combined process g c~ > u c~ u~ WEIGHTED<=3 @1 with process g u~ > c u~ c~ WEIGHTED<=3 @1 
INFO: Combined process g c~ > d c~ d~ WEIGHTED<=3 @1 with process g u~ > c u~ c~ WEIGHTED<=3 @1 
INFO: Combined process g c~ > s c~ s~ WEIGHTED<=3 @1 with process g u~ > c u~ c~ WEIGHTED<=3 @1 
INFO: Combined process g c~ > b c~ b~ WEIGHTED<=3 @1 with process g u~ > c u~ c~ WEIGHTED<=3 @1 
INFO: Combined process g d~ > u d~ u~ WEIGHTED<=3 @1 with process g u~ > c u~ c~ WEIGHTED<=3 @1 
INFO: Combined process g d~ > c d~ c~ WEIGHTED<=3 @1 with process g u~ > c u~ c~ WEIGHTED<=3 @1 
INFO: Combined process g d~ > s d~ s~ WEIGHTED<=3 @1 with process g u~ > c u~ c~ WEIGHTED<=3 @1 
INFO: Combined process g d~ > b d~ b~ WEIGHTED<=3 @1 with process g u~ > c u~ c~ WEIGHTED<=3 @1 
INFO: Combined process g s~ > u s~ u~ WEIGHTED<=3 @1 with process g u~ > c u~ c~ WEIGHTED<=3 @1 
INFO: Combined process g s~ > c s~ c~ WEIGHTED<=3 @1 with process g u~ > c u~ c~ WEIGHTED<=3 @1 
INFO: Combined process g s~ > d s~ d~ WEIGHTED<=3 @1 with process g u~ > c u~ c~ WEIGHTED<=3 @1 
INFO: Combined process g s~ > b s~ b~ WEIGHTED<=3 @1 with process g u~ > c u~ c~ WEIGHTED<=3 @1 
INFO: Combined process g b > b u u~ WEIGHTED<=3 @1 with process g u > u c c~ WEIGHTED<=3 @1 
INFO: Combined process g b > b c c~ WEIGHTED<=3 @1 with process g u > u c c~ WEIGHTED<=3 @1 
INFO: Combined process g b > b d d~ WEIGHTED<=3 @1 with process g u > u c c~ WEIGHTED<=3 @1 
INFO: Combined process g b > b s s~ WEIGHTED<=3 @1 with process g u > u c c~ WEIGHTED<=3 @1 
INFO: Combined process g b~ > u b~ u~ WEIGHTED<=3 @1 with process g u~ > c u~ c~ WEIGHTED<=3 @1 
INFO: Combined process g b~ > c b~ c~ WEIGHTED<=3 @1 with process g u~ > c u~ c~ WEIGHTED<=3 @1 
INFO: Combined process g b~ > d b~ d~ WEIGHTED<=3 @1 with process g u~ > c u~ c~ WEIGHTED<=3 @1 
INFO: Combined process g b~ > s b~ s~ WEIGHTED<=3 @1 with process g u~ > c u~ c~ WEIGHTED<=3 @1 
INFO: Generating Helas calls for process: u u > g u u WEIGHTED<=3 @1 
INFO: Processing color information for process: u u > g u u @1 
INFO: Generating Helas calls for process: u u~ > g u u~ WEIGHTED<=3 @1 
INFO: Processing color information for process: u u~ > g u u~ @1 
INFO: Combined process c c > g c c WEIGHTED<=3 @1 with process u u > g u u WEIGHTED<=3 @1 
INFO: Combined process c c~ > g c c~ WEIGHTED<=3 @1 with process u u~ > g u u~ WEIGHTED<=3 @1 
INFO: Combined process d d > g d d WEIGHTED<=3 @1 with process u u > g u u WEIGHTED<=3 @1 
INFO: Combined process d d~ > g d d~ WEIGHTED<=3 @1 with process u u~ > g u u~ WEIGHTED<=3 @1 
INFO: Combined process s s > g s s WEIGHTED<=3 @1 with process u u > g u u WEIGHTED<=3 @1 
INFO: Combined process s s~ > g s s~ WEIGHTED<=3 @1 with process u u~ > g u u~ WEIGHTED<=3 @1 
INFO: Generating Helas calls for process: u~ u~ > g u~ u~ WEIGHTED<=3 @1 
INFO: Processing color information for process: u~ u~ > g u~ u~ @1 
INFO: Combined process c~ c~ > g c~ c~ WEIGHTED<=3 @1 with process u~ u~ > g u~ u~ WEIGHTED<=3 @1 
INFO: Combined process d~ d~ > g d~ d~ WEIGHTED<=3 @1 with process u~ u~ > g u~ u~ WEIGHTED<=3 @1 
INFO: Combined process s~ s~ > g s~ s~ WEIGHTED<=3 @1 with process u~ u~ > g u~ u~ WEIGHTED<=3 @1 
INFO: Combined process b b > g b b WEIGHTED<=3 @1 with process u u > g u u WEIGHTED<=3 @1 
INFO: Combined process b b~ > g b b~ WEIGHTED<=3 @1 with process u u~ > g u u~ WEIGHTED<=3 @1 
INFO: Combined process b~ b~ > g b~ b~ WEIGHTED<=3 @1 with process u~ u~ > g u~ u~ WEIGHTED<=3 @1 
INFO: Generating Helas calls for process: u c > g u c WEIGHTED<=3 @1 
INFO: Processing color information for process: u c > g u c @1 
INFO: Combined process u d > g u d WEIGHTED<=3 @1 with process u c > g u c WEIGHTED<=3 @1 
INFO: Combined process u s > g u s WEIGHTED<=3 @1 with process u c > g u c WEIGHTED<=3 @1 
INFO: Generating Helas calls for process: u u~ > g c c~ WEIGHTED<=3 @1 
INFO: Processing color information for process: u u~ > g c c~ @1 
INFO: Combined process u u~ > g d d~ WEIGHTED<=3 @1 with process u u~ > g c c~ WEIGHTED<=3 @1 
INFO: Combined process u u~ > g s s~ WEIGHTED<=3 @1 with process u u~ > g c c~ WEIGHTED<=3 @1 
INFO: Combined process u u~ > g b b~ WEIGHTED<=3 @1 with process u u~ > g c c~ WEIGHTED<=3 @1 
INFO: Generating Helas calls for process: u c~ > g u c~ WEIGHTED<=3 @1 
INFO: Processing color information for process: u c~ > g u c~ @1 
INFO: Combined process u d~ > g u d~ WEIGHTED<=3 @1 with process u c~ > g u c~ WEIGHTED<=3 @1 
INFO: Combined process u s~ > g u s~ WEIGHTED<=3 @1 with process u c~ > g u c~ WEIGHTED<=3 @1 
INFO: Combined process u b > g u b WEIGHTED<=3 @1 with process u c > g u c WEIGHTED<=3 @1 
INFO: Combined process u b~ > g u b~ WEIGHTED<=3 @1 with process u c~ > g u c~ WEIGHTED<=3 @1 
INFO: Combined process c d > g c d WEIGHTED<=3 @1 with process u c > g u c WEIGHTED<=3 @1 
INFO: Combined process c s > g c s WEIGHTED<=3 @1 with process u c > g u c WEIGHTED<=3 @1 
INFO: Combined process c u~ > g c u~ WEIGHTED<=3 @1 with process u c~ > g u c~ WEIGHTED<=3 @1 
INFO: Combined process c c~ > g u u~ WEIGHTED<=3 @1 with process u u~ > g c c~ WEIGHTED<=3 @1 
INFO: Combined process c c~ > g d d~ WEIGHTED<=3 @1 with process u u~ > g c c~ WEIGHTED<=3 @1 
INFO: Combined process c c~ > g s s~ WEIGHTED<=3 @1 with process u u~ > g c c~ WEIGHTED<=3 @1 
INFO: Combined process c c~ > g b b~ WEIGHTED<=3 @1 with process u u~ > g c c~ WEIGHTED<=3 @1 
INFO: Combined process c d~ > g c d~ WEIGHTED<=3 @1 with process u c~ > g u c~ WEIGHTED<=3 @1 
INFO: Combined process c s~ > g c s~ WEIGHTED<=3 @1 with process u c~ > g u c~ WEIGHTED<=3 @1 
INFO: Combined process c b > g c b WEIGHTED<=3 @1 with process u c > g u c WEIGHTED<=3 @1 
INFO: Combined process c b~ > g c b~ WEIGHTED<=3 @1 with process u c~ > g u c~ WEIGHTED<=3 @1 
INFO: Combined process d s > g d s WEIGHTED<=3 @1 with process u c > g u c WEIGHTED<=3 @1 
INFO: Combined process d u~ > g d u~ WEIGHTED<=3 @1 with process u c~ > g u c~ WEIGHTED<=3 @1 
INFO: Combined process d c~ > g d c~ WEIGHTED<=3 @1 with process u c~ > g u c~ WEIGHTED<=3 @1 
INFO: Combined process d d~ > g u u~ WEIGHTED<=3 @1 with process u u~ > g c c~ WEIGHTED<=3 @1 
INFO: Combined process d d~ > g c c~ WEIGHTED<=3 @1 with process u u~ > g c c~ WEIGHTED<=3 @1 
INFO: Combined process d d~ > g s s~ WEIGHTED<=3 @1 with process u u~ > g c c~ WEIGHTED<=3 @1 
INFO: Combined process d d~ > g b b~ WEIGHTED<=3 @1 with process u u~ > g c c~ WEIGHTED<=3 @1 
INFO: Combined process d s~ > g d s~ WEIGHTED<=3 @1 with process u c~ > g u c~ WEIGHTED<=3 @1 
INFO: Combined process d b > g d b WEIGHTED<=3 @1 with process u c > g u c WEIGHTED<=3 @1 
INFO: Combined process d b~ > g d b~ WEIGHTED<=3 @1 with process u c~ > g u c~ WEIGHTED<=3 @1 
INFO: Combined process s u~ > g s u~ WEIGHTED<=3 @1 with process u c~ > g u c~ WEIGHTED<=3 @1 
INFO: Combined process s c~ > g s c~ WEIGHTED<=3 @1 with process u c~ > g u c~ WEIGHTED<=3 @1 
INFO: Combined process s d~ > g s d~ WEIGHTED<=3 @1 with process u c~ > g u c~ WEIGHTED<=3 @1 
INFO: Combined process s s~ > g u u~ WEIGHTED<=3 @1 with process u u~ > g c c~ WEIGHTED<=3 @1 
INFO: Combined process s s~ > g c c~ WEIGHTED<=3 @1 with process u u~ > g c c~ WEIGHTED<=3 @1 
INFO: Combined process s s~ > g d d~ WEIGHTED<=3 @1 with process u u~ > g c c~ WEIGHTED<=3 @1 
INFO: Combined process s s~ > g b b~ WEIGHTED<=3 @1 with process u u~ > g c c~ WEIGHTED<=3 @1 
INFO: Combined process s b > g s b WEIGHTED<=3 @1 with process u c > g u c WEIGHTED<=3 @1 
INFO: Combined process s b~ > g s b~ WEIGHTED<=3 @1 with process u c~ > g u c~ WEIGHTED<=3 @1 
INFO: Generating Helas calls for process: u~ c~ > g u~ c~ WEIGHTED<=3 @1 
INFO: Processing color information for process: u~ c~ > g u~ c~ @1 
INFO: Combined process u~ d~ > g u~ d~ WEIGHTED<=3 @1 with process u~ c~ > g u~ c~ WEIGHTED<=3 @1 
INFO: Combined process u~ s~ > g u~ s~ WEIGHTED<=3 @1 with process u~ c~ > g u~ c~ WEIGHTED<=3 @1 
INFO: Generating Helas calls for process: u~ b > g b u~ WEIGHTED<=3 @1 
INFO: Processing color information for process: u~ b > g b u~ @1 
INFO: Combined process u~ b~ > g u~ b~ WEIGHTED<=3 @1 with process u~ c~ > g u~ c~ WEIGHTED<=3 @1 
INFO: Combined process c~ d~ > g c~ d~ WEIGHTED<=3 @1 with process u~ c~ > g u~ c~ WEIGHTED<=3 @1 
INFO: Combined process c~ s~ > g c~ s~ WEIGHTED<=3 @1 with process u~ c~ > g u~ c~ WEIGHTED<=3 @1 
INFO: Combined process c~ b > g b c~ WEIGHTED<=3 @1 with process u~ b > g b u~ WEIGHTED<=3 @1 
INFO: Combined process c~ b~ > g c~ b~ WEIGHTED<=3 @1 with process u~ c~ > g u~ c~ WEIGHTED<=3 @1 
INFO: Combined process d~ s~ > g d~ s~ WEIGHTED<=3 @1 with process u~ c~ > g u~ c~ WEIGHTED<=3 @1 
INFO: Combined process d~ b > g b d~ WEIGHTED<=3 @1 with process u~ b > g b u~ WEIGHTED<=3 @1 
INFO: Combined process d~ b~ > g d~ b~ WEIGHTED<=3 @1 with process u~ c~ > g u~ c~ WEIGHTED<=3 @1 
INFO: Combined process s~ b > g b s~ WEIGHTED<=3 @1 with process u~ b > g b u~ WEIGHTED<=3 @1 
INFO: Combined process s~ b~ > g s~ b~ WEIGHTED<=3 @1 with process u~ c~ > g u~ c~ WEIGHTED<=3 @1 
INFO: Combined process b b~ > g u u~ WEIGHTED<=3 @1 with process u u~ > g c c~ WEIGHTED<=3 @1 
INFO: Combined process b b~ > g c c~ WEIGHTED<=3 @1 with process u u~ > g c c~ WEIGHTED<=3 @1 
INFO: Combined process b b~ > g d d~ WEIGHTED<=3 @1 with process u u~ > g c c~ WEIGHTED<=3 @1 
INFO: Combined process b b~ > g s s~ WEIGHTED<=3 @1 with process u u~ > g c c~ WEIGHTED<=3 @1 
INFO: Generating Helas calls for process: g g > g g WEIGHTED<=2 
INFO: Processing color information for process: g g > g g 
INFO: Generating Helas calls for process: g g > u u~ WEIGHTED<=2 
INFO: Processing color information for process: g g > u u~ 
INFO: Combined process g g > c c~ WEIGHTED<=2 with process g g > u u~ WEIGHTED<=2 
INFO: Combined process g g > d d~ WEIGHTED<=2 with process g g > u u~ WEIGHTED<=2 
INFO: Combined process g g > s s~ WEIGHTED<=2 with process g g > u u~ WEIGHTED<=2 
INFO: Combined process g g > b b~ WEIGHTED<=2 with process g g > u u~ WEIGHTED<=2 
INFO: Generating Helas calls for process: g u > g u WEIGHTED<=2 
INFO: Processing color information for process: g u > g u 
INFO: Combined process g c > g c WEIGHTED<=2 with process g u > g u WEIGHTED<=2 
INFO: Combined process g d > g d WEIGHTED<=2 with process g u > g u WEIGHTED<=2 
INFO: Combined process g s > g s WEIGHTED<=2 with process g u > g u WEIGHTED<=2 
INFO: Generating Helas calls for process: g u~ > g u~ WEIGHTED<=2 
INFO: Processing color information for process: g u~ > g u~ 
INFO: Combined process g c~ > g c~ WEIGHTED<=2 with process g u~ > g u~ WEIGHTED<=2 
INFO: Combined process g d~ > g d~ WEIGHTED<=2 with process g u~ > g u~ WEIGHTED<=2 
INFO: Combined process g s~ > g s~ WEIGHTED<=2 with process g u~ > g u~ WEIGHTED<=2 
INFO: Combined process g b > g b WEIGHTED<=2 with process g u > g u WEIGHTED<=2 
INFO: Combined process g b~ > g b~ WEIGHTED<=2 with process g u~ > g u~ WEIGHTED<=2 
INFO: Generating Helas calls for process: u u~ > g g WEIGHTED<=2 
INFO: Processing color information for process: u u~ > g g 
INFO: Combined process c c~ > g g WEIGHTED<=2 with process u u~ > g g WEIGHTED<=2 
INFO: Combined process d d~ > g g WEIGHTED<=2 with process u u~ > g g WEIGHTED<=2 
INFO: Combined process s s~ > g g WEIGHTED<=2 with process u u~ > g g WEIGHTED<=2 
INFO: Combined process b b~ > g g WEIGHTED<=2 with process u u~ > g g WEIGHTED<=2 
INFO: Generating Helas calls for process: u u > u u WEIGHTED<=2 
INFO: Processing color information for process: u u > u u 
INFO: Generating Helas calls for process: u u~ > u u~ WEIGHTED<=2 
INFO: Processing color information for process: u u~ > u u~ 
INFO: Combined process c c > c c WEIGHTED<=2 with process u u > u u WEIGHTED<=2 
INFO: Combined process c c~ > c c~ WEIGHTED<=2 with process u u~ > u u~ WEIGHTED<=2 
INFO: Combined process d d > d d WEIGHTED<=2 with process u u > u u WEIGHTED<=2 
INFO: Combined process d d~ > d d~ WEIGHTED<=2 with process u u~ > u u~ WEIGHTED<=2 
INFO: Combined process s s > s s WEIGHTED<=2 with process u u > u u WEIGHTED<=2 
INFO: Combined process s s~ > s s~ WEIGHTED<=2 with process u u~ > u u~ WEIGHTED<=2 
INFO: Generating Helas calls for process: u~ u~ > u~ u~ WEIGHTED<=2 
INFO: Processing color information for process: u~ u~ > u~ u~ 
INFO: Combined process c~ c~ > c~ c~ WEIGHTED<=2 with process u~ u~ > u~ u~ WEIGHTED<=2 
INFO: Combined process d~ d~ > d~ d~ WEIGHTED<=2 with process u~ u~ > u~ u~ WEIGHTED<=2 
INFO: Combined process s~ s~ > s~ s~ WEIGHTED<=2 with process u~ u~ > u~ u~ WEIGHTED<=2 
INFO: Combined process b b > b b WEIGHTED<=2 with process u u > u u WEIGHTED<=2 
INFO: Combined process b b~ > b b~ WEIGHTED<=2 with process u u~ > u u~ WEIGHTED<=2 
INFO: Combined process b~ b~ > b~ b~ WEIGHTED<=2 with process u~ u~ > u~ u~ WEIGHTED<=2 
INFO: Generating Helas calls for process: u c > u c WEIGHTED<=2 
INFO: Processing color information for process: u c > u c 
INFO: Combined process u d > u d WEIGHTED<=2 with process u c > u c WEIGHTED<=2 
INFO: Combined process u s > u s WEIGHTED<=2 with process u c > u c WEIGHTED<=2 
INFO: Generating Helas calls for process: u u~ > c c~ WEIGHTED<=2 
INFO: Processing color information for process: u u~ > c c~ 
INFO: Combined process u u~ > d d~ WEIGHTED<=2 with process u u~ > c c~ WEIGHTED<=2 
INFO: Combined process u u~ > s s~ WEIGHTED<=2 with process u u~ > c c~ WEIGHTED<=2 
INFO: Combined process u u~ > b b~ WEIGHTED<=2 with process u u~ > c c~ WEIGHTED<=2 
INFO: Generating Helas calls for process: u c~ > u c~ WEIGHTED<=2 
INFO: Processing color information for process: u c~ > u c~ 
INFO: Combined process u d~ > u d~ WEIGHTED<=2 with process u c~ > u c~ WEIGHTED<=2 
INFO: Combined process u s~ > u s~ WEIGHTED<=2 with process u c~ > u c~ WEIGHTED<=2 
INFO: Combined process u b > u b WEIGHTED<=2 with process u c > u c WEIGHTED<=2 
INFO: Combined process u b~ > u b~ WEIGHTED<=2 with process u c~ > u c~ WEIGHTED<=2 
INFO: Combined process c d > c d WEIGHTED<=2 with process u c > u c WEIGHTED<=2 
INFO: Combined process c s > c s WEIGHTED<=2 with process u c > u c WEIGHTED<=2 
INFO: Combined process c u~ > c u~ WEIGHTED<=2 with process u c~ > u c~ WEIGHTED<=2 
INFO: Combined process c c~ > u u~ WEIGHTED<=2 with process u u~ > c c~ WEIGHTED<=2 
INFO: Combined process c c~ > d d~ WEIGHTED<=2 with process u u~ > c c~ WEIGHTED<=2 
INFO: Combined process c c~ > s s~ WEIGHTED<=2 with process u u~ > c c~ WEIGHTED<=2 
INFO: Combined process c c~ > b b~ WEIGHTED<=2 with process u u~ > c c~ WEIGHTED<=2 
INFO: Combined process c d~ > c d~ WEIGHTED<=2 with process u c~ > u c~ WEIGHTED<=2 
INFO: Combined process c s~ > c s~ WEIGHTED<=2 with process u c~ > u c~ WEIGHTED<=2 
INFO: Combined process c b > c b WEIGHTED<=2 with process u c > u c WEIGHTED<=2 
INFO: Combined process c b~ > c b~ WEIGHTED<=2 with process u c~ > u c~ WEIGHTED<=2 
INFO: Combined process d s > d s WEIGHTED<=2 with process u c > u c WEIGHTED<=2 
INFO: Combined process d u~ > d u~ WEIGHTED<=2 with process u c~ > u c~ WEIGHTED<=2 
INFO: Combined process d c~ > d c~ WEIGHTED<=2 with process u c~ > u c~ WEIGHTED<=2 
INFO: Combined process d d~ > u u~ WEIGHTED<=2 with process u u~ > c c~ WEIGHTED<=2 
INFO: Combined process d d~ > c c~ WEIGHTED<=2 with process u u~ > c c~ WEIGHTED<=2 
INFO: Combined process d d~ > s s~ WEIGHTED<=2 with process u u~ > c c~ WEIGHTED<=2 
INFO: Combined process d d~ > b b~ WEIGHTED<=2 with process u u~ > c c~ WEIGHTED<=2 
INFO: Combined process d s~ > d s~ WEIGHTED<=2 with process u c~ > u c~ WEIGHTED<=2 
INFO: Combined process d b > d b WEIGHTED<=2 with process u c > u c WEIGHTED<=2 
INFO: Combined process d b~ > d b~ WEIGHTED<=2 with process u c~ > u c~ WEIGHTED<=2 
INFO: Combined process s u~ > s u~ WEIGHTED<=2 with process u c~ > u c~ WEIGHTED<=2 
INFO: Combined process s c~ > s c~ WEIGHTED<=2 with process u c~ > u c~ WEIGHTED<=2 
INFO: Combined process s d~ > s d~ WEIGHTED<=2 with process u c~ > u c~ WEIGHTED<=2 
INFO: Combined process s s~ > u u~ WEIGHTED<=2 with process u u~ > c c~ WEIGHTED<=2 
INFO: Combined process s s~ > c c~ WEIGHTED<=2 with process u u~ > c c~ WEIGHTED<=2 
INFO: Combined process s s~ > d d~ WEIGHTED<=2 with process u u~ > c c~ WEIGHTED<=2 
INFO: Combined process s s~ > b b~ WEIGHTED<=2 with process u u~ > c c~ WEIGHTED<=2 
INFO: Combined process s b > s b WEIGHTED<=2 with process u c > u c WEIGHTED<=2 
INFO: Combined process s b~ > s b~ WEIGHTED<=2 with process u c~ > u c~ WEIGHTED<=2 
INFO: Generating Helas calls for process: u~ c~ > u~ c~ WEIGHTED<=2 
INFO: Processing color information for process: u~ c~ > u~ c~ 
INFO: Combined process u~ d~ > u~ d~ WEIGHTED<=2 with process u~ c~ > u~ c~ WEIGHTED<=2 
INFO: Combined process u~ s~ > u~ s~ WEIGHTED<=2 with process u~ c~ > u~ c~ WEIGHTED<=2 
INFO: Generating Helas calls for process: u~ b > b u~ WEIGHTED<=2 
INFO: Processing color information for process: u~ b > b u~ 
INFO: Combined process u~ b~ > u~ b~ WEIGHTED<=2 with process u~ c~ > u~ c~ WEIGHTED<=2 
INFO: Combined process c~ d~ > c~ d~ WEIGHTED<=2 with process u~ c~ > u~ c~ WEIGHTED<=2 
INFO: Combined process c~ s~ > c~ s~ WEIGHTED<=2 with process u~ c~ > u~ c~ WEIGHTED<=2 
INFO: Combined process c~ b > b c~ WEIGHTED<=2 with process u~ b > b u~ WEIGHTED<=2 
INFO: Combined process c~ b~ > c~ b~ WEIGHTED<=2 with process u~ c~ > u~ c~ WEIGHTED<=2 
INFO: Combined process d~ s~ > d~ s~ WEIGHTED<=2 with process u~ c~ > u~ c~ WEIGHTED<=2 
INFO: Combined process d~ b > b d~ WEIGHTED<=2 with process u~ b > b u~ WEIGHTED<=2 
INFO: Combined process d~ b~ > d~ b~ WEIGHTED<=2 with process u~ c~ > u~ c~ WEIGHTED<=2 
INFO: Combined process s~ b > b s~ WEIGHTED<=2 with process u~ b > b u~ WEIGHTED<=2 
INFO: Combined process s~ b~ > s~ b~ WEIGHTED<=2 with process u~ c~ > u~ c~ WEIGHTED<=2 
INFO: Combined process b b~ > u u~ WEIGHTED<=2 with process u u~ > c c~ WEIGHTED<=2 
INFO: Combined process b b~ > c c~ WEIGHTED<=2 with process u u~ > c c~ WEIGHTED<=2 
INFO: Combined process b b~ > d d~ WEIGHTED<=2 with process u u~ > c c~ WEIGHTED<=2 
INFO: Combined process b b~ > s s~ WEIGHTED<=2 with process u u~ > c c~ WEIGHTED<=2 
INFO: Creating files in directory P2_gg_gggg 
INFO: Computing Color-Flow optimization [8160 term] 
INFO: Color-Flow passed to 120 term in 2s. Introduce 951 contraction 
INFO: Generating Feynman diagrams for Process: g g > g g g g WEIGHTED<=4 @2 
INFO: Finding symmetric diagrams for subprocess group gg_gggg 
INFO: Creating files in directory P2_gg_ggqq 
INFO: Generating Feynman diagrams for Process: g g > g g u u~ WEIGHTED<=4 @2 
INFO: Finding symmetric diagrams for subprocess group gg_ggqq 
INFO: Creating files in directory P2_gq_gggq 
INFO: Generating Feynman diagrams for Process: g u > g g g u WEIGHTED<=4 @2 
INFO: Generating Feynman diagrams for Process: g u~ > g g g u~ WEIGHTED<=4 @2 
INFO: Finding symmetric diagrams for subprocess group gq_gggq 
INFO: Creating files in directory P2_qq_gggg 
INFO: Generating Feynman diagrams for Process: u u~ > g g g g WEIGHTED<=4 @2 
INFO: Finding symmetric diagrams for subprocess group qq_gggg 
INFO: Creating files in directory P2_gg_qqqq 
INFO: Generating Feynman diagrams for Process: g g > u u u~ u~ WEIGHTED<=4 @2 
INFO: Generating Feynman diagrams for Process: g g > u c u~ c~ WEIGHTED<=4 @2 
INFO: Finding symmetric diagrams for subprocess group gg_qqqq 
INFO: Creating files in directory P2_gq_gqqq 
INFO: Generating Feynman diagrams for Process: g u > g u u u~ WEIGHTED<=4 @2 
INFO: Generating Feynman diagrams for Process: g u~ > g u u~ u~ WEIGHTED<=4 @2 
INFO: Generating Feynman diagrams for Process: g u > g u c c~ WEIGHTED<=4 @2 
INFO: Generating Feynman diagrams for Process: g u~ > g c u~ c~ WEIGHTED<=4 @2 
INFO: Finding symmetric diagrams for subprocess group gq_gqqq 
INFO: Creating files in directory P2_qq_ggqq 
INFO: Generating Feynman diagrams for Process: u u > g g u u WEIGHTED<=4 @2 
INFO: Generating Feynman diagrams for Process: u u~ > g g u u~ WEIGHTED<=4 @2 
INFO: Generating Feynman diagrams for Process: u~ u~ > g g u~ u~ WEIGHTED<=4 @2 
INFO: Generating Feynman diagrams for Process: u c > g g u c WEIGHTED<=4 @2 
INFO: Generating Feynman diagrams for Process: u u~ > g g c c~ WEIGHTED<=4 @2 
INFO: Generating Feynman diagrams for Process: u c~ > g g u c~ WEIGHTED<=4 @2 
INFO: Generating Feynman diagrams for Process: u~ c~ > g g u~ c~ WEIGHTED<=4 @2 
INFO: Generating Feynman diagrams for Process: u~ b > g g b u~ WEIGHTED<=4 @2 
INFO: Finding symmetric diagrams for subprocess group qq_ggqq 
INFO: Creating files in directory P2_qq_qqqq 
INFO: Generating Feynman diagrams for Process: u u > u u u u~ WEIGHTED<=4 @2 
INFO: Generating Feynman diagrams for Process: u u~ > u u u~ u~ WEIGHTED<=4 @2 
INFO: Generating Feynman diagrams for Process: u~ u~ > u u~ u~ u~ WEIGHTED<=4 @2 
INFO: Generating Feynman diagrams for Process: u u > u u c c~ WEIGHTED<=4 @2 
INFO: Generating Feynman diagrams for Process: u c > u u c u~ WEIGHTED<=4 @2 
INFO: Generating Feynman diagrams for Process: u c > u c c c~ WEIGHTED<=4 @2 
INFO: Generating Feynman diagrams for Process: u u~ > u c u~ c~ WEIGHTED<=4 @2 
INFO: Generating Feynman diagrams for Process: u u~ > c c c~ c~ WEIGHTED<=4 @2 
INFO: Generating Feynman diagrams for Process: u c~ > u u u~ c~ WEIGHTED<=4 @2 
INFO: Generating Feynman diagrams for Process: u c~ > u c c~ c~ WEIGHTED<=4 @2 
INFO: Generating Feynman diagrams for Process: c c~ > u c u~ c~ WEIGHTED<=4 @2 
INFO: Generating Feynman diagrams for Process: u~ u~ > c u~ u~ c~ WEIGHTED<=4 @2 
INFO: Generating Feynman diagrams for Process: u~ c~ > u u~ u~ c~ WEIGHTED<=4 @2 
INFO: Generating Feynman diagrams for Process: u~ c~ > c u~ c~ c~ WEIGHTED<=4 @2 
INFO: Generating Feynman diagrams for Process: u~ b > u b u~ u~ WEIGHTED<=4 @2 
INFO: Generating Feynman diagrams for Process: u~ b > b b u~ b~ WEIGHTED<=4 @2 
INFO: Generating Feynman diagrams for Process: b b~ > u b u~ b~ WEIGHTED<=4 @2 
INFO: Generating Feynman diagrams for Process: u c > u c d d~ WEIGHTED<=4 @2 
INFO: Generating Feynman diagrams for Process: u u~ > c d c~ d~ WEIGHTED<=4 @2 
INFO: Generating Feynman diagrams for Process: u c~ > u d c~ d~ WEIGHTED<=4 @2 
INFO: Generating Feynman diagrams for Process: d d~ > u c u~ c~ WEIGHTED<=4 @2 
INFO: Generating Feynman diagrams for Process: u~ c~ > d u~ c~ d~ WEIGHTED<=4 @2 
INFO: Generating Feynman diagrams for Process: u~ b > c b u~ c~ WEIGHTED<=4 @2 
INFO: Finding symmetric diagrams for subprocess group qq_qqqq 
INFO: Creating files in directory P1_gg_ggg 
INFO: Generating Feynman diagrams for Process: g g > g g g WEIGHTED<=3 @1 
INFO: Finding symmetric diagrams for subprocess group gg_ggg 
INFO: Creating files in directory P1_gg_gqq 
INFO: Generating Feynman diagrams for Process: g g > g u u~ WEIGHTED<=3 @1 
INFO: Finding symmetric diagrams for subprocess group gg_gqq 
INFO: Creating files in directory P1_gq_ggq 
INFO: Generating Feynman diagrams for Process: g u > g g u WEIGHTED<=3 @1 
INFO: Generating Feynman diagrams for Process: g u~ > g g u~ WEIGHTED<=3 @1 
INFO: Finding symmetric diagrams for subprocess group gq_ggq 
INFO: Creating files in directory P1_qq_ggg 
INFO: Generating Feynman diagrams for Process: u u~ > g g g WEIGHTED<=3 @1 
INFO: Finding symmetric diagrams for subprocess group qq_ggg 
INFO: Creating files in directory P1_gq_qqq 
INFO: Generating Feynman diagrams for Process: g u > u u u~ WEIGHTED<=3 @1 
INFO: Generating Feynman diagrams for Process: g u~ > u u~ u~ WEIGHTED<=3 @1 
INFO: Generating Feynman diagrams for Process: g u > u c c~ WEIGHTED<=3 @1 
INFO: Generating Feynman diagrams for Process: g u~ > c u~ c~ WEIGHTED<=3 @1 
INFO: Finding symmetric diagrams for subprocess group gq_qqq 
INFO: Creating files in directory P1_qq_gqq 
INFO: Generating Feynman diagrams for Process: u u > g u u WEIGHTED<=3 @1 
INFO: Generating Feynman diagrams for Process: u u~ > g u u~ WEIGHTED<=3 @1 
INFO: Generating Feynman diagrams for Process: u~ u~ > g u~ u~ WEIGHTED<=3 @1 
INFO: Generating Feynman diagrams for Process: u c > g u c WEIGHTED<=3 @1 
INFO: Generating Feynman diagrams for Process: u u~ > g c c~ WEIGHTED<=3 @1 
INFO: Generating Feynman diagrams for Process: u c~ > g u c~ WEIGHTED<=3 @1 
INFO: Generating Feynman diagrams for Process: u~ c~ > g u~ c~ WEIGHTED<=3 @1 
INFO: Generating Feynman diagrams for Process: u~ b > g b u~ WEIGHTED<=3 @1 
INFO: Finding symmetric diagrams for subprocess group qq_gqq 
INFO: Creating files in directory P0_gg_gg 
INFO: Generating Feynman diagrams for Process: g g > g g WEIGHTED<=2 
INFO: Finding symmetric diagrams for subprocess group gg_gg 
INFO: Creating files in directory P0_gg_qq 
INFO: Generating Feynman diagrams for Process: g g > u u~ WEIGHTED<=2 
INFO: Finding symmetric diagrams for subprocess group gg_qq 
INFO: Creating files in directory P0_gq_gq 
INFO: Generating Feynman diagrams for Process: g u > g u WEIGHTED<=2 
INFO: Generating Feynman diagrams for Process: g u~ > g u~ WEIGHTED<=2 
INFO: Finding symmetric diagrams for subprocess group gq_gq 
INFO: Creating files in directory P0_qq_gg 
INFO: Generating Feynman diagrams for Process: u u~ > g g WEIGHTED<=2 
INFO: Finding symmetric diagrams for subprocess group qq_gg 
INFO: Creating files in directory P0_qq_qq 
INFO: Generating Feynman diagrams for Process: u u > u u WEIGHTED<=2 
INFO: Generating Feynman diagrams for Process: u u~ > u u~ WEIGHTED<=2 
INFO: Generating Feynman diagrams for Process: u~ u~ > u~ u~ WEIGHTED<=2 
INFO: Generating Feynman diagrams for Process: u c > u c WEIGHTED<=2 
INFO: Generating Feynman diagrams for Process: u u~ > c c~ WEIGHTED<=2 
INFO: Generating Feynman diagrams for Process: u c~ > u c~ WEIGHTED<=2 
INFO: Generating Feynman diagrams for Process: u~ c~ > u~ c~ WEIGHTED<=2 
INFO: Generating Feynman diagrams for Process: u~ b > b u~ WEIGHTED<=2 
INFO: Finding symmetric diagrams for subprocess group qq_qq 
Generated helas calls for 72 subprocesses (1997 diagrams) in 10.688 s
Wrote files for 4203 helas calls in 72.506 s
ALOHA: aloha starts to compute helicity amplitudes
ALOHA: aloha creates 5 routines in  2.472 s
save configuration file to /eos/project/f/foundational-model-dataset/samples/pu200_ryliu/QCD_HT50toInf-2000-10002/Cards/me5_configuration.txt
INFO: Use Fortran compiler /usr/bin/gfortran 
INFO: Use c++ compiler g++ 
INFO: Generate web pages 
Output to directory /eos/project/f/foundational-model-dataset/samples/pu200_ryliu/QCD_HT50toInf-2000-10002 done.
Type "launch" to generate events from this process, or see
/eos/project/f/foundational-model-dataset/samples/pu200_ryliu/QCD_HT50toInf-2000-10002/README
Run "open index.html" to see more information about this process.
quit
************************************************************
*                                                          *
*                      W E L C O M E to                    *
*             M A D G R A P H 5 _ a M C @ N L O            *
*                      M A D E V E N T                     *
*                                                          *
*                 *                       *                *
*                   *        * *        *                  *
*                     * * * * 5 * * * *                    *
*                   *        * *        *                  *
*                 *                       *                *
*                                                          *
*         VERSION 3.5.3                                    *
*                                                          *
*    The MadGraph5_aMC@NLO Development Team - Find us at   *
*    https://server06.fynu.ucl.ac.be/projects/madgraph     *
*                                                          *
*               Type 'help' for in-line help.              *
*                                                          *
************************************************************
INFO: load configuration from /eos/project/f/foundational-model-dataset/samples/pu200_ryliu/QCD_HT50toInf-2000-10002/Cards/me5_configuration.txt  
INFO: load configuration from /usr/local/MG5_aMC_v3_5_3/input/mg5_configuration.txt  
INFO: load configuration from /eos/project/f/foundational-model-dataset/samples/pu200_ryliu/QCD_HT50toInf-2000-10002/Cards/me5_configuration.txt  
No valid eps viewer found. Please set in ./input/mg5_configuration.txt
No valid web browser found. Please set in ./input/mg5_configuration.txt
import command /eos/project/f/foundational-model-dataset/samples/pu200_ryliu/QCD_HT50toInf-2000-10002/Cards/launchrun.dat
launch
The following switches determine which programs are run:
/===========================================================================\
| 1. Choose the shower/hadronization program   [1m  shower[0m = [31mOFF[0m               |
| 2. Choose the detector simulation program    [1mdetector[0m = [31mOFF[0m               |
| 3. Choose an analysis package (plot/convert) [1manalysis[0m = [01mNot Avail.[0m        |
| 4. Decay onshell particles                   [1m madspin[0m = [31mOFF[0m               |
| 5. Add weights to events for new hypp.       [1mreweight[0m = [31mOFF[0m               |
\===========================================================================/
Either type the switch number (1 to 5) to change its setting,
Set any switch explicitly (e.g. type 'shower=Pythia8' at the prompt)
Type 'help' for the list of all valid option
Type '0', 'auto', 'done' or just press enter when you are done.
The following switches determine which programs are run:
/===========================================================================\
| 1. Choose the shower/hadronization program   [1m  shower[0m = [31mOFF[0m               |
| 2. Choose the detector simulation program    [1mdetector[0m = [31mOFF[0m               |
| 3. Choose an analysis package (plot/convert) [1manalysis[0m = [01mNot Avail.[0m        |
| 4. Decay onshell particles                   [1m madspin[0m = [31mOFF[0m               |
| 5. Add weights to events for new hypp.       [1mreweight[0m = [31mOFF[0m               |
\===========================================================================/
Either type the switch number (1 to 5) to change its setting,
Set any switch explicitly (e.g. type 'shower=Pythia8' at the prompt)
Type 'help' for the list of all valid option
Type '0', 'auto', 'done' or just press enter when you are done.
malformed node or string: <_ast.Name object at 0x14e53a384070>
[1;34mFound unexpected entry in run_card: "reweight_pdf" with value "NNPDF31_nnlo_hessian_pdfas ".
  The type was assigned to str. 
  The definition of that variable will be automatically added to fortran file 
  The value of that variable will be passed to the fortran code via fortran file [0m
[1;34mrun_card missed argument time_of_flight. Takes default: -1.0[0m
[1;34mrun_card missed argument custom_fcts. Takes default: [][0m
[1;34mrun_card missed argument nhel. Takes default: 0[0m
[1;34mrun_card missed argument pt_min_pdg. Takes default: {}[0m
[1;34mrun_card missed argument pt_max_pdg. Takes default: {}[0m
[1;34mrun_card missed argument eta_min_pdg. Takes default: {}[0m
[1;34mrun_card missed argument eta_max_pdg. Takes default: {}[0m
[1;34mrun_card missed argument mxx_min_pdg. Takes default: {}[0m
[1;34mrun_card missed argument mxx_only_part_antipart. Takes default: {'default': False}[0m
[1;34mSince icckw>0, changing the value of 'drjl' to 0[0m
set nevents 2000
[1mINFO: modify parameter nevents of the run_card.dat to 2000 [0m
[1;34mWARNING: Particle 15 with small width detected (2.27e-12): See https://answers.launchpad.net/mg5amcnlo/+faq/3053 to learn the special handling of that case [0m
[1mINFO: Pythia8 needs a specific normalisation of the events. We will change it accordingly. [0m
[1mINFO: modify parameter event_norm of the run_card.dat to average [0m
INFO: Update the dependent parameter of the param_card.dat 
[1;34mWARNING: update the strong coupling value (alpha_s) to the value from the pdf selected: 0.11800215829284905 [0m
unexpected indent (<unknown>, line 1)
Generating 2000 events with run name run_01
survey  run_01 
unexpected indent (<unknown>, line 1)
INFO: compile directory 
[1;34mNot able to open file /eos/project/f/foundational-model-dataset/samples/pu200_ryliu/QCD_HT50toInf-2000-10002/crossx.html since no program configured.Please set one in ./input/mg5_configuration.txt[0m
INFO: Using LHAPDF v6.3.0 interface for PDFs 
compile Source Directory
Using random number seed offset = 10002
INFO: Running Survey 
Creating Jobs
Working on SubProcesses
INFO: Compiling for process 1/19. 
INFO:     P2_gg_gggg  
INFO: Compiling for process 2/19. 
INFO:     P2_gg_ggqq  
INFO: Compiling for process 3/19. 
INFO:     P2_gq_gggq  
INFO: Compiling for process 4/19. 
INFO:     P2_qq_gggg  
INFO: Compiling for process 5/19. 
INFO:     P2_gg_qqqq  
INFO: Compiling for process 6/19. 
INFO:     P2_gq_gqqq  
INFO: Compiling for process 7/19. 
INFO:     P2_qq_ggqq  
INFO: Compiling for process 8/19. 
INFO:     P2_qq_qqqq  
INFO: Compiling for process 9/19. 
INFO:     P1_gg_ggg  
INFO: Compiling for process 10/19. 
INFO:     P1_gg_gqq  
INFO: Compiling for process 11/19. 
INFO:     P1_gq_ggq  
INFO: Compiling for process 12/19. 
INFO:     P1_qq_ggg  
INFO: Compiling for process 13/19. 
INFO:     P1_gq_qqq  
INFO: Compiling for process 14/19. 
INFO:     P1_qq_gqq  
INFO: Compiling for process 15/19. 
INFO:     P0_gg_gg  
INFO: Compiling for process 16/19. 
INFO:     P0_gg_qq  
INFO: Compiling for process 17/19. 
INFO:     P0_gq_gq  
INFO: Compiling for process 18/19. 
INFO:     P0_qq_gg  
INFO: Compiling for process 19/19. 
INFO:     P0_qq_qq  
INFO:     P2_gg_gggg  
INFO:     P2_gg_ggqq  
INFO:     P2_gq_gggq  
INFO:     P2_qq_gggg  
INFO:     P2_gg_qqqq  
INFO:     P2_gq_gqqq  
INFO:     P2_qq_ggqq  
INFO:     P2_qq_qqqq  
INFO:     P1_gg_ggg  
INFO:     P1_gg_gqq  
INFO:     P1_gq_ggq  
INFO:     P1_qq_ggg  
INFO:     P1_gq_qqq  
INFO:     P1_qq_gqq  
INFO:     P0_gg_gg  
INFO:     P0_gg_qq  
INFO:     P0_gq_gq  
INFO:     P0_qq_gg  
INFO:     P0_qq_qq  
INFO:  Idle: 1,  Running: 1,  Completed: 120 [ current time: 10h03 ] 
INFO:  Idle: 0,  Running: 2,  Completed: 120 [ current time: 10h03 ] 
INFO:  Idle: 0,  Running: 0,  Completed: 122 [  1.8s  ] 
INFO: End survey 
refine 2000
Creating Jobs
INFO: Refine results to 2000 
INFO: Generating 2000.0 unweighted events. 
sum of cpu time of last step: 18m23s
INFO: Effective Luminosity 2.3843179141498238e-06 pb^-1 
INFO: need to improve 7 channels 
- Current estimate of cross-section: 1006445219.1120001 +- 9517077.384211022
    P2_gg_gggg 
    P2_gg_ggqq 
    P2_gq_gggq 
    P2_qq_gggg 
    P2_gg_qqqq 
    P2_gq_gqqq 
    P2_qq_ggqq 
    P2_qq_qqqq 
    P1_gg_ggg 
    P1_gg_gqq 
    P1_gq_ggq 
    P1_qq_ggg 
    P1_gq_qqq 
    P1_qq_gqq 
    P0_gg_gg 
    P0_gg_qq 
    P0_gq_gq 
    P0_qq_gg 
    P0_qq_qq 
INFO:  Idle: 0,  Running: 7,  Completed: 0 [ current time: 10h03 ] 
INFO:  Idle: 0,  Running: 6,  Completed: 1 [  1.2s  ] 
INFO:  Idle: 0,  Running: 4,  Completed: 3 [  7.9s  ] 
INFO:  Idle: 0,  Running: 3,  Completed: 4 [  17.8s  ] 
INFO:  Idle: 0,  Running: 2,  Completed: 5 [  34.6s  ] 
INFO:  Idle: 0,  Running: 1,  Completed: 6 [  41.2s  ] 
INFO:  Idle: 0,  Running: 0,  Completed: 7 [  1m 15s  ] 
INFO:  Idle: 0,  Running: 0,  Completed: 7 [  1m 15s  ] 
INFO: Combining runs 
sum of cpu time of last step: 20m34s
INFO: finish refine 
refine 2000 --treshold=0.9
No need for second refine due to stability of cross-section
INFO: Combining Events 
unexpected indent (<unknown>, line 1)
combination of events done in 24.89462184906006 s 
  === Results Summary for run: run_01 tag: QCD_HT ===

     Cross-section :   1.014e+09 +- 5.674e+06 pb
     Nb of events :  2000
 
INFO: Running Systematics computation 
unexpected indent (<unknown>, line 1)
INFO: # Events generated with PDF: NNPDF31_nnlo_hessian_pdfas (306000) 
INFO: # Will Compute 147 weights per event. 
INFO: # Currently at event 0 [elapsed time: 0.013 s] 
INFO: #***************************************************************************
#
# original cross-section: 1014599200.0
#     scale variation: +25.1% -21.5%
#     central scheme variation: + 0% -13.2%
# PDF variation: +5.19% -5.19%
#
# dynamical scheme # 1 : 9.63637e+08 +18.7% -16.5% # \sum ET
# dynamical scheme # 2 : 9.63637e+08 +18.7% -16.5% # \sum\sqrt{m^2+pt^2}
# dynamical scheme # 3 : 1.00099e+09 +23.3% -20.1% # 0.5 \sum\sqrt{m^2+pt^2}
# dynamical scheme # 4 : 8.80235e+08 +16.4% -14.6% # \sqrt{\hat s}
#***************************************************************************
 
INFO: End of systematics computation 
store_events
INFO: Storing parton level results 
INFO: End Parton 
reweight -from_cards
decay_events -from_cards
INFO: [92mRunning Pythia8 [arXiv:1410.3012][0m 
No user-defined value for Pythia8 parameter 'JetMatching:nJetMax'. Setting it automatically to 4.
Splitting .lhe event file for PY8 parallelization...
Submitting Pythia8 jobs...
Pythia8 shower jobs: 1 Idle, 19 Running, 0 Done [8 seconds]
Pythia8 shower jobs: 0 Idle, 19 Running, 1 Done [2m01s]
Pythia8 shower jobs: 0 Idle, 18 Running, 2 Done [2m06s]
Pythia8 shower jobs: 0 Idle, 17 Running, 3 Done [2m07s]
Pythia8 shower jobs: 0 Idle, 16 Running, 4 Done [2m09s]
Pythia8 shower jobs: 0 Idle, 15 Running, 5 Done [2m11s]
Pythia8 shower jobs: 0 Idle, 14 Running, 6 Done [2m13s]
Pythia8 shower jobs: 0 Idle, 13 Running, 7 Done [2m13s]
Pythia8 shower jobs: 0 Idle, 12 Running, 8 Done [2m13s]
Pythia8 shower jobs: 0 Idle, 11 Running, 9 Done [2m14s]
Pythia8 shower jobs: 0 Idle, 10 Running, 10 Done [2m14s]
Pythia8 shower jobs: 0 Idle, 9 Running, 11 Done [2m15s]
Pythia8 shower jobs: 0 Idle, 8 Running, 12 Done [2m15s]
Pythia8 shower jobs: 0 Idle, 7 Running, 13 Done [2m15s]
Pythia8 shower jobs: 0 Idle, 6 Running, 14 Done [2m16s]
Pythia8 shower jobs: 0 Idle, 5 Running, 15 Done [2m16s]
Pythia8 shower jobs: 0 Idle, 4 Running, 16 Done [2m17s]
Pythia8 shower jobs: 0 Idle, 3 Running, 17 Done [2m17s]
Pythia8 shower jobs: 0 Idle, 2 Running, 18 Done [2m18s]
Pythia8 shower jobs: 0 Idle, 1 Running, 19 Done [2m20s]
Pythia8 shower jobs: 0 Idle, 0 Running, 20 Done [2m22s]
Merging results from the split PY8 runs...
INFO: Create matching plots for Pythia8 
[1;34mWARNING: Install gnuplot to be able to view the plots generated at :
   /eos/project/f/foundational-model-dataset/samples/pu200_ryliu/QCD_HT50toInf-2000-10002/HTML/run_01/QCD_HT_PY8_plots/central_qCut_djr_plots.gnuplot.gnuplot
   /eos/project/f/foundational-model-dataset/samples/pu200_ryliu/QCD_HT50toInf-2000-10002/HTML/run_01/QCD_HT_PY8_plots/central_qCut_pt_plots.gnuplot.gnuplot
   /eos/project/f/foundational-model-dataset/samples/pu200_ryliu/QCD_HT50toInf-2000-10002/HTML/run_01/QCD_HT_PY8_plots/min_max_qCut_djr_comparison.gnuplot.gnuplot
   /eos/project/f/foundational-model-dataset/samples/pu200_ryliu/QCD_HT50toInf-2000-10002/HTML/run_01/QCD_HT_PY8_plots/min_max_qCut_pt_comparison.gnuplot.gnuplot
   /eos/project/f/foundational-model-dataset/samples/pu200_ryliu/QCD_HT50toInf-2000-10002/HTML/run_01/QCD_HT_PY8_plots/qCut_22.5_djr_plots.gnuplot.gnuplot
   /eos/project/f/foundational-model-dataset/samples/pu200_ryliu/QCD_HT50toInf-2000-10002/HTML/run_01/QCD_HT_PY8_plots/qCut_22.5_pt_plots.gnuplot.gnuplot
   /eos/project/f/foundational-model-dataset/samples/pu200_ryliu/QCD_HT50toInf-2000-10002/HTML/run_01/QCD_HT_PY8_plots/qCut_30_djr_plots.gnuplot.gnuplot
   /eos/project/f/foundational-model-dataset/samples/pu200_ryliu/QCD_HT50toInf-2000-10002/HTML/run_01/QCD_HT_PY8_plots/qCut_30_pt_plots.gnuplot.gnuplot [0m
INFO: Pythia8 shower finished after 4m13s. 
INFO: prepare delphes run 
INFO: Running Delphes 
INFO: If you are interested in lhco output. please run root2lhco converter. 
INFO:  or edit bin/internal/run_delphes3 to run the converter automatically. 
INFO: delphes done 
  === Results Summary for run: run_01 tag: QCD_HT ===

     Cross-section :   1.014e+09 +- 5.674e+06 pb
     Nb of events :  2000
     Pythia8 merged cross-sections are:
      > Merging scale = 15     : 1.0603e+08  +/- 3.7e+05 [pb]
      > Merging scale = 22.5   : 1.04e+08    +/- 3.6e+05 [pb]
      > Merging scale = 30     : 7.8124e+07  +/- 3.2e+05 [pb]
     Notice that because Systematics computation is turned on, the merging did not veto events but modified their weights instead.
     The resulting hepmc/stdhep file should therefore be use with those weights.
 
INFO: storing files of previous run 
INFO: Storing Pythia8 files of previous run 
INFO: Done 
quit
INFO:  
launch in debug mode
Found the following event record:  QCD_HT_delphes_events.root
Done!
