chain,root,products
1,0.9506401313901911,0.134 0.134
2,1.1410596327901814,0.096 0.096
3,1.5906387344764967,0.096 0.096
4,2.1404524486747283,0.139 0.139 0.134 0.134
5,2.2213077479131753,0.10566 0.10566 0.134 0.134
6,3.054423060703704,2.0 2.0 0.134 0.134
7,4.2470363416530965,0.096 0.096 0.139 0.139
8,4.4226586909057986,0.10566 0.10566 0.134 0.134
9,6.540332482412147,2.0 2.0 2.0 2.0 2.0 2.0
10,7.712793164539303,0.134 0.134 0.10566 0.10566 2.0 2.0 0.139 0.139
11,8.043603507737743,2.0 2.0 0.139 0.139 0.134 0.134
12,9.254811599803919,2.0 2.0 2.0 2.0 0.096 0.096
13,0.9506401313901911,0.139 0.139
14,1.1410596327901814,2.0 2.0
15,1.5906387344764967,2.0 2.0
16,2.1404524486747283,2.0 2.0 0.134 0.134
17,2.2213077479131753,0.139 0.139 0.134 0.134
18,3.054423060703704,0.139 0.139 0.139 0.139
19,4.2470363416530965,0.096 0.096 0.096 0.096
20,4.4226586909057986,0.134 0.134 0.134 0.134
21,6.540332482412147,2.0 2.0 0.096 0.096 2.0 2.0 0.139 0.139
22,7.712793164539303,2.0 2.0 0.10566 0.10566 2.0 2.0
23,8.043603507737743,0.096 0.096 0.139 0.139 0.139 0.139
24,9.254811599803919,2.0 2.0 0.096 0.096 0.134 0.134 0.139 0.139
25,0.9506401313901911,0.134 0.134
26,1.1410596327901814,2.0 2.0
27,1.5906387344764967,0.10566 0.10566
28,2.1404524486747283,0.134 0.134 0.134 0.134
29,2.2213077479131753,0.134 0.134 0.134 0.134
30,3.054423060703704,0.134 0.134 0.134 0.134
31,4.2470363416530965,0.134 0.134 0.139 0.139 0.139 0.139
32,4.4226586909057986,2.0 2.0 0.134 0.134 0.134 0.134
33,6.540332482412147,0.134 0.134 0.134 0.134 2.0 2.0 2.0 2.0
34,7.712793164539303,0.10566 0.10566 0.096 0.096 0.10566 0.10566 0.096 0.096
35,8.043603507737743,2.0 2.0 2.0 2.0 0.134 0.134
36,9.254811599803919,2.0 2.0 0.139 0.139 0.134 0.134
37,0.9506401313901911,2.0 2.0
38,1.1410596327901814,0.10566 0.10566
39,1.5906387344764967,2.0 2.0
40,2.1404524486747283,0.139 0.139 0.096 0.096
41,2.2213077479131753,0.10566 0.10566 0.134 0.134
42,3.054423060703704,0.096 0.096 0.096 0.096
43,4.2470363416530965,0.134 0.134 0.096 0.096
44,4.4226586909057986,0.096 0.096 2.0 2.0 0.139 0.139
45,6.540332482412147,0.134 0.134 0.134 0.134 0.10566 0.10566 0.134 0.134
46,7.712793164539303,0.10566 0.10566 0.096 0.096 0.134 0.134 0.134 0.134
47,8.043603507737743,0.096 0.096 0.10566 0.10566 2.0 2.0 0.096 0.096
48,9.254811599803919,2.0 2.0 2.0 2.0 2.0 2.0 0.134 0.134
49,0.9506401313901911,0.139 0.139
50,1.1410596327901814,0.10566 0.10566
51,1.5906387344764967,0.096 0.096
52,2.1404524486747283,0.139 0.139 0.10566 0.10566
53,2.2213077479131753,2.0 2.0 2.0 2.0
54,3.054423060703704,0.139 0.139 0.10566 0.10566
55,4.2470363416530965,0.134 0.134 0.096 0.096
56,4.4226586909057986,0.096 0.096 2.0 2.0 0.134 0.134
57,6.540332482412147,0.134 0.134 0.10566 0.10566
58,7.712793164539303,0.096 0.096 0.096 0.096 0.134 0.134
59,8.043603507737743,0.134 0.134 0.096 0.096
60,9.254811599803919,0.096 0.096 2.0 2.0 0.134 0.134 2.0 2.0 0.10566 0.10566
61,0.9506401313901911,0.134 0.134
62,1.1410596327901814,0.096 0.096
63,1.5906387344764967,2.0 2.0
64,2.1404524486747283,0.134 0.134 0.134 0.134
65,2.2213077479131753,2.0 2.0 0.139 0.139
66,3.054423060703704,2.0 2.0 0.134 0.134
67,4.2470363416530965,0.096 0.096 0.10566 0.10566
68,4.4226586909057986,0.10566 0.10566 0.10566 0.10566
69,6.540332482412147,0.139 0.139 0.134 0.134 0.134 0.134 2.0 2.0
70,7.712793164539303,0.139 0.139 0.10566 0.10566 0.134 0.134
71,8.043603507737743,0.139 0.139 0.134 0.134 0.139 0.139 0.139 0.139
72,9.254811599803919,0.139 0.139 2.0 2.0 2.0 2.0 0.134 0.134 0.10566 0.10566
73,0.9506401313901911,0.139 0.139
74,1.1410596327901814,0.096 0.096
75,1.5906387344764967,0.096 0.096
76,2.1404524486747283,0.139 0.139 0.134 0.134
77,2.2213077479131753,0.096 0.096 0.096 0.096
78,3.054423060703704,0.134 0.134 0.096 0.096
79,4.2470363416530965,0.139 0.139 0.096 0.096
80,4.4226586909057986,2.0 2.0 2.0 2.0
81,6.540332482412147,0.134 0.134 0.134 0.134 0.139 0.139 0.096 0.096
82,7.712793164539303,0.139 0.139 2.0 2.0 0.096 0.096
83,8.043603507737743,0.134 0.134 0.096 0.096
84,9.254811599803919,0.10566 0.10566 0.134 0.134
85,0.9506401313901911,0.134 0.134
86,1.1410596327901814,0.096 0.096
87,1.5906387344764967,2.0 2.0
88,2.1404524486747283,0.134 0.134 0.139 0.139
89,2.2213077479131753,2.0 2.0 0.139 0.139
90,3.054423060703704,2.0 2.0 0.139 0.139
91,4.2470363416530965,2.0 2.0 0.096 0.096 0.134 0.134
92,4.4226586909057986,0.096 0.096 0.134 0.134 2.0 2.0
93,6.540332482412147,2.0 2.0 0.096 0.096 0.134 0.134
94,7.712793164539303,2.0 2.0 0.096 0.096
95,8.043603507737743,0.10566 0.10566 0.096 0.096 0.134 0.134 0.134 0.134
96,9.254811599803919,0.134 0.134 0.096 0.096 0.139 0.139 0.096 0.096
97,0.9506401313901911,0.139 0.139
98,1.1410596327901814,2.0 2.0
99,1.5906387344764967,2.0 2.0
100,2.1404524486747283,0.134 0.134 2.0 2.0
101,2.2213077479131753,2.0 2.0 0.134 0.134
102,3.054423060703704,2.0 2.0 0.096 0.096
103,4.2470363416530965,2.0 2.0 0.134 0.134 0.096 0.096
104,4.4226586909057986,0.096 0.096 0.134 0.134
105,6.540332482412147,2.0 2.0 2.0 2.0 0.096 0.096
106,7.712793164539303,0.096 0.096 0.139 0.139 0.134 0.134
107,8.043603507737743,0.096 0.096 0.096 0.096 0.134 0.134
108,9.254811599803919,0.134 0.134 0.134 0.134 0.134 0.134 0.096 0.096
109,0.9506401313901911,0.134 0.134
110,1.1410596327901814,0.10566 0.10566
111,1.5906387344764967,0.096 0.096
112,2.1404524486747283,0.134 0.134 0.139 0.139
113,2.2213077479131753,0.139 0.139 0.096 0.096
114,3.054423060703704,0.10566 0.10566 2.0 2.0
115,4.2470363416530965,2.0 2.0 0.096 0.096
116,4.4226586909057986,0.139 0.139 2.0 2.0 0.096 0.096
117,6.540332482412147,0.134 0.134 0.139 0.139 0.10566 0.10566
118,7.712793164539303,0.134 0.134 0.10566 0.10566 0.139 0.139 0.134 0.134
119,8.043603507737743,0.10566 0.10566 0.139 0.139 0.139 0.139
120,9.254811599803919,0.134 0.134 0.134 0.134 0.10566 0.10566
121,0.9506401313901911,0.134 0.134
122,1.1410596327901814,2.0 2.0
123,1.5906387344764967,0.10566 0.10566
124,2.1404524486747283,2.0 2.0 0.134 0.134
125,2.2213077479131753,0.134 0.134 0.134 0.134
126,3.054423060703704,2.0 2.0 0.096 0.096
127,4.2470363416530965,0.096 0.096 2.0 2.0
128,4.4226586909057986,2.0 2.0 0.134 0.134
129,6.540332482412147,2.0 2.0 0.134 0.134 0.096 0.096
130,7.712793164539303,0.134 0.134 0.10566 0.10566 0.139 0.139
131,8.043603507737743,2.0 2.0 0.134 0.134 0.10566 0.10566
132,9.254811599803919,0.096 0.096 0.134 0.134 0.134 0.134 0.139 0.139
133,0.9506401313901911,0.134 0.134
134,1.1410596327901814,0.10566 0.10566
135,1.5906387344764967,2.0 2.0
136,2.1404524486747283,0.134 0.134 0.096 0.096
137,2.2213077479131753,0.134 0.134 0.096 0.096
138,3.054423060703704,0.096 0.096 0.134 0.134
139,4.2470363416530965,2.0 2.0 0.134 0.134
140,4.4226586909057986,2.0 2.0 0.134 0.134 0.134 0.134
141,6.540332482412147,0.096 0.096 0.096 0.096
142,7.712793164539303,0.134 0.134 2.0 2.0 0.096 0.096 0.10566 0.10566
143,8.043603507737743,0.096 0.096 0.134 0.134 0.10566 0.10566 0.096 0.096
144,9.254811599803919,0.134 0.134 0.134 0.134 2.0 2.0
145,0.9506401313901911,0.134 0.134
146,1.1410596327901814,0.096 0.096
147,1.5906387344764967,0.10566 0.10566
148,2.1404524486747283,0.134 0.134 0.096 0.096
149,2.2213077479131753,2.0 2.0 0.139 0.139
150,3.054423060703704,0.10566 0.10566 0.096 0.096
151,4.2470363416530965,2.0 2.0 0.10566 0.10566 0.139 0.139
152,4.4226586909057986,2.0 2.0 0.134 0.134 0.134 0.134
153,6.540332482412147,0.096 0.096 0.096 0.096 0.134 0.134
154,7.712793164539303,0.096 0.096 2.0 2.0 0.139 0.139 0.134 0.134
155,8.043603507737743,0.10566 0.10566 0.10566 0.10566 0.134 0.134 0.096 0.096 0.096 0.096
156,9.254811599803919,0.096 0.096 0.139 0.139 2.0 2.0
157,0.9506401313901911,0.096 0.096
158,1.1410596327901814,0.134 0.134
159,1.5906387344764967,0.10566 0.10566
160,2.1404524486747283,0.139 0.139 0.134 0.134
161,2.2213077479131753,0.139 0.139 0.134 0.134
162,3.054423060703704,0.134 0.134 0.134 0.134
163,4.2470363416530965,0.139 0.139 0.096 0.096
164,4.4226586909057986,2.0 2.0 0.096 0.096
165,6.540332482412147,0.10566 0.10566 2.0 2.0 2.0 2.0
166,7.712793164539303,2.0 2.0 0.134 0.134
167,8.043603507737743,0.10566 0.10566 0.10566 0.10566 0.096 0.096
168,9.254811599803919,2.0 2.0 0.10566 0.10566 0.134 0.134
169,0.9506401313901911,0.139 0.139
170,1.1410596327901814,2.0 2.0
171,1.5906387344764967,0.096 0.096
172,2.1404524486747283,0.139 0.139 0.134 0.134
173,2.2213077479131753,0.134 0.134 0.134 0.134
174,3.054423060703704,0.134 0.134 0.134 0.134
175,4.2470363416530965,0.134 0.134 0.134 0.134 2.0 2.0
176,4.4226586909057986,0.139 0.139 0.096 0.096 2.0 2.0
177,6.540332482412147,0.134 0.134 0.139 0.139 2.0 2.0
178,7.712793164539303,2.0 2.0 0.134 0.134 0.10566 0.10566 0.134 0.134
179,8.043603507737743,0.096 0.096 0.139 0.139 2.0 2.0 0.139 0.139 0.134 0.134
180,9.254811599803919,0.134 0.134 0.10566 0.10566 0.10566 0.10566 2.0 2.0
181,0.9506401313901911,0.139 0.139
182,1.1410596327901814,0.096 0.096
183,1.5906387344764967,2.0 2.0
184,2.1404524486747283,0.134 0.134 0.134 0.134
185,2.2213077479131753,0.10566 0.10566 0.139 0.139
186,3.054423060703704,0.096 0.096 0.096 0.096
187,4.2470363416530965,2.0 2.0 0.134 0.134 0.139 0.139
188,4.4226586909057986,0.134 0.134 0.134 0.134 0.134 0.134
189,6.540332482412147,0.134 0.134 2.0 2.0 0.139 0.139
190,7.712793164539303,0.10566 0.10566 0.134 0.134 0.134 0.134
191,8.043603507737743,0.10566 0.10566 0.134 0.134 0.134 0.134
192,9.254811599803919,0.134 0.134 0.134 0.134 0.10566 0.10566
193,0.9506401313901911,0.139 0.139
194,1.1410596327901814,2.0 2.0
195,1.5906387344764967,0.096 0.096
196,2.1404524486747283,0.10566 0.10566 0.10566 0.10566
197,2.2213077479131753,0.096 0.096 2.0 2.0
198,3.054423060703704,0.139 0.139 0.096 0.096
199,4.2470363416530965,0.134 0.134 0.134 0.134 0.134 0.134
200,4.4226586909057986,0.139 0.139 0.10566 0.10566
201,6.540332482412147,0.139 0.139 0.134 0.134 2.0 2.0
202,7.712793164539303,2.0 2.0 0.139 0.139 0.134 0.134 0.134 0.134
203,8.043603507737743,2.0 2.0 0.096 0.096 0.10566 0.10566
204,9.254811599803919,2.0 2.0 0.139 0.139 2.0 2.0
205,0.9506401313901911,0.134 0.134
206,1.1410596327901814,2.0 2.0
207,1.5906387344764967,0.096 0.096
208,2.1404524486747283,0.139 0.139 0.134 0.134
209,2.2213077479131753,0.134 0.134 0.134 0.134
210,3.054423060703704,0.096 0.096 0.139 0.139
211,4.2470363416530965,2.0 2.0 0.139 0.139 0.139 0.139
212,4.4226586909057986,2.0 2.0 0.134 0.134
213,6.540332482412147,0.139 0.139 0.096 0.096
214,7.712793164539303,0.10566 0.10566 0.096 0.096 0.096 0.096 0.096 0.096
215,8.043603507737743,0.10566 0.10566 0.134 0.134 0.096 0.096 0.134 0.134
216,9.254811599803919,2.0 2.0 0.134 0.134 0.134 0.134 0.096 0.096
217,0.9506401313901911,0.139 0.139
218,1.1410596327901814,2.0 2.0
219,1.5906387344764967,0.096 0.096
220,2.1404524486747283,0.139 0.139 0.134 0.134
221,2.2213077479131753,0.096 0.096 0.134 0.134
222,3.054423060703704,0.134 0.134 0.134 0.134
223,4.2470363416530965,2.0 2.0 2.0 2.0
224,4.4226586909057986,0.10566 0.10566 0.134 0.134 0.096 0.096
225,6.540332482412147,0.096 0.096 0.096 0.096
226,7.712793164539303,2.0 2.0 2.0 2.0 0.134 0.134
227,8.043603507737743,0.134 0.134 2.0 2.0 2.0 2.0
228,9.254811599803919,0.139 0.139 0.10566 0.10566 2.0 2.0
229,0.9506401313901911,0.134 0.134
230,1.1410596327901814,2.0 2.0
231,1.5906387344764967,2.0 2.0
232,2.1404524486747283,0.134 0.134 0.134 0.134
233,2.2213077479131753,0.134 0.134 0.134 0.134
234,3.054423060703704,2.0 2.0 0.10566 0.10566
235,4.2470363416530965,0.134 0.134 0.134 0.134
236,4.4226586909057986,0.10566 0.10566 0.139 0.139 0.134 0.134
237,6.540332482412147,0.134 0.134 2.0 2.0 0.096 0.096 0.134 0.134
238,7.712793164539303,0.139 0.139 0.096 0.096 0.096 0.096 2.0 2.0
239,8.043603507737743,2.0 2.0 0.134 0.134 0.134 0.134
240,9.254811599803919,0.096 0.096 0.134 0.134 2.0 2.0 2.0 2.0 0.134 0.134
241,0.9506401313901911,2.0 2.0
242,1.1410596327901814,2.0 2.0
243,1.5906387344764967,0.10566 0.10566
244,2.1404524486747283,2.0 2.0 0.139 0.139
245,2.2213077479131753,0.139 0.139 0.134 0.134
246,3.054423060703704,2.0 2.0 0.096 0.096
247,4.2470363416530965,0.134 0.134 0.134 0.134 0.134 0.134
248,4.4226586909057986,0.10566 0.10566 0.139 0.139 0.096 0.096
249,6.540332482412147,0.134 0.134 0.139 0.139 0.134 0.134 0.134 0.134
250,7.712793164539303,0.096 0.096 0.10566 0.10566
251,8.043603507737743,0.134 0.134 2.0 2.0
252,9.254811599803919,2.0 2.0 0.139 0.139 2.0 2.0 0.139 0.139
253,0.9506401313901911,0.096 0.096
254,1.1410596327901814,2.0 2.0
255,1.5906387344764967,0.10566 0.10566
256,2.1404524486747283,0.139 0.139 0.134 0.134
257,2.2213077479131753,0.139 0.139 0.134 0.134
258,3.054423060703704,0.134 0.134 2.0 2.0
259,4.2470363416530965,0.134 0.134 0.134 0.134 0.096 0.096
260,4.4226586909057986,0.10566 0.10566 0.134 0.134 0.139 0.139
261,6.540332482412147,0.134 0.134 0.096 0.096 0.096 0.096 0.10566 0.10566
262,7.712793164539303,2.0 2.0 0.096 0.096 0.139 0.139
263,8.043603507737743,2.0 2.0 0.096 0.096
264,9.254811599803919,0.134 0.134 0.10566 0.10566
265,0.9506401313901911,0.134 0.134
266,1.1410596327901814,0.096 0.096
267,1.5906387344764967,2.0 2.0
268,2.1404524486747283,2.0 2.0 0.134 0.134
269,2.2213077479131753,0.139 0.139 0.096 0.096
270,3.054423060703704,0.134 0.134 2.0 2.0
271,4.2470363416530965,0.096 0.096 0.134 0.134 0.134 0.134
272,4.4226586909057986,0.10566 0.10566 0.139 0.139 0.134 0.134
273,6.540332482412147,0.10566 0.10566 2.0 2.0 0.10566 0.10566
274,7.712793164539303,0.096 0.096 0.096 0.096 0.139 0.139
275,8.043603507737743,0.096 0.096 0.096 0.096 0.134 0.134
276,9.254811599803919,0.096 0.096 2.0 2.0 2.0 2.0 0.096 0.096
277,0.9506401313901911,0.139 0.139
278,1.1410596327901814,0.10566 0.10566
279,1.5906387344764967,2.0 2.0
280,2.1404524486747283,0.134 0.134 0.096 0.096
281,2.2213077479131753,0.134 0.134 0.10566 0.10566
282,3.054423060703704,0.096 0.096 0.10566 0.10566
283,4.2470363416530965,2.0 2.0 2.0 2.0
284,4.4226586909057986,2.0 2.0 2.0 2.0
285,6.540332482412147,0.134 0.134 0.096 0.096 0.096 0.096
286,7.712793164539303,0.139 0.139 0.134 0.134 0.096 0.096 0.096 0.096
287,8.043603507737743,0.096 0.096 2.0 2.0 0.134 0.134
288,9.254811599803919,0.096 0.096 0.134 0.134 0.096 0.096 0.134 0.134
289,0.9506401313901911,0.134 0.134
290,1.1410596327901814,2.0 2.0
291,1.5906387344764967,0.096 0.096
292,2.1404524486747283,0.139 0.139 0.10566 0.10566
293,2.2213077479131753,2.0 2.0 0.134 0.134
294,3.054423060703704,2.0 2.0 0.139 0.139
295,4.2470363416530965,0.096 0.096 0.134 0.134
296,4.4226586909057986,0.139 0.139 2.0 2.0
297,6.540332482412147,0.10566 0.10566 0.139 0.139 0.139 0.139
298,7.712793164539303,0.134 0.134 0.096 0.096 0.134 0.134
299,8.043603507737743,2.0 2.0 2.0 2.0 0.134 0.134
300,9.254811599803919,0.139 0.139 0.134 0.134 0.134 0.134 0.134 0.134
301,0.9506401313901911,0.134 0.134
302,1.1410596327901814,0.096 0.096
303,1.5906387344764967,2.0 2.0
304,2.1404524486747283,0.134 0.134 0.096 0.096
305,2.2213077479131753,2.0 2.0 2.0 2.0
306,3.054423060703704,0.10566 0.10566 2.0 2.0
307,4.2470363416530965,0.139 0.139 0.139 0.139 0.134 0.134
308,4.4226586909057986,0.096 0.096 0.096 0.096
309,6.540332482412147,0.096 0.096 2.0 2.0 0.139 0.139
310,7.712793164539303,2.0 2.0 2.0 2.0 0.096 0.096
311,8.043603507737743,0.10566 0.10566 0.10566 0.10566 0.134 0.134
312,9.254811599803919,0.10566 0.10566 0.134 0.134
313,0.9506401313901911,0.134 0.134
314,1.1410596327901814,2.0 2.0
315,1.5906387344764967,2.0 2.0
316,2.1404524486747283,0.134 0.134 0.139 0.139
317,2.2213077479131753,2.0 2.0 0.096 0.096
318,3.054423060703704,0.10566 0.10566 0.134 0.134
319,4.2470363416530965,0.096 0.096 2.0 2.0
320,4.4226586909057986,0.096 0.096 0.096 0.096 0.134 0.134
321,6.540332482412147,0.134 0.134 0.139 0.139 0.10566 0.10566 0.139 0.139
322,7.712793164539303,0.134 0.134 0.139 0.139
323,8.043603507737743,0.096 0.096 0.10566 0.10566
324,9.254811599803919,0.10566 0.10566 2.0 2.0
325,0.9506401313901911,2.0 2.0
326,1.1410596327901814,0.10566 0.10566
327,1.5906387344764967,2.0 2.0
328,2.1404524486747283,0.134 0.134 0.134 0.134
329,2.2213077479131753,0.10566 0.10566 0.134 0.134
330,3.054423060703704,0.134 0.134 0.134 0.134
331,4.2470363416530965,0.10566 0.10566 0.139 0.139 0.134 0.134
332,4.4226586909057986,0.134 0.134 2.0 2.0 0.139 0.139
333,6.540332482412147,0.139 0.139 2.0 2.0 0.134 0.134
334,7.712793164539303,0.096 0.096 0.139 0.139 0.139 0.139 2.0 2.0
335,8.043603507737743,0.096 0.096 0.139 0.139 2.0 2.0
336,9.254811599803919,0.096 0.096 0.096 0.096 0.134 0.134
337,0.9506401313901911,0.139 0.139
338,1.1410596327901814,0.139 0.139
339,1.5906387344764967,2.0 2.0
340,2.1404524486747283,2.0 2.0 0.134 0.134
341,2.2213077479131753,0.134 0.134 0.096 0.096
342,3.054423060703704,0.134 0.134 0.134 0.134
343,4.2470363416530965,0.096 0.096 0.134 0.134 2.0 2.0
344,4.4226586909057986,2.0 2.0 0.10566 0.10566
345,6.540332482412147,0.096 0.096 2.0 2.0 0.134 0.134 0.10566 0.10566
346,7.712793164539303,0.096 0.096 0.139 0.139 2.0 2.0 2.0 2.0
347,8.043603507737743,0.134 0.134 0.10566 0.10566 0.096 0.096
348,9.254811599803919,0.10566 0.10566 0.096 0.096
349,0.9506401313901911,0.134 0.134
350,1.1410596327901814,0.096 0.096
351,1.5906387344764967,2.0 2.0
352,2.1404524486747283,0.10566 0.10566 0.139 0.139
353,2.2213077479131753,0.096 0.096 0.096 0.096
354,3.054423060703704,0.139 0.139 0.134 0.134
355,4.2470363416530965,2.0 2.0 0.139 0.139
356,4.4226586909057986,2.0 2.0 0.134 0.134 0.096 0.096
357,6.540332482412147,0.139 0.139 0.096 0.096 0.139 0.139
358,7.712793164539303,0.134 0.134 0.134 0.134 0.134 0.134
359,8.043603507737743,0.139 0.139 0.139 0.139 0.10566 0.10566 0.134 0.134
360,9.254811599803919,0.096 0.096 0.134 0.134 0.134 0.134
361,0.9506401313901911,0.139 0.139
362,1.1410596327901814,2.0 2.0
363,1.5906387344764967,0.096 0.096
364,2.1404524486747283,0.134 0.134 0.134 0.134
365,2.2213077479131753,0.10566 0.10566 0.134 0.134
366,3.054423060703704,2.0 2.0 0.096 0.096
367,4.2470363416530965,0.096 0.096 0.10566 0.10566 0.139 0.139
368,4.4226586909057986,2.0 2.0 0.096 0.096
369,6.540332482412147,2.0 2.0 0.096 0.096 0.134 0.134 0.139 0.139
370,7.712793164539303,0.096 0.096 0.096 0.096 0.134 0.134 0.134 0.134
371,8.043603507737743,0.134 0.134 0.134 0.134 2.0 2.0
372,9.254811599803919,2.0 2.0 0.139 0.139 0.134 0.134
373,0.9506401313901911,0.134 0.134
374,1.1410596327901814,0.096 0.096
375,1.5906387344764967,0.10566 0.10566
376,2.1404524486747283,0.134 0.134 0.139 0.139
377,2.2213077479131753,2.0 2.0 0.134 0.134
378,3.054423060703704,0.134 0.134 2.0 2.0
379,4.2470363416530965,0.096 0.096 0.134 0.134
380,4.4226586909057986,2.0 2.0 0.096 0.096
381,6.540332482412147,0.134 0.134 0.096 0.096 0.134 0.134 0.139 0.139
382,7.712793164539303,0.134 0.134 0.10566 0.10566
383,8.043603507737743,0.139 0.139 2.0 2.0 0.134 0.134 0.10566 0.10566
384,9.254811599803919,0.10566 0.10566 2.0 2.0
385,0.9506401313901911,0.134 0.134
386,1.1410596327901814,0.10566 0.10566
387,1.5906387344764967,0.096 0.096
388,2.1404524486747283,0.10566 0.10566 0.096 0.096
389,2.2213077479131753,0.10566 0.10566 0.134 0.134
390,3.054423060703704,2.0 2.0 0.139 0.139
391,4.2470363416530965,0.134 0.134 0.096 0.096 0.10566 0.10566
392,4.4226586909057986,0.096 0.096 0.134 0.134 0.139 0.139
393,6.540332482412147,0.096 0.096 2.0 2.0
394,7.712793164539303,0.134 0.134 0.139 0.139
395,8.043603507737743,0.134 0.134 0.139 0.139 0.134 0.134
396,9.254811599803919,0.134 0.134 0.139 0.139 0.139 0.139 0.134 0.134 0.096 0.096
397,0.9506401313901911,0.134 0.134
398,1.1410596327901814,0.096 0.096
399,1.5906387344764967,2.0 2.0
400,2.1404524486747283,0.134 0.134 0.134 0.134
401,2.2213077479131753,0.10566 0.10566 0.134 0.134
402,3.054423060703704,2.0 2.0 2.0 2.0
403,4.2470363416530965,0.096 0.096 0.134 0.134
404,4.4226586909057986,0.096 0.096 0.134 0.134 0.134 0.134
405,6.540332482412147,2.0 2.0 2.0 2.0 0.134 0.134
406,7.712793164539303,0.10566 0.10566 0.134 0.134 0.134 0.134
407,8.043603507737743,0.134 0.134 0.139 0.139 2.0 2.0 2.0 2.0
408,9.254811599803919,2.0 2.0 0.134 0.134
409,0.9506401313901911,0.134 0.134
410,1.1410596327901814,2.0 2.0
411,1.5906387344764967,2.0 2.0
412,2.1404524486747283,0.096 0.096 0.134 0.134
413,2.2213077479131753,0.139 0.139 2.0 2.0
414,3.054423060703704,0.139 0.139 0.134 0.134
415,4.2470363416530965,0.134 0.134 2.0 2.0
416,4.4226586909057986,2.0 2.0 2.0 2.0 0.096 0.096
417,6.540332482412147,0.139 0.139 2.0 2.0 0.134 0.134 0.139 0.139
418,7.712793164539303,2.0 2.0 0.134 0.134
419,8.043603507737743,2.0 2.0 0.134 0.134 0.10566 0.10566 0.134 0.134
420,9.254811599803919,0.096 0.096 0.134 0.134 0.134 0.134
421,0.9506401313901911,0.134 0.134
422,1.1410596327901814,0.10566 0.10566
423,1.5906387344764967,2.0 2.0
424,2.1404524486747283,0.10566 0.10566 0.139 0.139
425,2.2213077479131753,2.0 2.0 0.134 0.134
426,3.054423060703704,0.134 0.134 2.0 2.0
427,4.2470363416530965,0.139 0.139 2.0 2.0 0.134 0.134
428,4.4226586909057986,0.096 0.096 0.139 0.139
429,6.540332482412147,2.0 2.0 0.096 0.096 0.10566 0.10566
430,7.712793164539303,2.0 2.0 0.134 0.134 0.096 0.096 2.0 2.0
431,8.043603507737743,0.134 0.134 0.134 0.134 0.139 0.139
432,9.254811599803919,0.096 0.096 0.096 0.096 0.10566 0.10566 0.134 0.134 0.134 0.134
433,0.9506401313901911,0.139 0.139
434,1.1410596327901814,2.0 2.0
435,1.5906387344764967,0.096 0.096
436,2.1404524486747283,0.096 0.096 0.134 0.134
437,2.2213077479131753,2.0 2.0 0.134 0.134
438,3.054423060703704,0.10566 0.10566 0.139 0.139
439,4.2470363416530965,2.0 2.0 0.096 0.096
440,4.4226586909057986,2.0 2.0 0.134 0.134 0.096 0.096
441,6.540332482412147,0.139 0.139 0.134 0.134 0.10566 0.10566
442,7.712793164539303,2.0 2.0 0.139 0.139
443,8.043603507737743,0.134 0.134 0.139 0.139 0.134 0.134
444,9.254811599803919,0.096 0.096 0.134 0.134 0.134 0.134
445,0.9506401313901911,0.134 0.134
446,1.1410596327901814,0.096 0.096
447,1.5906387344764967,2.0 2.0
448,2.1404524486747283,0.134 0.134 0.134 0.134
449,2.2213077479131753,0.134 0.134 0.096 0.096
450,3.054423060703704,0.134 0.134 0.134 0.134
451,4.2470363416530965,0.10566 0.10566 2.0 2.0
452,4.4226586909057986,0.096 0.096 0.096 0.096 0.139 0.139
453,6.540332482412147,0.134 0.134 2.0 2.0 2.0 2.0
454,7.712793164539303,2.0 2.0 0.139 0.139
455,8.043603507737743,2.0 2.0 0.134 0.134 0.096 0.096
456,9.254811599803919,0.139 0.139 0.134 0.134 0.134 0.134 0.096 0.096 0.134 0.134
457,0.9506401313901911,0.139 0.139
458,1.1410596327901814,2.0 2.0
459,1.5906387344764967,0.10566 0.10566
460,2.1404524486747283,0.10566 0.10566 0.096 0.096
461,2.2213077479131753,0.134 0.134 0.134 0.134
462,3.054423060703704,0.096 0.096 0.139 0.139
463,4.2470363416530965,0.139 0.139 0.134 0.134 0.134 0.134
464,4.4226586909057986,0.134 0.134 0.134 0.134 0.096 0.096
465,6.540332482412147,0.134 0.134 0.134 0.134 0.134 0.134 0.139 0.139
466,7.712793164539303,0.096 0.096 0.139 0.139 0.134 0.134 0.096 0.096
467,8.043603507737743,0.096 0.096 0.134 0.134
468,9.254811599803919,0.10566 0.10566 0.096 0.096 2.0 2.0
469,0.9506401313901911,0.139 0.139
470,1.1410596327901814,0.096 0.096
471,1.5906387344764967,2.0 2.0
472,2.1404524486747283,0.134 0.134 0.134 0.134
473,2.2213077479131753,0.134 0.134 0.139 0.139
474,3.054423060703704,0.096 0.096 0.139 0.139
475,4.2470363416530965,0.134 0.134 2.0 2.0
476,4.4226586909057986,0.134 0.134 2.0 2.0
477,6.540332482412147,0.096 0.096 0.139 0.139 0.134 0.134
478,7.712793164539303,0.096 0.096 0.096 0.096 0.134 0.134
479,8.043603507737743,2.0 2.0 0.134 0.134 0.10566 0.10566 0.139 0.139
480,9.254811599803919,0.139 0.139 0.10566 0.10566
481,0.9506401313901911,0.139 0.139
482,1.1410596327901814,0.096 0.096
483,1.5906387344764967,2.0 2.0
484,2.1404524486747283,0.139 0.139 0.134 0.134
485,2.2213077479131753,0.134 0.134 0.10566 0.10566
486,3.054423060703704,2.0 2.0 0.096 0.096
487,4.2470363416530965,0.096 0.096 0.096 0.096 0.096 0.096
488,4.4226586909057986,0.096 0.096 0.134 0.134 0.134 0.134
489,6.540332482412147,0.139 0.139 0.134 0.134 0.134 0.134
490,7.712793164539303,0.10566 0.10566 0.134 0.134 0.096 0.096 0.139 0.139
491,8.043603507737743,2.0 2.0 2.0 2.0 0.134 0.134 0.10566 0.10566
492,9.254811599803919,0.134 0.134 0.139 0.139 0.096 0.096 0.134 0.134 0.096 0.096 0.139 0.139
493,0.9506401313901911,0.134 0.134
494,1.1410596327901814,2.0 2.0
495,1.5906387344764967,2.0 2.0
496,2.1404524486747283,0.096 0.096 0.139 0.139
497,2.2213077479131753,2.0 2.0 0.134 0.134
498,3.054423060703704,0.096 0.096 2.0 2.0
499,4.2470363416530965,0.134 0.134 0.096 0.096
500,4.4226586909057986,0.10566 0.10566 0.096 0.096
501,6.540332482412147,0.10566 0.10566 2.0 2.0
502,7.712793164539303,0.10566 0.10566 0.096 0.096
503,8.043603507737743,0.10566 0.10566 0.134 0.134 2.0 2.0 2.0 2.0 0.096 0.096
504,9.254811599803919,2.0 2.0 0.134 0.134 0.139 0.139
505,0.9506401313901911,0.134 0.134
506,1.1410596327901814,0.096 0.096
507,1.5906387344764967,2.0 2.0
508,2.1404524486747283,0.134 0.134 0.134 0.134
509,2.2213077479131753,0.134 0.134 0.096 0.096
510,3.054423060703704,0.139 0.139 0.139 0.139
511,4.2470363416530965,2.0 2.0 0.134 0.134 2.0 2.0
512,4.4226586909057986,0.096 0.096 2.0 2.0 0.139 0.139
513,6.540332482412147,0.134 0.134 2.0 2.0 2.0 2.0 0.134 0.134
514,7.712793164539303,0.139 0.139 0.134 0.134 2.0 2.0 0.134 0.134
515,8.043603507737743,0.134 0.134 2.0 2.0 0.134 0.134
516,9.254811599803919,0.096 0.096 2.0 2.0 0.10566 0.10566 0.134 0.134
517,0.9506401313901911,0.139 0.139
518,1.1410596327901814,2.0 2.0
519,1.5906387344764967,2.0 2.0
520,2.1404524486747283,0.134 0.134 0.096 0.096
521,2.2213077479131753,0.139 0.139 0.134 0.134
522,3.054423060703704,2.0 2.0 0.096 0.096
523,4.2470363416530965,0.139 0.139 0.10566 0.10566 0.134 0.134
524,4.4226586909057986,0.096 0.096 0.139 0.139
525,6.540332482412147,2.0 2.0 0.134 0.134 0.134 0.134
526,7.712793164539303,2.0 2.0 0.134 0.134 0.096 0.096 2.0 2.0
527,8.043603507737743,2.0 2.0 0.134 0.134 2.0 2.0 0.134 0.134
528,9.254811599803919,0.139 0.139 0.096 0.096 0.134 0.134
529,0.9506401313901911,0.134 0.134
530,1.1410596327901814,0.096 0.096
531,1.5906387344764967,2.0 2.0
532,2.1404524486747283,0.134 0.134 0.134 0.134
533,2.2213077479131753,0.134 0.134 0.139 0.139
534,3.054423060703704,0.134 0.134 0.096 0.096
535,4.2470363416530965,0.134 0.134 0.134 0.134 0.139 0.139
536,4.4226586909057986,2.0 2.0 2.0 2.0 0.134 0.134
537,6.540332482412147,0.096 0.096 0.096 0.096
538,7.712793164539303,0.10566 0.10566 2.0 2.0 0.10566 0.10566
539,8.043603507737743,2.0 2.0 0.134 0.134 0.134 0.134 0.134 0.134
540,9.254811599803919,0.134 0.134 0.134 0.134 0.139 0.139 0.134 0.134 2.0 2.0
541,0.9506401313901911,0.134 0.134
542,1.1410596327901814,0.096 0.096
543,1.5906387344764967,2.0 2.0
544,2.1404524486747283,0.096 0.096 0.134 0.134
545,2.2213077479131753,0.096 0.096 0.134 0.134
546,3.054423060703704,0.134 0.134 0.096 0.096
547,4.2470363416530965,0.096 0.096 2.0 2.0
548,4.4226586909057986,0.134 0.134 0.134 0.134
549,6.540332482412147,0.096 0.096 2.0 2.0 0.096 0.096
550,7.712793164539303,0.134 0.134 0.096 0.096 2.0 2.0 0.134 0.134
551,8.043603507737743,0.134 0.134 0.134 0.134 0.134 0.134
552,9.254811599803919,0.096 0.096 2.0 2.0 0.10566 0.10566 0.096 0.096
553,0.9506401313901911,0.139 0.139
554,1.1410596327901814,0.134 0.134
555,1.5906387344764967,2.0 2.0
556,2.1404524486747283,2.0 2.0 2.0 2.0
557,2.2213077479131753,0.139 0.139 0.096 0.096
558,3.054423060703704,0.096 0.096 0.139 0.139
559,4.2470363416530965,0.10566 0.10566 0.10566 0.10566 0.134 0.134
560,4.4226586909057986,0.134 0.134 0.10566 0.10566
561,6.540332482412147,0.134 0.134 0.134 0.134 0.096 0.096
562,7.712793164539303,2.0 2.0 0.134 0.134 0.134 0.134 0.134 0.134 0.134 0.134
563,8.043603507737743,0.134 0.134 0.139 0.139
564,9.254811599803919,2.0 2.0 2.0 2.0 0.096 0.096 0.134 0.134 0.096 0.096
565,0.9506401313901911,0.139 0.139
566,1.1410596327901814,2.0 2.0
567,1.5906387344764967,0.096 0.096
568,2.1404524486747283,0.134 0.134 0.096 0.096
569,2.2213077479131753,2.0 2.0 0.134 0.134
570,3.054423060703704,0.139 0.139 0.10566 0.10566
571,4.2470363416530965,2.0 2.0 0.134 0.134 0.096 0.096
572,4.4226586909057986,0.134 0.134 0.096 0.096 0.134 0.134
573,6.540332482412147,2.0 2.0 2.0 2.0
574,7.712793164539303,0.134 0.134 2.0 2.0 0.096 0.096 0.139 0.139
575,8.043603507737743,0.134 0.134 0.134 0.134 0.139 0.139
576,9.254811599803919,0.139 0.139 0.134 0.134 0.134 0.134
577,0.9506401313901911,0.134 0.134
578,1.1410596327901814,2.0 2.0
579,1.5906387344764967,2.0 2.0
580,2.1404524486747283,0.134 0.134 0.134 0.134
581,2.2213077479131753,0.139 0.139 0.096 0.096
582,3.054423060703704,0.096 0.096 0.096 0.096
583,4.2470363416530965,0.134 0.134 0.139 0.139 0.096 0.096
584,4.4226586909057986,0.134 0.134 0.10566 0.10566
585,6.540332482412147,0.10566 0.10566 0.096 0.096
586,7.712793164539303,0.134 0.134 0.139 0.139 0.134 0.134 2.0 2.0
587,8.043603507737743,0.134 0.134 0.139 0.139 0.10566 0.10566 0.134 0.134
588,9.254811599803919,0.10566 0.10566 0.139 0.139 0.134 0.134 0.096 0.096 0.096 0.096
589,0.9506401313901911,0.139 0.139
590,1.1410596327901814,0.10566 0.10566
591,1.5906387344764967,2.0 2.0
592,2.1404524486747283,2.0 2.0 0.134 0.134
593,2.2213077479131753,0.096 0.096 0.134 0.134
594,3.054423060703704,0.134 0.134 0.096 0.096
595,4.2470363416530965,2.0 2.0 0.096 0.096 0.134 0.134
596,4.4226586909057986,0.096 0.096 0.134 0.134 0.134 0.134
597,6.540332482412147,0.134 0.134 0.139 0.139
598,7.712793164539303,0.134 0.134 2.0 2.0 0.134 0.134
599,8.043603507737743,0.096 0.096 0.134 0.134
600,9.254811599803919,0.096 0.096 0.134 0.134 0.134 0.134
601,0.9506401313901911,0.139 0.139
602,1.1410596327901814,0.096 0.096
603,1.5906387344764967,0.134 0.134
604,2.1404524486747283,0.096 0.096 0.134 0.134
605,2.2213077479131753,2.0 2.0 2.0 2.0
606,3.054423060703704,2.0 2.0 0.096 0.096
607,4.2470363416530965,0.134 0.134 0.139 0.139 0.134 0.134
608,4.4226586909057986,0.134 0.134 0.096 0.096
609,6.540332482412147,0.096 0.096 0.134 0.134 2.0 2.0
610,7.712793164539303,0.139 0.139 0.10566 0.10566 2.0 2.0
611,8.043603507737743,0.096 0.096 0.139 0.139 0.139 0.139
612,9.254811599803919,0.134 0.134 0.096 0.096 0.139 0.139 2.0 2.0
613,0.9506401313901911,0.134 0.134
614,1.1410596327901814,2.0 2.0
615,1.5906387344764967,2.0 2.0
616,2.1404524486747283,0.134 0.134 2.0 2.0
617,2.2213077479131753,0.134 0.134 0.134 0.134
618,3.054423060703704,0.134 0.134 0.134 0.134
619,4.2470363416530965,0.139 0.139 0.134 0.134 0.139 0.139
620,4.4226586909057986,0.096 0.096 0.134 0.134
621,6.540332482412147,2.0 2.0 0.10566 0.10566
622,7.712793164539303,0.134 0.134 0.139 0.139 0.10566 0.10566 0.096 0.096
623,8.043603507737743,2.0 2.0 0.139 0.139 0.134 0.134 0.134 0.134
624,9.254811599803919,0.096 0.096 0.134 0.134 0.134 0.134 0.134 0.134
625,0.9506401313901911,0.139 0.139
626,1.1410596327901814,2.0 2.0
627,1.5906387344764967,0.10566 0.10566
628,2.1404524486747283,0.134 0.134 0.139 0.139
629,2.2213077479131753,0.139 0.139 0.10566 0.10566
630,3.054423060703704,2.0 2.0 0.096 0.096
631,4.2470363416530965,2.0 2.0 0.134 0.134 0.10566 0.10566
632,4.4226586909057986,2.0 2.0 0.096 0.096
633,6.540332482412147,0.10566 0.10566 2.0 2.0
634,7.712793164539303,0.096 0.096 0.134 0.134 0.139 0.139 0.134 0.134
635,8.043603507737743,0.10566 0.10566 0.134 0.134 0.139 0.139 2.0 2.0
636,9.254811599803919,0.134 0.134 0.096 0.096 0.139 0.139
637,0.9506401313901911,0.096 0.096
638,1.1410596327901814,0.096 0.096
639,1.5906387344764967,2.0 2.0
640,2.1404524486747283,0.134 0.134 0.134 0.134
641,2.2213077479131753,2.0 2.0 0.134 0.134
642,3.054423060703704,0.096 0.096 0.134 0.134
643,4.2470363416530965,2.0 2.0 0.096 0.096
644,4.4226586909057986,0.139 0.139 0.10566 0.10566 2.0 2.0
645,6.540332482412147,0.139 0.139 0.096 0.096 0.096 0.096
646,7.712793164539303,0.139 0.139 0.139 0.139 0.139 0.139 0.134 0.134
647,8.043603507737743,0.096 0.096 0.134 0.134 2.0 2.0
648,9.254811599803919,0.139 0.139 2.0 2.0 2.0 2.0
649,0.9506401313901911,0.139 0.139
650,1.1410596327901814,2.0 2.0
651,1.5906387344764967,2.0 2.0
652,2.1404524486747283,0.139 0.139 0.139 0.139
653,2.2213077479131753,0.134 0.134 2.0 2.0
654,3.054423060703704,2.0 2.0 0.096 0.096
655,4.2470363416530965,0.096 0.096 0.096 0.096 0.139 0.139
656,4.4226586909057986,2.0 2.0 0.134 0.134
657,6.540332482412147,0.134 0.134 2.0 2.0 0.10566 0.10566
658,7.712793164539303,2.0 2.0 0.096 0.096 0.134 0.134
659,8.043603507737743,0.134 0.134 0.096 0.096 0.096 0.096 0.134 0.134
660,9.254811599803919,0.134 0.134 0.134 0.134 2.0 2.0 0.134 0.134 0.134 0.134
661,0.9506401313901911,0.139 0.139
662,1.1410596327901814,0.10566 0.10566
663,1.5906387344764967,2.0 2.0
664,2.1404524486747283,0.134 0.134 0.139 0.139
665,2.2213077479131753,2.0 2.0 0.139 0.139
666,3.054423060703704,0.139 0.139 0.096 0.096
667,4.2470363416530965,2.0 2.0 0.096 0.096
668,4.4226586909057986,0.139 0.139 0.096 0.096 0.134 0.134
669,6.540332482412147,2.0 2.0 0.139 0.139 0.134 0.134
670,7.712793164539303,0.096 0.096 2.0 2.0
671,8.043603507737743,0.134 0.134 0.096 0.096 0.134 0.134 0.134 0.134
672,9.254811599803919,0.134 0.134 0.134 0.134 0.134 0.134 0.139 0.139 0.139 0.139
673,0.9506401313901911,0.139 0.139
674,1.1410596327901814,0.10566 0.10566
675,1.5906387344764967,0.10566 0.10566
676,2.1404524486747283,0.096 0.096 0.096 0.096
677,2.2213077479131753,0.139 0.139 0.134 0.134
678,3.054423060703704,0.096 0.096 2.0 2.0
679,4.2470363416530965,2.0 2.0 0.134 0.134 0.139 0.139
680,4.4226586909057986,0.134 0.134 2.0 2.0
681,6.540332482412147,0.096 0.096 0.10566 0.10566 0.096 0.096
682,7.712793164539303,0.134 0.134 0.10566 0.10566
683,8.043603507737743,0.134 0.134 0.134 0.134 0.096 0.096
684,9.254811599803919,0.096 0.096 0.096 0.096 2.0 2.0 0.139 0.139
685,0.9506401313901911,0.096 0.096
686,1.1410596327901814,0.096 0.096
687,1.5906387344764967,2.0 2.0
688,2.1404524486747283,0.134 0.134 0.134 0.134
689,2.2213077479131753,0.134 0.134 0.134 0.134
690,3.054423060703704,2.0 2.0 0.134 0.134
691,4.2470363416530965,0.10566 0.10566 0.134 0.134 0.139 0.139
692,4.4226586909057986,2.0 2.0 0.10566 0.10566
693,6.540332482412147,0.139 0.139 2.0 2.0
694,7.712793164539303,2.0 2.0 0.134 0.134 0.139 0.139 0.134 0.134
695,8.043603507737743,2.0 2.0 0.134 0.134 2.0 2.0
696,9.254811599803919,2.0 2.0 0.134 0.134 0.134 0.134
697,0.9506401313901911,0.134 0.134
698,1.1410596327901814,0.096 0.096
699,1.5906387344764967,2.0 2.0
700,2.1404524486747283,0.139 0.139 0.134 0.134
701,2.2213077479131753,0.134 0.134 0.096 0.096
702,3.054423060703704,0.139 0.139 0.139 0.139
703,4.2470363416530965,0.134 0.134 0.134 0.134 0.10566 0.10566
704,4.4226586909057986,0.096 0.096 0.10566 0.10566
705,6.540332482412147,0.096 0.096 0.139 0.139
706,7.712793164539303,0.139 0.139 2.0 2.0 0.096 0.096 0.139 0.139
707,8.043603507737743,2.0 2.0 0.139 0.139
708,9.254811599803919,0.139 0.139 0.134 0.134 2.0 2.0 0.139 0.139 0.134 0.134
709,0.9506401313901911,0.096 0.096
710,1.1410596327901814,0.10566 0.10566
711,1.5906387344764967,0.10566 0.10566
712,2.1404524486747283,0.134 0.134 0.096 0.096
713,2.2213077479131753,0.134 0.134 0.134 0.134
714,3.054423060703704,0.134 0.134 2.0 2.0
715,4.2470363416530965,0.134 0.134 0.134 0.134
716,4.4226586909057986,2.0 2.0 0.139 0.139
717,6.540332482412147,0.134 0.134 0.096 0.096 0.096 0.096
718,7.712793164539303,2.0 2.0 0.096 0.096
719,8.043603507737743,0.139 0.139 0.134 0.134 0.134 0.134 0.139 0.139
720,9.254811599803919,0.096 0.096 0.134 0.134 0.096 0.096
721,0.9506401313901911,0.139 0.139
722,1.1410596327901814,0.096 0.096
723,1.5906387344764967,2.0 2.0
724,2.1404524486747283,2.0 2.0 0.134 0.134
725,2.2213077479131753,0.134 0.134 0.134 0.134
726,3.054423060703704,2.0 2.0 2.0 2.0
727,4.2470363416530965,0.134 0.134 0.096 0.096
728,4.4226586909057986,0.096 0.096 2.0 2.0 0.134 0.134
729,6.540332482412147,0.096 0.096 0.139 0.139 0.134 0.134 0.134 0.134
730,7.712793164539303,0.139 0.139 0.134 0.134 0.096 0.096 0.139 0.139
731,8.043603507737743,2.0 2.0 0.096 0.096 0.096 0.096
732,9.254811599803919,0.134 0.134 2.0 2.0 0.134 0.134 0.134 0.134
733,0.9506401313901911,2.0 2.0
734,1.1410596327901814,0.096 0.096
735,1.5906387344764967,0.096 0.096
736,2.1404524486747283,0.134 0.134 0.134 0.134
737,2.2213077479131753,2.0 2.0 0.10566 0.10566
738,3.054423060703704,0.096 0.096 0.134 0.134
739,4.2470363416530965,0.096 0.096 2.0 2.0 0.134 0.134
740,4.4226586909057986,2.0 2.0 2.0 2.0
741,6.540332482412147,2.0 2.0 2.0 2.0 0.096 0.096 0.139 0.139
742,7.712793164539303,0.139 0.139 0.096 0.096 0.134 0.134
743,8.043603507737743,0.096 0.096 0.134 0.134 0.096 0.096
744,9.254811599803919,0.096 0.096 0.096 0.096 2.0 2.0 0.139 0.139
745,0.9506401313901911,0.139 0.139
746,1.1410596327901814,0.096 0.096
747,1.5906387344764967,0.10566 0.10566
748,2.1404524486747283,0.139 0.139 0.134 0.134
749,2.2213077479131753,0.134 0.134 0.139 0.139
750,3.054423060703704,0.134 0.134 2.0 2.0
751,4.2470363416530965,2.0 2.0 0.134 0.134
752,4.4226586909057986,2.0 2.0 0.096 0.096
753,6.540332482412147,0.096 0.096 0.134 0.134
754,7.712793164539303,0.096 0.096 0.096 0.096
755,8.043603507737743,0.096 0.096 2.0 2.0
756,9.254811599803919,0.096 0.096 0.134 0.134 2.0 2.0
757,0.9506401313901911,0.134 0.134
758,1.1410596327901814,0.134 0.134
759,1.5906387344764967,2.0 2.0
760,2.1404524486747283,2.0 2.0 0.134 0.134
761,2.2213077479131753,0.134 0.134 0.134 0.134
762,3.054423060703704,0.139 0.139 0.134 0.134
763,4.2470363416530965,0.096 0.096 0.134 0.134 0.096 0.096
764,4.4226586909057986,2.0 2.0 0.134 0.134 0.096 0.096
765,6.540332482412147,2.0 2.0 0.139 0.139 0.096 0.096
766,7.712793164539303,0.096 0.096 0.139 0.139 0.134 0.134
767,8.043603507737743,2.0 2.0 0.134 0.134 2.0 2.0
768,9.254811599803919,0.096 0.096 2.0 2.0 0.139 0.139 0.134 0.134
769,0.9506401313901911,2.0 2.0
770,1.1410596327901814,0.134 0.134
771,1.5906387344764967,0.096 0.096
772,2.1404524486747283,0.139 0.139 2.0 2.0
773,2.2213077479131753,0.134 0.134 0.139 0.139
774,3.054423060703704,0.134 0.134 0.134 0.134
775,4.2470363416530965,2.0 2.0 2.0 2.0 0.139 0.139
776,4.4226586909057986,2.0 2.0 0.096 0.096
777,6.540332482412147,0.10566 0.10566 0.096 0.096 2.0 2.0
778,7.712793164539303,2.0 2.0 2.0 2.0 0.134 0.134 2.0 2.0
779,8.043603507737743,0.096 0.096 0.096 0.096 0.134 0.134 0.134 0.134
780,9.254811599803919,0.096 0.096 0.096 0.096 0.134 0.134 0.096 0.096
781,0.9506401313901911,0.134 0.134
782,1.1410596327901814,2.0 2.0
783,1.5906387344764967,0.10566 0.10566
784,2.1404524486747283,0.134 0.134 2.0 2.0
785,2.2213077479131753,0.139 0.139 0.096 0.096
786,3.054423060703704,0.10566 0.10566 0.096 0.096
787,4.2470363416530965,0.10566 0.10566 0.134 0.134
788,4.4226586909057986,2.0 2.0 0.134 0.134 2.0 2.0
789,6.540332482412147,0.096 0.096 0.096 0.096 0.134 0.134
790,7.712793164539303,0.10566 0.10566 2.0 2.0
791,8.043603507737743,0.139 0.139 0.096 0.096 0.134 0.134
792,9.254811599803919,0.139 0.139 2.0 2.0
793,0.9506401313901911,0.139 0.139
794,1.1410596327901814,2.0 2.0
795,1.5906387344764967,2.0 2.0
796,2.1404524486747283,0.134 0.134 0.10566 0.10566
797,2.2213077479131753,0.10566 0.10566 0.134 0.134
798,3.054423060703704,0.096 0.096 0.096 0.096
799,4.2470363416530965,2.0 2.0 0.139 0.139 2.0 2.0
800,4.4226586909057986,2.0 2.0 0.134 0.134 0.139 0.139
801,6.540332482412147,2.0 2.0 2.0 2.0
802,7.712793164539303,0.134 0.134 0.096 0.096 0.134 0.134 0.096 0.096
803,8.043603507737743,0.134 0.134 0.134 0.134 0.134 0.134 0.096 0.096
804,9.254811599803919,0.134 0.134 0.096 0.096 0.096 0.096 0.139 0.139
805,0.9506401313901911,0.139 0.139
806,1.1410596327901814,0.096 0.096
807,1.5906387344764967,2.0 2.0
808,2.1404524486747283,0.096 0.096 2.0 2.0
809,2.2213077479131753,0.134 0.134 0.134 0.134
810,3.054423060703704,2.0 2.0 2.0 2.0
811,4.2470363416530965,0.139 0.139 0.139 0.139 0.134 0.134
812,4.4226586909057986,0.096 0.096 0.096 0.096
813,6.540332482412147,0.134 0.134 0.134 0.134 0.134 0.134
814,7.712793164539303,0.10566 0.10566 2.0 2.0 0.10566 0.10566 0.134 0.134
815,8.043603507737743,0.10566 0.10566 0.096 0.096 0.134 0.134
816,9.254811599803919,0.134 0.134 0.134 0.134 0.134 0.134 0.096 0.096 2.0 2.0
817,0.9506401313901911,0.139 0.139
818,1.1410596327901814,0.096 0.096
819,1.5906387344764967,0.10566 0.10566
820,2.1404524486747283,0.139 0.139 0.096 0.096
821,2.2213077479131753,0.139 0.139 0.139 0.139
822,3.054423060703704,0.134 0.134 0.134 0.134
823,4.2470363416530965,0.096 0.096 0.096 0.096
824,4.4226586909057986,0.139 0.139 0.134 0.134 0.134 0.134
825,6.540332482412147,0.096 0.096 0.134 0.134 0.139 0.139
826,7.712793164539303,0.134 0.134 0.134 0.134 0.134 0.134 0.134 0.134
827,8.043603507737743,2.0 2.0 0.134 0.134 0.096 0.096
828,9.254811599803919,0.096 0.096 0.139 0.139 0.134 0.134
829,0.9506401313901911,0.134 0.134
830,1.1410596327901814,0.134 0.134
831,1.5906387344764967,2.0 2.0
832,2.1404524486747283,0.134 0.134 0.134 0.134
833,2.2213077479131753,0.096 0.096 0.096 0.096
834,3.054423060703704,0.134 0.134 1.0 1.0
835,4.2470363416530965,0.096 0.096 2.0 2.0
836,4.4226586909057986,0.134 0.134 0.134 0.134 0.10566 0.10566
837,6.540332482412147,2.0 2.0 0.139 0.139 0.139 0.139
838,7.712793164539303,2.0 2.0 0.096 0.096 0.134 0.134
839,8.043603507737743,2.0 2.0 2.0 2.0
840,9.254811599803919,2.0 2.0 0.134 0.134 0.096 0.096 0.139 0.139
841,0.9506401313901911,0.134 0.134
842,1.1410596327901814,0.096 0.096
843,1.5906387344764967,2.0 2.0
844,2.1404524486747283,0.139 0.139 0.139 0.139
845,2.2213077479131753,0.139 0.139 0.134 0.134
846,3.054423060703704,0.096 0.096 0.10566 0.10566
847,4.2470363416530965,0.134 0.134 2.0 2.0
848,4.4226586909057986,0.096 0.096 0.10566 0.10566 0.134 0.134
849,6.540332482412147,0.10566 0.10566 0.10566 0.10566 0.096 0.096 0.096 0.096
850,7.712793164539303,2.0 2.0 0.096 0.096 0.139 0.139
851,8.043603507737743,2.0 2.0 0.134 0.134
852,9.254811599803919,0.10566 0.10566 0.10566 0.10566 0.134 0.134
853,0.9506401313901911,0.10566 0.10566
854,1.1410596327901814,0.096 0.096
855,1.5906387344764967,2.0 2.0
856,2.1404524486747283,0.096 0.096 0.139 0.139
857,2.2213077479131753,0.096 0.096 0.139 0.139
858,3.054423060703704,2.0 2.0 2.0 2.0
859,4.2470363416530965,0.10566 0.10566 0.134 0.134 0.134 0.134
860,4.4226586909057986,2.0 2.0 0.139 0.139 0.134 0.134
861,6.540332482412147,0.134 0.134 2.0 2.0
862,7.712793164539303,0.096 0.096 2.0 2.0 2.0 2.0
863,8.043603507737743,0.096 0.096 0.139 0.139 0.134 0.134
864,9.254811599803919,0.139 0.139 0.10566 0.10566 2.0 2.0 2.0 2.0 0.139 0.139
865,0.9506401313901911,0.134 0.134
866,1.1410596327901814,2.0 2.0
867,1.5906387344764967,2.0 2.0
868,2.1404524486747283,0.10566 0.10566 0.134 0.134
869,2.2213077479131753,0.10566 0.10566 0.134 0.134
870,3.054423060703704,0.134 0.134 0.10566 0.10566
871,4.2470363416530965,2.0 2.0 0.134 0.134 2.0 2.0
872,4.4226586909057986,0.139 0.139 0.096 0.096 0.134 0.134
873,6.540332482412147,2.0 2.0 0.134 0.134 0.096 0.096
874,7.712793164539303,0.096 0.096 2.0 2.0 2.0 2.0 2.0 2.0
875,8.043603507737743,0.134 0.134 0.096 0.096 0.096 0.096
876,9.254811599803919,0.134 0.134 0.139 0.139 0.134 0.134 2.0 2.0 0.134 0.134
877,0.9506401313901911,2.0 2.0
878,1.1410596327901814,0.134 0.134
879,1.5906387344764967,2.0 2.0
880,2.1404524486747283,0.096 0.096 0.096 0.096
881,2.2213077479131753,0.134 0.134 0.096 0.096
882,3.054423060703704,0.10566 0.10566 0.096 0.096
883,4.2470363416530965,0.134 0.134 2.0 2.0
884,4.4226586909057986,0.096 0.096 0.096 0.096
885,6.540332482412147,0.096 0.096 0.139 0.139 0.096 0.096 0.134 0.134
886,7.712793164539303,0.134 0.134 0.134 0.134 0.134 0.134
887,8.043603507737743,2.0 2.0 0.134 0.134 0.134 0.134 0.096 0.096
888,9.254811599803919,0.134 0.134 0.134 0.134 0.139 0.139
889,0.9506401313901911,0.134 0.134
890,1.1410596327901814,0.096 0.096
891,1.5906387344764967,0.10566 0.10566
892,2.1404524486747283,0.139 0.139 0.134 0.134
893,2.2213077479131753,0.096 0.096 0.139 0.139
894,3.054423060703704,2.0 2.0 2.0 2.0
895,4.2470363416530965,0.10566 0.10566 2.0 2.0
896,4.4226586909057986,0.096 0.096 0.139 0.139
897,6.540332482412147,0.134 0.134 2.0 2.0 0.139 0.139 0.134 0.134
898,7.712793164539303,0.096 0.096 2.0 2.0 0.139 0.139 0.134 0.134
899,8.043603507737743,2.0 2.0 0.096 0.096 0.139 0.139 2.0 2.0 0.134 0.134
900,9.254811599803919,0.139 0.139 0.134 0.134 2.0 2.0 0.134 0.134
901,0.9506401313901911,0.139 0.139
902,1.1410596327901814,0.096 0.096
903,1.5906387344764967,2.0 2.0
904,2.1404524486747283,0.134 0.134 0.096 0.096
905,2.2213077479131753,2.0 2.0 0.096 0.096
906,3.054423060703704,0.139 0.139 0.134 0.134
907,4.2470363416530965,0.134 0.134 0.134 0.134 0.139 0.139
908,4.4226586909057986,0.134 0.134 0.096 0.096
909,6.540332482412147,0.096 0.096 0.134 0.134 0.134 0.134
910,7.712793164539303,0.139 0.139 0.134 0.134 0.134 0.134
911,8.043603507737743,0.139 0.139 0.134 0.134
912,9.254811599803919,0.096 0.096 0.134 0.134 0.096 0.096 0.134 0.134
913,0.9506401313901911,0.134 0.134
914,1.1410596327901814,0.10566 0.10566
915,1.5906387344764967,0.10566 0.10566
916,2.1404524486747283,0.134 0.134 2.0 2.0
917,2.2213077479131753,0.139 0.139 0.134 0.134
918,3.054423060703704,2.0 2.0 2.0 2.0
919,4.2470363416530965,0.096 0.096 0.10566 0.10566
920,4.4226586909057986,0.096 0.096 0.134 0.134
921,6.540332482412147,2.0 2.0 2.0 2.0 0.139 0.139
922,7.712793164539303,0.134 0.134 0.134 0.134 0.139 0.139
923,8.043603507737743,2.0 2.0 2.0 2.0 2.0 2.0
924,9.254811599803919,0.134 0.134 0.096 0.096 0.134 0.134
925,0.9506401313901911,0.139 0.139
926,1.1410596327901814,2.0 2.0
927,1.5906387344764967,2.0 2.0
928,2.1404524486747283,0.10566 0.10566 0.134 0.134
929,2.2213077479131753,0.134 0.134 0.134 0.134
930,3.054423060703704,0.134 0.134 0.10566 0.10566
931,4.2470363416530965,0.139 0.139 0.10566 0.10566 0.139 0.139
932,4.4226586909057986,0.096 0.096 0.139 0.139
933,6.540332482412147,2.0 2.0 0.134 0.134 0.096 0.096
934,7.712793164539303,2.0 2.0 0.134 0.134 0.134 0.134
935,8.043603507737743,0.096 0.096 0.134 0.134 0.134 0.134 0.139 0.139
936,9.254811599803919,0.096 0.096 2.0 2.0 0.139 0.139 0.134 0.134
937,0.9506401313901911,0.139 0.139
938,1.1410596327901814,0.096 0.096
939,1.5906387344764967,0.096 0.096
940,2.1404524486747283,0.134 0.134 0.10566 0.10566
941,2.2213077479131753,0.134 0.134 0.139 0.139
942,3.054423060703704,0.096 0.096 0.096 0.096
943,4.2470363416530965,2.0 2.0 0.134 0.134 0.134 0.134
944,4.4226586909057986,0.134 0.134 0.10566 0.10566 2.0 2.0 0.096 0.096
945,6.540332482412147,0.139 0.139 0.139 0.139 0.096 0.096 0.096 0.096
946,7.712793164539303,0.096 0.096 0.134 0.134 0.134 0.134 0.10566 0.10566 0.096 0.096
947,8.043603507737743,0.134 0.134 0.134 0.134 0.139 0.139
948,9.254811599803919,0.10566 0.10566 0.139 0.139
949,0.9506401313901911,0.134 0.134
950,1.1410596327901814,0.096 0.096
951,1.5906387344764967,2.0 2.0
952,2.1404524486747283,0.134 0.134 0.139 0.139
953,2.2213077479131753,0.10566 0.10566 0.134 0.134
954,3.054423060703704,0.096 0.096 0.096 0.096
955,4.2470363416530965,2.0 2.0 0.134 0.134 0.096 0.096
956,4.4226586909057986,0.096 0.096 2.0 2.0 0.096 0.096 0.139 0.139
957,6.540332482412147,0.134 0.134 0.096 0.096 0.134 0.134
958,7.712793164539303,0.134 0.134 0.134 0.134 0.10566 0.10566 2.0 2.0
959,8.043603507737743,0.139 0.139 0.096 0.096 0.139 0.139 0.10566 0.10566 0.139 0.139
960,9.254811599803919,2.0 2.0 0.139 0.139 0.134 0.134
961,0.9506401313901911,2.0 2.0
962,1.1410596327901814,2.0 2.0
963,1.5906387344764967,2.0 2.0
964,2.1404524486747283,0.10566 0.10566 0.134 0.134
965,2.2213077479131753,0.096 0.096 0.134 0.134
966,3.054423060703704,0.134 0.134 0.096 0.096
967,4.2470363416530965,0.139 0.139 0.096 0.096
968,4.4226586909057986,2.0 2.0 0.096 0.096
969,6.540332482412147,2.0 2.0 2.0 2.0
970,7.712793164539303,2.0 2.0 2.0 2.0 0.134 0.134
971,8.043603507737743,2.0 2.0 2.0 2.0
972,9.254811599803919,0.134 0.134 0.134 0.134 2.0 2.0 0.139 0.139
973,0.9506401313901911,0.139 0.139
974,1.1410596327901814,0.096 0.096
975,1.5906387344764967,0.139 0.139
976,2.1404524486747283,0.096 0.096 2.0 2.0
977,2.2213077479131753,0.134 0.134 0.134 0.134
978,3.054423060703704,0.096 0.096 0.10566 0.10566
979,4.2470363416530965,0.134 0.134 0.134 0.134 0.134 0.134
980,4.4226586909057986,2.0 2.0 0.139 0.139 2.0 2.0 0.134 0.134
981,6.540332482412147,0.139 0.139 0.10566 0.10566 0.134 0.134 0.139 0.139
982,7.712793164539303,2.0 2.0 0.139 0.139
983,8.043603507737743,2.0 2.0 2.0 2.0 2.0 2.0 0.134 0.134 0.10566 0.10566
984,9.254811599803919,0.134 0.134 2.0 2.0 2.0 2.0
985,0.9506401313901911,0.134 0.134
986,1.1410596327901814,0.096 0.096
987,1.5906387344764967,0.096 0.096
988,2.1404524486747283,0.139 0.139 0.134 0.134
989,2.2213077479131753,2.0 2.0 0.134 0.134
990,3.054423060703704,0.139 0.139 0.096 0.096
991,4.2470363416530965,2.0 2.0 2.0 2.0
992,4.4226586909057986,2.0 2.0 0.139 0.139
993,6.540332482412147,0.096 0.096 0.10566 0.10566 0.134 0.134 0.134 0.134
994,7.712793164539303,2.0 2.0 2.0 2.0 0.096 0.096
995,8.043603507737743,2.0 2.0 0.134 0.134 0.134 0.134
996,9.254811599803919,2.0 2.0 0.134 0.134 0.139 0.139
997,0.9506401313901911,2.0 2.0
998,1.1410596327901814,0.10566 0.10566
999,1.5906387344764967,0.096 0.096
1000,2.1404524486747283,0.134 0.134 0.139 0.139
1001,2.2213077479131753,0.139 0.139 0.134 0.134
1002,3.054423060703704,2.0 2.0 0.134 0.134
1003,4.2470363416530965,0.134 0.134 0.10566 0.10566 2.0 2.0
1004,4.4226586909057986,2.0 2.0 0.10566 0.10566 0.139 0.139
1005,6.540332482412147,0.096 0.096 0.134 0.134 0.096 0.096
1006,7.712793164539303,0.139 0.139 0.096 0.096 0.139 0.139
1007,8.043603507737743,0.134 0.134 0.134 0.134 0.096 0.096 0.139 0.139
1008,9.254811599803919,0.134 0.134 2.0 2.0 0.134 0.134
1009,0.9506401313901911,0.134 0.134
1010,1.1410596327901814,2.0 2.0
1011,1.5906387344764967,2.0 2.0
1012,2.1404524486747283,2.0 2.0 0.096 0.096
1013,2.2213077479131753,0.096 0.096 0.139 0.139
1014,3.054423060703704,0.096 0.096 0.139 0.139
1015,4.2470363416530965,0.096 0.096 0.10566 0.10566
1016,4.4226586909057986,2.0 2.0 0.096 0.096
1017,6.540332482412147,0.139 0.139 0.134 0.134 2.0 2.0 2.0 2.0
1018,7.712793164539303,0.139 0.139 2.0 2.0 0.134 0.134 0.134 0.134
1019,8.043603507737743,0.139 0.139 0.134 0.134 0.139 0.139 0.134 0.134
1020,9.254811599803919,2.0 2.0 2.0 2.0 0.096 0.096 2.0 2.0 0.139 0.139
1021,0.9506401313901911,0.134 0.134
1022,1.1410596327901814,2.0 2.0
1023,1.5906387344764967,0.096 0.096
1024,2.1404524486747283,0.139 0.139 0.139 0.139
1025,2.2213077479131753,0.139 0.139 0.134 0.134
1026,3.054423060703704,0.139 0.139 0.10566 0.10566
1027,4.2470363416530965,0.134 0.134 2.0 2.0 0.134 0.134
1028,4.4226586909057986,0.134 0.134 2.0 2.0
1029,6.540332482412147,0.10566 0.10566 0.10566 0.10566 0.134 0.134 0.096 0.096
1030,7.712793164539303,0.139 0.139 0.139 0.139 2.0 2.0 0.134 0.134
1031,8.043603507737743,2.0 2.0 0.139 0.139 0.10566 0.10566 0.134 0.134
1032,9.254811599803919,0.10566 0.10566 2.0 2.0 0.096 0.096 2.0 2.0
1033,0.9506401313901911,0.139 0.139
1034,1.1410596327901814,0.096 0.096
1035,1.5906387344764967,2.0 2.0
1036,2.1404524486747283,0.134 0.134 0.134 0.134
1037,2.2213077479131753,2.0 2.0 0.139 0.139
1038,3.054423060703704,0.10566 0.10566 2.0 2.0
1039,4.2470363416530965,0.096 0.096 0.134 0.134
1040,4.4226586909057986,0.096 0.096 0.096 0.096 0.139 0.139
1041,6.540332482412147,0.10566 0.10566 0.096 0.096 0.096 0.096
1042,7.712793164539303,0.139 0.139 2.0 2.0 0.139 0.139 0.096 0.096
1043,8.043603507737743,0.096 0.096 0.134 0.134 0.134 0.134
1044,9.254811599803919,0.096 0.096 2.0 2.0 0.139 0.139 2.0 2.0 0.134 0.134 0.134 0.134
1045,0.9506401313901911,0.134 0.134
1046,1.1410596327901814,2.0 2.0
1047,1.5906387344764967,0.096 0.096
1048,2.1404524486747283,0.134 0.134 0.096 0.096
1049,2.2213077479131753,0.139 0.139 0.096 0.096
1050,3.054423060703704,0.139 0.139 0.096 0.096
1051,4.2470363416530965,0.134 0.134 0.134 0.134 0.139 0.139
1052,4.4226586909057986,2.0 2.0 2.0 2.0 0.134 0.134 0.139 0.139
1053,6.540332482412147,0.134 0.134 0.10566 0.10566 0.096 0.096 0.134 0.134
1054,7.712793164539303,2.0 2.0 0.134 0.134 0.096 0.096 0.139 0.139
1055,8.043603507737743,0.10566 0.10566 0.139 0.139 0.096 0.096 0.134 0.134 0.139 0.139
1056,9.254811599803919,0.096 0.096 0.10566 0.10566 0.134 0.134
1057,0.9506401313901911,0.134 0.134
1058,1.1410596327901814,2.0 2.0
1059,1.5906387344764967,0.096 0.096
1060,2.1404524486747283,0.134 0.134 2.0 2.0
1061,2.2213077479131753,0.134 0.134 0.139 0.139
1062,3.054423060703704,0.096 0.096 0.139 0.139
1063,4.2470363416530965,0.134 0.134 0.134 0.134 2.0 2.0
1064,4.4226586909057986,0.10566 0.10566 0.096 0.096 0.096 0.096
1065,6.540332482412147,0.134 0.134 2.0 2.0
1066,7.712793164539303,2.0 2.0 0.139 0.139 0.134 0.134 0.139 0.139
1067,8.043603507737743,0.139 0.139 2.0 2.0
1068,9.254811599803919,0.134 0.134 0.134 0.134 0.10566 0.10566
1069,0.9506401313901911,0.139 0.139
1070,1.1410596327901814,0.096 0.096
1071,1.5906387344764967,0.10566 0.10566
1072,2.1404524486747283,2.0 2.0 0.134 0.134
1073,2.2213077479131753,0.096 0.096 2.0 2.0
1074,3.054423060703704,0.134 0.134 0.134 0.134
1075,4.2470363416530965,2.0 2.0 0.134 0.134 2.0 2.0
1076,4.4226586909057986,0.096 0.096 0.096 0.096 0.134 0.134
1077,6.540332482412147,2.0 2.0 0.134 0.134 0.096 0.096
1078,7.712793164539303,0.139 0.139 0.134 0.134 2.0 2.0
1079,8.043603507737743,0.139 0.139 2.0 2.0
1080,9.254811599803919,0.096 0.096 0.139 0.139 0.10566 0.10566
1081,0.9506401313901911,0.10566 0.10566
1082,1.1410596327901814,0.10566 0.10566
1083,1.5906387344764967,0.096 0.096
1084,2.1404524486747283,0.134 0.134 2.0 2.0
1085,2.2213077479131753,0.096 0.096 0.134 0.134
1086,3.054423060703704,0.134 0.134 2.0 2.0
1087,4.2470363416530965,0.10566 0.10566 2.0 2.0
1088,4.4226586909057986,2.0 2.0 0.134 0.134 0.134 0.134
1089,6.540332482412147,0.139 0.139 0.10566 0.10566
1090,7.712793164539303,0.139 0.139 0.134 0.134 2.0 2.0
1091,8.043603507737743,0.139 0.139 0.10566 0.10566 0.134 0.134 0.134 0.134
1092,9.254811599803919,0.10566 0.10566 2.0 2.0 0.139 0.139 0.096 0.096
1093,0.9506401313901911,0.134 0.134
1094,1.1410596327901814,0.134 0.134
1095,1.5906387344764967,0.10566 0.10566
1096,2.1404524486747283,0.096 0.096 0.139 0.139
1097,2.2213077479131753,2.0 2.0 0.134 0.134
1098,3.054423060703704,0.134 0.134 0.134 0.134
1099,4.2470363416530965,2.0 2.0 0.134 0.134
1100,4.4226586909057986,0.096 0.096 0.134 0.134 0.139 0.139
1101,6.540332482412147,2.0 2.0 0.134 0.134
1102,7.712793164539303,0.134 0.134 2.0 2.0 0.134 0.134
1103,8.043603507737743,0.134 0.134 0.10566 0.10566 0.10566 0.10566 2.0 2.0
1104,9.254811599803919,2.0 2.0 2.0 2.0
1105,0.9506401313901911,0.139 0.139
1106,1.1410596327901814,0.096 0.096
1107,1.5906387344764967,0.10566 0.10566
1108,2.1404524486747283,0.134 0.134 0.139 0.139
1109,2.2213077479131753,0.139 0.139 0.096 0.096
1110,3.054423060703704,2.0 2.0 0.134 0.134
1111,4.2470363416530965,0.134 0.134 0.134 0.134
1112,4.4226586909057986,0.096 0.096 2.0 2.0
1113,6.540332482412147,0.139 0.139 2.0 2.0
1114,7.712793164539303,0.134 0.134 2.0 2.0 0.134 0.134
1115,8.043603507737743,0.139 0.139 0.134 0.134
1116,9.254811599803919,0.139 0.139 0.096 0.096 2.0 2.0 0.10566 0.10566
1117,0.9506401313901911,0.134 0.134
1118,1.1410596327901814,0.096 0.096
1119,1.5906387344764967,2.0 2.0
1120,2.1404524486747283,0.096 0.096 0.134 0.134
1121,2.2213077479131753,0.139 0.139 2.0 2.0
1122,3.054423060703704,0.10566 0.10566 0.10566 0.10566
1123,4.2470363416530965,0.096 0.096 0.134 0.134
1124,4.4226586909057986,0.096 0.096 0.096 0.096
1125,6.540332482412147,0.139 0.139 0.134 0.134 2.0 2.0 0.134 0.134
1126,7.712793164539303,0.134 0.134 0.139 0.139 0.134 0.134
1127,8.043603507737743,0.096 0.096 0.10566 0.10566 0.096 0.096
1128,9.254811599803919,0.139 0.139 0.139 0.139 0.134 0.134
1129,0.9506401313901911,0.134 0.134
1130,1.1410596327901814,0.134 0.134
1131,1.5906387344764967,2.0 2.0
1132,2.1404524486747283,0.139 0.139 0.096 0.096
1133,2.2213077479131753,0.096 0.096 0.134 0.134
1134,3.054423060703704,0.134 0.134 0.134 0.134
1135,4.2470363416530965,2.0 2.0 0.096 0.096 0.139 0.139
1136,4.4226586909057986,0.096 0.096 2.0 2.0 2.0 2.0
1137,6.540332482412147,0.139 0.139 0.10566 0.10566 2.0 2.0
1138,7.712793164539303,0.139 0.139 0.134 0.134 0.134 0.134 0.139 0.139
1139,8.043603507737743,0.096 0.096 0.134 0.134 0.134 0.134 0.096 0.096
1140,9.254811599803919,0.096 0.096 2.0 2.0 0.134 0.134 0.096 0.096
1141,0.9506401313901911,0.134 0.134
1142,1.1410596327901814,2.0 2.0
1143,1.5906387344764967,2.0 2.0
1144,2.1404524486747283,0.096 0.096 0.134 0.134
1145,2.2213077479131753,2.0 2.0 0.134 0.134
1146,3.054423060703704,2.0 2.0 0.134 0.134
1147,4.2470363416530965,0.134 0.134 0.134 0.134 2.0 2.0
1148,4.4226586909057986,0.134 0.134 2.0 2.0
1149,6.540332482412147,2.0 2.0 0.134 0.134
1150,7.712793164539303,2.0 2.0 2.0 2.0 0.10566 0.10566
1151,8.043603507737743,0.134 0.134 2.0 2.0 0.134 0.134 0.096 0.096
1152,9.254811599803919,0.139 0.139 0.134 0.134 2.0 2.0
1153,0.9506401313901911,2.0 2.0
1154,1.1410596327901814,2.0 2.0
1155,1.5906387344764967,0.10566 0.10566
1156,2.1404524486747283,0.134 0.134 0.134 0.134
1157,2.2213077479131753,0.139 0.139 0.096 0.096
1158,3.054423060703704,2.0 2.0 2.0 2.0
1159,4.2470363416530965,0.134 0.134 0.139 0.139 0.139 0.139
1160,4.4226586909057986,0.096 0.096 0.096 0.096
1161,6.540332482412147,2.0 2.0 0.139 0.139 0.139 0.139
1162,7.712793164539303,0.10566 0.10566 2.0 2.0 0.139 0.139
1163,8.043603507737743,0.139 0.139 2.0 2.0
1164,9.254811599803919,2.0 2.0 0.134 0.134 0.096 0.096
1165,0.9506401313901911,0.134 0.134
1166,1.1410596327901814,0.096 0.096
1167,1.5906387344764967,0.096 0.096
1168,2.1404524486747283,0.134 0.134 2.0 2.0
1169,2.2213077479131753,0.134 0.134 0.10566 0.10566
1170,3.054423060703704,0.10566 0.10566 2.0 2.0
1171,4.2470363416530965,0.10566 0.10566 0.139 0.139 2.0 2.0
1172,4.4226586909057986,0.10566 0.10566 0.134 0.134 0.139 0.139
1173,6.540332482412147,2.0 2.0 0.134 0.134 0.10566 0.10566
1174,7.712793164539303,0.134 0.134 0.134 0.134 2.0 2.0 0.134 0.134
1175,8.043603507737743,0.139 0.139 0.139 0.139 0.134 0.134 2.0 2.0
1176,9.254811599803919,0.096 0.096 0.10566 0.10566 2.0 2.0
1177,0.9506401313901911,0.134 0.134
1178,1.1410596327901814,0.10566 0.10566
1179,1.5906387344764967,2.0 2.0
1180,2.1404524486747283,2.0 2.0 2.0 2.0
1181,2.2213077479131753,2.0 2.0 0.134 0.134
1182,3.054423060703704,0.134 0.134 0.134 0.134
1183,4.2470363416530965,0.134 0.134 0.096 0.096
1184,4.4226586909057986,0.096 0.096 0.134 0.134
1185,6.540332482412147,0.139 0.139 0.134 0.134 0.139 0.139
1186,7.712793164539303,0.10566 0.10566 2.0 2.0
1187,8.043603507737743,2.0 2.0 2.0 2.0 0.096 0.096
1188,9.254811599803919,0.134 0.134 0.134 0.134 2.0 2.0 0.134 0.134 0.139 0.139
1189,0.9506401313901911,0.139 0.139
1190,1.1410596327901814,2.0 2.0
1191,1.5906387344764967,2.0 2.0
1192,2.1404524486747283,0.096 0.096 0.139 0.139
1193,2.2213077479131753,2.0 2.0 0.134 0.134
1194,3.054423060703704,2.0 2.0 0.139 0.139
1195,4.2470363416530965,0.096 0.096 0.134 0.134
1196,4.4226586909057986,0.096 0.096 0.096 0.096 0.134 0.134
1197,6.540332482412147,0.134 0.134 0.134 0.134 2.0 2.0
1198,7.712793164539303,0.134 0.134 0.134 0.134 0.096 0.096
1199,8.043603507737743,0.134 0.134 0.10566 0.10566 0.134 0.134 0.096 0.096
1200,9.254811599803919,0.10566 0.10566 2.0 2.0 0.134 0.134
1201,0.9506401313901911,0.134 0.134
1202,1.1410596327901814,2.0 2.0
1203,1.5906387344764967,2.0 2.0
1204,2.1404524486747283,0.134 0.134 2.0 2.0
1205,2.2213077479131753,0.134 0.134 0.10566 0.10566
1206,3.054423060703704,0.134 0.134 0.096 0.096
1207,4.2470363416530965,2.0 2.0 0.096 0.096 0.134 0.134
1208,4.4226586909057986,0.139 0.139 2.0 2.0
1209,6.540332482412147,0.096 0.096 2.0 2.0 0.134 0.134
1210,7.712793164539303,2.0 2.0 0.096 0.096 0.096 0.096
1211,8.043603507737743,0.134 0.134 0.096 0.096 0.10566 0.10566 0.139 0.139 0.134 0.134
1212,9.254811599803919,0.096 0.096 0.10566 0.10566 0.134 0.134
1213,0.9506401313901911,0.134 0.134
1214,1.1410596327901814,0.096 0.096
1215,1.5906387344764967,0.096 0.096
1216,2.1404524486747283,2.0 2.0 0.134 0.134
1217,2.2213077479131753,0.10566 0.10566 0.134 0.134
1218,3.054423060703704,0.134 0.134 2.0 2.0
1219,4.2470363416530965,2.0 2.0 2.0 2.0 2.0 2.0
1220,4.4226586909057986,0.10566 0.10566 2.0 2.0 0.096 0.096
1221,6.540332482412147,0.10566 0.10566 0.134 0.134 0.134 0.134 0.096 0.096
1222,7.712793164539303,2.0 2.0 0.139 0.139 0.139 0.139 2.0 2.0
1223,8.043603507737743,2.0 2.0 0.134 0.134 0.134 0.134
1224,9.254811599803919,0.10566 0.10566 2.0 2.0 0.134 0.134 0.134 0.134
1225,0.9506401313901911,0.134 0.134
1226,1.1410596327901814,0.096 0.096
1227,1.5906387344764967,2.0 2.0
1228,2.1404524486747283,0.096 0.096 0.134 0.134
1229,2.2213077479131753,0.134 0.134 2.0 2.0
1230,3.054423060703704,2.0 2.0 0.096 0.096
1231,4.2470363416530965,2.0 2.0 0.134 0.134
1232,4.4226586909057986,0.10566 0.10566 0.096 0.096
1233,6.540332482412147,0.139 0.139 0.134 0.134 0.134 0.134
1234,7.712793164539303,0.096 0.096 0.134 0.134
1235,8.043603507737743,0.096 0.096 0.134 0.134 2.0 2.0 0.134 0.134
1236,9.254811599803919,2.0 2.0 2.0 2.0 0.096 0.096 2.0 2.0
1237,0.9506401313901911,0.139 0.139
1238,1.1410596327901814,0.10566 0.10566
1239,1.5906387344764967,0.10566 0.10566
1240,2.1404524486747283,0.134 0.134 0.096 0.096
1241,2.2213077479131753,0.096 0.096 0.134 0.134
1242,3.054423060703704,0.10566 0.10566 0.096 0.096
1243,4.2470363416530965,2.0 2.0 0.139 0.139
1244,4.4226586909057986,0.10566 0.10566 0.134 0.134 0.096 0.096
1245,6.540332482412147,2.0 2.0 2.0 2.0 0.134 0.134 0.10566 0.10566
1246,7.712793164539303,0.134 0.134 0.096 0.096
1247,8.043603507737743,0.134 0.134 2.0 2.0 0.10566 0.10566 0.10566 0.10566
1248,9.254811599803919,0.139 0.139 2.0 2.0 0.096 0.096 0.134 0.134 0.134 0.134
1249,0.9506401313901911,0.139 0.139
1250,1.1410596327901814,2.0 2.0
1251,1.5906387344764967,0.10566 0.10566
1252,2.1404524486747283,0.134 0.134 0.096 0.096
1253,2.2213077479131753,0.134 0.134 0.096 0.096
1254,3.054423060703704,0.134 0.134 0.134 0.134
1255,4.2470363416530965,0.139 0.139 2.0 2.0
1256,4.4226586909057986,2.0 2.0 0.139 0.139 0.134 0.134
1257,6.540332482412147,0.134 0.134 0.134 0.134 0.134 0.134
1258,7.712793164539303,2.0 2.0 0.096 0.096 0.134 0.134
1259,8.043603507737743,0.096 0.096 0.134 0.134 0.134 0.134
1260,9.254811599803919,0.096 0.096 0.134 0.134 0.139 0.139 0.134 0.134 2.0 2.0
1261,0.9506401313901911,2.0 2.0
1262,1.1410596327901814,2.0 2.0
1263,1.5906387344764967,0.10566 0.10566
1264,2.1404524486747283,0.134 0.134 2.0 2.0
1265,2.2213077479131753,0.134 0.134 0.139 0.139
1266,3.054423060703704,2.0 2.0 0.134 0.134
1267,4.2470363416530965,2.0 2.0 0.134 0.134
1268,4.4226586909057986,0.139 0.139 2.0 2.0
1269,6.540332482412147,0.134 0.134 0.096 0.096
1270,7.712793164539303,0.134 0.134 0.134 0.134 2.0 2.0 2.0 2.0 0.139 0.139
1271,8.043603507737743,0.134 0.134 2.0 2.0 0.096 0.096 0.10566 0.10566
1272,9.254811599803919,0.134 0.134 0.139 0.139 0.10566 0.10566 0.134 0.134
1273,0.9506401313901911,0.139 0.139
1274,1.1410596327901814,0.096 0.096
1275,1.5906387344764967,2.0 2.0
1276,2.1404524486747283,0.134 0.134 0.134 0.134
1277,2.2213077479131753,0.134 0.134 0.134 0.134
1278,3.054423060703704,0.10566 0.10566 0.10566 0.10566
1279,4.2470363416530965,2.0 2.0 2.0 2.0
1280,4.4226586909057986,0.096 0.096 0.096 0.096 0.10566 0.10566
1281,6.540332482412147,0.134 0.134 2.0 2.0 2.0 2.0
1282,7.712793164539303,0.134 0.134 0.096 0.096 0.134 0.134 0.096 0.096 0.134 0.134
1283,8.043603507737743,0.096 0.096 2.0 2.0
1284,9.254811599803919,2.0 2.0 0.139 0.139 0.096 0.096
1285,0.9506401313901911,0.139 0.139
1286,1.1410596327901814,0.10566 0.10566
1287,1.5906387344764967,0.10566 0.10566
1288,2.1404524486747283,0.096 0.096 0.10566 0.10566
1289,2.2213077479131753,0.134 0.134 2.0 2.0
1290,3.054423060703704,0.134 0.134 2.0 2.0
1291,4.2470363416530965,0.139 0.139 0.139 0.139 0.134 0.134
1292,4.4226586909057986,0.134 0.134 0.139 0.139 0.096 0.096
1293,6.540332482412147,0.139 0.139 0.139 0.139 0.10566 0.10566
1294,7.712793164539303,2.0 2.0 0.096 0.096 0.139 0.139 0.134 0.134
1295,8.043603507737743,2.0 2.0 0.096 0.096 0.134 0.134
1296,9.254811599803919,2.0 2.0 0.134 0.134 2.0 2.0
1297,0.9506401313901911,0.134 0.134
1298,1.1410596327901814,0.10566 0.10566
1299,1.5906387344764967,2.0 2.0
1300,2.1404524486747283,0.096 0.096 0.134 0.134
1301,2.2213077479131753,2.0 2.0 0.096 0.096
1302,3.054423060703704,0.134 0.134 0.134 0.134
1303,4.2470363416530965,2.0 2.0 0.134 0.134 0.096 0.096
1304,4.4226586909057986,0.134 0.134 0.134 0.134 0.10566 0.10566
1305,6.540332482412147,2.0 2.0 0.134 0.134 0.134 0.134
1306,7.712793164539303,0.10566 0.10566 2.0 2.0 0.134 0.134 0.139 0.139 0.10566 0.10566
1307,8.043603507737743,2.0 2.0 0.096 0.096 0.096 0.096
1308,9.254811599803919,2.0 2.0 0.134 0.134 0.134 0.134
1309,0.9506401313901911,0.134 0.134
1310,1.1410596327901814,2.0 2.0
1311,1.5906387344764967,2.0 2.0
1312,2.1404524486747283,0.096 0.096 0.096 0.096
1313,2.2213077479131753,0.139 0.139 0.134 0.134
1314,3.054423060703704,2.0 2.0 0.134 0.134
1315,4.2470363416530965,0.134 0.134 2.0 2.0
1316,4.4226586909057986,0.096 0.096 0.134 0.134
1317,6.540332482412147,0.134 0.134 0.096 0.096 2.0 2.0
1318,7.712793164539303,0.096 0.096 0.139 0.139 0.096 0.096
1319,8.043603507737743,0.134 0.134 0.096 0.096 0.134 0.134 0.134 0.134
1320,9.254811599803919,0.096 0.096 0.139 0.139 0.139 0.139
1321,0.9506401313901911,0.134 0.134
1322,1.1410596327901814,0.139 0.139
1323,1.5906387344764967,2.0 2.0
1324,2.1404524486747283,0.096 0.096 2.0 2.0
1325,2.2213077479131753,0.134 0.134 0.134 0.134
1326,3.054423060703704,0.139 0.139 0.134 0.134
1327,4.2470363416530965,0.10566 0.10566 0.139 0.139 0.134 0.134
1328,4.4226586909057986,0.096 0.096 0.134 0.134 0.134 0.134
1329,6.540332482412147,0.096 0.096 0.096 0.096 0.096 0.096
1330,7.712793164539303,2.0 2.0 0.096 0.096 0.134 0.134
1331,8.043603507737743,2.0 2.0 0.096 0.096 0.096 0.096
1332,9.254811599803919,0.134 0.134 2.0 2.0
1333,0.9506401313901911,0.139 0.139
1334,1.1410596327901814,0.134 0.134
1335,1.5906387344764967,0.10566 0.10566
1336,2.1404524486747283,0.10566 0.10566 0.134 0.134
1337,2.2213077479131753,0.096 0.096 0.139 0.139
1338,3.054423060703704,2.0 2.0 0.134 0.134
1339,4.2470363416530965,0.096 0.096 0.10566 0.10566 0.139 0.139
1340,4.4226586909057986,2.0 2.0 0.096 0.096
1341,6.540332482412147,0.096 0.096 2.0 2.0 0.096 0.096 2.0 2.0
1342,7.712793164539303,2.0 2.0 0.096 0.096 0.139 0.139
1343,8.043603507737743,0.134 0.134 0.139 0.139 0.096 0.096 0.134 0.134
1344,9.254811599803919,0.096 0.096 2.0 2.0 0.134 0.134
1345,0.9506401313901911,0.096 0.096
1346,1.1410596327901814,0.096 0.096
1347,1.5906387344764967,0.096 0.096
1348,2.1404524486747283,0.096 0.096 0.134 0.134
1349,2.2213077479131753,0.134 0.134 0.096 0.096
1350,3.054423060703704,0.10566 0.10566 0.134 0.134
1351,4.2470363416530965,2.0 2.0 0.096 0.096
1352,4.4226586909057986,2.0 2.0 0.096 0.096 2.0 2.0
1353,6.540332482412147,2.0 2.0 0.134 0.134 2.0 2.0
1354,7.712793164539303,0.096 0.096 0.134 0.134
1355,8.043603507737743,0.134 0.134 0.134 0.134 0.096 0.096 2.0 2.0
1356,9.254811599803919,2.0 2.0 0.134 0.134 0.096 0.096
1357,0.9506401313901911,0.096 0.096
1358,1.1410596327901814,2.0 2.0
1359,1.5906387344764967,0.096 0.096
1360,2.1404524486747283,2.0 2.0 0.134 0.134
1361,2.2213077479131753,0.134 0.134 0.134 0.134
1362,3.054423060703704,2.0 2.0 2.0 2.0
1363,4.2470363416530965,2.0 2.0 0.10566 0.10566 0.134 0.134
1364,4.4226586909057986,0.134 0.134 2.0 2.0
1365,6.540332482412147,0.096 0.096 0.10566 0.10566 2.0 2.0
1366,7.712793164539303,0.134 0.134 0.134 0.134 0.134 0.134 2.0 2.0
1367,8.043603507737743,0.10566 0.10566 0.134 0.134 2.0 2.0
1368,9.254811599803919,0.139 0.139 0.134 0.134 0.096 0.096 0.139 0.139 0.096 0.096
1369,0.9506401313901911,0.139 0.139
1370,1.1410596327901814,2.0 2.0
1371,1.5906387344764967,0.096 0.096
1372,2.1404524486747283,0.096 0.096 2.0 2.0
1373,2.2213077479131753,0.096 0.096 0.134 0.134
1374,3.054423060703704,0.096 0.096 2.0 2.0
1375,4.2470363416530965,2.0 2.0 0.134 0.134 0.134 0.134
1376,4.4226586909057986,0.139 0.139 0.134 0.134 0.139 0.139
1377,6.540332482412147,2.0 2.0 2.0 2.0
1378,7.712793164539303,0.134 0.134 0.134 0.134 0.134 0.134 0.134 0.134 0.096 0.096
1379,8.043603507737743,0.096 0.096 0.134 0.134 0.096 0.096 2.0 2.0
1380,9.254811599803919,2.0 2.0 2.0 2.0 0.134 0.134 2.0 2.0 0.139 0.139
1381,0.9506401313901911,0.134 0.134
1382,1.1410596327901814,2.0 2.0
1383,1.5906387344764967,2.0 2.0
1384,2.1404524486747283,0.096 0.096 0.134 0.134
1385,2.2213077479131753,0.134 0.134 2.0 2.0
1386,3.054423060703704,0.10566 0.10566 0.10566 0.10566
1387,4.2470363416530965,2.0 2.0 0.139 0.139 0.134 0.134
1388,4.4226586909057986,0.134 0.134 0.096 0.096 0.139 0.139 2.0 2.0
1389,6.540332482412147,2.0 2.0 0.10566 0.10566 2.0 2.0
1390,7.712793164539303,0.139 0.139 0.096 0.096 0.134 0.134 0.134 0.134 0.139 0.139
1391,8.043603507737743,0.096 0.096 2.0 2.0 0.134 0.134 0.139 0.139
1392,9.254811599803919,0.096 0.096 0.134 0.134 0.10566 0.10566 0.134 0.134
1393,0.9506401313901911,0.134 0.134
1394,1.1410596327901814,2.0 2.0
1395,1.5906387344764967,0.10566 0.10566
1396,2.1404524486747283,0.096 0.096 0.139 0.139
1397,2.2213077479131753,2.0 2.0 0.134 0.134
1398,3.054423060703704,0.134 0.134 0.134 0.134
1399,4.2470363416530965,2.0 2.0 0.134 0.134 0.134 0.134
1400,4.4226586909057986,2.0 2.0 0.134 0.134 2.0 2.0
1401,6.540332482412147,2.0 2.0 2.0 2.0 0.139 0.139 0.139 0.139
1402,7.712793164539303,0.139 0.139 0.096 0.096 0.10566 0.10566 0.139 0.139
1403,8.043603507737743,0.096 0.096 0.139 0.139
1404,9.254811599803919,0.139 0.139 2.0 2.0 2.0 2.0 0.10566 0.10566
1405,0.9506401313901911,0.134 0.134
1406,1.1410596327901814,0.10566 0.10566
1407,1.5906387344764967,0.10566 0.10566
1408,2.1404524486747283,0.134 0.134 0.096 0.096
1409,2.2213077479131753,0.134 0.134 0.096 0.096
1410,3.054423060703704,2.0 2.0 0.134 0.134
1411,4.2470363416530965,2.0 2.0 2.0 2.0 0.139 0.139
1412,4.4226586909057986,0.134 0.134 2.0 2.0
1413,6.540332482412147,0.134 0.134 0.134 0.134 0.139 0.139
1414,7.712793164539303,2.0 2.0 0.096 0.096
1415,8.043603507737743,0.096 0.096 0.096 0.096 0.134 0.134
1416,9.254811599803919,2.0 2.0 0.10566 0.10566 0.134 0.134 0.134 0.134
1417,0.9506401313901911,0.139 0.139
1418,1.1410596327901814,2.0 2.0
1419,1.5906387344764967,2.0 2.0
1420,2.1404524486747283,0.139 0.139 0.134 0.134
1421,2.2213077479131753,0.134 0.134 0.134 0.134
1422,3.054423060703704,0.134 0.134 0.134 0.134
1423,4.2470363416530965,0.139 0.139 0.139 0.139 2.0 2.0
1424,4.4226586909057986,0.134 0.134 0.134 0.134 0.096 0.096
1425,6.540332482412147,0.139 0.139 2.0 2.0 0.134 0.134
1426,7.712793164539303,0.10566 0.10566 2.0 2.0 0.134 0.134
1427,8.043603507737743,0.096 0.096 0.134 0.134 0.096 0.096 2.0 2.0
1428,9.254811599803919,0.139 0.139 0.134 0.134 0.139 0.139 0.10566 0.10566 2.0 2.0
1429,0.9506401313901911,0.096 0.096
1430,1.1410596327901814,2.0 2.0
1431,1.5906387344764967,2.0 2.0
1432,2.1404524486747283,0.134 0.134 0.10566 0.10566
1433,2.2213077479131753,0.096 0.096 0.134 0.134
1434,3.054423060703704,0.10566 0.10566 0.096 0.096
1435,4.2470363416530965,0.096 0.096 0.10566 0.10566
1436,4.4226586909057986,0.139 0.139 0.10566 0.10566
1437,6.540332482412147,0.139 0.139 0.096 0.096 0.134 0.134
1438,7.712793164539303,0.134 0.134 0.10566 0.10566 0.139 0.139
1439,8.043603507737743,0.139 0.139 2.0 2.0 0.10566 0.10566
1440,9.254811599803919,0.139 0.139 0.134 0.134 0.096 0.096 0.096 0.096 0.134 0.134
1441,0.9506401313901911,0.139 0.139
1442,1.1410596327901814,2.0 2.0
1443,1.5906387344764967,0.096 0.096
1444,2.1404524486747283,0.134 0.134 0.134 0.134
1445,2.2213077479131753,0.134 0.134 0.134 0.134
1446,3.054423060703704,0.134 0.134 0.134 0.134
1447,4.2470363416530965,2.0 2.0 0.096 0.096
1448,4.4226586909057986,0.134 0.134 2.0 2.0
1449,6.540332482412147,2.0 2.0 2.0 2.0
1450,7.712793164539303,0.134 0.134 2.0 2.0 0.134 0.134 0.134 0.134
1451,8.043603507737743,2.0 2.0 0.096 0.096 0.096 0.096
1452,9.254811599803919,2.0 2.0 2.0 2.0 2.0 2.0
1453,0.9506401313901911,0.096 0.096
1454,1.1410596327901814,0.096 0.096
1455,1.5906387344764967,0.096 0.096
1456,2.1404524486747283,0.134 0.134 0.134 0.134
1457,2.2213077479131753,0.134 0.134 0.134 0.134
1458,3.054423060703704,2.0 2.0 0.10566 0.10566
1459,4.2470363416530965,0.134 0.134 0.134 0.134
1460,4.4226586909057986,0.134 0.134 0.096 0.096
1461,6.540332482412147,0.134 0.134 0.134 0.134 0.134 0.134 0.134 0.134
1462,7.712793164539303,2.0 2.0 0.096 0.096 0.096 0.096 0.134 0.134
1463,8.043603507737743,0.139 0.139 0.10566 0.10566
1464,9.254811599803919,0.134 0.134 0.134 0.134 0.096 0.096
1465,0.9506401313901911,0.134 0.134
1466,1.1410596327901814,2.0 2.0
1467,1.5906387344764967,2.0 2.0
1468,2.1404524486747283,0.134 0.134 0.096 0.096
1469,2.2213077479131753,0.134 0.134 0.134 0.134
1470,3.054423060703704,0.096 0.096 0.096 0.096
1471,4.2470363416530965,2.0 2.0 0.139 0.139 2.0 2.0
1472,4.4226586909057986,2.0 2.0 0.134 0.134 0.134 0.134
1473,6.540332482412147,0.134 0.134 0.134 0.134 2.0 2.0
1474,7.712793164539303,0.134 0.134 0.139 0.139 0.096 0.096
1475,8.043603507737743,2.0 2.0 2.0 2.0
1476,9.254811599803919,2.0 2.0 0.134 0.134 2.0 2.0
1477,0.9506401313901911,0.134 0.134
1478,1.1410596327901814,0.096 0.096
1479,1.5906387344764967,0.096 0.096
1480,2.1404524486747283,0.134 0.134 2.0 2.0
1481,2.2213077479131753,0.134 0.134 0.139 0.139
1482,3.054423060703704,0.139 0.139 0.096 0.096
1483,4.2470363416530965,2.0 2.0 0.096 0.096
1484,4.4226586909057986,0.10566 0.10566 0.096 0.096 0.10566 0.10566
1485,6.540332482412147,0.10566 0.10566 0.139 0.139 0.139 0.139 0.10566 0.10566
1486,7.712793164539303,0.139 0.139 0.134 0.134 0.139 0.139 0.139 0.139
1487,8.043603507737743,0.139 0.139 2.0 2.0 0.134 0.134
1488,9.254811599803919,2.0 2.0 0.139 0.139 0.096 0.096
1489,0.9506401313901911,0.139 0.139
1490,1.1410596327901814,2.0 2.0
1491,1.5906387344764967,0.10566 0.10566
1492,2.1404524486747283,0.139 0.139 0.10566 0.10566
1493,2.2213077479131753,0.139 0.139 0.139 0.139
1494,3.054423060703704,0.134 0.134 2.0 2.0
1495,4.2470363416530965,0.134 0.134 0.096 0.096
1496,4.4226586909057986,0.134 0.134 0.096 0.096 0.096 0.096
1497,6.540332482412147,0.134 0.134 0.134 0.134 0.096 0.096 0.134 0.134
1498,7.712793164539303,0.134 0.134 0.134 0.134 0.096 0.096 0.10566 0.10566
1499,8.043603507737743,0.096 0.096 2.0 2.0 0.10566 0.10566
1500,9.254811599803919,2.0 2.0 2.0 2.0
1501,0.9506401313901911,0.139 0.139
1502,1.1410596327901814,0.096 0.096
1503,1.5906387344764967,2.0 2.0
1504,2.1404524486747283,0.134 0.134 0.134 0.134
1505,2.2213077479131753,0.096 0.096 0.134 0.134
1506,3.054423060703704,2.0 2.0 0.134 0.134
1507,4.2470363416530965,2.0 2.0 0.139 0.139
1508,4.4226586909057986,2.0 2.0 2.0 2.0
1509,6.540332482412147,0.139 0.139 2.0 2.0 0.096 0.096
1510,7.712793164539303,0.134 0.134 2.0 2.0 2.0 2.0
1511,8.043603507737743,0.096 0.096 2.0 2.0 0.096 0.096
1512,9.254811599803919,0.096 0.096 0.134 0.134
1513,0.9506401313901911,0.139 0.139
1514,1.1410596327901814,2.0 2.0
1515,1.5906387344764967,2.0 2.0
1516,2.1404524486747283,2.0 2.0 0.134 0.134
1517,2.2213077479131753,0.134 0.134 0.139 0.139
1518,3.054423060703704,2.0 2.0 0.10566 0.10566
1519,4.2470363416530965,0.134 0.134 2.0 2.0 0.139 0.139
1520,4.4226586909057986,2.0 2.0 0.096 0.096 0.134 0.134
1521,6.540332482412147,0.10566 0.10566 0.134 0.134 0.134 0.134
1522,7.712793164539303,2.0 2.0 0.134 0.134 0.10566 0.10566
1523,8.043603507737743,0.139 0.139 0.134 0.134 0.139 0.139
1524,9.254811599803919,0.10566 0.10566 0.096 0.096 0.139 0.139
1525,0.9506401313901911,0.10566 0.10566
1526,1.1410596327901814,2.0 2.0
1527,1.5906387344764967,0.10566 0.10566
1528,2.1404524486747283,2.0 2.0 0.096 0.096
1529,2.2213077479131753,2.0 2.0 0.10566 0.10566
1530,3.054423060703704,2.0 2.0 0.134 0.134
1531,4.2470363416530965,0.096 0.096 0.139 0.139 0.096 0.096
1532,4.4226586909057986,0.10566 0.10566 0.096 0.096
1533,6.540332482412147,0.134 0.134 2.0 2.0
1534,7.712793164539303,0.096 0.096 2.0 2.0
1535,8.043603507737743,0.139 0.139 2.0 2.0 0.134 0.134 0.139 0.139
1536,9.254811599803919,2.0 2.0 0.096 0.096 0.096 0.096
1537,0.9506401313901911,0.096 0.096
1538,1.1410596327901814,0.096 0.096
1539,1.5906387344764967,0.10566 0.10566
1540,2.1404524486747283,0.134 0.134 0.139 0.139
1541,2.2213077479131753,0.134 0.134 0.134 0.134
1542,3.054423060703704,2.0 2.0 0.139 0.139
1543,4.2470363416530965,2.0 2.0 0.139 0.139
1544,4.4226586909057986,2.0 2.0 0.139 0.139 0.10566 0.10566
1545,6.540332482412147,0.134 0.134 0.096 0.096 2.0 2.0 0.134 0.134
1546,7.712793164539303,0.096 0.096 0.134 0.134
1547,8.043603507737743,2.0 2.0 2.0 2.0 2.0 2.0 0.096 0.096
1548,9.254811599803919,0.134 0.134 0.096 0.096 0.10566 0.10566
1549,0.9506401313901911,0.134 0.134
1550,1.1410596327901814,0.096 0.096
1551,1.5906387344764967,2.0 2.0
1552,2.1404524486747283,0.134 0.134 0.134 0.134
1553,2.2213077479131753,0.139 0.139 2.0 2.0
1554,3.054423060703704,2.0 2.0 0.134 0.134
1555,4.2470363416530965,0.134 0.134 2.0 2.0 2.0 2.0
1556,4.4226586909057986,0.10566 0.10566 0.139 0.139
1557,6.540332482412147,2.0 2.0 0.134 0.134 0.134 0.134 0.134 0.134
1558,7.712793164539303,0.134 0.134 0.10566 0.10566 0.134 0.134
1559,8.043603507737743,0.139 0.139 0.139 0.139 0.134 0.134
1560,9.254811599803919,0.134 0.134 0.134 0.134 0.139 0.139
1561,0.9506401313901911,0.139 0.139
1562,1.1410596327901814,2.0 2.0
1563,1.5906387344764967,0.134 0.134
1564,2.1404524486747283,0.139 0.139 0.10566 0.10566
1565,2.2213077479131753,0.134 0.134 0.134 0.134
1566,3.054423060703704,0.10566 0.10566 0.139 0.139
1567,4.2470363416530965,0.139 0.139 0.139 0.139
1568,4.4226586909057986,2.0 2.0 0.096 0.096
1569,6.540332482412147,0.134 0.134 0.134 0.134 2.0 2.0 0.134 0.134
1570,7.712793164539303,2.0 2.0 0.096 0.096
1571,8.043603507737743,2.0 2.0 0.096 0.096 0.139 0.139
1572,9.254811599803919,2.0 2.0 0.134 0.134 0.139 0.139
1573,0.9506401313901911,0.139 0.139
1574,1.1410596327901814,0.096 0.096
1575,1.5906387344764967,0.096 0.096
1576,2.1404524486747283,0.134 0.134 0.134 0.134
1577,2.2213077479131753,0.096 0.096 0.134 0.134
1578,3.054423060703704,0.096 0.096 0.139 0.139
1579,4.2470363416530965,0.134 0.134 0.134 0.134 0.096 0.096
1580,4.4226586909057986,0.10566 0.10566 2.0 2.0 0.134 0.134
1581,6.540332482412147,0.134 0.134 0.096 0.096 2.0 2.0
1582,7.712793164539303,0.096 0.096 2.0 2.0 2.0 2.0
1583,8.043603507737743,0.096 0.096 0.096 0.096
1584,9.254811599803919,0.139 0.139 0.134 0.134 0.134 0.134
1585,0.9506401313901911,0.139 0.139
1586,1.1410596327901814,2.0 2.0
1587,1.5906387344764967,2.0 2.0
1588,2.1404524486747283,0.134 0.134 0.096 0.096
1589,2.2213077479131753,0.096 0.096 0.139 0.139
1590,3.054423060703704,2.0 2.0 0.096 0.096
1591,4.2470363416530965,2.0 2.0 2.0 2.0
1592,4.4226586909057986,2.0 2.0 0.096 0.096
1593,6.540332482412147,0.096 0.096 2.0 2.0
1594,7.712793164539303,0.134 0.134 2.0 2.0 0.096 0.096 0.134 0.134
1595,8.043603507737743,0.096 0.096 0.139 0.139
1596,9.254811599803919,2.0 2.0 0.139 0.139 0.134 0.134 0.139 0.139
1597,0.9506401313901911,0.134 0.134
1598,1.1410596327901814,2.0 2.0
1599,1.5906387344764967,0.10566 0.10566
1600,2.1404524486747283,0.139 0.139 0.134 0.134
1601,2.2213077479131753,0.134 0.134 2.0 2.0
1602,3.054423060703704,0.096 0.096 0.096 0.096
1603,4.2470363416530965,2.0 2.0 0.139 0.139 2.0 2.0
1604,4.4226586909057986,0.096 0.096 2.0 2.0
1605,6.540332482412147,0.134 0.134 0.139 0.139 0.134 0.134 2.0 2.0
1606,7.712793164539303,0.096 0.096 2.0 2.0 0.10566 0.10566
1607,8.043603507737743,0.096 0.096 0.134 0.134 0.139 0.139
1608,9.254811599803919,0.134 0.134 2.0 2.0
1609,0.9506401313901911,0.134 0.134
1610,1.1410596327901814,2.0 2.0
1611,1.5906387344764967,0.096 0.096
1612,2.1404524486747283,0.134 0.134 0.134 0.134
1613,2.2213077479131753,0.139 0.139 0.134 0.134
1614,3.054423060703704,0.139 0.139 2.0 2.0
1615,4.2470363416530965,0.139 0.139 2.0 2.0
1616,4.4226586909057986,2.0 2.0 0.134 0.134 0.134 0.134
1617,6.540332482412147,0.134 0.134 0.134 0.134
1618,7.712793164539303,2.0 2.0 0.139 0.139 0.134 0.134
1619,8.043603507737743,0.134 0.134 0.134 0.134 0.134 0.134
1620,9.254811599803919,2.0 2.0 0.134 0.134 0.139 0.139
1621,0.9506401313901911,0.134 0.134
1622,1.1410596327901814,0.096 0.096
1623,1.5906387344764967,2.0 2.0
1624,2.1404524486747283,2.0 2.0 0.134 0.134
1625,2.2213077479131753,2.0 2.0 0.134 0.134
1626,3.054423060703704,2.0 2.0 0.096 0.096
1627,4.2470363416530965,0.10566 0.10566 0.139 0.139 0.139 0.139
1628,4.4226586909057986,0.096 0.096 0.134 0.134 2.0 2.0
1629,6.540332482412147,2.0 2.0 0.139 0.139
1630,7.712793164539303,0.096 0.096 0.096 0.096
1631,8.043603507737743,0.10566 0.10566 0.096 0.096 0.139 0.139 0.139 0.139
1632,9.254811599803919,0.096 0.096 0.096 0.096 0.134 0.134
1633,0.9506401313901911,0.134 0.134
1634,1.1410596327901814,0.096 0.096
1635,1.5906387344764967,2.0 2.0
1636,2.1404524486747283,0.134 0.134 2.0 2.0
1637,2.2213077479131753,2.0 2.0 0.134 0.134
1638,3.054423060703704,0.139 0.139 2.0 2.0
1639,4.2470363416530965,2.0 2.0 0.134 0.134
1640,4.4226586909057986,0.096 0.096 2.0 2.0
1641,6.540332482412147,0.10566 0.10566 0.134 0.134 0.139 0.139
1642,7.712793164539303,0.134 0.134 0.139 0.139 2.0 2.0
1643,8.043603507737743,0.139 0.139 0.134 0.134 2.0 2.0
1644,9.254811599803919,2.0 2.0 0.096 0.096 0.096 0.096
1645,0.9506401313901911,0.096 0.096
1646,1.1410596327901814,0.096 0.096
1647,1.5906387344764967,2.0 2.0
1648,2.1404524486747283,0.139 0.139 0.096 0.096
1649,2.2213077479131753,2.0 2.0 0.139 0.139
1650,3.054423060703704,0.096 0.096 2.0 2.0
1651,4.2470363416530965,2.0 2.0 0.096 0.096 0.134 0.134
1652,4.4226586909057986,0.096 0.096 0.096 0.096
1653,6.540332482412147,0.134 0.134 0.096 0.096 0.134 0.134 2.0 2.0
1654,7.712793164539303,0.139 0.139 0.10566 0.10566 0.134 0.134 0.096 0.096
1655,8.043603507737743,0.134 0.134 0.139 0.139 0.096 0.096
1656,9.254811599803919,2.0 2.0 0.096 0.096 0.139 0.139 2.0 2.0
1657,0.9506401313901911,0.134 0.134
1658,1.1410596327901814,2.0 2.0
1659,1.5906387344764967,0.096 0.096
1660,2.1404524486747283,0.139 0.139 0.134 0.134
1661,2.2213077479131753,0.134 0.134 0.096 0.096
1662,3.054423060703704,0.134 0.134 0.134 0.134
1663,4.2470363416530965,0.134 0.134 0.096 0.096 0.139 0.139
1664,4.4226586909057986,2.0 2.0 0.134 0.134 2.0 2.0
1665,6.540332482412147,2.0 2.0 0.134 0.134
1666,7.712793164539303,0.096 0.096 0.096 0.096
1667,8.043603507737743,0.096 0.096 0.134 0.134 0.134 0.134 0.096 0.096
1668,9.254811599803919,0.139 0.139 0.134 0.134 0.139 0.139 0.096 0.096
1669,0.9506401313901911,0.134 0.134
1670,1.1410596327901814,0.096 0.096
1671,1.5906387344764967,0.096 0.096
1672,2.1404524486747283,0.139 0.139 2.0 2.0
1673,2.2213077479131753,2.0 2.0 0.134 0.134
1674,3.054423060703704,0.134 0.134 0.10566 0.10566
1675,4.2470363416530965,0.134 0.134 0.139 0.139 0.134 0.134
1676,4.4226586909057986,0.139 0.139 0.139 0.139
1677,6.540332482412147,0.139 0.139 2.0 2.0
1678,7.712793164539303,0.096 0.096 0.134 0.134 0.139 0.139
1679,8.043603507737743,0.096 0.096 0.134 0.134 2.0 2.0 2.0 2.0
1680,9.254811599803919,0.134 0.134 0.134 0.134 0.134 0.134
1681,0.9506401313901911,0.10566 0.10566
1682,1.1410596327901814,0.096 0.096
1683,1.5906387344764967,2.0 2.0
1684,2.1404524486747283,0.139 0.139 0.134 0.134
1685,2.2213077479131753,0.134 0.134 2.0 2.0
1686,3.054423060703704,2.0 2.0 0.139 0.139
1687,4.2470363416530965,0.134 0.134 0.139 0.139
1688,4.4226586909057986,0.134 0.134 0.096 0.096
1689,6.540332482412147,0.096 0.096 0.096 0.096 0.134 0.134
1690,7.712793164539303,2.0 2.0 0.096 0.096 0.134 0.134
1691,8.043603507737743,0.10566 0.10566 0.134 0.134
1692,9.254811599803919,2.0 2.0 0.096 0.096 2.0 2.0
1693,0.9506401313901911,0.139 0.139
1694,1.1410596327901814,2.0 2.0
1695,1.5906387344764967,0.096 0.096
1696,2.1404524486747283,0.139 0.139 0.134 0.134
1697,2.2213077479131753,0.096 0.096 0.134 0.134
1698,3.054423060703704,0.096 0.096 0.139 0.139
1699,4.2470363416530965,0.139 0.139 0.139 0.139 0.10566 0.10566
1700,4.4226586909057986,0.10566 0.10566 0.134 0.134 0.134 0.134
1701,6.540332482412147,0.139 0.139 2.0 2.0 0.10566 0.10566 0.096 0.096
1702,7.712793164539303,0.134 0.134 0.096 0.096
1703,8.043603507737743,0.10566 0.10566 0.139 0.139 0.134 0.134
1704,9.254811599803919,2.0 2.0 0.096 0.096
1705,0.9506401313901911,0.134 0.134
1706,1.1410596327901814,0.10566 0.10566
1707,1.5906387344764967,0.096 0.096
1708,2.1404524486747283,0.096 0.096 2.0 2.0
1709,2.2213077479131753,0.134 0.134 0.134 0.134
1710,3.054423060703704,0.139 0.139 0.096 0.096
1711,4.2470363416530965,0.096 0.096 0.134 0.134 0.134 0.134
1712,4.4226586909057986,0.139 0.139 0.134 0.134
1713,6.540332482412147,0.096 0.096 0.134 0.134
1714,7.712793164539303,0.134 0.134 0.134 0.134 0.134 0.134
1715,8.043603507737743,0.134 0.134 0.134 0.134 2.0 2.0
1716,9.254811599803919,0.134 0.134 2.0 2.0 0.096 0.096
1717,0.9506401313901911,0.10566 0.10566
1718,1.1410596327901814,2.0 2.0
1719,1.5906387344764967,2.0 2.0
1720,2.1404524486747283,0.134 0.134 2.0 2.0
1721,2.2213077479131753,0.134 0.134 0.096 0.096
1722,3.054423060703704,2.0 2.0 0.134 0.134
1723,4.2470363416530965,0.096 0.096 2.0 2.0
1724,4.4226586909057986,0.096 0.096 0.096 0.096
1725,6.540332482412147,2.0 2.0 2.0 2.0 0.096 0.096 0.134 0.134
1726,7.712793164539303,0.134 0.134 2.0 2.0 0.139 0.139
1727,8.043603507737743,0.134 0.134 0.134 0.134 0.134 0.134 2.0 2.0
1728,9.254811599803919,0.139 0.139 0.139 0.139 0.139 0.139 0.096 0.096 2.0 2.0
1729,0.9506401313901911,0.134 0.134
1730,1.1410596327901814,0.134 0.134
1731,1.5906387344764967,0.096 0.096
1732,2.1404524486747283,0.096 0.096 0.134 0.134
1733,2.2213077479131753,0.134 0.134 0.139 0.139
1734,3.054423060703704,0.139 0.139 0.134 0.134
1735,4.2470363416530965,0.134 0.134 0.134 0.134 0.134 0.134
1736,4.4226586909057986,0.096 0.096 0.134 0.134 0.134 0.134
1737,6.540332482412147,0.096 0.096 0.139 0.139 0.096 0.096 0.096 0.096
1738,7.712793164539303,0.10566 0.10566 0.134 0.134 0.134 0.134 0.096 0.096 0.139 0.139
1739,8.043603507737743,0.134 0.134 0.134 0.134 0.134 0.134
1740,9.254811599803919,2.0 2.0 0.096 0.096 0.139 0.139
1741,0.9506401313901911,0.10566 0.10566
1742,1.1410596327901814,0.096 0.096
1743,1.5906387344764967,2.0 2.0
1744,2.1404524486747283,0.139 0.139 0.134 0.134
1745,2.2213077479131753,0.134 0.134 0.10566 0.10566
1746,3.054423060703704,0.10566 0.10566 0.096 0.096
1747,4.2470363416530965,0.134 0.134 0.096 0.096 0.134 0.134
1748,4.4226586909057986,0.10566 0.10566 2.0 2.0
1749,6.540332482412147,0.10566 0.10566 0.134 0.134 0.139 0.139
1750,7.712793164539303,0.096 0.096 2.0 2.0
1751,8.043603507737743,0.134 0.134 2.0 2.0 0.139 0.139 0.139 0.139
1752,9.254811599803919,0.096 0.096 0.139 0.139 0.134 0.134 0.134 0.134
1753,0.9506401313901911,0.134 0.134
1754,1.1410596327901814,2.0 2.0
1755,1.5906387344764967,0.096 0.096
1756,2.1404524486747283,0.139 0.139 0.096 0.096
1757,2.2213077479131753,0.10566 0.10566 0.134 0.134
1758,3.054423060703704,0.139 0.139 0.096 0.096
1759,4.2470363416530965,0.134 0.134 0.139 0.139
1760,4.4226586909057986,0.134 0.134 0.134 0.134
1761,6.540332482412147,0.134 0.134 0.10566 0.10566
1762,7.712793164539303,0.139 0.139 0.10566 0.10566 2.0 2.0
1763,8.043603507737743,0.139 0.139 0.134 0.134 2.0 2.0
1764,9.254811599803919,0.096 0.096 0.134 0.134 0.134 0.134
1765,0.9506401313901911,0.134 0.134
1766,1.1410596327901814,0.10566 0.10566
1767,1.5906387344764967,2.0 2.0
1768,2.1404524486747283,0.139 0.139 0.134 0.134
1769,2.2213077479131753,2.0 2.0 0.134 0.134
1770,3.054423060703704,0.134 0.134 0.10566 0.10566
1771,4.2470363416530965,0.096 0.096 0.139 0.139 0.096 0.096
1772,4.4226586909057986,0.096 0.096 0.10566 0.10566 0.096 0.096
1773,6.540332482412147,0.139 0.139 0.134 0.134 0.10566 0.10566
1774,7.712793164539303,0.096 0.096 0.10566 0.10566 0.096 0.096 0.134 0.134
1775,8.043603507737743,2.0 2.0 0.096 0.096 0.096 0.096 2.0 2.0
1776,9.254811599803919,0.096 0.096 0.096 0.096
1777,0.9506401313901911,0.134 0.134
1778,1.1410596327901814,2.0 2.0
1779,1.5906387344764967,0.10566 0.10566
1780,2.1404524486747283,0.139 0.139 0.134 0.134
1781,2.2213077479131753,0.139 0.139 0.096 0.096
1782,3.054423060703704,2.0 2.0 0.134 0.134
1783,4.2470363416530965,0.134 0.134 0.134 0.134 0.139 0.139
1784,4.4226586909057986,2.0 2.0 0.096 0.096
1785,6.540332482412147,0.096 0.096 2.0 2.0 0.139 0.139 0.096 0.096
1786,7.712793164539303,0.134 0.134 2.0 2.0 0.139 0.139 0.139 0.139 2.0 2.0
1787,8.043603507737743,2.0 2.0 0.096 0.096 0.134 0.134 0.096 0.096
1788,9.254811599803919,2.0 2.0 0.096 0.096
1789,0.9506401313901911,0.134 0.134
1790,1.1410596327901814,0.096 0.096
1791,1.5906387344764967,0.10566 0.10566
1792,2.1404524486747283,0.139 0.139 0.139 0.139
1793,2.2213077479131753,0.134 0.134 2.0 2.0
1794,3.054423060703704,0.096 0.096 0.096 0.096
1795,4.2470363416530965,0.134 0.134 0.10566 0.10566 0.139 0.139
1796,4.4226586909057986,0.096 0.096 2.0 2.0 0.134 0.134
1797,6.540332482412147,0.134 0.134 0.096 0.096 0.10566 0.10566
1798,7.712793164539303,0.10566 0.10566 0.096 0.096 0.134 0.134
1799,8.043603507737743,2.0 2.0 0.139 0.139 0.134 0.134 0.096 0.096 0.10566 0.10566
1800,9.254811599803919,0.096 0.096 2.0 2.0 0.139 0.139 0.096 0.096
1801,0.9506401313901911,0.139 0.139
1802,1.1410596327901814,0.096 0.096
1803,1.5906387344764967,0.134 0.134
1804,2.1404524486747283,0.134 0.134 0.134 0.134
1805,2.2213077479131753,2.0 2.0 0.134 0.134
1806,3.054423060703704,0.139 0.139 0.134 0.134
1807,4.2470363416530965,2.0 2.0 0.134 0.134 0.10566 0.10566
1808,4.4226586909057986,2.0 2.0 2.0 2.0
1809,6.540332482412147,2.0 2.0 0.096 0.096
1810,7.712793164539303,2.0 2.0 0.134 0.134 2.0 2.0
1811,8.043603507737743,0.134 0.134 2.0 2.0 0.139 0.139
1812,9.254811599803919,0.10566 0.10566 0.096 0.096 2.0 2.0 0.096 0.096
1813,0.9506401313901911,0.134 0.134
1814,1.1410596327901814,0.096 0.096
1815,1.5906387344764967,2.0 2.0
1816,2.1404524486747283,0.096 0.096 2.0 2.0
1817,2.2213077479131753,0.134 0.134 2.0 2.0
1818,3.054423060703704,2.0 2.0 0.096 0.096
1819,4.2470363416530965,0.10566 0.10566 0.10566 0.10566 0.10566 0.10566
1820,4.4226586909057986,2.0 2.0 0.134 0.134 0.096 0.096
1821,6.540332482412147,0.139 0.139 0.134 0.134 2.0 2.0
1822,7.712793164539303,0.096 0.096 0.096 0.096 0.139 0.139
1823,8.043603507737743,2.0 2.0 2.0 2.0 0.10566 0.10566
1824,9.254811599803919,0.134 0.134 0.134 0.134 2.0 2.0
1825,0.9506401313901911,0.096 0.096
1826,1.1410596327901814,2.0 2.0
1827,1.5906387344764967,0.10566 0.10566
1828,2.1404524486747283,2.0 2.0 0.139 0.139
1829,2.2213077479131753,0.134 0.134 0.139 0.139
1830,3.054423060703704,0.096 0.096 0.10566 0.10566
1831,4.2470363416530965,0.139 0.139 0.10566 0.10566 0.134 0.134
1832,4.4226586909057986,0.096 0.096 0.096 0.096 2.0 2.0
1833,6.540332482412147,0.134 0.134 2.0 2.0
1834,7.712793164539303,2.0 2.0 2.0 2.0 0.134 0.134
1835,8.043603507737743,0.139 0.139 0.134 0.134 0.096 0.096 0.134 0.134
1836,9.254811599803919,0.134 0.134 2.0 2.0 0.139 0.139 0.134 0.134
1837,0.9506401313901911,0.134 0.134
1838,1.1410596327901814,2.0 2.0
1839,1.5906387344764967,0.096 0.096
1840,2.1404524486747283,0.10566 0.10566 0.139 0.139
1841,2.2213077479131753,0.134 0.134 2.0 2.0
1842,3.054423060703704,0.096 0.096 0.134 0.134
1843,4.2470363416530965,0.10566 0.10566 0.096 0.096
1844,4.4226586909057986,0.096 0.096 0.134 0.134 0.134 0.134
1845,6.540332482412147,2.0 2.0 2.0 2.0
1846,7.712793164539303,2.0 2.0 0.134 0.134 0.139 0.139 0.134 0.134
1847,8.043603507737743,2.0 2.0 0.139 0.139 2.0 2.0
1848,9.254811599803919,2.0 2.0 0.134 0.134 0.134 0.134
1849,0.9506401313901911,0.134 0.134
1850,1.1410596327901814,0.096 0.096
1851,1.5906387344764967,2.0 2.0
1852,2.1404524486747283,0.096 0.096 0.134 0.134
1853,2.2213077479131753,0.134 0.134 0.134 0.134
1854,3.054423060703704,0.096 0.096 0.139 0.139
1855,4.2470363416530965,0.10566 0.10566 0.096 0.096 0.139 0.139
1856,4.4226586909057986,2.0 2.0 0.134 0.134
1857,6.540332482412147,2.0 2.0 2.0 2.0 0.134 0.134 0.134 0.134
1858,7.712793164539303,0.134 0.134 2.0 2.0 2.0 2.0 0.096 0.096
1859,8.043603507737743,0.096 0.096 2.0 2.0 0.139 0.139
1860,9.254811599803919,0.096 0.096 0.134 0.134 0.134 0.134
1861,0.9506401313901911,0.139 0.139
1862,1.1410596327901814,0.096 0.096
1863,1.5906387344764967,2.0 2.0
1864,2.1404524486747283,0.134 0.134 0.096 0.096
1865,2.2213077479131753,0.134 0.134 0.134 0.134
1866,3.054423060703704,2.0 2.0 2.0 2.0
1867,4.2470363416530965,2.0 2.0 2.0 2.0
1868,4.4226586909057986,0.134 0.134 0.134 0.134 0.134 0.134
1869,6.540332482412147,0.096 0.096 0.134 0.134 0.096 0.096
1870,7.712793164539303,2.0 2.0 0.139 0.139 0.134 0.134 0.139 0.139
1871,8.043603507737743,0.096 0.096 0.134 0.134
1872,9.254811599803919,0.134 0.134 0.134 0.134 0.10566 0.10566
1873,0.9506401313901911,0.139 0.139
1874,1.1410596327901814,0.096 0.096
1875,1.5906387344764967,0.096 0.096
1876,2.1404524486747283,0.134 0.134 0.139 0.139
1877,2.2213077479131753,0.096 0.096 0.139 0.139
1878,3.054423060703704,0.134 0.134 2.0 2.0
1879,4.2470363416530965,0.139 0.139 0.139 0.139 2.0 2.0
1880,4.4226586909057986,0.096 0.096 0.134 0.134 0.096 0.096
1881,6.540332482412147,2.0 2.0 0.139 0.139 0.134 0.134
1882,7.712793164539303,2.0 2.0 0.096 0.096 2.0 2.0 0.139 0.139
1883,8.043603507737743,0.134 0.134 0.139 0.139 0.139 0.139 0.134 0.134
1884,9.254811599803919,0.10566 0.10566 0.134 0.134 0.134 0.134 2.0 2.0
1885,0.9506401313901911,0.134 0.134
1886,1.1410596327901814,0.096 0.096
1887,1.5906387344764967,0.10566 0.10566
1888,2.1404524486747283,0.134 0.134 0.134 0.134
1889,2.2213077479131753,0.134 0.134 2.0 2.0
1890,3.054423060703704,0.096 0.096 0.096 0.096
1891,4.2470363416530965,0.139 0.139 2.0 2.0 0.139 0.139
1892,4.4226586909057986,0.10566 0.10566 0.096 0.096 0.134 0.134
1893,6.540332482412147,0.139 0.139 2.0 2.0 0.134 0.134 0.139 0.139
1894,7.712793164539303,0.134 0.134 0.096 0.096 0.134 0.134 2.0 2.0
1895,8.043603507737743,0.139 0.139 2.0 2.0 0.139 0.139 0.134 0.134
1896,9.254811599803919,0.134 0.134 0.134 0.134 2.0 2.0 0.134 0.134
1897,0.9506401313901911,0.134 0.134
1898,1.1410596327901814,2.0 2.0
1899,1.5906387344764967,2.0 2.0
1900,2.1404524486747283,0.139 0.139 0.134 0.134
1901,2.2213077479131753,0.139 0.139 0.10566 0.10566
1902,3.054423060703704,0.096 0.096 0.134 0.134
1903,4.2470363416530965,0.139 0.139 0.134 0.134 0.134 0.134
1904,4.4226586909057986,0.134 0.134 0.134 0.134 0.134 0.134
1905,6.540332482412147,0.096 0.096 0.134 0.134 0.134 0.134
1906,7.712793164539303,0.134 0.134 0.134 0.134 0.134 0.134
1907,8.043603507737743,0.096 0.096 2.0 2.0 0.10566 0.10566
1908,9.254811599803919,0.134 0.134 0.134 0.134 0.134 0.134 0.134 0.134
1909,0.9506401313901911,0.134 0.134
1910,1.1410596327901814,0.10566 0.10566
1911,1.5906387344764967,2.0 2.0
1912,2.1404524486747283,0.134 0.134 0.139 0.139
1913,2.2213077479131753,0.096 0.096 0.134 0.134
1914,3.054423060703704,0.134 0.134 0.096 0.096
1915,4.2470363416530965,0.10566 0.10566 0.134 0.134 2.0 2.0
1916,4.4226586909057986,2.0 2.0 0.096 0.096
1917,6.540332482412147,0.096 0.096 2.0 2.0 0.134 0.134
1918,7.712793164539303,0.096 0.096 0.134 0.134
1919,8.043603507737743,2.0 2.0 0.134 0.134 0.10566 0.10566 0.134 0.134
1920,9.254811599803919,0.139 0.139 0.134 0.134 0.139 0.139
1921,0.9506401313901911,0.134 0.134
1922,1.1410596327901814,2.0 2.0
1923,1.5906387344764967,2.0 2.0
1924,2.1404524486747283,0.096 0.096 0.10566 0.10566
1925,2.2213077479131753,0.139 0.139 0.139 0.139
1926,3.054423060703704,0.139 0.139 0.096 0.096
1927,4.2470363416530965,0.10566 0.10566 0.134 0.134
1928,4.4226586909057986,2.0 2.0 0.134 0.134 0.096 0.096
1929,6.540332482412147,0.134 0.134 0.134 0.134 0.134 0.134
1930,7.712793164539303,0.096 0.096 2.0 2.0 0.134 0.134
1931,8.043603507737743,2.0 2.0 0.139 0.139
1932,9.254811599803919,2.0 2.0 2.0 2.0 0.134 0.134 2.0 2.0 0.139 0.139
1933,0.9506401313901911,0.134 0.134
1934,1.1410596327901814,0.096 0.096
1935,1.5906387344764967,0.096 0.096
1936,2.1404524486747283,0.134 0.134 0.096 0.096
1937,2.2213077479131753,0.139 0.139 0.10566 0.10566
1938,3.054423060703704,0.134 0.134 2.0 2.0
1939,4.2470363416530965,0.096 0.096 0.139 0.139 0.134 0.134
1940,4.4226586909057986,2.0 2.0 0.096 0.096
1941,6.540332482412147,0.096 0.096 0.134 0.134
1942,7.712793164539303,2.0 2.0 0.134 0.134 0.10566 0.10566 0.139 0.139
1943,8.043603507737743,2.0 2.0 0.134 0.134 0.096 0.096
1944,9.254811599803919,0.139 0.139 2.0 2.0 0.134 0.134 2.0 2.0
1945,0.9506401313901911,0.139 0.139
1946,1.1410596327901814,0.096 0.096
1947,1.5906387344764967,0.096 0.096
1948,2.1404524486747283,0.134 0.134 0.139 0.139
1949,2.2213077479131753,0.134 0.134 0.134 0.134
1950,3.054423060703704,0.139 0.139 2.0 2.0
1951,4.2470363416530965,0.096 0.096 0.096 0.096 0.134 0.134
1952,4.4226586909057986,0.096 0.096 0.139 0.139
1953,6.540332482412147,0.134 0.134 0.096 0.096 0.134 0.134
1954,7.712793164539303,0.096 0.096 0.096 0.096
1955,8.043603507737743,0.096 0.096 0.134 0.134 0.134 0.134
1956,9.254811599803919,0.10566 0.10566 0.134 0.134 2.0 2.0
1957,0.9506401313901911,0.139 0.139
1958,1.1410596327901814,0.134 0.134
1959,1.5906387344764967,0.096 0.096
1960,2.1404524486747283,0.134 0.134 0.096 0.096
1961,2.2213077479131753,0.139 0.139 0.134 0.134
1962,3.054423060703704,0.134 0.134 0.096 0.096
1963,4.2470363416530965,0.096 0.096 0.096 0.096 0.096 0.096
1964,4.4226586909057986,2.0 2.0 0.10566 0.10566 0.134 0.134
1965,6.540332482412147,0.096 0.096 0.096 0.096 0.096 0.096 2.0 2.0
1966,7.712793164539303,0.134 0.134 0.134 0.134 0.139 0.139
1967,8.043603507737743,0.096 0.096 0.139 0.139 0.134 0.134
1968,9.254811599803919,0.134 0.134 0.10566 0.10566
1969,0.9506401313901911,0.134 0.134
1970,1.1410596327901814,2.0 2.0
1971,1.5906387344764967,0.096 0.096
1972,2.1404524486747283,0.134 0.134 0.096 0.096
1973,2.2213077479131753,0.134 0.134 0.134 0.134
1974,3.054423060703704,0.134 0.134 2.0 2.0
1975,4.2470363416530965,2.0 2.0 0.096 0.096
1976,4.4226586909057986,0.096 0.096 0.096 0.096 0.139 0.139
1977,6.540332482412147,0.096 0.096 0.134 0.134 0.096 0.096
1978,7.712793164539303,2.0 2.0 0.096 0.096 0.096 0.096
1979,8.043603507737743,0.10566 0.10566 0.134 0.134 2.0 2.0 2.0 2.0
1980,9.254811599803919,2.0 2.0 0.134 0.134 0.096 0.096 0.139 0.139 2.0 2.0
1981,0.9506401313901911,0.134 0.134
1982,1.1410596327901814,2.0 2.0
1983,1.5906387344764967,2.0 2.0
1984,2.1404524486747283,2.0 2.0 0.139 0.139
1985,2.2213077479131753,0.134 0.134 0.096 0.096
1986,3.054423060703704,0.134 0.134 0.096 0.096
1987,4.2470363416530965,0.096 0.096 0.139 0.139 0.096 0.096
1988,4.4226586909057986,0.096 0.096 0.134 0.134
1989,6.540332482412147,0.134 0.134 2.0 2.0 0.134 0.134 0.096 0.096
1990,7.712793164539303,0.139 0.139 2.0 2.0 0.096 0.096
1991,8.043603507737743,0.139 0.139 0.139 0.139
1992,9.254811599803919,2.0 2.0 0.134 0.134 0.139 0.139 0.134 0.134
1993,0.9506401313901911,0.134 0.134
1994,1.1410596327901814,2.0 2.0
1995,1.5906387344764967,2.0 2.0
1996,2.1404524486747283,0.134 0.134 0.139 0.139
1997,2.2213077479131753,0.134 0.134 0.139 0.139
1998,3.054423060703704,0.096 0.096 2.0 2.0
1999,4.2470363416530965,0.134 0.134 0.139 0.139 0.134 0.134
2000,4.4226586909057986,0.096 0.096 0.139 0.139 0.096 0.096
2001,6.540332482412147,2.0 2.0 0.134 0.134 0.134 0.134
2002,7.712793164539303,0.139 0.139 0.134 0.134 2.0 2.0 0.096 0.096 0.10566 0.10566
2003,8.043603507737743,0.139 0.139 2.0 2.0 0.134 0.134 0.134 0.134
2004,9.254811599803919,2.0 2.0 2.0 2.0 2.0 2.0
2005,0.9506401313901911,0.134 0.134
2006,1.1410596327901814,0.096 0.096
2007,1.5906387344764967,0.096 0.096
2008,2.1404524486747283,2.0 2.0 0.134 0.134
2009,2.2213077479131753,0.134 0.134 0.134 0.134
2010,3.054423060703704,2.0 2.0 0.134 0.134
2011,4.2470363416530965,0.134 0.134 0.10566 0.10566 0.134 0.134
2012,4.4226586909057986,0.134 0.134 0.10566 0.10566 0.134 0.134
2013,6.540332482412147,2.0 2.0 0.134 0.134 0.096 0.096 0.134 0.134
2014,7.712793164539303,0.096 0.096 0.096 0.096
2015,8.043603507737743,2.0 2.0 0.134 0.134 2.0 2.0
2016,9.254811599803919,0.096 0.096 0.096 0.096 0.096 0.096 0.10566 0.10566
2017,0.9506401313901911,0.134 0.134
2018,1.1410596327901814,0.134 0.134
2019,1.5906387344764967,2.0 2.0
2020,2.1404524486747283,0.134 0.134 0.139 0.139
2021,2.2213077479131753,2.0 2.0 0.139 0.139
2022,3.054423060703704,0.096 0.096 0.134 0.134
2023,4.2470363416530965,0.096 0.096 0.139 0.139 0.10566 0.10566
2024,4.4226586909057986,0.096 0.096 2.0 2.0
2025,6.540332482412147,2.0 2.0 0.134 0.134 0.139 0.139
2026,7.712793164539303,0.139 0.139 0.139 0.139 0.096 0.096 0.096 0.096
2027,8.043603507737743,0.10566 0.10566 0.134 0.134 0.134 0.134 0.096 0.096
2028,9.254811599803919,0.139 0.139 0.096 0.096 0.134 0.134 0.139 0.139
2029,0.9506401313901911,0.139 0.139
2030,1.1410596327901814,0.10566 0.10566
2031,1.5906387344764967,0.10566 0.10566
2032,2.1404524486747283,0.10566 0.10566 0.134 0.134
2033,2.2213077479131753,0.096 0.096 0.134 0.134
2034,3.054423060703704,2.0 2.0 0.139 0.139
2035,4.2470363416530965,0.096 0.096 2.0 2.0
2036,4.4226586909057986,0.096 0.096 0.139 0.139
2037,6.540332482412147,0.096 0.096 0.139 0.139
2038,7.712793164539303,0.096 0.096 0.10566 0.10566 0.134 0.134 0.096 0.096
2039,8.043603507737743,2.0 2.0 2.0 2.0 0.134 0.134 0.134 0.134
2040,9.254811599803919,2.0 2.0 2.0 2.0
2041,0.9506401313901911,0.139 0.139
2042,1.1410596327901814,0.096 0.096
2043,1.5906387344764967,2.0 2.0
2044,2.1404524486747283,0.10566 0.10566 0.134 0.134
2045,2.2213077479131753,0.134 0.134 0.134 0.134
2046,3.054423060703704,2.0 2.0 0.139 0.139
2047,4.2470363416530965,0.096 0.096 0.139 0.139
2048,4.4226586909057986,0.139 0.139 0.096 0.096 0.139 0.139
2049,6.540332482412147,0.10566 0.10566 0.096 0.096
2050,7.712793164539303,2.0 2.0 0.139 0.139 2.0 2.0 0.10566 0.10566
2051,8.043603507737743,0.096 0.096 0.134 0.134 0.139 0.139 0.134 0.134
2052,9.254811599803919,0.134 0.134 2.0 2.0
2053,0.9506401313901911,0.134 0.134
2054,1.1410596327901814,0.096 0.096
2055,1.5906387344764967,0.134 0.134
2056,2.1404524486747283,0.139 0.139 0.139 0.139
2057,2.2213077479131753,0.096 0.096 0.139 0.139
2058,3.054423060703704,0.139 0.139 0.134 0.134
2059,4.2470363416530965,0.096 0.096 2.0 2.0 2.0 2.0
2060,4.4226586909057986,2.0 2.0 2.0 2.0 0.134 0.134
2061,6.540332482412147,0.10566 0.10566 0.134 0.134
2062,7.712793164539303,0.096 0.096 0.134 0.134 0.134 0.134
2063,8.043603507737743,0.134 0.134 0.096 0.096
2064,9.254811599803919,0.134 0.134 0.10566 0.10566 0.10566 0.10566 0.134 0.134
2065,0.9506401313901911,2.0 2.0
2066,1.1410596327901814,2.0 2.0
2067,1.5906387344764967,2.0 2.0
2068,2.1404524486747283,0.134 0.134 0.134 0.134
2069,2.2213077479131753,2.0 2.0 0.139 0.139
2070,3.054423060703704,0.134 0.134 2.0 2.0
2071,4.2470363416530965,0.139 0.139 0.134 0.134 0.134 0.134
2072,4.4226586909057986,0.139 0.139 0.134 0.134 0.096 0.096
2073,6.540332482412147,0.096 0.096 2.0 2.0 0.139 0.139
2074,7.712793164539303,0.134 0.134 0.134 0.134 0.134 0.134 0.139 0.139
2075,8.043603507737743,2.0 2.0 0.096 0.096 0.139 0.139 0.134 0.134 0.139 0.139
2076,9.254811599803919,0.139 0.139 2.0 2.0 0.134 0.134 0.134 0.134
2077,0.9506401313901911,0.10566 0.10566
2078,1.1410596327901814,0.096 0.096
2079,1.5906387344764967,2.0 2.0
2080,2.1404524486747283,0.10566 0.10566 0.139 0.139
2081,2.2213077479131753,0.134 0.134 0.10566 0.10566
2082,3.054423060703704,0.096 0.096 0.096 0.096
2083,4.2470363416530965,0.139 0.139 0.096 0.096
2084,4.4226586909057986,0.096 0.096 0.096 0.096 0.134 0.134
2085,6.540332482412147,0.139 0.139 0.139 0.139 0.139 0.139 0.134 0.134
2086,7.712793164539303,0.139 0.139 0.134 0.134 2.0 2.0
2087,8.043603507737743,0.139 0.139 0.134 0.134 0.096 0.096
2088,9.254811599803919,0.134 0.134 0.139 0.139 0.096 0.096
2089,0.9506401313901911,0.139 0.139
2090,1.1410596327901814,2.0 2.0
2091,1.5906387344764967,0.10566 0.10566
2092,2.1404524486747283,0.096 0.096 0.096 0.096
2093,2.2213077479131753,0.139 0.139 2.0 2.0
2094,3.054423060703704,2.0 2.0 0.134 0.134
2095,4.2470363416530965,0.096 0.096 0.139 0.139 0.134 0.134
2096,4.4226586909057986,2.0 2.0 0.096 0.096
2097,6.540332482412147,2.0 2.0 0.10566 0.10566
2098,7.712793164539303,0.096 0.096 2.0 2.0 0.096 0.096
2099,8.043603507737743,2.0 2.0 0.134 0.134 0.134 0.134
2100,9.254811599803919,0.096 0.096 0.10566 0.10566 2.0 2.0
2101,0.9506401313901911,0.139 0.139
2102,1.1410596327901814,0.096 0.096
2103,1.5906387344764967,0.10566 0.10566
2104,2.1404524486747283,0.134 0.134 0.096 0.096
2105,2.2213077479131753,0.096 0.096 0.139 0.139
2106,3.054423060703704,2.0 2.0 0.096 0.096
2107,4.2470363416530965,0.134 0.134 0.10566 0.10566 0.139 0.139
2108,4.4226586909057986,0.134 0.134 0.134 0.134 0.139 0.139
2109,6.540332482412147,0.096 0.096 2.0 2.0
2110,7.712793164539303,2.0 2.0 0.139 0.139 0.134 0.134 0.096 0.096 2.0 2.0
2111,8.043603507737743,0.134 0.134 0.139 0.139 0.096 0.096 0.096 0.096
2112,9.254811599803919,0.096 0.096 2.0 2.0 0.096 0.096 0.10566 0.10566
2113,0.9506401313901911,0.134 0.134
2114,1.1410596327901814,2.0 2.0
2115,1.5906387344764967,2.0 2.0
2116,2.1404524486747283,2.0 2.0 0.139 0.139
2117,2.2213077479131753,0.134 0.134 2.0 2.0
2118,3.054423060703704,0.139 0.139 0.134 0.134
2119,4.2470363416530965,0.096 0.096 0.139 0.139 0.096 0.096
2120,4.4226586909057986,0.10566 0.10566 0.134 0.134 2.0 2.0
2121,6.540332482412147,2.0 2.0 0.134 0.134 2.0 2.0 0.096 0.096
2122,7.712793164539303,0.10566 0.10566 0.134 0.134 0.139 0.139
2123,8.043603507737743,0.096 0.096 0.10566 0.10566 2.0 2.0
2124,9.254811599803919,0.134 0.134 0.096 0.096 0.139 0.139
2125,0.9506401313901911,0.139 0.139
2126,1.1410596327901814,0.10566 0.10566
2127,1.5906387344764967,2.0 2.0
2128,2.1404524486747283,0.139 0.139 0.139 0.139
2129,2.2213077479131753,2.0 2.0 0.134 0.134
2130,3.054423060703704,2.0 2.0 2.0 2.0
2131,4.2470363416530965,0.134 0.134 0.134 0.134 0.096 0.096
2132,4.4226586909057986,0.10566 0.10566 0.096 0.096 0.134 0.134
2133,6.540332482412147,0.139 0.139 0.134 0.134 0.134 0.134
2134,7.712793164539303,2.0 2.0 2.0 2.0
2135,8.043603507737743,2.0 2.0 2.0 2.0 0.134 0.134
2136,9.254811599803919,2.0 2.0 0.134 0.134 0.096 0.096
2137,0.9506401313901911,0.134 0.134
2138,1.1410596327901814,0.10566 0.10566
2139,1.5906387344764967,2.0 2.0
2140,2.1404524486747283,0.139 0.139 0.134 0.134
2141,2.2213077479131753,0.134 0.134 0.139 0.139
2142,3.054423060703704,0.134 0.134 2.0 2.0
2143,4.2470363416530965,0.134 0.134 0.134 0.134 0.10566 0.10566
2144,4.4226586909057986,0.096 0.096 0.10566 0.10566 0.134 0.134
2145,6.540332482412147,2.0 2.0 0.134 0.134 0.134 0.134 0.134 0.134
2146,7.712793164539303,0.134 0.134 0.139 0.139 2.0 2.0 0.134 0.134
2147,8.043603507737743,2.0 2.0 0.134 0.134 0.134 0.134
2148,9.254811599803919,0.139 0.139 0.096 0.096 0.139 0.139
2149,0.9506401313901911,0.139 0.139
2150,1.1410596327901814,0.096 0.096
2151,1.5906387344764967,2.0 2.0
2152,2.1404524486747283,0.134 0.134 2.0 2.0
2153,2.2213077479131753,0.139 0.139 0.134 0.134
2154,3.054423060703704,2.0 2.0 2.0 2.0
2155,4.2470363416530965,0.134 0.134 0.134 0.134 0.096 0.096
2156,4.4226586909057986,0.134 0.134 0.139 0.139
2157,6.540332482412147,2.0 2.0 0.139 0.139
2158,7.712793164539303,0.134 0.134 2.0 2.0
2159,8.043603507737743,0.10566 0.10566 2.0 2.0 0.10566 0.10566
2160,9.254811599803919,0.096 0.096 2.0 2.0
2161,0.9506401313901911,0.139 0.139
2162,1.1410596327901814,2.0 2.0
2163,1.5906387344764967,2.0 2.0
2164,2.1404524486747283,0.139 0.139 0.096 0.096
2165,2.2213077479131753,0.096 0.096 0.134 0.134
2166,3.054423060703704,0.10566 0.10566 0.139 0.139
2167,4.2470363416530965,0.096 0.096 2.0 2.0
2168,4.4226586909057986,2.0 2.0 0.10566 0.10566
2169,6.540332482412147,0.139 0.139 2.0 2.0 2.0 2.0
2170,7.712793164539303,0.139 0.139 0.134 0.134 2.0 2.0
2171,8.043603507737743,0.134 0.134 2.0 2.0 0.096 0.096
2172,9.254811599803919,0.134 0.134 0.10566 0.10566
2173,0.9506401313901911,0.139 0.139
2174,1.1410596327901814,0.096 0.096
2175,1.5906387344764967,0.096 0.096
2176,2.1404524486747283,0.096 0.096 0.134 0.134
2177,2.2213077479131753,0.10566 0.10566 0.139 0.139
2178,3.054423060703704,0.10566 0.10566 0.134 0.134
2179,4.2470363416530965,0.139 0.139 0.134 0.134
2180,4.4226586909057986,0.134 0.134 0.139 0.139 0.139 0.139
2181,6.540332482412147,0.134 0.134 0.134 0.134 0.139 0.139 0.134 0.134
2182,7.712793164539303,0.096 0.096 0.139 0.139
2183,8.043603507737743,0.096 0.096 0.134 0.134 0.096 0.096
2184,9.254811599803919,0.134 0.134 0.134 0.134 2.0 2.0 2.0 2.0
2185,0.9506401313901911,0.139 0.139
2186,1.1410596327901814,0.096 0.096
2187,1.5906387344764967,0.096 0.096
2188,2.1404524486747283,0.134 0.134 0.134 0.134
2189,2.2213077479131753,2.0 2.0 0.096 0.096
2190,3.054423060703704,2.0 2.0 2.0 2.0
2191,4.2470363416530965,0.096 0.096 0.134 0.134 0.134 0.134
2192,4.4226586909057986,0.134 0.134 0.10566 0.10566
2193,6.540332482412147,2.0 2.0 0.096 0.096
2194,7.712793164539303,0.134 0.134 0.10566 0.10566 0.096 0.096 0.10566 0.10566
2195,8.043603507737743,0.139 0.139 0.139 0.139
2196,9.254811599803919,0.134 0.134 0.096 0.096
2197,0.9506401313901911,0.139 0.139
2198,1.1410596327901814,2.0 2.0
2199,1.5906387344764967,0.096 0.096
2200,2.1404524486747283,0.134 0.134 0.134 0.134
2201,2.2213077479131753,0.139 0.139 0.134 0.134
2202,3.054423060703704,2.0 2.0 0.134 0.134
2203,4.2470363416530965,0.134 0.134 0.096 0.096 0.096 0.096
2204,4.4226586909057986,2.0 2.0 2.0 2.0
2205,6.540332482412147,0.134 0.134 0.096 0.096 0.139 0.139
2206,7.712793164539303,0.139 0.139 0.134 0.134 0.134 0.134 2.0 2.0
2207,8.043603507737743,0.134 0.134 0.139 0.139 0.096 0.096 2.0 2.0
2208,9.254811599803919,2.0 2.0 0.134 0.134 0.096 0.096
2209,0.9506401313901911,0.134 0.134
2210,1.1410596327901814,0.096 0.096
2211,1.5906387344764967,2.0 2.0
2212,2.1404524486747283,0.134 0.134 0.139 0.139
2213,2.2213077479131753,0.134 0.134 0.096 0.096
2214,3.054423060703704,0.096 0.096 0.134 0.134
2215,4.2470363416530965,2.0 2.0 2.0 2.0
2216,4.4226586909057986,0.10566 0.10566 2.0 2.0 0.134 0.134
2217,6.540332482412147,2.0 2.0 0.134 0.134 0.139 0.139
2218,7.712793164539303,0.10566 0.10566 0.096 0.096
2219,8.043603507737743,0.139 0.139 0.134 0.134 2.0 2.0
2220,9.254811599803919,0.134 0.134 0.10566 0.10566 0.134 0.134 0.134 0.134 0.139 0.139 0.134 0.134
2221,0.9506401313901911,0.139 0.139
2222,1.1410596327901814,0.096 0.096
2223,1.5906387344764967,0.10566 0.10566
2224,2.1404524486747283,2.0 2.0 0.134 0.134
2225,2.2213077479131753,0.134 0.134 0.134 0.134
2226,3.054423060703704,2.0 2.0 0.096 0.096
2227,4.2470363416530965,2.0 2.0 0.139 0.139 0.134 0.134
2228,4.4226586909057986,0.134 0.134 0.134 0.134 0.134 0.134 2.0 2.0
2229,6.540332482412147,2.0 2.0 2.0 2.0 0.139 0.139
2230,7.712793164539303,2.0 2.0 0.096 0.096 2.0 2.0 2.0 2.0
2231,8.043603507737743,0.134 0.134 0.134 0.134 0.134 0.134 0.139 0.139
2232,9.254811599803919,0.134 0.134 2.0 2.0 2.0 2.0 0.096 0.096
2233,0.9506401313901911,0.096 0.096
2234,1.1410596327901814,2.0 2.0
2235,1.5906387344764967,2.0 2.0
2236,2.1404524486747283,0.10566 0.10566 0.134 0.134
2237,2.2213077479131753,0.096 0.096 0.134 0.134
2238,3.054423060703704,0.096 0.096 0.134 0.134
2239,4.2470363416530965,2.0 2.0 0.139 0.139 2.0 2.0
2240,4.4226586909057986,0.096 0.096 0.096 0.096
2241,6.540332482412147,2.0 2.0 0.096 0.096
2242,7.712793164539303,0.10566 0.10566 0.096 0.096
2243,8.043603507737743,0.096 0.096 0.134 0.134 0.134 0.134 0.096 0.096 0.139 0.139
2244,9.254811599803919,0.134 0.134 0.139 0.139 0.134 0.134 0.10566 0.10566
2245,0.9506401313901911,0.139 0.139
2246,1.1410596327901814,0.096 0.096
2247,1.5906387344764967,2.0 2.0
2248,2.1404524486747283,0.096 0.096 0.139 0.139
2249,2.2213077479131753,0.096 0.096 0.139 0.139
2250,3.054423060703704,0.139 0.139 0.134 0.134
2251,4.2470363416530965,0.134 0.134 0.134 0.134 0.096 0.096
2252,4.4226586909057986,2.0 2.0 0.134 0.134
2253,6.540332482412147,2.0 2.0 0.134 0.134
2254,7.712793164539303,2.0 2.0 0.134 0.134 0.139 0.139
2255,8.043603507737743,2.0 2.0 2.0 2.0 0.134 0.134
2256,9.254811599803919,0.096 0.096 2.0 2.0 0.10566 0.10566
2257,0.9506401313901911,0.134 0.134
2258,1.1410596327901814,0.096 0.096
2259,1.5906387344764967,0.096 0.096
2260,2.1404524486747283,0.134 0.134 0.134 0.134
2261,2.2213077479131753,2.0 2.0 0.10566 0.10566
2262,3.054423060703704,0.096 0.096 0.134 0.134
2263,4.2470363416530965,0.096 0.096 0.096 0.096
2264,4.4226586909057986,0.134 0.134 0.139 0.139 0.096 0.096
2265,6.540332482412147,0.134 0.134 0.139 0.139
2266,7.712793164539303,0.134 0.134 0.139 0.139 0.139 0.139 0.096 0.096
2267,8.043603507737743,0.134 0.134 0.134 0.134 0.139 0.139 2.0 2.0
2268,9.254811599803919,0.134 0.134 0.096 0.096 0.10566 0.10566
2269,0.9506401313901911,0.139 0.139
2270,1.1410596327901814,2.0 2.0
2271,1.5906387344764967,0.096 0.096
2272,2.1404524486747283,0.134 0.134 0.134 0.134
2273,2.2213077479131753,0.10566 0.10566 0.134 0.134
2274,3.054423060703704,0.10566 0.10566 0.096 0.096
2275,4.2470363416530965,0.134 0.134 2.0 2.0 0.134 0.134
2276,4.4226586909057986,0.139 0.139 0.096 0.096
2277,6.540332482412147,2.0 2.0 0.139 0.139 0.134 0.134
2278,7.712793164539303,0.096 0.096 0.134 0.134 0.139 0.139 2.0 2.0
2279,8.043603507737743,2.0 2.0 0.134 0.134 2.0 2.0
2280,9.254811599803919,0.134 0.134 0.139 0.139
2281,0.9506401313901911,0.134 0.134
2282,1.1410596327901814,0.096 0.096
2283,1.5906387344764967,2.0 2.0
2284,2.1404524486747283,2.0 2.0 2.0 2.0
2285,2.2213077479131753,0.096 0.096 0.139 0.139
2286,3.054423060703704,2.0 2.0 0.134 0.134
2287,4.2470363416530965,2.0 2.0 0.134 0.134
2288,4.4226586909057986,2.0 2.0 0.134 0.134 0.10566 0.10566
2289,6.540332482412147,0.134 0.134 0.134 0.134 2.0 2.0
2290,7.712793164539303,0.139 0.139 0.134 0.134 2.0 2.0
2291,8.043603507737743,2.0 2.0 2.0 2.0 0.134 0.134
2292,9.254811599803919,2.0 2.0 0.134 0.134 0.134 0.134
2293,0.9506401313901911,0.139 0.139
2294,1.1410596327901814,2.0 2.0
2295,1.5906387344764967,0.096 0.096
2296,2.1404524486747283,0.096 0.096 0.096 0.096
2297,2.2213077479131753,2.0 2.0 2.0 2.0
2298,3.054423060703704,2.0 2.0 2.0 2.0
2299,4.2470363416530965,2.0 2.0 0.134 0.134
2300,4.4226586909057986,0.096 0.096 0.139 0.139
2301,6.540332482412147,0.139 0.139 0.134 0.134 0.134 0.134
2302,7.712793164539303,0.096 0.096 0.134 0.134 0.096 0.096
2303,8.043603507737743,2.0 2.0 0.134 0.134 2.0 2.0
2304,9.254811599803919,0.134 0.134 0.10566 0.10566 2.0 2.0 0.134 0.134
2305,0.9506401313901911,0.134 0.134
2306,1.1410596327901814,0.096 0.096
2307,1.5906387344764967,2.0 2.0
2308,2.1404524486747283,0.134 0.134 2.0 2.0
2309,2.2213077479131753,0.134 0.134 0.139 0.139
2310,3.054423060703704,0.139 0.139 0.096 0.096
2311,4.2470363416530965,2.0 2.0 0.096 0.096
2312,4.4226586909057986,0.139 0.139 0.096 0.096
2313,6.540332482412147,0.134 0.134 0.139 0.139 2.0 2.0
2314,7.712793164539303,0.139 0.139 0.134 0.134 2.0 2.0
2315,8.043603507737743,0.139 0.139 0.134 0.134 0.139 0.139
2316,9.254811599803919,0.134 0.134 0.096 0.096 0.096 0.096 2.0 2.0
2317,0.9506401313901911,0.134 0.134
2318,1.1410596327901814,0.096 0.096
2319,1.5906387344764967,2.0 2.0
2320,2.1404524486747283,0.134 0.134 2.0 2.0
2321,2.2213077479131753,0.134 0.134 0.10566 0.10566
2322,3.054423060703704,0.134 0.134 2.0 2.0
2323,4.2470363416530965,0.139 0.139 0.096 0.096 0.139 0.139
2324,4.4226586909057986,0.139 0.139 0.096 0.096
2325,6.540332482412147,0.139 0.139 0.096 0.096 2.0 2.0
2326,7.712793164539303,0.134 0.134 0.134 0.134
2327,8.043603507737743,0.10566 0.10566 0.134 0.134 0.134 0.134
2328,9.254811599803919,2.0 2.0 0.096 0.096 0.134 0.134 0.134 0.134
2329,0.9506401313901911,0.134 0.134
2330,1.1410596327901814,0.096 0.096
2331,1.5906387344764967,2.0 2.0
2332,2.1404524486747283,0.096 0.096 0.139 0.139
2333,2.2213077479131753,0.139 0.139 0.134 0.134
2334,3.054423060703704,0.096 0.096 2.0 2.0
2335,4.2470363416530965,0.134 0.134 0.096 0.096
2336,4.4226586909057986,0.134 0.134 0.139 0.139
2337,6.540332482412147,2.0 2.0 0.134 0.134 0.139 0.139 0.134 0.134
2338,7.712793164539303,0.096 0.096 0.134 0.134 0.096 0.096 0.139 0.139
2339,8.043603507737743,0.096 0.096 2.0 2.0 0.139 0.139
2340,9.254811599803919,0.134 0.134 0.096 0.096 0.134 0.134
2341,0.9506401313901911,0.134 0.134
2342,1.1410596327901814,2.0 2.0
2343,1.5906387344764967,2.0 2.0
2344,2.1404524486747283,0.139 0.139 0.134 0.134
2345,2.2213077479131753,0.134 0.134 2.0 2.0
2346,3.054423060703704,0.134 0.134 2.0 2.0
2347,4.2470363416530965,0.096 0.096 0.134 0.134 2.0 2.0
2348,4.4226586909057986,2.0 2.0 0.139 0.139
2349,6.540332482412147,0.096 0.096 2.0 2.0
2350,7.712793164539303,0.134 0.134 0.139 0.139 0.134 0.134
2351,8.043603507737743,0.139 0.139 2.0 2.0 0.134 0.134 0.134 0.134
2352,9.254811599803919,0.134 0.134 2.0 2.0
2353,0.9506401313901911,0.139 0.139
2354,1.1410596327901814,0.134 0.134
2355,1.5906387344764967,0.10566 0.10566
2356,2.1404524486747283,0.134 0.134 2.0 2.0
2357,2.2213077479131753,0.096 0.096 0.134 0.134
2358,3.054423060703704,0.096 0.096 0.134 0.134
2359,4.2470363416530965,0.096 0.096 0.10566 0.10566 0.134 0.134
2360,4.4226586909057986,0.139 0.139 0.139 0.139 2.0 2.0
2361,6.540332482412147,0.096 0.096 0.134 0.134 2.0 2.0 0.134 0.134 0.096 0.096
2362,7.712793164539303,2.0 2.0 2.0 2.0
2363,8.043603507737743,0.134 0.134 2.0 2.0
2364,9.254811599803919,0.134 0.134 0.134 0.134 2.0 2.0
2365,0.9506401313901911,0.096 0.096
2366,1.1410596327901814,0.096 0.096
2367,1.5906387344764967,2.0 2.0
2368,2.1404524486747283,0.134 0.134 0.096 0.096
2369,2.2213077479131753,0.10566 0.10566 0.096 0.096
2370,3.054423060703704,2.0 2.0 2.0 2.0
2371,4.2470363416530965,0.134 0.134 0.139 0.139 0.139 0.139
2372,4.4226586909057986,0.139 0.139 0.096 0.096 0.134 0.134 0.096 0.096
2373,6.540332482412147,2.0 2.0 2.0 2.0
2374,7.712793164539303,2.0 2.0 0.096 0.096 0.10566 0.10566
2375,8.043603507737743,0.134 0.134 0.096 0.096 2.0 2.0 0.134 0.134
2376,9.254811599803919,0.134 0.134 0.134 0.134 0.096 0.096 0.134 0.134
2377,0.9506401313901911,0.139 0.139
2378,1.1410596327901814,0.096 0.096
2379,1.5906387344764967,2.0 2.0
2380,2.1404524486747283,0.139 0.139 0.096 0.096
2381,2.2213077479131753,0.096 0.096 0.139 0.139
2382,3.054423060703704,0.134 0.134 0.096 0.096
2383,4.2470363416530965,2.0 2.0 2.0 2.0
2384,4.4226586909057986,0.134 0.134 0.134 0.134
2385,6.540332482412147,0.10566 0.10566 0.139 0.139 0.134 0.134
2386,7.712793164539303,0.134 0.134 0.096 0.096
2387,8.043603507737743,0.134 0.134 0.139 0.139 0.096 0.096
2388,9.254811599803919,0.134 0.134 0.096 0.096 0.096 0.096 2.0 2.0
2389,0.9506401313901911,0.134 0.134
2390,1.1410596327901814,2.0 2.0
2391,1.5906387344764967,2.0 2.0
2392,2.1404524486747283,0.134 0.134 0.134 0.134
2393,2.2213077479131753,0.134 0.134 0.10566 0.10566
2394,3.054423060703704,0.134 0.134 0.096 0.096
2395,4.2470363416530965,0.139 0.139 0.096 0.096 0.134 0.134
2396,4.4226586909057986,0.096 0.096 0.134 0.134 0.096 0.096
2397,6.540332482412147,0.139 0.139 0.139 0.139 2.0 2.0 0.10566 0.10566
2398,7.712793164539303,0.134 0.134 0.096 0.096 2.0 2.0
2399,8.043603507737743,0.134 0.134 2.0 2.0 0.134 0.134 0.134 0.134
2400,9.254811599803919,0.134 0.134 0.134 0.134 0.134 0.134 2.0 2.0
2401,0.9506401313901911,0.134 0.134
2402,1.1410596327901814,0.096 0.096
2403,1.5906387344764967,0.10566 0.10566
2404,2.1404524486747283,2.0 2.0 0.139 0.139
2405,2.2213077479131753,2.0 2.0 0.139 0.139
2406,3.054423060703704,2.0 2.0 0.134 0.134
2407,4.2470363416530965,2.0 2.0 0.096 0.096 0.134 0.134
2408,4.4226586909057986,0.134 0.134 0.134 0.134 0.134 0.134
2409,6.540332482412147,0.139 0.139 0.134 0.134 0.139 0.139 0.134 0.134
2410,7.712793164539303,0.10566 0.10566 2.0 2.0 0.134 0.134
2411,8.043603507737743,2.0 2.0 0.134 0.134 0.139 0.139 2.0 2.0 2.0 2.0
2412,9.254811599803919,0.134 0.134 0.096 0.096 0.134 0.134 0.134 0.134
2413,0.9506401313901911,0.139 0.139
2414,1.1410596327901814,0.10566 0.10566
2415,1.5906387344764967,2.0 2.0
2416,2.1404524486747283,2.0 2.0 0.139 0.139
2417,2.2213077479131753,0.096 0.096 0.139 0.139
2418,3.054423060703704,2.0 2.0 0.10566 0.10566
2419,4.2470363416530965,0.096 0.096 0.139 0.139 0.134 0.134
2420,4.4226586909057986,0.134 0.134 0.134 0.134
2421,6.540332482412147,0.10566 0.10566 2.0 2.0 0.134 0.134 0.10566 0.10566
2422,7.712793164539303,0.10566 0.10566 0.139 0.139 0.134 0.134 0.139 0.139
2423,8.043603507737743,0.10566 0.10566 0.134 0.134 2.0 2.0
2424,9.254811599803919,2.0 2.0 2.0 2.0 0.096 0.096
2425,0.9506401313901911,0.134 0.134
2426,1.1410596327901814,0.096 0.096
2427,1.5906387344764967,0.096 0.096
2428,2.1404524486747283,0.134 0.134 0.096 0.096
2429,2.2213077479131753,0.10566 0.10566 0.134 0.134
2430,3.054423060703704,2.0 2.0 2.0 2.0
2431,4.2470363416530965,0.139 0.139 0.134 0.134 0.134 0.134
2432,4.4226586909057986,0.134 0.134 0.096 0.096
2433,6.540332482412147,0.134 0.134 0.096 0.096 0.134 0.134 0.096 0.096
2434,7.712793164539303,2.0 2.0 0.134 0.134
2435,8.043603507737743,2.0 2.0 2.0 2.0 0.139 0.139
2436,9.254811599803919,0.096 0.096 0.139 0.139 2.0 2.0 0.134 0.134
2437,0.9506401313901911,0.134 0.134
2438,1.1410596327901814,0.096 0.096
2439,1.5906387344764967,0.10566 0.10566
2440,2.1404524486747283,0.139 0.139 0.139 0.139
2441,2.2213077479131753,0.10566 0.10566 0.134 0.134
2442,3.054423060703704,0.096 0.096 0.096 0.096
2443,4.2470363416530965,2.0 2.0 2.0 2.0
2444,4.4226586909057986,0.096 0.096 0.134 0.134
2445,6.540332482412147,0.096 0.096 0.134 0.134 2.0 2.0
2446,7.712793164539303,2.0 2.0 2.0 2.0 0.096 0.096
2447,8.043603507737743,0.139 0.139 0.134 0.134 0.134 0.134 2.0 2.0 0.134 0.134
2448,9.254811599803919,2.0 2.0 0.096 0.096 0.096 0.096
2449,0.9506401313901911,0.134 0.134
2450,1.1410596327901814,0.096 0.096
2451,1.5906387344764967,2.0 2.0
2452,2.1404524486747283,0.134 0.134 0.134 0.134
2453,2.2213077479131753,0.134 0.134 0.139 0.139
2454,3.054423060703704,0.134 0.134 0.139 0.139
2455,4.2470363416530965,2.0 2.0 0.10566 0.10566
2456,4.4226586909057986,0.134 0.134 0.134 0.134 0.10566 0.10566
2457,6.540332482412147,0.134 0.134 0.134 0.134 0.096 0.096
2458,7.712793164539303,0.134 0.134 2.0 2.0
2459,8.043603507737743,0.134 0.134 0.139 0.139 2.0 2.0 0.096 0.096
2460,9.254811599803919,0.096 0.096 0.134 0.134
2461,0.9506401313901911,0.134 0.134
2462,1.1410596327901814,0.096 0.096
2463,1.5906387344764967,2.0 2.0
2464,2.1404524486747283,0.139 0.139 0.134 0.134
2465,2.2213077479131753,0.134 0.134 2.0 2.0
2466,3.054423060703704,0.096 0.096 0.10566 0.10566
2467,4.2470363416530965,0.10566 0.10566 0.134 0.134 0.096 0.096
2468,4.4226586909057986,0.134 0.134 0.134 0.134 0.134 0.134
2469,6.540332482412147,0.134 0.134 0.139 0.139
2470,7.712793164539303,2.0 2.0 0.134 0.134 0.096 0.096
2471,8.043603507737743,0.096 0.096 0.096 0.096 2.0 2.0
2472,9.254811599803919,0.139 0.139 0.134 0.134
2473,0.9506401313901911,0.139 0.139
2474,1.1410596327901814,0.096 0.096
2475,1.5906387344764967,0.10566 0.10566
2476,2.1404524486747283,0.10566 0.10566 0.139 0.139
2477,2.2213077479131753,0.139 0.139 0.134 0.134
2478,3.054423060703704,0.10566 0.10566 2.0 2.0
2479,4.2470363416530965,0.134 0.134 0.139 0.139 0.134 0.134
2480,4.4226586909057986,0.134 0.134 0.134 0.134 2.0 2.0
2481,6.540332482412147,0.096 0.096 0.139 0.139 0.096 0.096
2482,7.712793164539303,2.0 2.0 2.0 2.0 0.134 0.134
2483,8.043603507737743,0.139 0.139 0.096 0.096 0.134 0.134
2484,9.254811599803919,0.139 0.139 0.096 0.096 2.0 2.0
2485,0.9506401313901911,0.139 0.139
2486,1.1410596327901814,0.096 0.096
2487,1.5906387344764967,0.096 0.096
2488,2.1404524486747283,0.139 0.139 2.0 2.0
2489,2.2213077479131753,0.134 0.134 0.134 0.134
2490,3.054423060703704,0.134 0.134 0.096 0.096
2491,4.2470363416530965,2.0 2.0 2.0 2.0 0.139 0.139
2492,4.4226586909057986,2.0 2.0 2.0 2.0
2493,6.540332482412147,2.0 2.0 2.0 2.0 2.0 2.0
2494,7.712793164539303,0.10566 0.10566 2.0 2.0 2.0 2.0 0.096 0.096
2495,8.043603507737743,0.096 0.096 2.0 2.0 0.139 0.139 0.139 0.139
2496,9.254811599803919,0.096 0.096 0.139 0.139
2497,0.9506401313901911,0.134 0.134
2498,1.1410596327901814,0.096 0.096
2499,1.5906387344764967,2.0 2.0
2500,2.1404524486747283,0.134 0.134 0.134 0.134
2501,2.2213077479131753,0.134 0.134 0.139 0.139
2502,3.054423060703704,0.10566 0.10566 0.134 0.134
2503,4.2470363416530965,0.10566 0.10566 0.139 0.139
2504,4.4226586909057986,0.10566 0.10566 2.0 2.0
2505,6.540332482412147,0.096 0.096 0.10566 0.10566
2506,7.712793164539303,0.096 0.096 2.0 2.0 2.0 2.0
2507,8.043603507737743,0.096 0.096 0.134 0.134 2.0 2.0
2508,9.254811599803919,2.0 2.0 0.134 0.134 0.096 0.096
2509,0.9506401313901911,0.134 0.134
2510,1.1410596327901814,2.0 2.0
2511,1.5906387344764967,2.0 2.0
2512,2.1404524486747283,0.134 0.134 0.10566 0.10566
2513,2.2213077479131753,2.0 2.0 0.10566 0.10566
2514,3.054423060703704,0.134 0.134 0.139 0.139
2515,4.2470363416530965,0.134 0.134 0.096 0.096
2516,4.4226586909057986,0.134 0.134 0.134 0.134 0.134 0.134
2517,6.540332482412147,2.0 2.0 2.0 2.0
2518,7.712793164539303,0.096 0.096 2.0 2.0 0.134 0.134
2519,8.043603507737743,0.134 0.134 0.139 0.139
2520,9.254811599803919,0.139 0.139 0.139 0.139 2.0 2.0 0.096 0.096
2521,0.9506401313901911,0.096 0.096
2522,1.1410596327901814,0.096 0.096
2523,1.5906387344764967,0.096 0.096
2524,2.1404524486747283,0.096 0.096 0.134 0.134
2525,2.2213077479131753,0.134 0.134 0.139 0.139
2526,3.054423060703704,2.0 2.0 2.0 2.0
2527,4.2470363416530965,2.0 2.0 2.0 2.0
2528,4.4226586909057986,2.0 2.0 0.139 0.139 0.134 0.134
2529,6.540332482412147,0.096 0.096 0.134 0.134 2.0 2.0
2530,7.712793164539303,2.0 2.0 0.134 0.134 0.096 0.096
2531,8.043603507737743,2.0 2.0 0.134 0.134
2532,9.254811599803919,0.10566 0.10566 0.134 0.134
2533,0.9506401313901911,0.134 0.134
2534,1.1410596327901814,2.0 2.0
2535,1.5906387344764967,0.10566 0.10566
2536,2.1404524486747283,0.139 0.139 0.096 0.096
2537,2.2213077479131753,0.134 0.134 0.096 0.096
2538,3.054423060703704,0.10566 0.10566 2.0 2.0
2539,4.2470363416530965,2.0 2.0 0.134 0.134
2540,4.4226586909057986,0.10566 0.10566 0.096 0.096
2541,6.540332482412147,0.096 0.096 2.0 2.0
2542,7.712793164539303,2.0 2.0 2.0 2.0 0.096 0.096
2543,8.043603507737743,0.134 0.134 2.0 2.0
2544,9.254811599803919,0.10566 0.10566 0.134 0.134
2545,0.9506401313901911,0.139 0.139
2546,1.1410596327901814,0.096 0.096
2547,1.5906387344764967,0.10566 0.10566
2548,2.1404524486747283,0.139 0.139 0.134 0.134
2549,2.2213077479131753,0.134 0.134 2.0 2.0
2550,3.054423060703704,2.0 2.0 0.134 0.134
2551,4.2470363416530965,2.0 2.0 0.134 0.134
2552,4.4226586909057986,0.134 0.134 0.134 0.134
2553,6.540332482412147,0.10566 0.10566 2.0 2.0 0.134 0.134
2554,7.712793164539303,0.139 0.139 0.134 0.134 0.134 0.134
2555,8.043603507737743,0.134 0.134 2.0 2.0 2.0 2.0 0.10566 0.10566
2556,9.254811599803919,0.096 0.096 0.10566 0.10566 0.134 0.134 0.134 0.134 0.096 0.096
2557,0.9506401313901911,0.134 0.134
2558,1.1410596327901814,0.096 0.096
2559,1.5906387344764967,0.10566 0.10566
2560,2.1404524486747283,0.134 0.134 0.096 0.096
2561,2.2213077479131753,0.139 0.139 2.0 2.0
2562,3.054423060703704,2.0 2.0 2.0 2.0
2563,4.2470363416530965,0.096 0.096 0.139 0.139
2564,4.4226586909057986,0.096 0.096 2.0 2.0 0.134 0.134
2565,6.540332482412147,0.139 0.139 2.0 2.0 2.0 2.0
2566,7.712793164539303,2.0 2.0 0.139 0.139 2.0 2.0 0.134 0.134
2567,8.043603507737743,0.10566 0.10566 0.134 0.134 0.134 0.134
2568,9.254811599803919,0.134 0.134 0.139 0.139 0.134 0.134 2.0 2.0
2569,0.9506401313901911,0.134 0.134
2570,1.1410596327901814,0.096 0.096
2571,1.5906387344764967,2.0 2.0
2572,2.1404524486747283,0.139 0.139 0.139 0.139
2573,2.2213077479131753,0.096 0.096 0.134 0.134
2574,3.054423060703704,0.139 0.139 0.10566 0.10566
2575,4.2470363416530965,0.10566 0.10566 2.0 2.0
2576,4.4226586909057986,0.096 0.096 0.10566 0.10566
2577,6.540332482412147,0.139 0.139 0.139 0.139 0.096 0.096 0.134 0.134
2578,7.712793164539303,0.134 0.134 0.134 0.134 0.134 0.134 0.134 0.134
2579,8.043603507737743,0.10566 0.10566 2.0 2.0 0.139 0.139
2580,9.254811599803919,0.134 0.134 0.096 0.096
2581,0.9506401313901911,0.139 0.139
2582,1.1410596327901814,2.0 2.0
2583,1.5906387344764967,0.096 0.096
2584,2.1404524486747283,0.134 0.134 0.096 0.096
2585,2.2213077479131753,0.134 0.134 0.134 0.134
2586,3.054423060703704,0.10566 0.10566 0.139 0.139
2587,4.2470363416530965,0.10566 0.10566 0.096 0.096
2588,4.4226586909057986,2.0 2.0 0.10566 0.10566 0.139 0.139
2589,6.540332482412147,0.134 0.134 0.10566 0.10566 0.096 0.096 0.096 0.096
2590,7.712793164539303,0.134 0.134 0.134 0.134 0.134 0.134 0.134 0.134
2591,8.043603507737743,0.10566 0.10566 0.139 0.139
2592,9.254811599803919,0.134 0.134 0.096 0.096 2.0 2.0
2593,0.9506401313901911,0.134 0.134
2594,1.1410596327901814,0.096 0.096
2595,1.5906387344764967,2.0 2.0
2596,2.1404524486747283,2.0 2.0 0.139 0.139
2597,2.2213077479131753,0.134 0.134 0.134 0.134
2598,3.054423060703704,2.0 2.0 2.0 2.0
2599,4.2470363416530965,0.096 0.096 0.139 0.139 0.134 0.134
2600,4.4226586909057986,0.10566 0.10566 0.134 0.134 0.134 0.134
2601,6.540332482412147,0.096 0.096 0.134 0.134 2.0 2.0
2602,7.712793164539303,0.134 0.134 0.134 0.134 0.134 0.134 0.096 0.096
2603,8.043603507737743,0.139 0.139 0.139 0.139 0.134 0.134 0.134 0.134
2604,9.254811599803919,0.139 0.139 0.096 0.096 0.139 0.139 0.139 0.139
2605,0.9506401313901911,0.139 0.139
2606,1.1410596327901814,0.096 0.096
2607,1.5906387344764967,0.096 0.096
2608,2.1404524486747283,0.10566 0.10566 0.139 0.139
2609,2.2213077479131753,0.139 0.139 0.096 0.096
2610,3.054423060703704,2.0 2.0 2.0 2.0
2611,4.2470363416530965,0.096 0.096 0.096 0.096 0.139 0.139
2612,4.4226586909057986,0.134 0.134 0.134 0.134 2.0 2.0 0.134 0.134
2613,6.540332482412147,0.10566 0.10566 0.134 0.134 0.10566 0.10566
2614,7.712793164539303,0.10566 0.10566 0.134 0.134 0.134 0.134
2615,8.043603507737743,0.096 0.096 0.096 0.096 0.096 0.096 0.134 0.134
2616,9.254811599803919,0.139 0.139 0.096 0.096 0.096 0.096
2617,0.9506401313901911,0.134 0.134
2618,1.1410596327901814,0.10566 0.10566
2619,1.5906387344764967,2.0 2.0
2620,2.1404524486747283,2.0 2.0 0.139 0.139
2621,2.2213077479131753,0.134 0.134 0.134 0.134
2622,3.054423060703704,0.096 0.096 2.0 2.0
2623,4.2470363416530965,2.0 2.0 2.0 2.0
2624,4.4226586909057986,0.139 0.139 0.134 0.134
2625,6.540332482412147,0.096 0.096 2.0 2.0
2626,7.712793164539303,0.096 0.096 0.10566 0.10566 0.134 0.134 0.139 0.139
2627,8.043603507737743,0.10566 0.10566 0.10566 0.10566 0.096 0.096
2628,9.254811599803919,0.10566 0.10566 2.0 2.0 0.134 0.134 2.0 2.0
2629,0.9506401313901911,0.134 0.134
2630,1.1410596327901814,0.096 0.096
2631,1.5906387344764967,0.139 0.139
2632,2.1404524486747283,0.096 0.096 2.0 2.0
2633,2.2213077479131753,0.134 0.134 0.134 0.134
2634,3.054423060703704,0.10566 0.10566 2.0 2.0
2635,4.2470363416530965,0.096 0.096 0.134 0.134 0.134 0.134
2636,4.4226586909057986,2.0 2.0 0.096 0.096
2637,6.540332482412147,0.134 0.134 2.0 2.0 0.096 0.096 0.134 0.134
2638,7.712793164539303,0.134 0.134 0.139 0.139 2.0 2.0
2639,8.043603507737743,0.096 0.096 0.096 0.096
2640,9.254811599803919,0.134 0.134 0.134 0.134
2641,0.9506401313901911,0.134 0.134
2642,1.1410596327901814,0.096 0.096
2643,1.5906387344764967,2.0 2.0
2644,2.1404524486747283,0.10566 0.10566 2.0 2.0
2645,2.2213077479131753,0.134 0.134 0.10566 0.10566
2646,3.054423060703704,0.134 0.134 0.134 0.134
2647,4.2470363416530965,0.10566 0.10566 0.134 0.134 0.096 0.096
2648,4.4226586909057986,2.0 2.0 0.134 0.134 0.134 0.134
2649,6.540332482412147,2.0 2.0 0.134 0.134
2650,7.712793164539303,0.10566 0.10566 0.096 0.096 2.0 2.0
2651,8.043603507737743,0.10566 0.10566 0.134 0.134 0.139 0.139
2652,9.254811599803919,2.0 2.0 0.134 0.134 0.139 0.139
2653,0.9506401313901911,0.134 0.134
2654,1.1410596327901814,0.096 0.096
2655,1.5906387344764967,2.0 2.0
2656,2.1404524486747283,0.10566 0.10566 0.10566 0.10566
2657,2.2213077479131753,0.096 0.096 0.134 0.134
2658,3.054423060703704,0.134 0.134 0.096 0.096
2659,4.2470363416530965,2.0 2.0 0.139 0.139 0.10566 0.10566
2660,4.4226586909057986,0.139 0.139 0.096 0.096
2661,6.540332482412147,0.134 0.134 0.134 0.134 0.139 0.139 0.134 0.134
2662,7.712793164539303,2.0 2.0 0.134 0.134 0.096 0.096
2663,8.043603507737743,0.10566 0.10566 0.139 0.139 2.0 2.0
2664,9.254811599803919,0.134 0.134 0.10566 0.10566 0.134 0.134
2665,0.9506401313901911,0.134 0.134
2666,1.1410596327901814,2.0 2.0
2667,1.5906387344764967,0.10566 0.10566
2668,2.1404524486747283,0.10566 0.10566 0.139 0.139
2669,2.2213077479131753,0.096 0.096 0.139 0.139
2670,3.054423060703704,0.134 0.134 2.0 2.0
2671,4.2470363416530965,2.0 2.0 0.096 0.096
2672,4.4226586909057986,0.139 0.139 0.096 0.096
2673,6.540332482412147,0.096 0.096 0.096 0.096 0.134 0.134
2674,7.712793164539303,0.096 0.096 2.0 2.0 0.134 0.134
2675,8.043603507737743,2.0 2.0 0.134 0.134 0.134 0.134 0.139 0.139
2676,9.254811599803919,0.139 0.139 0.096 0.096
2677,0.9506401313901911,0.139 0.139
2678,1.1410596327901814,0.134 0.134
2679,1.5906387344764967,2.0 2.0
2680,2.1404524486747283,0.10566 0.10566 0.134 0.134
2681,2.2213077479131753,0.139 0.139 2.0 2.0
2682,3.054423060703704,0.096 0.096 0.10566 0.10566
2683,4.2470363416530965,0.134 0.134 2.0 2.0
2684,4.4226586909057986,0.096 0.096 2.0 2.0 0.10566 0.10566
2685,6.540332482412147,0.096 0.096 0.134 0.134
2686,7.712793164539303,2.0 2.0 2.0 2.0
2687,8.043603507737743,0.134 0.134 0.134 0.134 0.096 0.096 0.139 0.139 0.096 0.096
2688,9.254811599803919,0.139 0.139 0.096 0.096 0.134 0.134 0.139 0.139 0.096 0.096
2689,0.9506401313901911,0.139 0.139
2690,1.1410596327901814,0.096 0.096
2691,1.5906387344764967,2.0 2.0
2692,2.1404524486747283,0.134 0.134 0.134 0.134
2693,2.2213077479131753,2.0 2.0 0.134 0.134
2694,3.054423060703704,0.139 0.139 0.096 0.096
2695,4.2470363416530965,0.139 0.139 0.139 0.139 0.134 0.134
2696,4.4226586909057986,0.134 0.134 0.096 0.096 2.0 2.0
2697,6.540332482412147,0.139 0.139 0.134 0.134
2698,7.712793164539303,0.134 0.134 2.0 2.0 0.096 0.096 0.096 0.096
2699,8.043603507737743,0.134 0.134 0.139 0.139
2700,9.254811599803919,0.134 0.134 0.139 0.139 0.134 0.134
2701,0.9506401313901911,0.134 0.134
2702,1.1410596327901814,2.0 2.0
2703,1.5906387344764967,0.096 0.096
2704,2.1404524486747283,0.096 0.096 0.134 0.134
2705,2.2213077479131753,0.096 0.096 0.134 0.134
2706,3.054423060703704,0.10566 0.10566 2.0 2.0
2707,4.2470363416530965,0.096 0.096 0.134 0.134
2708,4.4226586909057986,0.096 0.096 2.0 2.0
2709,6.540332482412147,0.096 0.096 2.0 2.0
2710,7.712793164539303,0.096 0.096 0.134 0.134
2711,8.043603507737743,2.0 2.0 0.134 0.134 0.134 0.134 0.10566 0.10566
2712,9.254811599803919,0.134 0.134 2.0 2.0
2713,0.9506401313901911,0.10566 0.10566
2714,1.1410596327901814,2.0 2.0
2715,1.5906387344764967,2.0 2.0
2716,2.1404524486747283,2.0 2.0 0.139 0.139
2717,2.2213077479131753,0.139 0.139 0.134 0.134
2718,3.054423060703704,0.139 0.139 2.0 2.0
2719,4.2470363416530965,0.096 0.096 0.139 0.139 0.096 0.096
2720,4.4226586909057986,0.096 0.096 2.0 2.0 0.134 0.134
2721,6.540332482412147,0.134 0.134 0.10566 0.10566 0.139 0.139
2722,7.712793164539303,0.096 0.096 0.10566 0.10566 0.134 0.134
2723,8.043603507737743,0.10566 0.10566 0.139 0.139 0.134 0.134 0.096 0.096
2724,9.254811599803919,0.134 0.134 2.0 2.0 0.134 0.134 0.10566 0.10566
2725,0.9506401313901911,0.139 0.139
2726,1.1410596327901814,2.0 2.0
2727,1.5906387344764967,0.10566 0.10566
2728,2.1404524486747283,0.096 0.096 0.096 0.096
2729,2.2213077479131753,0.096 0.096 0.134 0.134
2730,3.054423060703704,2.0 2.0 2.0 2.0
2731,4.2470363416530965,0.139 0.139 0.139 0.139 0.139 0.139
2732,4.4226586909057986,0.139 0.139 0.139 0.139 0.134 0.134
2733,6.540332482412147,2.0 2.0 2.0 2.0 0.134 0.134
2734,7.712793164539303,0.134 0.134 0.134 0.134 0.139 0.139 0.139 0.139
2735,8.043603507737743,0.139 0.139 0.134 0.134 0.10566 0.10566 0.139 0.139
2736,9.254811599803919,0.134 0.134 2.0 2.0 2.0 2.0 2.0 2.0 0.134 0.134
2737,0.9506401313901911,0.139 0.139
2738,1.1410596327901814,0.096 0.096
2739,1.5906387344764967,0.096 0.096
2740,2.1404524486747283,0.134 0.134 0.096 0.096
2741,2.2213077479131753,0.139 0.139 0.134 0.134
2742,3.054423060703704,0.134 0.134 0.139 0.139
2743,4.2470363416530965,0.134 0.134 0.10566 0.10566 0.134 0.134
2744,4.4226586909057986,0.096 0.096 0.139 0.139 0.134 0.134
2745,6.540332482412147,0.139 0.139 0.10566 0.10566
2746,7.712793164539303,0.134 0.134 0.096 0.096 0.134 0.134 0.096 0.096
2747,8.043603507737743,2.0 2.0 0.134 0.134 0.139 0.139 0.096 0.096 0.139 0.139
2748,9.254811599803919,0.10566 0.10566 0.139 0.139 0.139 0.139
2749,0.9506401313901911,0.139 0.139
2750,1.1410596327901814,0.096 0.096
2751,1.5906387344764967,2.0 2.0
2752,2.1404524486747283,0.139 0.139 0.134 0.134
2753,2.2213077479131753,0.134 0.134 0.139 0.139
2754,3.054423060703704,2.0 2.0 0.134 0.134
2755,4.2470363416530965,2.0 2.0 0.134 0.134
2756,4.4226586909057986,0.134 0.134 2.0 2.0 0.096 0.096 0.134 0.134
2757,6.540332482412147,0.096 0.096 0.134 0.134 2.0 2.0 2.0 2.0
2758,7.712793164539303,0.096 0.096 0.096 0.096 0.134 0.134 0.134 0.134
2759,8.043603507737743,2.0 2.0 2.0 2.0 0.134 0.134 0.134 0.134
2760,9.254811599803919,0.134 0.134 0.096 0.096 0.134 0.134
2761,0.9506401313901911,0.139 0.139
2762,1.1410596327901814,0.096 0.096
2763,1.5906387344764967,2.0 2.0
2764,2.1404524486747283,0.134 0.134 0.134 0.134
2765,2.2213077479131753,0.096 0.096 0.134 0.134
2766,3.054423060703704,0.134 0.134 0.134 0.134
2767,4.2470363416530965,0.10566 0.10566 0.096 0.096
2768,4.4226586909057986,0.134 0.134 0.096 0.096
2769,6.540332482412147,2.0 2.0 0.139 0.139 2.0 2.0
2770,7.712793164539303,0.096 0.096 2.0 2.0 0.134 0.134 0.134 0.134
2771,8.043603507737743,2.0 2.0 0.134 0.134 2.0 2.0 0.134 0.134
2772,9.254811599803919,2.0 2.0 0.134 0.134 0.134 0.134
2773,0.9506401313901911,2.0 2.0
2774,1.1410596327901814,0.134 0.134
2775,1.5906387344764967,0.096 0.096
2776,2.1404524486747283,0.134 0.134 0.134 0.134
2777,2.2213077479131753,0.10566 0.10566 0.134 0.134
2778,3.054423060703704,0.134 0.134 0.134 0.134
2779,4.2470363416530965,2.0 2.0 2.0 2.0
2780,4.4226586909057986,2.0 2.0 0.139 0.139 0.096 0.096
2781,6.540332482412147,2.0 2.0 0.134 0.134 0.134 0.134
2782,7.712793164539303,0.096 0.096 0.10566 0.10566 0.134 0.134
2783,8.043603507737743,2.0 2.0 0.139 0.139
2784,9.254811599803919,0.134 0.134 0.096 0.096 2.0 2.0
2785,0.9506401313901911,0.139 0.139
2786,1.1410596327901814,0.096 0.096
2787,1.5906387344764967,2.0 2.0
2788,2.1404524486747283,2.0 2.0 0.139 0.139
2789,2.2213077479131753,0.134 0.134 0.134 0.134
2790,3.054423060703704,2.0 2.0 2.0 2.0
2791,4.2470363416530965,0.139 0.139 0.139 0.139
2792,4.4226586909057986,0.134 0.134 2.0 2.0
2793,6.540332482412147,0.096 0.096 0.096 0.096 2.0 2.0
2794,7.712793164539303,0.139 0.139 0.139 0.139 0.134 0.134
2795,8.043603507737743,2.0 2.0 2.0 2.0
2796,9.254811599803919,0.096 0.096 2.0 2.0 0.096 0.096
2797,0.9506401313901911,2.0 2.0
2798,1.1410596327901814,0.096 0.096
2799,1.5906387344764967,2.0 2.0
2800,2.1404524486747283,0.096 0.096 0.096 0.096
2801,2.2213077479131753,0.096 0.096 0.096 0.096
2802,3.054423060703704,0.139 0.139 0.096 0.096
2803,4.2470363416530965,0.096 0.096 0.134 0.134
2804,4.4226586909057986,0.10566 0.10566 0.134 0.134
2805,6.540332482412147,0.134 0.134 0.096 0.096 0.134 0.134 0.096 0.096
2806,7.712793164539303,2.0 2.0 0.139 0.139 0.096 0.096
2807,8.043603507737743,2.0 2.0 0.139 0.139 0.134 0.134 0.134 0.134
2808,9.254811599803919,2.0 2.0 0.096 0.096 2.0 2.0
2809,0.9506401313901911,2.0 2.0
2810,1.1410596327901814,2.0 2.0
2811,1.5906387344764967,0.134 0.134
2812,2.1404524486747283,0.139 0.139 2.0 2.0
2813,2.2213077479131753,2.0 2.0 2.0 2.0
2814,3.054423060703704,0.096 0.096 0.134 0.134
2815,4.2470363416530965,2.0 2.0 0.096 0.096 2.0 2.0
2816,4.4226586909057986,2.0 2.0 0.134 0.134 0.134 0.134
2817,6.540332482412147,0.134 0.134 0.134 0.134 0.10566 0.10566
2818,7.712793164539303,0.096 0.096 0.139 0.139 0.139 0.139 0.134 0.134
2819,8.043603507737743,0.139 0.139 0.10566 0.10566 0.096 0.096
2820,9.254811599803919,0.134 0.134 0.139 0.139 0.134 0.134 0.134 0.134 2.0 2.0 0.139 0.139
2821,0.9506401313901911,0.134 0.134
2822,1.1410596327901814,2.0 2.0
2823,1.5906387344764967,2.0 2.0
2824,2.1404524486747283,2.0 2.0 0.134 0.134
2825,2.2213077479131753,0.134 0.134 0.134 0.134
2826,3.054423060703704,2.0 2.0 0.10566 0.10566
2827,4.2470363416530965,0.096 0.096 2.0 2.0
2828,4.4226586909057986,0.096 0.096 0.134 0.134
2829,6.540332482412147,0.096 0.096 0.096 0.096 0.096 0.096
2830,7.712793164539303,0.134 0.134 0.139 0.139 0.139 0.139 2.0 2.0
2831,8.043603507737743,0.10566 0.10566 0.134 0.134 0.096 0.096 0.134 0.134
2832,9.254811599803919,0.134 0.134 2.0 2.0 0.096 0.096 2.0 2.0
2833,0.9506401313901911,0.134 0.134
2834,1.1410596327901814,2.0 2.0
2835,1.5906387344764967,0.10566 0.10566
2836,2.1404524486747283,0.134 0.134 0.096 0.096
2837,2.2213077479131753,0.134 0.134 2.0 2.0
2838,3.054423060703704,0.134 0.134 0.134 0.134
2839,4.2470363416530965,0.10566 0.10566 0.096 0.096
2840,4.4226586909057986,2.0 2.0 0.134 0.134 0.134 0.134
2841,6.540332482412147,2.0 2.0 2.0 2.0 0.134 0.134
2842,7.712793164539303,2.0 2.0 0.139 0.139 0.139 0.139
2843,8.043603507737743,0.134 0.134 0.134 0.134 0.134 0.134 0.096 0.096
2844,9.254811599803919,2.0 2.0 0.139 0.139
2845,0.9506401313901911,0.134 0.134
2846,1.1410596327901814,2.0 2.0
2847,1.5906387344764967,0.10566 0.10566
2848,2.1404524486747283,0.134 0.134 0.096 0.096
2849,2.2213077479131753,0.134 0.134 0.139 0.139
2850,3.054423060703704,0.139 0.139 0.134 0.134
2851,4.2470363416530965,0.10566 0.10566 0.139 0.139 0.134 0.134
2852,4.4226586909057986,0.096 0.096 0.10566 0.10566
2853,6.540332482412147,2.0 2.0 0.134 0.134
2854,7.712793164539303,0.096 0.096 0.134 0.134 0.10566 0.10566 0.134 0.134
2855,8.043603507737743,0.096 0.096 2.0 2.0 0.134 0.134
2856,9.254811599803919,0.10566 0.10566 2.0 2.0 2.0 2.0 0.096 0.096
2857,0.9506401313901911,0.134 0.134
2858,1.1410596327901814,0.096 0.096
2859,1.5906387344764967,2.0 2.0
2860,2.1404524486747283,0.139 0.139 0.096 0.096
2861,2.2213077479131753,0.139 0.139 2.0 2.0
2862,3.054423060703704,2.0 2.0 0.096 0.096
2863,4.2470363416530965,2.0 2.0 0.096 0.096 0.10566 0.10566
2864,4.4226586909057986,0.134 0.134 0.134 0.134 0.134 0.134
2865,6.540332482412147,0.096 0.096 2.0 2.0 0.134 0.134 2.0 2.0
2866,7.712793164539303,0.134 0.134 0.134 0.134 0.134 0.134
2867,8.043603507737743,0.139 0.139 2.0 2.0 0.10566 0.10566
2868,9.254811599803919,0.139 0.139 0.134 0.134 0.096 0.096
2869,0.9506401313901911,0.134 0.134
2870,1.1410596327901814,2.0 2.0
2871,1.5906387344764967,2.0 2.0
2872,2.1404524486747283,0.096 0.096 0.134 0.134
2873,2.2213077479131753,0.134 0.134 0.096 0.096
2874,3.054423060703704,0.096 0.096 0.139 0.139
2875,4.2470363416530965,2.0 2.0 0.134 0.134
2876,4.4226586909057986,2.0 2.0 0.134 0.134 2.0 2.0
2877,6.540332482412147,0.10566 0.10566 0.096 0.096 2.0 2.0
2878,7.712793164539303,0.134 0.134 2.0 2.0 0.10566 0.10566 0.134 0.134
2879,8.043603507737743,0.134 0.134 0.139 0.139 0.139 0.139 0.139 0.139
2880,9.254811599803919,2.0 2.0 0.10566 0.10566 2.0 2.0
2881,0.9506401313901911,0.134 0.134
2882,1.1410596327901814,0.096 0.096
2883,1.5906387344764967,2.0 2.0
2884,2.1404524486747283,0.139 0.139 0.139 0.139
2885,2.2213077479131753,0.096 0.096 0.134 0.134
2886,3.054423060703704,0.096 0.096 2.0 2.0
2887,4.2470363416530965,0.10566 0.10566 0.096 0.096 0.139 0.139
2888,4.4226586909057986,2.0 2.0 2.0 2.0 0.10566 0.10566
2889,6.540332482412147,0.134 0.134 0.10566 0.10566 0.134 0.134 0.134 0.134
2890,7.712793164539303,0.096 0.096 0.134 0.134 0.134 0.134 0.096 0.096
2891,8.043603507737743,0.10566 0.10566 0.134 0.134 0.134 0.134 0.139 0.139
2892,9.254811599803919,0.139 0.139 0.139 0.139 0.139 0.139 0.096 0.096
2893,0.9506401313901911,0.139 0.139
2894,1.1410596327901814,0.096 0.096
2895,1.5906387344764967,2.0 2.0
2896,2.1404524486747283,0.134 0.134 2.0 2.0
2897,2.2213077479131753,0.134 0.134 0.139 0.139
2898,3.054423060703704,0.134 0.134 0.139 0.139
2899,4.2470363416530965,2.0 2.0 2.0 2.0
2900,4.4226586909057986,0.134 0.134 0.096 0.096
2901,6.540332482412147,0.096 0.096 0.096 0.096 0.10566 0.10566 0.139 0.139
2902,7.712793164539303,0.096 0.096 0.134 0.134 0.134 0.134
2903,8.043603507737743,2.0 2.0 0.134 0.134
2904,9.254811599803919,0.10566 0.10566 0.096 0.096 0.134 0.134 0.134 0.134
2905,0.9506401313901911,0.134 0.134
2906,1.1410596327901814,0.096 0.096
2907,1.5906387344764967,2.0 2.0
2908,2.1404524486747283,0.139 0.139 0.134 0.134
2909,2.2213077479131753,0.139 0.139 2.0 2.0
2910,3.054423060703704,0.096 0.096 0.134 0.134
2911,4.2470363416530965,0.096 0.096 0.134 0.134 2.0 2.0
2912,4.4226586909057986,0.096 0.096 0.096 0.096
2913,6.540332482412147,0.096 0.096 2.0 2.0 0.134 0.134 0.139 0.139
2914,7.712793164539303,0.096 0.096 0.139 0.139 0.134 0.134
2915,8.043603507737743,0.139 0.139 2.0 2.0 0.134 0.134
2916,9.254811599803919,0.134 0.134 2.0 2.0 0.134 0.134
2917,0.9506401313901911,0.134 0.134
2918,1.1410596327901814,0.134 0.134
2919,1.5906387344764967,0.10566 0.10566
2920,2.1404524486747283,2.0 2.0 0.134 0.134
2921,2.2213077479131753,2.0 2.0 0.139 0.139
2922,3.054423060703704,0.139 0.139 0.096 0.096
2923,4.2470363416530965,0.139 0.139 0.139 0.139 0.096 0.096
2924,4.4226586909057986,0.134 0.134 0.134 0.134 0.134 0.134
2925,6.540332482412147,0.096 0.096 2.0 2.0 0.096 0.096
2926,7.712793164539303,0.096 0.096 0.096 0.096
2927,8.043603507737743,0.096 0.096 0.139 0.139 2.0 2.0
2928,9.254811599803919,0.139 0.139 0.134 0.134 0.10566 0.10566 0.139 0.139
2929,0.9506401313901911,0.139 0.139
2930,1.1410596327901814,0.096 0.096
2931,1.5906387344764967,2.0 2.0
2932,2.1404524486747283,0.096 0.096 0.139 0.139
2933,2.2213077479131753,0.139 0.139 0.096 0.096
2934,3.054423060703704,0.139 0.139 0.096 0.096
2935,4.2470363416530965,2.0 2.0 0.10566 0.10566 0.134 0.134
2936,4.4226586909057986,0.134 0.134 0.139 0.139 0.134 0.134
2937,6.540332482412147,0.096 0.096 2.0 2.0
2938,7.712793164539303,0.10566 0.10566 0.10566 0.10566
2939,8.043603507737743,0.10566 0.10566 0.134 0.134 0.10566 0.10566 0.134 0.134
2940,9.254811599803919,0.10566 0.10566 2.0 2.0 0.134 0.134 0.134 0.134
2941,0.9506401313901911,0.134 0.134
2942,1.1410596327901814,2.0 2.0
2943,1.5906387344764967,2.0 2.0
2944,2.1404524486747283,0.139 0.139 0.10566 0.10566
2945,2.2213077479131753,0.139 0.139 0.139 0.139
2946,3.054423060703704,2.0 2.0 0.096 0.096
2947,4.2470363416530965,0.139 0.139 0.10566 0.10566 0.134 0.134
2948,4.4226586909057986,2.0 2.0 0.134 0.134 0.134 0.134
2949,6.540332482412147,0.096 0.096 0.096 0.096 0.139 0.139
2950,7.712793164539303,2.0 2.0 0.10566 0.10566
2951,8.043603507737743,2.0 2.0 0.096 0.096 0.096 0.096
2952,9.254811599803919,0.134 0.134 0.139 0.139 0.096 0.096 2.0 2.0 2.0 2.0
2953,0.9506401313901911,0.134 0.134
2954,1.1410596327901814,0.096 0.096
2955,1.5906387344764967,2.0 2.0
2956,2.1404524486747283,2.0 2.0 0.134 0.134
2957,2.2213077479131753,0.134 0.134 0.096 0.096
2958,3.054423060703704,0.134 0.134 0.134 0.134
2959,4.2470363416530965,2.0 2.0 0.10566 0.10566 0.096 0.096
2960,4.4226586909057986,2.0 2.0 0.139 0.139
2961,6.540332482412147,0.096 0.096 0.096 0.096 0.096 0.096
2962,7.712793164539303,0.134 0.134 0.139 0.139 0.10566 0.10566
2963,8.043603507737743,2.0 2.0 0.139 0.139 2.0 2.0
2964,9.254811599803919,0.139 0.139 0.134 0.134 2.0 2.0
2965,0.9506401313901911,0.134 0.134
2966,1.1410596327901814,0.134 0.134
2967,1.5906387344764967,2.0 2.0
2968,2.1404524486747283,0.096 0.096 0.134 0.134
2969,2.2213077479131753,0.10566 0.10566 0.134 0.134
2970,3.054423060703704,0.096 0.096 2.0 2.0
2971,4.2470363416530965,0.10566 0.10566 0.139 0.139 0.10566 0.10566
2972,4.4226586909057986,0.134 0.134 0.139 0.139 0.10566 0.10566
2973,6.540332482412147,0.134 0.134 0.134 0.134 0.134 0.134
2974,7.712793164539303,0.134 0.134 2.0 2.0 0.134 0.134
2975,8.043603507737743,0.139 0.139 0.096 0.096 0.139 0.139
2976,9.254811599803919,2.0 2.0 0.10566 0.10566 2.0 2.0
2977,0.9506401313901911,0.134 0.134
2978,1.1410596327901814,0.096 0.096
2979,1.5906387344764967,0.096 0.096
2980,2.1404524486747283,0.139 0.139 0.134 0.134
2981,2.2213077479131753,0.134 0.134 2.0 2.0
2982,3.054423060703704,0.096 0.096 2.0 2.0
2983,4.2470363416530965,2.0 2.0 0.134 0.134 0.134 0.134
2984,4.4226586909057986,0.134 0.134 0.134 0.134 0.096 0.096
2985,6.540332482412147,2.0 2.0 0.134 0.134
2986,7.712793164539303,2.0 2.0 0.134 0.134 2.0 2.0
2987,8.043603507737743,0.10566 0.10566 0.134 0.134 2.0 2.0
2988,9.254811599803919,0.096 0.096 2.0 2.0 0.096 0.096 2.0 2.0 0.134 0.134 2.0 2.0
2989,0.9506401313901911,0.134 0.134
2990,1.1410596327901814,0.096 0.096
2991,1.5906387344764967,2.0 2.0
2992,2.1404524486747283,0.134 0.134 0.096 0.096
2993,2.2213077479131753,0.139 0.139 0.096 0.096
2994,3.054423060703704,0.134 0.134 0.134 0.134
2995,4.2470363416530965,0.096 0.096 0.139 0.139
2996,4.4226586909057986,0.134 0.134 0.096 0.096
2997,6.540332482412147,0.134 0.134 0.096 0.096 2.0 2.0
2998,7.712793164539303,2.0 2.0 0.134 0.134 0.134 0.134
2999,8.043603507737743,0.134 0.134 0.139 0.139 0.139 0.139 2.0 2.0
3000,9.254811599803919,0.10566 0.10566 0.096 0.096
3001,0.9506401313901911,0.134 0.134
3002,1.1410596327901814,0.096 0.096
3003,1.5906387344764967,0.096 0.096
3004,2.1404524486747283,0.134 0.134 0.096 0.096
3005,2.2213077479131753,0.096 0.096 0.134 0.134
3006,3.054423060703704,0.134 0.134 0.10566 0.10566
3007,4.2470363416530965,2.0 2.0 0.134 0.134 0.134 0.134
3008,4.4226586909057986,2.0 2.0 0.096 0.096
3009,6.540332482412147,2.0 2.0 0.139 0.139 0.096 0.096
3010,7.712793164539303,0.10566 0.10566 0.134 0.134 0.134 0.134
3011,8.043603507737743,0.134 0.134 0.139 0.139 0.10566 0.10566 0.139 0.139
3012,9.254811599803919,0.134 0.134 2.0 2.0 0.096 0.096 0.134 0.134
3013,0.9506401313901911,0.134 0.134
3014,1.1410596327901814,0.096 0.096
3015,1.5906387344764967,2.0 2.0
3016,2.1404524486747283,0.139 0.139 0.134 0.134
3017,2.2213077479131753,0.134 0.134 0.139 0.139
3018,3.054423060703704,0.10566 0.10566 2.0 2.0
3019,4.2470363416530965,0.096 0.096 0.134 0.134 0.134 0.134
3020,4.4226586909057986,0.096 0.096 0.139 0.139
3021,6.540332482412147,0.096 0.096 2.0 2.0 0.134 0.134 2.0 2.0
3022,7.712793164539303,2.0 2.0 0.10566 0.10566 0.134 0.134
3023,8.043603507737743,0.10566 0.10566 2.0 2.0 0.134 0.134
3024,9.254811599803919,0.096 0.096 0.134 0.134 0.134 0.134
3025,0.9506401313901911,0.134 0.134
3026,1.1410596327901814,0.096 0.096
3027,1.5906387344764967,2.0 2.0
3028,2.1404524486747283,2.0 2.0 0.134 0.134
3029,2.2213077479131753,0.134 0.134 0.096 0.096
3030,3.054423060703704,0.134 0.134 0.134 0.134
3031,4.2470363416530965,0.134 0.134 0.096 0.096 0.139 0.139
3032,4.4226586909057986,2.0 2.0 2.0 2.0
3033,6.540332482412147,0.096 0.096 0.134 0.134 0.096 0.096
3034,7.712793164539303,0.096 0.096 0.134 0.134 0.139 0.139
3035,8.043603507737743,0.134 0.134 0.139 0.139 2.0 2.0
3036,9.254811599803919,0.134 0.134 0.096 0.096 0.10566 0.10566 2.0 2.0
3037,0.9506401313901911,0.134 0.134
3038,1.1410596327901814,2.0 2.0
3039,1.5906387344764967,2.0 2.0
3040,2.1404524486747283,0.134 0.134 0.10566 0.10566
3041,2.2213077479131753,0.096 0.096 0.139 0.139
3042,3.054423060703704,2.0 2.0 0.134 0.134
3043,4.2470363416530965,0.134 0.134 0.096 0.096 0.134 0.134
3044,4.4226586909057986,2.0 2.0 0.134 0.134
3045,6.540332482412147,2.0 2.0 2.0 2.0 2.0 2.0
3046,7.712793164539303,0.10566 0.10566 0.134 0.134 0.134 0.134
3047,8.043603507737743,2.0 2.0 0.096 0.096 0.139 0.139
3048,9.254811599803919,2.0 2.0 2.0 2.0 0.096 0.096 0.134 0.134
3049,0.9506401313901911,0.096 0.096
3050,1.1410596327901814,0.096 0.096
3051,1.5906387344764967,2.0 2.0
3052,2.1404524486747283,0.134 0.134 0.134 0.134
3053,2.2213077479131753,0.10566 0.10566 0.096 0.096
3054,3.054423060703704,2.0 2.0 0.139 0.139
3055,4.2470363416530965,0.096 0.096 0.134 0.134
3056,4.4226586909057986,0.134 0.134 0.139 0.139 0.10566 0.10566
3057,6.540332482412147,0.096 0.096 0.10566 0.10566 0.134 0.134
3058,7.712793164539303,0.096 0.096 0.096 0.096 0.139 0.139 0.139 0.139
3059,8.043603507737743,2.0 2.0 2.0 2.0 0.134 0.134
3060,9.254811599803919,2.0 2.0 0.134 0.134 0.096 0.096
3061,0.9506401313901911,0.134 0.134
3062,1.1410596327901814,2.0 2.0
3063,1.5906387344764967,0.096 0.096
3064,2.1404524486747283,0.134 0.134 2.0 2.0
3065,2.2213077479131753,0.096 0.096 0.139 0.139
3066,3.054423060703704,2.0 2.0 0.134 0.134
3067,4.2470363416530965,0.096 0.096 2.0 2.0 0.134 0.134
3068,4.4226586909057986,0.096 0.096 2.0 2.0
3069,6.540332482412147,2.0 2.0 0.134 0.134 0.134 0.134
3070,7.712793164539303,2.0 2.0 0.139 0.139 2.0 2.0 0.134 0.134
3071,8.043603507737743,0.10566 0.10566 0.134 0.134 0.134 0.134 0.134 0.134
3072,9.254811599803919,0.139 0.139 0.139 0.139 2.0 2.0
3073,0.9506401313901911,0.134 0.134
3074,1.1410596327901814,0.096 0.096
3075,1.5906387344764967,0.096 0.096
3076,2.1404524486747283,0.139 0.139 0.134 0.134
3077,2.2213077479131753,0.139 0.139 0.10566 0.10566
3078,3.054423060703704,0.139 0.139 0.134 0.134
3079,4.2470363416530965,2.0 2.0 0.134 0.134 0.134 0.134
3080,4.4226586909057986,0.096 0.096 2.0 2.0
3081,6.540332482412147,0.096 0.096 0.134 0.134 0.139 0.139
3082,7.712793164539303,0.096 0.096 2.0 2.0 0.10566 0.10566
3083,8.043603507737743,2.0 2.0 0.096 0.096 0.096 0.096
3084,9.254811599803919,0.10566 0.10566 0.096 0.096 0.134 0.134
3085,0.9506401313901911,0.134 0.134
3086,1.1410596327901814,2.0 2.0
3087,1.5906387344764967,2.0 2.0
3088,2.1404524486747283,0.134 0.134 0.134 0.134
3089,2.2213077479131753,0.10566 0.10566 0.096 0.096
3090,3.054423060703704,0.134 0.134 0.139 0.139
3091,4.2470363416530965,2.0 2.0 2.0 2.0
3092,4.4226586909057986,0.139 0.139 0.139 0.139 0.134 0.134 0.139 0.139
3093,6.540332482412147,0.139 0.139 0.139 0.139 2.0 2.0
3094,7.712793164539303,0.096 0.096 2.0 2.0 0.139 0.139
3095,8.043603507737743,0.139 0.139 0.134 0.134 0.096 0.096 0.134 0.134
3096,9.254811599803919,2.0 2.0 0.10566 0.10566 0.134 0.134 0.134 0.134
3097,0.9506401313901911,0.139 0.139
3098,1.1410596327901814,0.096 0.096
3099,1.5906387344764967,0.134 0.134
3100,2.1404524486747283,0.134 0.134 0.096 0.096
3101,2.2213077479131753,0.134 0.134 0.134 0.134
3102,3.054423060703704,0.096 0.096 2.0 2.0
3103,4.2470363416530965,2.0 2.0 0.139 0.139
3104,4.4226586909057986,0.134 0.134 0.139 0.139 0.134 0.134
3105,6.540332482412147,0.096 0.096 2.0 2.0
3106,7.712793164539303,0.10566 0.10566 0.096 0.096
3107,8.043603507737743,2.0 2.0 0.10566 0.10566 0.139 0.139 0.139 0.139
3108,9.254811599803919,0.096 0.096 2.0 2.0 0.134 0.134 0.134 0.134
3109,0.9506401313901911,0.139 0.139
3110,1.1410596327901814,0.139 0.139
3111,1.5906387344764967,2.0 2.0
3112,2.1404524486747283,0.139 0.139 2.0 2.0
3113,2.2213077479131753,2.0 2.0 0.096 0.096
3114,3.054423060703704,2.0 2.0 0.096 0.096
3115,4.2470363416530965,2.0 2.0 0.134 0.134
3116,4.4226586909057986,0.134 0.134 0.134 0.134 2.0 2.0
3117,6.540332482412147,2.0 2.0 0.10566 0.10566
3118,7.712793164539303,0.096 0.096 2.0 2.0 0.139 0.139 0.134 0.134
3119,8.043603507737743,0.096 0.096 0.096 0.096 0.096 0.096
3120,9.254811599803919,0.139 0.139 0.096 0.096 0.10566 0.10566 0.096 0.096
3121,0.9506401313901911,0.134 0.134
3122,1.1410596327901814,2.0 2.0
3123,1.5906387344764967,0.096 0.096
3124,2.1404524486747283,0.134 0.134 0.139 0.139
3125,2.2213077479131753,0.134 0.134 2.0 2.0
3126,3.054423060703704,2.0 2.0 0.10566 0.10566
3127,4.2470363416530965,0.10566 0.10566 0.134 0.134
3128,4.4226586909057986,0.10566 0.10566 0.10566 0.10566 2.0 2.0
3129,6.540332482412147,0.134 0.134 0.096 0.096 0.139 0.139 2.0 2.0
3130,7.712793164539303,0.096 0.096 2.0 2.0 0.096 0.096
3131,8.043603507737743,0.134 0.134 2.0 2.0 0.096 0.096 0.139 0.139
3132,9.254811599803919,0.134 0.134 2.0 2.0 0.139 0.139 0.139 0.139
3133,0.9506401313901911,0.134 0.134
3134,1.1410596327901814,0.096 0.096
3135,1.5906387344764967,0.096 0.096
3136,2.1404524486747283,0.10566 0.10566 2.0 2.0
3137,2.2213077479131753,0.096 0.096 0.134 0.134
3138,3.054423060703704,2.0 2.0 2.0 2.0
3139,4.2470363416530965,0.134 0.134 2.0 2.0 0.096 0.096
3140,4.4226586909057986,0.134 0.134 0.134 0.134 2.0 2.0
3141,6.540332482412147,0.134 0.134 2.0 2.0 0.096 0.096
3142,7.712793164539303,0.139 0.139 0.10566 0.10566
3143,8.043603507737743,0.134 0.134 0.096 0.096 0.096 0.096 0.096 0.096
3144,9.254811599803919,0.10566 0.10566 0.139 0.139 2.0 2.0
3145,0.9506401313901911,0.134 0.134
3146,1.1410596327901814,0.096 0.096
3147,1.5906387344764967,2.0 2.0
3148,2.1404524486747283,0.139 0.139 0.139 0.139
3149,2.2213077479131753,2.0 2.0 2.0 2.0
3150,3.054423060703704,0.096 0.096 0.134 0.134
3151,4.2470363416530965,2.0 2.0 0.096 0.096
3152,4.4226586909057986,2.0 2.0 0.139 0.139 0.139 0.139
3153,6.540332482412147,0.139 0.139 0.134 0.134 0.096 0.096 0.139 0.139
3154,7.712793164539303,0.096 0.096 0.134 0.134 2.0 2.0 0.134 0.134
3155,8.043603507737743,0.096 0.096 0.139 0.139 0.096 0.096 2.0 2.0
3156,9.254811599803919,2.0 2.0 0.10566 0.10566 0.096 0.096
3157,0.9506401313901911,0.134 0.134
3158,1.1410596327901814,2.0 2.0
3159,1.5906387344764967,2.0 2.0
3160,2.1404524486747283,0.139 0.139 0.139 0.139
3161,2.2213077479131753,0.096 0.096 2.0 2.0
3162,3.054423060703704,0.10566 0.10566 0.139 0.139
3163,4.2470363416530965,0.10566 0.10566 0.134 0.134
3164,4.4226586909057986,2.0 2.0 0.134 0.134 0.134 0.134
3165,6.540332482412147,2.0 2.0 0.096 0.096
3166,7.712793164539303,0.096 0.096 0.096 0.096 0.096 0.096
3167,8.043603507737743,0.096 0.096 0.10566 0.10566 0.134 0.134
3168,9.254811599803919,0.096 0.096 0.096 0.096 2.0 2.0 0.134 0.134
3169,0.9506401313901911,0.134 0.134
3170,1.1410596327901814,0.096 0.096
3171,1.5906387344764967,2.0 2.0
3172,2.1404524486747283,0.10566 0.10566 0.134 0.134
3173,2.2213077479131753,0.134 0.134 0.139 0.139
3174,3.054423060703704,0.096 0.096 0.10566 0.10566
3175,4.2470363416530965,2.0 2.0 0.096 0.096
3176,4.4226586909057986,0.139 0.139 2.0 2.0
3177,6.540332482412147,0.139 0.139 0.134 0.134 2.0 2.0
3178,7.712793164539303,0.134 0.134 0.134 0.134
3179,8.043603507737743,0.139 0.139 0.096 0.096 0.139 0.139 0.139 0.139
3180,9.254811599803919,0.134 0.134 0.134 0.134 0.139 0.139
3181,0.9506401313901911,0.139 0.139
3182,1.1410596327901814,0.10566 0.10566
3183,1.5906387344764967,2.0 2.0
3184,2.1404524486747283,0.134 0.134 2.0 2.0
3185,2.2213077479131753,0.134 0.134 0.134 0.134
3186,3.054423060703704,2.0 2.0 2.0 2.0
3187,4.2470363416530965,0.096 0.096 0.139 0.139 0.134 0.134
3188,4.4226586909057986,0.096 0.096 0.139 0.139 0.096 0.096
3189,6.540332482412147,0.096 0.096 0.139 0.139 0.134 0.134
3190,7.712793164539303,0.096 0.096 0.134 0.134 0.139 0.139 2.0 2.0
3191,8.043603507737743,2.0 2.0 0.139 0.139
3192,9.254811599803919,0.134 0.134 0.134 0.134 2.0 2.0
3193,0.9506401313901911,0.134 0.134
3194,1.1410596327901814,0.096 0.096
3195,1.5906387344764967,0.096 0.096
3196,2.1404524486747283,0.096 0.096 0.134 0.134
3197,2.2213077479131753,0.10566 0.10566 0.139 0.139
3198,3.054423060703704,0.096 0.096 2.0 2.0
3199,4.2470363416530965,0.134 0.134 0.139 0.139 0.134 0.134
3200,4.4226586909057986,0.096 0.096 0.10566 0.10566
3201,6.540332482412147,0.096 0.096 0.134 0.134
3202,7.712793164539303,0.134 0.134 0.096 0.096 0.096 0.096 2.0 2.0
3203,8.043603507737743,0.139 0.139 0.134 0.134 0.139 0.139 0.096 0.096
3204,9.254811599803919,0.10566 0.10566 0.139 0.139 0.096 0.096
3205,0.9506401313901911,0.096 0.096
3206,1.1410596327901814,0.096 0.096
3207,1.5906387344764967,2.0 2.0
3208,2.1404524486747283,2.0 2.0 0.134 0.134
3209,2.2213077479131753,0.134 0.134 2.0 2.0
3210,3.054423060703704,2.0 2.0 0.096 0.096
3211,4.2470363416530965,2.0 2.0 0.139 0.139 0.139 0.139
3212,4.4226586909057986,2.0 2.0 2.0 2.0
3213,6.540332482412147,0.134 0.134 0.096 0.096 0.134 0.134 0.096 0.096
3214,7.712793164539303,0.10566 0.10566 0.096 0.096 0.134 0.134 0.10566 0.10566
3215,8.043603507737743,0.10566 0.10566 0.134 0.134 0.096 0.096 0.134 0.134
3216,9.254811599803919,2.0 2.0 0.10566 0.10566 2.0 2.0
3217,0.9506401313901911,0.134 0.134
3218,1.1410596327901814,0.096 0.096
3219,1.5906387344764967,0.096 0.096
3220,2.1404524486747283,0.139 0.139 0.096 0.096
3221,2.2213077479131753,0.139 0.139 0.139 0.139
3222,3.054423060703704,2.0 2.0 0.096 0.096
3223,4.2470363416530965,0.134 0.134 0.134 0.134 0.139 0.139
3224,4.4226586909057986,2.0 2.0 2.0 2.0
3225,6.540332482412147,2.0 2.0 0.134 0.134 0.139 0.139
3226,7.712793164539303,2.0 2.0 0.139 0.139 0.134 0.134
3227,8.043603507737743,0.134 0.134 0.134 0.134
3228,9.254811599803919,0.10566 0.10566 0.134 0.134 2.0 2.0 2.0 2.0
3229,0.9506401313901911,0.134 0.134
3230,1.1410596327901814,0.139 0.139
3231,1.5906387344764967,2.0 2.0
3232,2.1404524486747283,0.134 0.134 0.096 0.096
3233,2.2213077479131753,2.0 2.0 0.139 0.139
3234,3.054423060703704,0.139 0.139 0.139 0.139
3235,4.2470363416530965,0.134 0.134 0.096 0.096
3236,4.4226586909057986,0.134 0.134 0.139 0.139
3237,6.540332482412147,0.134 0.134 0.096 0.096 0.134 0.134 0.096 0.096
3238,7.712793164539303,2.0 2.0 0.134 0.134 0.134 0.134
3239,8.043603507737743,2.0 2.0 2.0 2.0
3240,9.254811599803919,0.134 0.134 0.139 0.139 0.134 0.134 0.134 0.134
3241,0.9506401313901911,0.134 0.134
3242,1.1410596327901814,2.0 2.0
3243,1.5906387344764967,0.10566 0.10566
3244,2.1404524486747283,0.134 0.134 0.139 0.139
3245,2.2213077479131753,0.10566 0.10566 0.134 0.134
3246,3.054423060703704,0.134 0.134 0.134 0.134
3247,4.2470363416530965,2.0 2.0 0.134 0.134 0.10566 0.10566
3248,4.4226586909057986,0.096 0.096 0.134 0.134
3249,6.540332482412147,0.134 0.134 0.096 0.096
3250,7.712793164539303,0.134 0.134 0.134 0.134 0.139 0.139 0.134 0.134
3251,8.043603507737743,2.0 2.0 0.134 0.134 0.134 0.134 2.0 2.0 0.134 0.134
3252,9.254811599803919,0.096 0.096 2.0 2.0 0.134 0.134
3253,0.9506401313901911,0.134 0.134
3254,1.1410596327901814,2.0 2.0
3255,1.5906387344764967,0.096 0.096
3256,2.1404524486747283,0.134 0.134 0.134 0.134
3257,2.2213077479131753,0.139 0.139 0.134 0.134
3258,3.054423060703704,0.139 0.139 2.0 2.0
3259,4.2470363416530965,0.096 0.096 2.0 2.0
3260,4.4226586909057986,0.096 0.096 2.0 2.0 0.139 0.139
3261,6.540332482412147,2.0 2.0 0.134 0.134 2.0 2.0
3262,7.712793164539303,2.0 2.0 0.134 0.134 2.0 2.0 0.096 0.096
3263,8.043603507737743,0.134 0.134 2.0 2.0 0.134 0.134
3264,9.254811599803919,2.0 2.0 0.134 0.134 0.134 0.134 0.134 0.134 0.139 0.139
3265,0.9506401313901911,0.134 0.134
3266,1.1410596327901814,2.0 2.0
3267,1.5906387344764967,2.0 2.0
3268,2.1404524486747283,0.134 0.134 0.134 0.134
3269,2.2213077479131753,0.139 0.139 0.134 0.134
3270,3.054423060703704,2.0 2.0 0.096 0.096
3271,4.2470363416530965,0.139 0.139 0.139 0.139 0.139 0.139
3272,4.4226586909057986,2.0 2.0 2.0 2.0 0.134 0.134
3273,6.540332482412147,0.139 0.139 0.134 0.134 0.096 0.096 2.0 2.0
3274,7.712793164539303,2.0 2.0 0.134 0.134 0.134 0.134 0.134 0.134 0.134 0.134
3275,8.043603507737743,2.0 2.0 2.0 2.0
3276,9.254811599803919,0.096 0.096 0.134 0.134 2.0 2.0 0.134 0.134 0.139 0.139
3277,0.9506401313901911,0.139 0.139
3278,1.1410596327901814,2.0 2.0
3279,1.5906387344764967,0.10566 0.10566
3280,2.1404524486747283,0.134 0.134 0.096 0.096
3281,2.2213077479131753,0.134 0.134 0.10566 0.10566
3282,3.054423060703704,0.134 0.134 0.134 0.134
3283,4.2470363416530965,0.096 0.096 0.134 0.134
3284,4.4226586909057986,0.139 0.139 0.134 0.134 0.139 0.139 2.0 2.0
3285,6.540332482412147,0.096 0.096 2.0 2.0 0.134 0.134
3286,7.712793164539303,2.0 2.0 0.139 0.139 0.134 0.134
3287,8.043603507737743,0.134 0.134 0.134 0.134 2.0 2.0 0.134 0.134
3288,9.254811599803919,0.10566 0.10566 2.0 2.0 0.134 0.134 0.139 0.139
3289,0.9506401313901911,0.134 0.134
3290,1.1410596327901814,2.0 2.0
3291,1.5906387344764967,0.10566 0.10566
3292,2.1404524486747283,2.0 2.0 2.0 2.0
3293,2.2213077479131753,2.0 2.0 0.134 0.134
3294,3.054423060703704,0.096 0.096 0.134 0.134
3295,4.2470363416530965,2.0 2.0 0.134 0.134
3296,4.4226586909057986,0.096 0.096 0.139 0.139 2.0 2.0
3297,6.540332482412147,0.096 0.096 2.0 2.0
3298,7.712793164539303,0.10566 0.10566 0.134 0.134 0.10566 0.10566
3299,8.043603507737743,0.139 0.139 0.134 0.134 2.0 2.0
3300,9.254811599803919,0.134 0.134 0.134 0.134 0.139 0.139 0.134 0.134 0.139 0.139
3301,0.9506401313901911,0.134 0.134
3302,1.1410596327901814,0.096 0.096
3303,1.5906387344764967,2.0 2.0
3304,2.1404524486747283,0.134 0.134 0.134 0.134
3305,2.2213077479131753,0.134 0.134 0.139 0.139
3306,3.054423060703704,0.096 0.096 0.10566 0.10566
3307,4.2470363416530965,2.0 2.0 2.0 2.0
3308,4.4226586909057986,2.0 2.0 0.096 0.096 0.134 0.134
3309,6.540332482412147,2.0 2.0 2.0 2.0 0.139 0.139
3310,7.712793164539303,0.10566 0.10566 0.10566 0.10566 0.139 0.139 2.0 2.0
3311,8.043603507737743,2.0 2.0 2.0 2.0
3312,9.254811599803919,0.139 0.139 0.10566 0.10566 0.134 0.134 0.139 0.139
3313,0.9506401313901911,0.139 0.139
3314,1.1410596327901814,2.0 2.0
3315,1.5906387344764967,2.0 2.0
3316,2.1404524486747283,0.134 0.134 0.134 0.134
3317,2.2213077479131753,0.139 0.139 0.134 0.134
3318,3.054423060703704,0.096 0.096 0.096 0.096
3319,4.2470363416530965,0.096 0.096 0.134 0.134
3320,4.4226586909057986,0.134 0.134 0.139 0.139 0.10566 0.10566
3321,6.540332482412147,2.0 2.0 0.134 0.134 0.139 0.139
3322,7.712793164539303,2.0 2.0 0.139 0.139
3323,8.043603507737743,0.096 0.096 0.096 0.096 0.096 0.096
3324,9.254811599803919,0.10566 0.10566 0.134 0.134 0.096 0.096
3325,0.9506401313901911,0.134 0.134
3326,1.1410596327901814,0.096 0.096
3327,1.5906387344764967,0.134 0.134
3328,2.1404524486747283,2.0 2.0 0.134 0.134
3329,2.2213077479131753,0.134 0.134 2.0 2.0
3330,3.054423060703704,0.096 0.096 0.134 0.134
3331,4.2470363416530965,0.139 0.139 0.134 0.134
3332,4.4226586909057986,0.096 0.096 0.134 0.134 0.139 0.139
3333,6.540332482412147,0.134 0.134 0.096 0.096 0.10566 0.10566
3334,7.712793164539303,0.096 0.096 0.10566 0.10566 0.139 0.139
3335,8.043603507737743,0.10566 0.10566 0.096 0.096 0.134 0.134
3336,9.254811599803919,0.096 0.096 0.096 0.096 0.134 0.134 0.096 0.096 0.139 0.139
3337,0.9506401313901911,0.139 0.139
3338,1.1410596327901814,0.10566 0.10566
3339,1.5906387344764967,2.0 2.0
3340,2.1404524486747283,0.10566 0.10566 2.0 2.0
3341,2.2213077479131753,0.096 0.096 0.139 0.139
3342,3.054423060703704,0.096 0.096 0.096 0.096
3343,4.2470363416530965,2.0 2.0 0.134 0.134 0.134 0.134
3344,4.4226586909057986,0.134 0.134 0.139 0.139
3345,6.540332482412147,0.096 0.096 0.134 0.134 0.096 0.096
3346,7.712793164539303,0.10566 0.10566 0.139 0.139 0.096 0.096
3347,8.043603507737743,0.139 0.139 0.10566 0.10566 0.134 0.134 0.134 0.134
3348,9.254811599803919,0.10566 0.10566 0.139 0.139 0.10566 0.10566 2.0 2.0
3349,0.9506401313901911,0.139 0.139
3350,1.1410596327901814,0.134 0.134
3351,1.5906387344764967,2.0 2.0
3352,2.1404524486747283,0.134 0.134 0.134 0.134
3353,2.2213077479131753,0.134 0.134 0.10566 0.10566
3354,3.054423060703704,0.139 0.139 0.134 0.134
3355,4.2470363416530965,2.0 2.0 0.134 0.134
3356,4.4226586909057986,0.139 0.139 0.134 0.134 0.10566 0.10566 0.134 0.134
3357,6.540332482412147,0.10566 0.10566 0.134 0.134
3358,7.712793164539303,2.0 2.0 0.096 0.096 0.134 0.134
3359,8.043603507737743,2.0 2.0 0.139 0.139 0.10566 0.10566
3360,9.254811599803919,0.096 0.096 0.134 0.134 0.096 0.096
3361,0.9506401313901911,0.139 0.139
3362,1.1410596327901814,0.096 0.096
3363,1.5906387344764967,0.096 0.096
3364,2.1404524486747283,0.10566 0.10566 2.0 2.0
3365,2.2213077479131753,2.0 2.0 0.134 0.134
3366,3.054423060703704,0.096 0.096 2.0 2.0
3367,4.2470363416530965,0.134 0.134 0.139 0.139 2.0 2.0
3368,4.4226586909057986,0.139 0.139 2.0 2.0
3369,6.540332482412147,0.134 0.134 0.139 0.139 0.134 0.134
3370,7.712793164539303,0.10566 0.10566 2.0 2.0 0.096 0.096
3371,8.043603507737743,0.096 0.096 0.139 0.139 0.096 0.096 0.096 0.096 0.134 0.134
3372,9.254811599803919,0.134 0.134 2.0 2.0 0.134 0.134
3373,0.9506401313901911,0.096 0.096
3374,1.1410596327901814,0.10566 0.10566
3375,1.5906387344764967,2.0 2.0
3376,2.1404524486747283,0.139 0.139 0.10566 0.10566
3377,2.2213077479131753,2.0 2.0 2.0 2.0
3378,3.054423060703704,2.0 2.0 0.139 0.139
3379,4.2470363416530965,0.134 0.134 0.139 0.139 0.10566 0.10566
3380,4.4226586909057986,0.139 0.139 2.0 2.0
3381,6.540332482412147,0.096 0.096 2.0 2.0
3382,7.712793164539303,0.134 0.134 0.10566 0.10566 0.134 0.134 0.134 0.134 0.134 0.134
3383,8.043603507737743,2.0 2.0 0.139 0.139 0.134 0.134
3384,9.254811599803919,0.134 0.134 0.10566 0.10566 0.134 0.134
3385,0.9506401313901911,2.0 2.0
3386,1.1410596327901814,0.096 0.096
3387,1.5906387344764967,0.096 0.096
3388,2.1404524486747283,0.134 0.134 0.134 0.134
3389,2.2213077479131753,0.139 0.139 0.10566 0.10566
3390,3.054423060703704,0.096 0.096 0.096 0.096
3391,4.2470363416530965,0.134 0.134 0.10566 0.10566
3392,4.4226586909057986,0.139 0.139 0.134 0.134
3393,6.540332482412147,2.0 2.0 0.134 0.134 0.134 0.134
3394,7.712793164539303,0.134 0.134 0.139 0.139 0.096 0.096 0.134 0.134
3395,8.043603507737743,0.134 0.134 2.0 2.0 0.134 0.134 0.134 0.134
3396,9.254811599803919,0.10566 0.10566 0.10566 0.10566 0.134 0.134 0.139 0.139 0.134 0.134
3397,0.9506401313901911,0.139 0.139
3398,1.1410596327901814,0.096 0.096
3399,1.5906387344764967,2.0 2.0
3400,2.1404524486747283,0.134 0.134 0.096 0.096
3401,2.2213077479131753,0.134 0.134 0.134 0.134
3402,3.054423060703704,0.096 0.096 2.0 2.0
3403,4.2470363416530965,2.0 2.0 0.096 0.096
3404,4.4226586909057986,0.134 0.134 0.096 0.096
3405,6.540332482412147,2.0 2.0 0.134 0.134 0.10566 0.10566
3406,7.712793164539303,2.0 2.0 0.134 0.134 0.134 0.134
3407,8.043603507737743,0.134 0.134 0.134 0.134 0.096 0.096
3408,9.254811599803919,2.0 2.0 2.0 2.0
3409,0.9506401313901911,0.096 0.096
3410,1.1410596327901814,0.10566 0.10566
3411,1.5906387344764967,0.096 0.096
3412,2.1404524486747283,0.134 0.134 0.139 0.139
3413,2.2213077479131753,2.0 2.0 0.139 0.139
3414,3.054423060703704,0.096 0.096 0.096 0.096
3415,4.2470363416530965,0.139 0.139 0.134 0.134
3416,4.4226586909057986,0.096 0.096 0.134 0.134 0.096 0.096
3417,6.540332482412147,0.096 0.096 0.134 0.134
3418,7.712793164539303,0.096 0.096 0.10566 0.10566 0.134 0.134 0.134 0.134 0.134 0.134
3419,8.043603507737743,0.134 0.134 0.139 0.139 2.0 2.0 0.096 0.096 0.134 0.134
3420,9.254811599803919,0.10566 0.10566 0.139 0.139 0.139 0.139
3421,0.9506401313901911,2.0 2.0
3422,1.1410596327901814,0.096 0.096
3423,1.5906387344764967,0.096 0.096
3424,2.1404524486747283,0.134 0.134 2.0 2.0
3425,2.2213077479131753,0.134 0.134 0.134 0.134
3426,3.054423060703704,0.134 0.134 0.139 0.139
3427,4.2470363416530965,0.096 0.096 0.134 0.134 0.134 0.134
3428,4.4226586909057986,0.10566 0.10566 2.0 2.0
3429,6.540332482412147,0.096 0.096 0.134 0.134 0.139 0.139
3430,7.712793164539303,0.10566 0.10566 2.0 2.0 0.096 0.096
3431,8.043603507737743,2.0 2.0 2.0 2.0 0.139 0.139 0.134 0.134
3432,9.254811599803919,0.134 0.134 0.134 0.134 0.096 0.096 0.134 0.134
3433,0.9506401313901911,0.134 0.134
3434,1.1410596327901814,0.096 0.096
3435,1.5906387344764967,2.0 2.0
3436,2.1404524486747283,0.134 0.134 0.139 0.139
3437,2.2213077479131753,0.134 0.134 0.096 0.096
3438,3.054423060703704,0.134 0.134 2.0 2.0
3439,4.2470363416530965,0.134 0.134 2.0 2.0 2.0 2.0
3440,4.4226586909057986,0.134 0.134 0.139 0.139 0.134 0.134
3441,6.540332482412147,0.10566 0.10566 2.0 2.0 0.139 0.139
3442,7.712793164539303,2.0 2.0 0.134 0.134 0.134 0.134
3443,8.043603507737743,2.0 2.0 0.096 0.096 0.134 0.134 0.134 0.134
3444,9.254811599803919,0.096 0.096 0.096 0.096 0.134 0.134 0.134 0.134 0.096 0.096 0.139 0.139
3445,0.9506401313901911,0.139 0.139
3446,1.1410596327901814,0.139 0.139
3447,1.5906387344764967,2.0 2.0
3448,2.1404524486747283,0.134 0.134 2.0 2.0
3449,2.2213077479131753,0.096 0.096 0.134 0.134
3450,3.054423060703704,0.096 0.096 0.139 0.139
3451,4.2470363416530965,0.134 0.134 0.10566 0.10566 0.139 0.139
3452,4.4226586909057986,0.096 0.096 0.139 0.139 0.134 0.134 2.0 2.0
3453,6.540332482412147,2.0 2.0 0.139 0.139 2.0 2.0
3454,7.712793164539303,0.139 0.139 2.0 2.0 0.096 0.096 0.139 0.139
3455,8.043603507737743,2.0 2.0 2.0 2.0 0.10566 0.10566 2.0 2.0
3456,9.254811599803919,2.0 2.0 0.134 0.134 0.139 0.139
3457,0.9506401313901911,0.139 0.139
3458,1.1410596327901814,2.0 2.0
3459,1.5906387344764967,0.134 0.134
3460,2.1404524486747283,0.134 0.134 2.0 2.0
3461,2.2213077479131753,0.134 0.134 0.139 0.139
3462,3.054423060703704,0.134 0.134 2.0 2.0
3463,4.2470363416530965,0.134 0.134 0.10566 0.10566 2.0 2.0
3464,4.4226586909057986,0.096 0.096 0.10566 0.10566
3465,6.540332482412147,0.134 0.134 0.10566 0.10566 0.096 0.096 2.0 2.0
3466,7.712793164539303,0.139 0.139 0.096 0.096 0.10566 0.10566 2.0 2.0
3467,8.043603507737743,0.096 0.096 2.0 2.0 0.10566 0.10566
3468,9.254811599803919,0.134 0.134 2.0 2.0
3469,0.9506401313901911,0.134 0.134
3470,1.1410596327901814,0.096 0.096
3471,1.5906387344764967,0.096 0.096
3472,2.1404524486747283,0.134 0.134 0.10566 0.10566
3473,2.2213077479131753,2.0 2.0 0.134 0.134
3474,3.054423060703704,0.134 0.134 0.10566 0.10566
3475,4.2470363416530965,0.134 0.134 2.0 2.0
3476,4.4226586909057986,0.139 0.139 0.134 0.134 0.134 0.134
3477,6.540332482412147,0.10566 0.10566 0.134 0.134
3478,7.712793164539303,0.134 0.134 2.0 2.0
3479,8.043603507737743,0.096 0.096 0.096 0.096 0.139 0.139
3480,9.254811599803919,0.134 0.134 0.139 0.139 0.096 0.096 2.0 2.0 2.0 2.0
3481,0.9506401313901911,0.134 0.134
3482,1.1410596327901814,0.096 0.096
3483,1.5906387344764967,0.096 0.096
3484,2.1404524486747283,0.096 0.096 0.134 0.134
3485,2.2213077479131753,0.134 0.134 2.0 2.0
3486,3.054423060703704,2.0 2.0 0.139 0.139
3487,4.2470363416530965,0.10566 0.10566 0.096 0.096
3488,4.4226586909057986,0.134 0.134 0.134 0.134
3489,6.540332482412147,0.134 0.134 0.10566 0.10566 0.134 0.134 2.0 2.0
3490,7.712793164539303,2.0 2.0 0.10566 0.10566 0.10566 0.10566 0.134 0.134
3491,8.043603507737743,0.134 0.134 0.139 0.139 0.134 0.134
3492,9.254811599803919,0.134 0.134 0.134 0.134 0.134 0.134 0.134 0.134 0.134 0.134
3493,0.9506401313901911,0.134 0.134
3494,1.1410596327901814,2.0 2.0
3495,1.5906387344764967,2.0 2.0
3496,2.1404524486747283,0.134 0.134 0.134 0.134
3497,2.2213077479131753,0.10566 0.10566 0.134 0.134
3498,3.054423060703704,0.139 0.139 0.10566 0.10566
3499,4.2470363416530965,2.0 2.0 0.134 0.134 0.10566 0.10566
3500,4.4226586909057986,2.0 2.0 0.134 0.134 0.10566 0.10566
3501,6.540332482412147,0.134 0.134 0.134 0.134
3502,7.712793164539303,0.134 0.134 2.0 2.0 0.096 0.096 2.0 2.0
3503,8.043603507737743,0.10566 0.10566 0.134 0.134 0.139 0.139
3504,9.254811599803919,0.134 0.134 0.134 0.134 0.096 0.096
3505,0.9506401313901911,0.134 0.134
3506,1.1410596327901814,2.0 2.0
3507,1.5906387344764967,0.096 0.096
3508,2.1404524486747283,0.134 0.134 0.139 0.139
3509,2.2213077479131753,0.096 0.096 0.134 0.134
3510,3.054423060703704,0.139 0.139 0.096 0.096
3511,4.2470363416530965,0.096 0.096 2.0 2.0 0.139 0.139
3512,4.4226586909057986,2.0 2.0 0.139 0.139 0.134 0.134
3513,6.540332482412147,0.10566 0.10566 0.10566 0.10566
3514,7.712793164539303,2.0 2.0 2.0 2.0 0.134 0.134
3515,8.043603507737743,0.10566 0.10566 0.134 0.134 0.139 0.139
3516,9.254811599803919,2.0 2.0 0.134 0.134 2.0 2.0 2.0 2.0
3517,0.9506401313901911,0.134 0.134
3518,1.1410596327901814,0.096 0.096
3519,1.5906387344764967,0.10566 0.10566
3520,2.1404524486747283,0.134 0.134 0.139 0.139
3521,2.2213077479131753,0.139 0.139 0.139 0.139
3522,3.054423060703704,2.0 2.0 2.0 2.0
3523,4.2470363416530965,2.0 2.0 0.10566 0.10566
3524,4.4226586909057986,0.139 0.139 0.10566 0.10566
3525,6.540332482412147,0.134 0.134 0.139 0.139 0.139 0.139 0.134 0.134
3526,7.712793164539303,0.134 0.134 0.134 0.134 2.0 2.0 0.134 0.134
3527,8.043603507737743,2.0 2.0 0.10566 0.10566 0.10566 0.10566 0.134 0.134
3528,9.254811599803919,2.0 2.0 0.096 0.096
3529,0.9506401313901911,0.134 0.134
3530,1.1410596327901814,0.10566 0.10566
3531,1.5906387344764967,0.096 0.096
3532,2.1404524486747283,0.134 0.134 0.134 0.134
3533,2.2213077479131753,0.134 0.134 0.134 0.134
3534,3.054423060703704,0.139 0.139 2.0 2.0
3535,4.2470363416530965,0.096 0.096 0.134 0.134
3536,4.4226586909057986,0.134 0.134 0.134 0.134 2.0 2.0
3537,6.540332482412147,0.096 0.096 0.134 0.134 0.134 0.134 0.134 0.134
3538,7.712793164539303,0.096 0.096 2.0 2.0 2.0 2.0
3539,8.043603507737743,0.134 0.134 0.134 0.134 0.134 0.134
3540,9.254811599803919,0.096 0.096 2.0 2.0 0.134 0.134 0.096 0.096
3541,0.9506401313901911,0.134 0.134
3542,1.1410596327901814,0.096 0.096
3543,1.5906387344764967,2.0 2.0
3544,2.1404524486747283,0.096 0.096 0.134 0.134
3545,2.2213077479131753,0.096 0.096 2.0 2.0
3546,3.054423060703704,0.10566 0.10566 0.096 0.096
3547,4.2470363416530965,0.10566 0.10566 2.0 2.0
3548,4.4226586909057986,0.096 0.096 0.134 0.134
3549,6.540332482412147,0.134 0.134 2.0 2.0 0.134 0.134
3550,7.712793164539303,2.0 2.0 2.0 2.0
3551,8.043603507737743,0.096 0.096 0.134 0.134 0.139 0.139
3552,9.254811599803919,0.134 0.134 0.134 0.134 0.134 0.134
3553,0.9506401313901911,0.139 0.139
3554,1.1410596327901814,0.096 0.096
3555,1.5906387344764967,2.0 2.0
3556,2.1404524486747283,0.096 0.096 0.096 0.096
3557,2.2213077479131753,0.139 0.139 0.134 0.134
3558,3.054423060703704,0.10566 0.10566 0.139 0.139
3559,4.2470363416530965,0.10566 0.10566 0.139 0.139 0.134 0.134
3560,4.4226586909057986,0.139 0.139 0.096 0.096 0.096 0.096 0.139 0.139
3561,6.540332482412147,2.0 2.0 0.134 0.134 0.134 0.134 2.0 2.0
3562,7.712793164539303,0.10566 0.10566 0.139 0.139
3563,8.043603507737743,0.096 0.096 0.096 0.096
3564,9.254811599803919,2.0 2.0 0.096 0.096 0.134 0.134 0.10566 0.10566
3565,0.9506401313901911,0.139 0.139
3566,1.1410596327901814,2.0 2.0
3567,1.5906387344764967,0.096 0.096
3568,2.1404524486747283,0.134 0.134 2.0 2.0
3569,2.2213077479131753,2.0 2.0 0.134 0.134
3570,3.054423060703704,0.10566 0.10566 2.0 2.0
3571,4.2470363416530965,2.0 2.0 2.0 2.0 0.134 0.134
3572,4.4226586909057986,0.134 0.134 0.134 0.134 0.096 0.096
3573,6.540332482412147,0.134 0.134 0.134 0.134 2.0 2.0
3574,7.712793164539303,2.0 2.0 0.134 0.134 0.096 0.096 0.139 0.139
3575,8.043603507737743,0.134 0.134 0.096 0.096
3576,9.254811599803919,2.0 2.0 0.096 0.096 2.0 2.0
3577,0.9506401313901911,0.134 0.134
3578,1.1410596327901814,0.096 0.096
3579,1.5906387344764967,2.0 2.0
3580,2.1404524486747283,0.096 0.096 0.134 0.134
3581,2.2213077479131753,2.0 2.0 0.134 0.134
3582,3.054423060703704,2.0 2.0 0.134 0.134
3583,4.2470363416530965,2.0 2.0 0.096 0.096
3584,4.4226586909057986,2.0 2.0 2.0 2.0 0.096 0.096
3585,6.540332482412147,0.139 0.139 0.10566 0.10566
3586,7.712793164539303,0.139 0.139 2.0 2.0 0.10566 0.10566
3587,8.043603507737743,0.134 0.134 0.134 0.134 0.096 0.096 0.134 0.134
3588,9.254811599803919,2.0 2.0 0.134 0.134 0.096 0.096
3589,0.9506401313901911,0.139 0.139
3590,1.1410596327901814,2.0 2.0
3591,1.5906387344764967,2.0 2.0
3592,2.1404524486747283,0.139 0.139 0.096 0.096
3593,2.2213077479131753,0.139 0.139 0.139 0.139
3594,3.054423060703704,0.134 0.134 0.096 0.096
3595,4.2470363416530965,2.0 2.0 0.134 0.134
3596,4.4226586909057986,2.0 2.0 0.096 0.096
3597,6.540332482412147,0.10566 0.10566 0.134 0.134 0.134 0.134
3598,7.712793164539303,0.10566 0.10566 0.096 0.096 0.096 0.096
3599,8.043603507737743,0.134 0.134 0.096 0.096 2.0 2.0
3600,9.254811599803919,0.096 0.096 0.139 0.139 2.0 2.0 2.0 2.0
3601,0.9506401313901911,0.134 0.134
3602,1.1410596327901814,0.10566 0.10566
3603,1.5906387344764967,0.096 0.096
3604,2.1404524486747283,0.134 0.134 0.134 0.134
3605,2.2213077479131753,0.10566 0.10566 0.139 0.139
3606,3.054423060703704,0.10566 0.10566 2.0 2.0
3607,4.2470363416530965,0.10566 0.10566 0.139 0.139 2.0 2.0
3608,4.4226586909057986,0.134 0.134 0.096 0.096 0.096 0.096
3609,6.540332482412147,2.0 2.0 0.134 0.134 0.096 0.096 0.139 0.139
3610,7.712793164539303,0.134 0.134 0.134 0.134 0.134 0.134
3611,8.043603507737743,2.0 2.0 2.0 2.0 0.10566 0.10566 0.134 0.134
3612,9.254811599803919,2.0 2.0 0.096 0.096
3613,0.9506401313901911,0.139 0.139
3614,1.1410596327901814,0.10566 0.10566
3615,1.5906387344764967,2.0 2.0
3616,2.1404524486747283,2.0 2.0 0.134 0.134
3617,2.2213077479131753,2.0 2.0 0.139 0.139
3618,3.054423060703704,2.0 2.0 2.0 2.0
3619,4.2470363416530965,0.139 0.139 0.096 0.096 0.134 0.134
3620,4.4226586909057986,0.134 0.134 2.0 2.0 2.0 2.0
3621,6.540332482412147,0.096 0.096 0.134 0.134 2.0 2.0 0.139 0.139
3622,7.712793164539303,0.134 0.134 0.139 0.139
3623,8.043603507737743,0.134 0.134 0.096 0.096
3624,9.254811599803919,0.134 0.134 2.0 2.0
3625,0.9506401313901911,0.134 0.134
3626,1.1410596327901814,2.0 2.0
3627,1.5906387344764967,0.134 0.134
3628,2.1404524486747283,0.096 0.096 0.096 0.096
3629,2.2213077479131753,0.134 0.134 0.139 0.139
3630,3.054423060703704,0.10566 0.10566 0.134 0.134
3631,4.2470363416530965,0.134 0.134 0.134 0.134 0.134 0.134
3632,4.4226586909057986,2.0 2.0 0.096 0.096 0.139 0.139
3633,6.540332482412147,0.096 0.096 0.134 0.134 0.139 0.139 0.134 0.134
3634,7.712793164539303,0.096 0.096 0.134 0.134 0.134 0.134
3635,8.043603507737743,0.10566 0.10566 0.139 0.139 0.096 0.096
3636,9.254811599803919,0.134 0.134 0.139 0.139 0.134 0.134 0.134 0.134
3637,0.9506401313901911,0.139 0.139
3638,1.1410596327901814,2.0 2.0
3639,1.5906387344764967,2.0 2.0
3640,2.1404524486747283,0.139 0.139 0.134 0.134
3641,2.2213077479131753,0.139 0.139 0.096 0.096
3642,3.054423060703704,0.139 0.139 0.134 0.134
3643,4.2470363416530965,0.096 0.096 0.134 0.134 0.134 0.134
3644,4.4226586909057986,0.139 0.139 0.096 0.096 0.096 0.096
3645,6.540332482412147,0.134 0.134 2.0 2.0
3646,7.712793164539303,0.096 0.096 0.096 0.096 0.139 0.139
3647,8.043603507737743,2.0 2.0 0.139 0.139 0.139 0.139
3648,9.254811599803919,0.096 0.096 0.096 0.096 0.134 0.134 0.134 0.134
3649,0.9506401313901911,0.134 0.134
3650,1.1410596327901814,0.096 0.096
3651,1.5906387344764967,0.096 0.096
3652,2.1404524486747283,0.096 0.096 0.134 0.134
3653,2.2213077479131753,0.134 0.134 0.139 0.139
3654,3.054423060703704,0.134 0.134 2.0 2.0
3655,4.2470363416530965,0.134 0.134 0.096 0.096
3656,4.4226586909057986,0.134 0.134 2.0 2.0
3657,6.540332482412147,2.0 2.0 2.0 2.0
3658,7.712793164539303,0.096 0.096 0.134 0.134 2.0 2.0
3659,8.043603507737743,0.139 0.139 0.10566 0.10566 0.139 0.139 2.0 2.0
3660,9.254811599803919,0.134 0.134 2.0 2.0 0.134 0.134 0.139 0.139
3661,0.9506401313901911,0.134 0.134
3662,1.1410596327901814,2.0 2.0
3663,1.5906387344764967,0.10566 0.10566
3664,2.1404524486747283,0.134 0.134 0.134 0.134
3665,2.2213077479131753,0.134 0.134 0.096 0.096
3666,3.054423060703704,0.134 0.134 0.139 0.139
3667,4.2470363416530965,0.096 0.096 0.10566 0.10566 2.0 2.0
3668,4.4226586909057986,0.134 0.134 2.0 2.0
3669,6.540332482412147,0.139 0.139 0.096 0.096 0.10566 0.10566
3670,7.712793164539303,0.134 0.134 0.096 0.096 0.134 0.134 0.096 0.096
3671,8.043603507737743,0.10566 0.10566 0.134 0.134 0.134 0.134
3672,9.254811599803919,0.134 0.134 0.096 0.096 0.096 0.096 0.134 0.134
3673,0.9506401313901911,0.134 0.134
3674,1.1410596327901814,0.10566 0.10566
3675,1.5906387344764967,2.0 2.0
3676,2.1404524486747283,0.134 0.134 0.096 0.096
3677,2.2213077479131753,2.0 2.0 0.134 0.134
3678,3.054423060703704,0.139 0.139 2.0 2.0
3679,4.2470363416530965,0.096 0.096 0.139 0.139
3680,4.4226586909057986,0.134 0.134 0.134 0.134
3681,6.540332482412147,0.10566 0.10566 0.10566 0.10566
3682,7.712793164539303,0.134 0.134 0.134 0.134 2.0 2.0 0.096 0.096 0.139 0.139
3683,8.043603507737743,2.0 2.0 0.096 0.096 0.139 0.139
3684,9.254811599803919,0.096 0.096 0.096 0.096 0.096 0.096
3685,0.9506401313901911,0.10566 0.10566
3686,1.1410596327901814,2.0 2.0
3687,1.5906387344764967,2.0 2.0
3688,2.1404524486747283,0.134 0.134 2.0 2.0
3689,2.2213077479131753,2.0 2.0 0.139 0.139
3690,3.054423060703704,0.096 0.096 2.0 2.0
3691,4.2470363416530965,2.0 2.0 2.0 2.0
3692,4.4226586909057986,0.134 0.134 0.134 0.134 0.096 0.096
3693,6.540332482412147,0.096 0.096 2.0 2.0 0.134 0.134 0.134 0.134
3694,7.712793164539303,0.139 0.139 0.139 0.139 0.134 0.134
3695,8.043603507737743,0.096 0.096 0.134 0.134 0.134 0.134 0.096 0.096 0.134 0.134
3696,9.254811599803919,0.134 0.134 0.139 0.139 0.10566 0.10566 0.134 0.134
3697,0.9506401313901911,0.139 0.139
3698,1.1410596327901814,2.0 2.0
3699,1.5906387344764967,2.0 2.0
3700,2.1404524486747283,2.0 2.0 2.0 2.0
3701,2.2213077479131753,0.134 0.134 2.0 2.0
3702,3.054423060703704,0.139 0.139 2.0 2.0
3703,4.2470363416530965,0.096 0.096 2.0 2.0
3704,4.4226586909057986,2.0 2.0 0.134 0.134
3705,6.540332482412147,0.134 0.134 2.0 2.0 0.139 0.139
3706,7.712793164539303,2.0 2.0 0.096 0.096 0.134 0.134
3707,8.043603507737743,0.134 0.134 0.139 0.139 0.10566 0.10566
3708,9.254811599803919,0.139 0.139 0.139 0.139 0.134 0.134 0.10566 0.10566 0.10566 0.10566
3709,0.9506401313901911,0.096 0.096
3710,1.1410596327901814,2.0 2.0
3711,1.5906387344764967,0.096 0.096
3712,2.1404524486747283,0.134 0.134 0.139 0.139
3713,2.2213077479131753,0.139 0.139 2.0 2.0
3714,3.054423060703704,0.139 0.139 0.139 0.139
3715,4.2470363416530965,0.096 0.096 0.10566 0.10566
3716,4.4226586909057986,2.0 2.0 2.0 2.0
3717,6.540332482412147,0.134 0.134 0.134 0.134 0.139 0.139 0.096 0.096
3718,7.712793164539303,0.096 0.096 0.096 0.096 2.0 2.0
3719,8.043603507737743,0.139 0.139 0.134 0.134 0.134 0.134 2.0 2.0
3720,9.254811599803919,0.134 0.134 2.0 2.0 0.139 0.139 0.10566 0.10566 0.10566 0.10566
3721,0.9506401313901911,0.134 0.134
3722,1.1410596327901814,0.096 0.096
3723,1.5906387344764967,0.10566 0.10566
3724,2.1404524486747283,0.096 0.096 2.0 2.0
3725,2.2213077479131753,2.0 2.0 0.139 0.139
3726,3.054423060703704,2.0 2.0 0.134 0.134
3727,4.2470363416530965,0.10566 0.10566 0.096 0.096
3728,4.4226586909057986,2.0 2.0 0.096 0.096 0.134 0.134
3729,6.540332482412147,0.139 0.139 0.134 0.134
3730,7.712793164539303,0.10566 0.10566 0.134 0.134 0.139 0.139
3731,8.043603507737743,0.134 0.134 0.134 0.134 0.10566 0.10566
3732,9.254811599803919,0.096 0.096 2.0 2.0 2.0 2.0
3733,0.9506401313901911,0.134 0.134
3734,1.1410596327901814,0.096 0.096
3735,1.5906387344764967,0.10566 0.10566
3736,2.1404524486747283,0.139 0.139 2.0 2.0
3737,2.2213077479131753,2.0 2.0 0.134 0.134
3738,3.054423060703704,0.096 0.096 0.134 0.134
3739,4.2470363416530965,0.096 0.096 0.139 0.139 2.0 2.0
3740,4.4226586909057986,2.0 2.0 0.096 0.096 0.139 0.139
3741,6.540332482412147,0.139 0.139 2.0 2.0 0.134 0.134 0.096 0.096
3742,7.712793164539303,0.10566 0.10566 0.134 0.134 0.134 0.134 0.096 0.096 0.10566 0.10566
3743,8.043603507737743,2.0 2.0 0.096 0.096 0.139 0.139
3744,9.254811599803919,0.134 0.134 0.096 0.096 2.0 2.0 2.0 2.0
3745,0.9506401313901911,0.139 0.139
3746,1.1410596327901814,0.096 0.096
3747,1.5906387344764967,0.096 0.096
3748,2.1404524486747283,0.139 0.139 0.139 0.139
3749,2.2213077479131753,2.0 2.0 0.134 0.134
3750,3.054423060703704,0.134 0.134 0.134 0.134
3751,4.2470363416530965,0.134 0.134 0.10566 0.10566
3752,4.4226586909057986,2.0 2.0 0.134 0.134 0.134 0.134
3753,6.540332482412147,0.139 0.139 0.134 0.134
3754,7.712793164539303,0.139 0.139 2.0 2.0
3755,8.043603507737743,0.10566 0.10566 0.139 0.139
3756,9.254811599803919,2.0 2.0 0.139 0.139 2.0 2.0
3757,0.9506401313901911,2.0 2.0
3758,1.1410596327901814,2.0 2.0
3759,1.5906387344764967,0.096 0.096
3760,2.1404524486747283,0.134 0.134 2.0 2.0
3761,2.2213077479131753,0.134 0.134 0.139 0.139
3762,3.054423060703704,0.096 0.096 0.134 0.134
3763,4.2470363416530965,0.134 0.134 0.096 0.096 0.096 0.096
3764,4.4226586909057986,2.0 2.0 2.0 2.0 0.139 0.139
3765,6.540332482412147,2.0 2.0 2.0 2.0
3766,7.712793164539303,0.096 0.096 0.134 0.134 0.096 0.096
3767,8.043603507737743,0.096 0.096 0.134 0.134 2.0 2.0
3768,9.254811599803919,0.134 0.134 2.0 2.0 2.0 2.0
3769,0.9506401313901911,0.134 0.134
3770,1.1410596327901814,0.096 0.096
3771,1.5906387344764967,2.0 2.0
3772,2.1404524486747283,2.0 2.0 0.134 0.134
3773,2.2213077479131753,0.134 0.134 0.096 0.096
3774,3.054423060703704,0.134 0.134 0.096 0.096
3775,4.2470363416530965,0.134 0.134 0.134 0.134 0.096 0.096
3776,4.4226586909057986,0.10566 0.10566 2.0 2.0
3777,6.540332482412147,0.134 0.134 0.134 0.134 2.0 2.0
3778,7.712793164539303,0.134 0.134 0.134 0.134 0.134 0.134 0.096 0.096
3779,8.043603507737743,2.0 2.0 0.134 0.134 0.139 0.139
3780,9.254811599803919,0.096 0.096 0.134 0.134 0.134 0.134 2.0 2.0
3781,0.9506401313901911,0.134 0.134
3782,1.1410596327901814,2.0 2.0
3783,1.5906387344764967,2.0 2.0
3784,2.1404524486747283,0.096 0.096 0.134 0.134
3785,2.2213077479131753,0.134 0.134 0.134 0.134
3786,3.054423060703704,0.139 0.139 0.096 0.096
3787,4.2470363416530965,0.139 0.139 2.0 2.0 0.134 0.134
3788,4.4226586909057986,2.0 2.0 0.10566 0.10566
3789,6.540332482412147,0.134 0.134 0.134 0.134 0.139 0.139 0.096 0.096
3790,7.712793164539303,0.134 0.134 0.139 0.139 0.10566 0.10566
3791,8.043603507737743,2.0 2.0 0.134 0.134 2.0 2.0
3792,9.254811599803919,0.139 0.139 0.096 0.096 2.0 2.0
3793,0.9506401313901911,0.134 0.134
3794,1.1410596327901814,2.0 2.0
3795,1.5906387344764967,2.0 2.0
3796,2.1404524486747283,2.0 2.0 0.134 0.134
3797,2.2213077479131753,0.134 0.134 2.0 2.0
3798,3.054423060703704,2.0 2.0 2.0 2.0
3799,4.2470363416530965,0.139 0.139 0.139 0.139 0.10566 0.10566
3800,4.4226586909057986,0.134 0.134 0.134 0.134 2.0 2.0
3801,6.540332482412147,0.096 0.096 0.139 0.139 0.134 0.134
3802,7.712793164539303,0.134 0.134 0.139 0.139 0.10566 0.10566 0.134 0.134
3803,8.043603507737743,2.0 2.0 2.0 2.0 0.139 0.139
3804,9.254811599803919,2.0 2.0 0.134 0.134 0.134 0.134
3805,0.9506401313901911,0.139 0.139
3806,1.1410596327901814,0.10566 0.10566
3807,1.5906387344764967,0.096 0.096
3808,2.1404524486747283,0.139 0.139 0.134 0.134
3809,2.2213077479131753,0.134 0.134 0.134 0.134
3810,3.054423060703704,0.134 0.134 0.096 0.096
3811,4.2470363416530965,2.0 2.0 0.096 0.096 0.134 0.134
3812,4.4226586909057986,0.139 0.139 2.0 2.0
3813,6.540332482412147,0.096 0.096 0.096 0.096 0.096 0.096
3814,7.712793164539303,0.134 0.134 0.096 0.096 2.0 2.0 0.139 0.139
3815,8.043603507737743,0.10566 0.10566 0.096 0.096 0.096 0.096
3816,9.254811599803919,0.134 0.134 0.134 0.134 0.139 0.139 0.096 0.096 0.10566 0.10566
3817,0.9506401313901911,0.134 0.134
3818,1.1410596327901814,2.0 2.0
3819,1.5906387344764967,0.10566 0.10566
3820,2.1404524486747283,2.0 2.0 0.134 0.134
3821,2.2213077479131753,0.139 0.139 0.134 0.134
3822,3.054423060703704,2.0 2.0 0.096 0.096
3823,4.2470363416530965,0.096 0.096 2.0 2.0
3824,4.4226586909057986,0.096 0.096 0.096 0.096
3825,6.540332482412147,0.134 0.134 0.134 0.134 2.0 2.0
3826,7.712793164539303,0.134 0.134 0.10566 0.10566 2.0 2.0 0.096 0.096
3827,8.043603507737743,0.139 0.139 0.134 0.134 0.096 0.096 0.134 0.134
3828,9.254811599803919,0.134 0.134 2.0 2.0 2.0 2.0 0.134 0.134 0.134 0.134
3829,0.9506401313901911,0.134 0.134
3830,1.1410596327901814,0.10566 0.10566
3831,1.5906387344764967,0.096 0.096
3832,2.1404524486747283,2.0 2.0 0.139 0.139
3833,2.2213077479131753,0.134 0.134 0.096 0.096
3834,3.054423060703704,0.10566 0.10566 0.096 0.096
3835,4.2470363416530965,0.10566 0.10566 0.134 0.134
3836,4.4226586909057986,2.0 2.0 0.096 0.096 0.134 0.134
3837,6.540332482412147,2.0 2.0 0.134 0.134 0.134 0.134
3838,7.712793164539303,0.096 0.096 0.096 0.096 0.134 0.134
3839,8.043603507737743,0.10566 0.10566 0.134 0.134
3840,9.254811599803919,0.10566 0.10566 0.096 0.096 0.134 0.134
3841,0.9506401313901911,0.134 0.134
3842,1.1410596327901814,0.096 0.096
3843,1.5906387344764967,2.0 2.0
3844,2.1404524486747283,0.096 0.096 0.139 0.139
3845,2.2213077479131753,0.10566 0.10566 0.134 0.134
3846,3.054423060703704,0.134 0.134 2.0 2.0
3847,4.2470363416530965,0.096 0.096 0.096 0.096
3848,4.4226586909057986,0.134 0.134 2.0 2.0 0.139 0.139
3849,6.540332482412147,0.096 0.096 2.0 2.0
3850,7.712793164539303,0.134 0.134 0.096 0.096 0.134 0.134
3851,8.043603507737743,2.0 2.0 0.134 0.134 0.096 0.096
3852,9.254811599803919,0.096 0.096 0.134 0.134 0.096 0.096 0.10566 0.10566
3853,0.9506401313901911,0.096 0.096
3854,1.1410596327901814,2.0 2.0
3855,1.5906387344764967,0.10566 0.10566
3856,2.1404524486747283,0.134 0.134 2.0 2.0
3857,2.2213077479131753,2.0 2.0 0.139 0.139
3858,3.054423060703704,2.0 2.0 0.134 0.134
3859,4.2470363416530965,0.134 0.134 0.134 0.134 0.134 0.134
3860,4.4226586909057986,0.096 0.096 0.096 0.096 0.096 0.096
3861,6.540332482412147,0.096 0.096 2.0 2.0 2.0 2.0
3862,7.712793164539303,0.134 0.134 2.0 2.0 2.0 2.0
3863,8.043603507737743,2.0 2.0 2.0 2.0 0.134 0.134
3864,9.254811599803919,2.0 2.0 0.096 0.096 0.139 0.139
3865,0.9506401313901911,0.139 0.139
3866,1.1410596327901814,2.0 2.0
3867,1.5906387344764967,2.0 2.0
3868,2.1404524486747283,0.134 0.134 0.10566 0.10566
3869,2.2213077479131753,0.134 0.134 0.134 0.134
3870,3.054423060703704,0.134 0.134 0.096 0.096
3871,4.2470363416530965,0.096 0.096 0.134 0.134 0.134 0.134
3872,4.4226586909057986,0.096 0.096 0.10566 0.10566
3873,6.540332482412147,0.139 0.139 0.134 0.134 0.134 0.134
3874,7.712793164539303,2.0 2.0 0.096 0.096 0.134 0.134 0.134 0.134
3875,8.043603507737743,2.0 2.0 2.0 2.0 0.139 0.139 0.134 0.134
3876,9.254811599803919,0.134 0.134 0.10566 0.10566 0.10566 0.10566 0.134 0.134
3877,0.9506401313901911,0.134 0.134
3878,1.1410596327901814,2.0 2.0
3879,1.5906387344764967,2.0 2.0
3880,2.1404524486747283,0.139 0.139 0.139 0.139
3881,2.2213077479131753,0.139 0.139 0.134 0.134
3882,3.054423060703704,0.096 0.096 0.10566 0.10566
3883,4.2470363416530965,2.0 2.0 0.10566 0.10566
3884,4.4226586909057986,0.096 0.096 0.096 0.096 0.134 0.134
3885,6.540332482412147,2.0 2.0 0.139 0.139
3886,7.712793164539303,0.139 0.139 2.0 2.0
3887,8.043603507737743,0.139 0.139 2.0 2.0 0.134 0.134
3888,9.254811599803919,2.0 2.0 2.0 2.0 0.134 0.134 0.096 0.096
3889,0.9506401313901911,0.134 0.134
3890,1.1410596327901814,0.10566 0.10566
3891,1.5906387344764967,2.0 2.0
3892,2.1404524486747283,0.139 0.139 0.134 0.134
3893,2.2213077479131753,0.139 0.139 0.10566 0.10566
3894,3.054423060703704,0.139 0.139 0.139 0.139
3895,4.2470363416530965,0.139 0.139 0.134 0.134 0.134 0.134
3896,4.4226586909057986,0.096 0.096 2.0 2.0
3897,6.540332482412147,2.0 2.0 0.096 0.096 0.139 0.139
3898,7.712793164539303,0.139 0.139 0.139 0.139 0.139 0.139 0.134 0.134 0.134 0.134
3899,8.043603507737743,0.134 0.134 2.0 2.0 0.139 0.139 0.134 0.134
3900,9.254811599803919,2.0 2.0 0.134 0.134 0.134 0.134
3901,0.9506401313901911,0.134 0.134
3902,1.1410596327901814,0.096 0.096
3903,1.5906387344764967,2.0 2.0
3904,2.1404524486747283,0.139 0.139 0.134 0.134
3905,2.2213077479131753,0.139 0.139 0.139 0.139
3906,3.054423060703704,2.0 2.0 0.096 0.096
3907,4.2470363416530965,0.134 0.134 0.096 0.096
3908,4.4226586909057986,0.096 0.096 0.134 0.134
3909,6.540332482412147,0.134 0.134 0.139 0.139
3910,7.712793164539303,0.134 0.134 2.0 2.0 0.096 0.096 0.134 0.134
3911,8.043603507737743,0.096 0.096 0.10566 0.10566 2.0 2.0
3912,9.254811599803919,0.139 0.139 2.0 2.0 0.096 0.096 0.139 0.139 2.0 2.0
3913,0.9506401313901911,0.139 0.139
3914,1.1410596327901814,0.096 0.096
3915,1.5906387344764967,0.10566 0.10566
3916,2.1404524486747283,0.096 0.096 0.10566 0.10566
3917,2.2213077479131753,0.134 0.134 0.096 0.096
3918,3.054423060703704,0.134 0.134 0.096 0.096
3919,4.2470363416530965,0.139 0.139 0.139 0.139 0.134 0.134
3920,4.4226586909057986,2.0 2.0 0.10566 0.10566 2.0 2.0
3921,6.540332482412147,0.096 0.096 0.096 0.096
3922,7.712793164539303,0.096 0.096 2.0 2.0 0.134 0.134 0.134 0.134
3923,8.043603507737743,2.0 2.0 2.0 2.0 0.139 0.139
3924,9.254811599803919,0.134 0.134 2.0 2.0 0.10566 0.10566
3925,0.9506401313901911,0.134 0.134
3926,1.1410596327901814,0.10566 0.10566
3927,1.5906387344764967,0.096 0.096
3928,2.1404524486747283,0.134 0.134 0.139 0.139
3929,2.2213077479131753,0.139 0.139 0.134 0.134
3930,3.054423060703704,0.134 0.134 0.134 0.134
3931,4.2470363416530965,2.0 2.0 0.134 0.134
3932,4.4226586909057986,0.134 0.134 0.139 0.139 0.10566 0.10566
3933,6.540332482412147,0.134 0.134 2.0 2.0 0.134 0.134 0.134 0.134
3934,7.712793164539303,2.0 2.0 0.134 0.134 0.096 0.096
3935,8.043603507737743,0.10566 0.10566 0.134 0.134 2.0 2.0 0.134 0.134
3936,9.254811599803919,0.096 0.096 0.096 0.096 0.134 0.134 2.0 2.0 0.139 0.139
3937,0.9506401313901911,0.139 0.139
3938,1.1410596327901814,0.10566 0.10566
3939,1.5906387344764967,0.096 0.096
3940,2.1404524486747283,0.139 0.139 0.10566 0.10566
3941,2.2213077479131753,0.139 0.139 2.0 2.0
3942,3.054423060703704,0.134 0.134 0.096 0.096
3943,4.2470363416530965,0.134 0.134 2.0 2.0 0.096 0.096
3944,4.4226586909057986,2.0 2.0 0.096 0.096 0.134 0.134
3945,6.540332482412147,0.10566 0.10566 0.139 0.139 0.134 0.134
3946,7.712793164539303,0.096 0.096 2.0 2.0 0.134 0.134 0.139 0.139
3947,8.043603507737743,0.096 0.096 0.096 0.096 0.134 0.134
3948,9.254811599803919,0.096 0.096 0.096 0.096 0.139 0.139
3949,0.9506401313901911,0.134 0.134
3950,1.1410596327901814,2.0 2.0
3951,1.5906387344764967,0.10566 0.10566
3952,2.1404524486747283,0.134 0.134 0.134 0.134
3953,2.2213077479131753,0.096 0.096 0.139 0.139
3954,3.054423060703704,0.139 0.139 0.096 0.096
3955,4.2470363416530965,2.0 2.0 0.096 0.096 0.134 0.134
3956,4.4226586909057986,0.139 0.139 2.0 2.0 0.134 0.134 0.134 0.134
3957,6.540332482412147,0.096 0.096 0.134 0.134 0.096 0.096 0.096 0.096
3958,7.712793164539303,0.134 0.134 2.0 2.0
3959,8.043603507737743,0.134 0.134 0.134 0.134 0.134 0.134
3960,9.254811599803919,0.096 0.096 0.096 0.096 0.134 0.134
3961,0.9506401313901911,0.139 0.139
3962,1.1410596327901814,0.096 0.096
3963,1.5906387344764967,2.0 2.0
3964,2.1404524486747283,0.139 0.139 2.0 2.0
3965,2.2213077479131753,2.0 2.0 0.134 0.134
3966,3.054423060703704,2.0 2.0 0.096 0.096
3967,4.2470363416530965,0.134 0.134 0.096 0.096 0.134 0.134
3968,4.4226586909057986,0.096 0.096 2.0 2.0
3969,6.540332482412147,0.096 0.096 0.10566 0.10566
3970,7.712793164539303,0.134 0.134 0.096 0.096 0.139 0.139
3971,8.043603507737743,0.139 0.139 0.139 0.139 0.096 0.096
3972,9.254811599803919,0.096 0.096 0.134 0.134 0.096 0.096
3973,0.9506401313901911,0.139 0.139
3974,1.1410596327901814,0.096 0.096
3975,1.5906387344764967,2.0 2.0
3976,2.1404524486747283,0.139 0.139 0.139 0.139
3977,2.2213077479131753,0.134 0.134 0.096 0.096
3978,3.054423060703704,0.10566 0.10566 0.139 0.139
3979,4.2470363416530965,0.096 0.096 2.0 2.0 0.134 0.134
3980,4.4226586909057986,0.096 0.096 0.10566 0.10566
3981,6.540332482412147,2.0 2.0 0.096 0.096 2.0 2.0
3982,7.712793164539303,0.139 0.139 0.134 0.134 2.0 2.0 0.134 0.134 0.096 0.096
3983,8.043603507737743,2.0 2.0 0.134 0.134 2.0 2.0
3984,9.254811599803919,0.134 0.134 0.139 0.139 0.139 0.139
3985,0.9506401313901911,0.134 0.134
3986,1.1410596327901814,0.096 0.096
3987,1.5906387344764967,2.0 2.0
3988,2.1404524486747283,0.134 0.134 0.139 0.139
3989,2.2213077479131753,0.134 0.134 2.0 2.0
3990,3.054423060703704,2.0 2.0 0.134 0.134
3991,4.2470363416530965,2.0 2.0 0.134 0.134 0.134 0.134
3992,4.4226586909057986,0.10566 0.10566 0.134 0.134 2.0 2.0
3993,6.540332482412147,0.134 0.134 0.10566 0.10566
3994,7.712793164539303,0.096 0.096 0.139 0.139 0.096 0.096 0.139 0.139
3995,8.043603507737743,0.096 0.096 0.10566 0.10566 0.134 0.134
3996,9.254811599803919,2.0 2.0 0.139 0.139 0.139 0.139 0.134 0.134
3997,0.9506401313901911,0.134 0.134
3998,1.1410596327901814,2.0 2.0
3999,1.5906387344764967,0.096 0.096
4000,2.1404524486747283,0.134 0.134 0.134 0.134
4001,2.2213077479131753,0.134 0.134 0.134 0.134
4002,3.054423060703704,0.10566 0.10566 0.134 0.134
4003,4.2470363416530965,2.0 2.0 0.134 0.134 0.134 0.134
4004,4.4226586909057986,0.134 0.134 2.0 2.0 2.0 2.0
4005,6.540332482412147,0.096 0.096 0.134 0.134 0.096 0.096 0.134 0.134
4006,7.712793164539303,0.134 0.134 2.0 2.0 0.134 0.134
4007,8.043603507737743,2.0 2.0 0.139 0.139 2.0 2.0
4008,9.254811599803919,0.134 0.134 0.139 0.139 0.134 0.134 2.0 2.0 0.096 0.096 0.139 0.139
4009,0.9506401313901911,0.139 0.139
4010,1.1410596327901814,0.10566 0.10566
4011,1.5906387344764967,0.134 0.134
4012,2.1404524486747283,2.0 2.0 0.134 0.134
4013,2.2213077479131753,0.096 0.096 0.134 0.134
4014,3.054423060703704,0.134 0.134 0.139 0.139
4015,4.2470363416530965,2.0 2.0 0.139 0.139 0.134 0.134
4016,4.4226586909057986,0.096 0.096 0.134 0.134
4017,6.540332482412147,2.0 2.0 2.0 2.0 0.134 0.134
4018,7.712793164539303,0.134 0.134 2.0 2.0 0.139 0.139 0.096 0.096
4019,8.043603507737743,2.0 2.0 0.139 0.139 0.096 0.096
4020,9.254811599803919,0.134 0.134 2.0 2.0
4021,0.9506401313901911,0.139 0.139
4022,1.1410596327901814,0.096 0.096
4023,1.5906387344764967,0.096 0.096
4024,2.1404524486747283,0.096 0.096 0.134 0.134
4025,2.2213077479131753,0.139 0.139 2.0 2.0
4026,3.054423060703704,0.139 0.139 0.096 0.096
4027,4.2470363416530965,0.134 0.134 0.134 0.134
4028,4.4226586909057986,0.134 0.134 0.134 0.134
4029,6.540332482412147,0.10566 0.10566 2.0 2.0
4030,7.712793164539303,0.096 0.096 0.10566 0.10566 0.096 0.096
4031,8.043603507737743,0.096 0.096 0.134 0.134 0.10566 0.10566 0.096 0.096
4032,9.254811599803919,0.134 0.134 2.0 2.0 0.096 0.096 0.134 0.134
4033,0.9506401313901911,0.10566 0.10566
4034,1.1410596327901814,2.0 2.0
4035,1.5906387344764967,2.0 2.0
4036,2.1404524486747283,0.10566 0.10566 0.134 0.134
4037,2.2213077479131753,0.134 0.134 0.134 0.134
4038,3.054423060703704,0.096 0.096 0.10566 0.10566
4039,4.2470363416530965,0.096 0.096 2.0 2.0 0.139 0.139
4040,4.4226586909057986,0.096 0.096 0.134 0.134 2.0 2.0
4041,6.540332482412147,0.096 0.096 0.139 0.139 0.139 0.139 0.134 0.134
4042,7.712793164539303,0.134 0.134 0.10566 0.10566 2.0 2.0
4043,8.043603507737743,0.10566 0.10566 0.096 0.096 0.139 0.139 0.134 0.134 0.10566 0.10566
4044,9.254811599803919,0.096 0.096 0.096 0.096 0.139 0.139
4045,0.9506401313901911,0.139 0.139
4046,1.1410596327901814,0.096 0.096
4047,1.5906387344764967,2.0 2.0
4048,2.1404524486747283,0.134 0.134 0.096 0.096
4049,2.2213077479131753,0.096 0.096 0.134 0.134
4050,3.054423060703704,2.0 2.0 0.096 0.096
4051,4.2470363416530965,0.134 0.134 0.134 0.134
4052,4.4226586909057986,0.096 0.096 2.0 2.0 0.139 0.139
4053,6.540332482412147,2.0 2.0 2.0 2.0
4054,7.712793164539303,2.0 2.0 2.0 2.0 0.139 0.139 0.139 0.139 0.10566 0.10566
4055,8.043603507737743,0.096 0.096 0.096 0.096 0.10566 0.10566
4056,9.254811599803919,0.139 0.139 0.10566 0.10566 2.0 2.0 0.134 0.134 0.096 0.096
4057,0.9506401313901911,0.139 0.139
4058,1.1410596327901814,2.0 2.0
4059,1.5906387344764967,0.096 0.096
4060,2.1404524486747283,0.139 0.139 0.134 0.134
4061,2.2213077479131753,0.134 0.134 2.0 2.0
4062,3.054423060703704,2.0 2.0 2.0 2.0
4063,4.2470363416530965,0.096 0.096 0.134 0.134 0.134 0.134
4064,4.4226586909057986,0.10566 0.10566 0.096 0.096
4065,6.540332482412147,0.096 0.096 0.139 0.139 0.134 0.134
4066,7.712793164539303,2.0 2.0 0.134 0.134 0.096 0.096
4067,8.043603507737743,2.0 2.0 0.134 0.134 0.134 0.134
4068,9.254811599803919,0.134 0.134 2.0 2.0 2.0 2.0
4069,0.9506401313901911,0.134 0.134
4070,1.1410596327901814,2.0 2.0
4071,1.5906387344764967,2.0 2.0
4072,2.1404524486747283,0.139 0.139 0.10566 0.10566
4073,2.2213077479131753,0.139 0.139 2.0 2.0
4074,3.054423060703704,0.096 0.096 2.0 2.0
4075,4.2470363416530965,0.096 0.096 0.096 0.096 0.134 0.134
4076,4.4226586909057986,2.0 2.0 0.096 0.096 2.0 2.0
4077,6.540332482412147,2.0 2.0 0.096 0.096
4078,7.712793164539303,0.096 0.096 0.139 0.139 0.134 0.134
4079,8.043603507737743,2.0 2.0 0.139 0.139 0.134 0.134 0.134 0.134
4080,9.254811599803919,0.10566 0.10566 2.0 2.0 0.134 0.134 0.134 0.134
4081,0.9506401313901911,0.139 0.139
4082,1.1410596327901814,0.10566 0.10566
4083,1.5906387344764967,2.0 2.0
4084,2.1404524486747283,0.134 0.134 0.096 0.096
4085,2.2213077479131753,0.139 0.139 0.096 0.096
4086,3.054423060703704,0.134 0.134 2.0 2.0
4087,4.2470363416530965,0.134 0.134 0.134 0.134
4088,4.4226586909057986,0.096 0.096 0.139 0.139 0.10566 0.10566
4089,6.540332482412147,0.134 0.134 0.139 0.139 2.0 2.0 2.0 2.0
4090,7.712793164539303,0.134 0.134 0.139 0.139 0.134 0.134
4091,8.043603507737743,0.096 0.096 0.134 0.134 0.134 0.134 0.134 0.134
4092,9.254811599803919,0.134 0.134 0.139 0.139 0.096 0.096 0.134 0.134
4093,0.9506401313901911,0.134 0.134
4094,1.1410596327901814,2.0 2.0
4095,1.5906387344764967,0.10566 0.10566
4096,2.1404524486747283,0.096 0.096 0.134 0.134
4097,2.2213077479131753,0.134 0.134 2.0 2.0
4098,3.054423060703704,0.096 0.096 2.0 2.0
4099,4.2470363416530965,0.134 0.134 0.134 0.134 0.134 0.134
4100,4.4226586909057986,0.10566 0.10566 2.0 2.0 0.139 0.139
4101,6.540332482412147,2.0 2.0 2.0 2.0 0.139 0.139
4102,7.712793164539303,2.0 2.0 0.134 0.134 2.0 2.0
4103,8.043603507737743,2.0 2.0 0.134 0.134 0.134 0.134 0.096 0.096
4104,9.254811599803919,0.139 0.139 0.134 0.134 0.134 0.134
4105,0.9506401313901911,0.134 0.134
4106,1.1410596327901814,0.096 0.096
4107,1.5906387344764967,0.096 0.096
4108,2.1404524486747283,0.10566 0.10566 0.134 0.134
4109,2.2213077479131753,0.134 0.134 0.134 0.134
4110,3.054423060703704,0.134 0.134 0.139 0.139
4111,4.2470363416530965,0.134 0.134 2.0 2.0
4112,4.4226586909057986,2.0 2.0 0.10566 0.10566
4113,6.540332482412147,0.096 0.096 0.096 0.096 0.134 0.134
4114,7.712793164539303,0.096 0.096 0.134 0.134 0.096 0.096 0.139 0.139
4115,8.043603507737743,2.0 2.0 2.0 2.0 0.096 0.096 0.139 0.139
4116,9.254811599803919,2.0 2.0 2.0 2.0 0.096 0.096
4117,0.9506401313901911,0.139 0.139
4118,1.1410596327901814,2.0 2.0
4119,1.5906387344764967,0.096 0.096
4120,2.1404524486747283,0.139 0.139 0.134 0.134
4121,2.2213077479131753,2.0 2.0 0.139 0.139
4122,3.054423060703704,2.0 2.0 2.0 2.0
4123,4.2470363416530965,0.134 0.134 0.10566 0.10566
4124,4.4226586909057986,0.096 0.096 0.096 0.096
4125,6.540332482412147,0.134 0.134 0.10566 0.10566 0.134 0.134 0.134 0.134
4126,7.712793164539303,2.0 2.0 2.0 2.0 0.139 0.139
4127,8.043603507737743,2.0 2.0 0.096 0.096 0.139 0.139
4128,9.254811599803919,0.096 0.096 0.139 0.139 0.096 0.096
4129,0.9506401313901911,0.134 0.134
4130,1.1410596327901814,0.096 0.096
4131,1.5906387344764967,2.0 2.0
4132,2.1404524486747283,0.139 0.139 2.0 2.0
4133,2.2213077479131753,0.134 0.134 0.096 0.096
4134,3.054423060703704,2.0 2.0 0.139 0.139
4135,4.2470363416530965,0.096 0.096 0.096 0.096 0.134 0.134
4136,4.4226586909057986,2.0 2.0 0.10566 0.10566
4137,6.540332482412147,0.134 0.134 2.0 2.0 0.139 0.139
4138,7.712793164539303,0.139 0.139 0.139 0.139 0.134 0.134 0.139 0.139
4139,8.043603507737743,0.10566 0.10566 0.134 0.134 2.0 2.0 0.134 0.134
4140,9.254811599803919,0.139 0.139 0.134 0.134 2.0 2.0
4141,0.9506401313901911,0.139 0.139
4142,1.1410596327901814,0.134 0.134
4143,1.5906387344764967,2.0 2.0
4144,2.1404524486747283,0.139 0.139 0.134 0.134
4145,2.2213077479131753,0.134 0.134 0.096 0.096
4146,3.054423060703704,0.10566 0.10566 0.139 0.139
4147,4.2470363416530965,0.139 0.139 0.139 0.139 0.10566 0.10566
4148,4.4226586909057986,2.0 2.0 0.096 0.096
4149,6.540332482412147,2.0 2.0 0.096 0.096 0.139 0.139
4150,7.712793164539303,0.134 0.134 0.134 0.134 2.0 2.0 0.134 0.134
4151,8.043603507737743,0.096 0.096 0.134 0.134 0.134 0.134
4152,9.254811599803919,2.0 2.0 0.139 0.139 0.134 0.134
4153,0.9506401313901911,0.134 0.134
4154,1.1410596327901814,0.134 0.134
4155,1.5906387344764967,2.0 2.0
4156,2.1404524486747283,0.096 0.096 2.0 2.0
4157,2.2213077479131753,2.0 2.0 2.0 2.0
4158,3.054423060703704,0.134 0.134 2.0 2.0
4159,4.2470363416530965,2.0 2.0 0.096 0.096 2.0 2.0
4160,4.4226586909057986,0.10566 0.10566 0.134 0.134
4161,6.540332482412147,0.134 0.134 0.096 0.096 0.134 0.134
4162,7.712793164539303,0.134 0.134 2.0 2.0 0.096 0.096 0.139 0.139
4163,8.043603507737743,0.139 0.139 0.134 0.134 0.096 0.096 0.134 0.134
4164,9.254811599803919,2.0 2.0 0.10566 0.10566 0.134 0.134
4165,0.9506401313901911,0.134 0.134
4166,1.1410596327901814,0.096 0.096
4167,1.5906387344764967,2.0 2.0
4168,2.1404524486747283,2.0 2.0 0.139 0.139
4169,2.2213077479131753,0.096 0.096 2.0 2.0
4170,3.054423060703704,2.0 2.0 0.134 0.134
4171,4.2470363416530965,0.096 0.096 0.139 0.139 0.139 0.139
4172,4.4226586909057986,2.0 2.0 0.096 0.096
4173,6.540332482412147,2.0 2.0 0.134 0.134 0.134 0.134
4174,7.712793164539303,2.0 2.0 0.139 0.139 0.10566 0.10566
4175,8.043603507737743,0.134 0.134 0.134 0.134 0.134 0.134
4176,9.254811599803919,0.134 0.134 2.0 2.0 0.134 0.134
4177,0.9506401313901911,0.134 0.134
4178,1.1410596327901814,0.096 0.096
4179,1.5906387344764967,2.0 2.0
4180,2.1404524486747283,0.139 0.139 2.0 2.0
4181,2.2213077479131753,0.096 0.096 0.139 0.139
4182,3.054423060703704,0.139 0.139 0.134 0.134
4183,4.2470363416530965,0.10566 0.10566 0.096 0.096 0.134 0.134
4184,4.4226586909057986,0.139 0.139 0.134 0.134 2.0 2.0
4185,6.540332482412147,0.10566 0.10566 0.096 0.096 2.0 2.0 0.096 0.096
4186,7.712793164539303,0.096 0.096 0.10566 0.10566 0.134 0.134 0.134 0.134 2.0 2.0
4187,8.043603507737743,0.134 0.134 0.096 0.096 0.134 0.134
4188,9.254811599803919,0.134 0.134 0.134 0.134 2.0 2.0
4189,0.9506401313901911,0.134 0.134
4190,1.1410596327901814,0.096 0.096
4191,1.5906387344764967,2.0 2.0
4192,2.1404524486747283,0.139 0.139 0.139 0.139
4193,2.2213077479131753,0.134 0.134 0.139 0.139
4194,3.054423060703704,0.134 0.134 2.0 2.0
4195,4.2470363416530965,0.096 0.096 0.134 0.134 0.134 0.134
4196,4.4226586909057986,2.0 2.0 0.139 0.139 2.0 2.0
4197,6.540332482412147,0.134 0.134 2.0 2.0 0.096 0.096 0.096 0.096
4198,7.712793164539303,0.10566 0.10566 0.134 0.134 0.139 0.139
4199,8.043603507737743,2.0 2.0 0.10566 0.10566 0.139 0.139 2.0 2.0
4200,9.254811599803919,2.0 2.0 0.134 0.134 0.139 0.139
4201,0.9506401313901911,0.139 0.139
4202,1.1410596327901814,2.0 2.0
4203,1.5906387344764967,2.0 2.0
4204,2.1404524486747283,0.096 0.096 0.134 0.134
4205,2.2213077479131753,0.10566 0.10566 0.096 0.096
4206,3.054423060703704,0.139 0.139 0.139 0.139
4207,4.2470363416530965,0.134 0.134 0.139 0.139
4208,4.4226586909057986,0.096 0.096 0.134 0.134 0.139 0.139
4209,6.540332482412147,2.0 2.0 2.0 2.0 0.134 0.134 0.096 0.096 0.096 0.096
4210,7.712793164539303,0.096 0.096 0.10566 0.10566
4211,8.043603507737743,0.096 0.096 0.139 0.139
4212,9.254811599803919,0.139 0.139 0.134 0.134
4213,0.9506401313901911,2.0 2.0
4214,1.1410596327901814,2.0 2.0
4215,1.5906387344764967,0.10566 0.10566
4216,2.1404524486747283,0.134 0.134 0.134 0.134
4217,2.2213077479131753,2.0 2.0 0.096 0.096
4218,3.054423060703704,0.134 0.134 0.134 0.134
4219,4.2470363416530965,0.134 0.134 0.134 0.134 2.0 2.0
4220,4.4226586909057986,0.10566 0.10566 0.134 0.134
4221,6.540332482412147,2.0 2.0 0.134 0.134 2.0 2.0 0.139 0.139
4222,7.712793164539303,0.139 0.139 2.0 2.0 0.134 0.134 0.134 0.134
4223,8.043603507737743,2.0 2.0 2.0 2.0 0.096 0.096 0.139 0.139
4224,9.254811599803919,0.096 0.096 0.096 0.096
4225,0.9506401313901911,0.139 0.139
4226,1.1410596327901814,0.096 0.096
4227,1.5906387344764967,2.0 2.0
4228,2.1404524486747283,0.134 0.134 0.134 0.134
4229,2.2213077479131753,2.0 2.0 0.134 0.134
4230,3.054423060703704,0.096 0.096 0.096 0.096
4231,4.2470363416530965,2.0 2.0 0.139 0.139
4232,4.4226586909057986,0.096 0.096 2.0 2.0 0.134 0.134
4233,6.540332482412147,2.0 2.0 0.096 0.096 0.134 0.134
4234,7.712793164539303,0.134 0.134 0.096 0.096 0.096 0.096
4235,8.043603507737743,0.096 0.096 0.10566 0.10566 2.0 2.0
4236,9.254811599803919,2.0 2.0 0.139 0.139 0.134 0.134
4237,0.9506401313901911,0.134 0.134
4238,1.1410596327901814,0.096 0.096
4239,1.5906387344764967,0.096 0.096
4240,2.1404524486747283,2.0 2.0 0.096 0.096
4241,2.2213077479131753,0.134 0.134 0.10566 0.10566
4242,3.054423060703704,0.096 0.096 2.0 2.0
4243,4.2470363416530965,0.096 0.096 0.134 0.134
4244,4.4226586909057986,2.0 2.0 2.0 2.0
4245,6.540332482412147,0.10566 0.10566 2.0 2.0
4246,7.712793164539303,2.0 2.0 0.096 0.096 2.0 2.0 0.134 0.134 0.134 0.134
4247,8.043603507737743,0.096 0.096 0.134 0.134 0.134 0.134
4248,9.254811599803919,0.139 0.139 0.134 0.134 0.096 0.096 2.0 2.0
4249,0.9506401313901911,0.134 0.134
4250,1.1410596327901814,0.139 0.139
4251,1.5906387344764967,2.0 2.0
4252,2.1404524486747283,0.139 0.139 0.134 0.134
4253,2.2213077479131753,0.096 0.096 0.134 0.134
4254,3.054423060703704,0.134 0.134 0.134 0.134
4255,4.2470363416530965,0.134 0.134 0.096 0.096
4256,4.4226586909057986,2.0 2.0 2.0 2.0 0.134 0.134
4257,6.540332482412147,2.0 2.0 2.0 2.0
4258,7.712793164539303,0.134 0.134 0.139 0.139 0.139 0.139 0.139 0.139
4259,8.043603507737743,2.0 2.0 0.134 0.134 2.0 2.0
4260,9.254811599803919,0.134 0.134 0.096 0.096 0.10566 0.10566 0.096 0.096 0.134 0.134
4261,0.9506401313901911,0.139 0.139
4262,1.1410596327901814,0.096 0.096
4263,1.5906387344764967,0.10566 0.10566
4264,2.1404524486747283,0.134 0.134 0.134 0.134
4265,2.2213077479131753,0.096 0.096 0.134 0.134
4266,3.054423060703704,0.10566 0.10566 2.0 2.0
4267,4.2470363416530965,0.134 0.134 0.134 0.134 0.096 0.096
4268,4.4226586909057986,0.10566 0.10566 2.0 2.0 0.134 0.134
4269,6.540332482412147,0.134 0.134 0.134 0.134 0.134 0.134 2.0 2.0
4270,7.712793164539303,0.096 0.096 0.139 0.139 0.096 0.096 0.134 0.134
4271,8.043603507737743,2.0 2.0 0.134 0.134
4272,9.254811599803919,2.0 2.0 0.096 0.096 0.134 0.134 0.139 0.139
4273,0.9506401313901911,0.134 0.134
4274,1.1410596327901814,2.0 2.0
4275,1.5906387344764967,2.0 2.0
4276,2.1404524486747283,0.134 0.134 0.134 0.134
4277,2.2213077479131753,0.096 0.096 0.10566 0.10566
4278,3.054423060703704,0.10566 0.10566 0.096 0.096
4279,4.2470363416530965,0.139 0.139 0.139 0.139
4280,4.4226586909057986,0.139 0.139 2.0 2.0
4281,6.540332482412147,0.134 0.134 2.0 2.0 2.0 2.0 0.134 0.134
4282,7.712793164539303,0.139 0.139 2.0 2.0 0.134 0.134
4283,8.043603507737743,2.0 2.0 2.0 2.0 2.0 2.0 0.139 0.139 0.134 0.134
4284,9.254811599803919,0.134 0.134 0.134 0.134 2.0 2.0
4285,0.9506401313901911,0.134 0.134
4286,1.1410596327901814,0.10566 0.10566
4287,1.5906387344764967,0.096 0.096
4288,2.1404524486747283,2.0 2.0 0.134 0.134
4289,2.2213077479131753,0.096 0.096 0.139 0.139
4290,3.054423060703704,0.096 0.096 0.134 0.134
4291,4.2470363416530965,2.0 2.0 0.134 0.134 0.134 0.134
4292,4.4226586909057986,2.0 2.0 2.0 2.0 2.0 2.0 0.139 0.139
4293,6.540332482412147,0.10566 0.10566 2.0 2.0 2.0 2.0
4294,7.712793164539303,0.096 0.096 2.0 2.0
4295,8.043603507737743,0.096 0.096 0.096 0.096
4296,9.254811599803919,0.096 0.096 0.10566 0.10566 0.096 0.096 0.096 0.096
4297,0.9506401313901911,0.139 0.139
4298,1.1410596327901814,2.0 2.0
4299,1.5906387344764967,2.0 2.0
4300,2.1404524486747283,0.139 0.139 0.096 0.096
4301,2.2213077479131753,0.139 0.139 0.134 0.134
4302,3.054423060703704,0.096 0.096 0.096 0.096
4303,4.2470363416530965,0.10566 0.10566 0.134 0.134 0.096 0.096
4304,4.4226586909057986,0.10566 0.10566 0.096 0.096
4305,6.540332482412147,0.134 0.134 2.0 2.0 0.096 0.096
4306,7.712793164539303,2.0 2.0 0.134 0.134 0.10566 0.10566 2.0 2.0
4307,8.043603507737743,2.0 2.0 0.134 0.134 0.096 0.096
4308,9.254811599803919,0.096 0.096 0.096 0.096 0.10566 0.10566
4309,0.9506401313901911,0.139 0.139
4310,1.1410596327901814,0.139 0.139
4311,1.5906387344764967,0.10566 0.10566
4312,2.1404524486747283,0.096 0.096 0.134 0.134
4313,2.2213077479131753,0.134 0.134 0.139 0.139
4314,3.054423060703704,0.096 0.096 0.096 0.096
4315,4.2470363416530965,0.134 0.134 2.0 2.0
4316,4.4226586909057986,0.10566 0.10566 0.134 0.134 0.134 0.134
4317,6.540332482412147,0.096 0.096 2.0 2.0
4318,7.712793164539303,0.134 0.134 2.0 2.0 0.096 0.096 0.134 0.134
4319,8.043603507737743,2.0 2.0 0.10566 0.10566 0.139 0.139 0.134 0.134
4320,9.254811599803919,0.10566 0.10566 0.096 0.096
4321,0.9506401313901911,0.139 0.139
4322,1.1410596327901814,0.096 0.096
4323,1.5906387344764967,0.096 0.096
4324,2.1404524486747283,0.134 0.134 2.0 2.0
4325,2.2213077479131753,0.134 0.134 0.134 0.134
4326,3.054423060703704,2.0 2.0 0.139 0.139
4327,4.2470363416530965,0.096 0.096 2.0 2.0 0.134 0.134
4328,4.4226586909057986,0.096 0.096 0.134 0.134 0.134 0.134
4329,6.540332482412147,0.134 0.134 0.096 0.096 0.096 0.096 0.096 0.096
4330,7.712793164539303,0.134 0.134 0.134 0.134 0.134 0.134
4331,8.043603507737743,0.139 0.139 0.139 0.139 2.0 2.0
4332,9.254811599803919,0.134 0.134 2.0 2.0 0.139 0.139 0.096 0.096 0.134 0.134
4333,0.9506401313901911,0.134 0.134
4334,1.1410596327901814,0.134 0.134
4335,1.5906387344764967,2.0 2.0
4336,2.1404524486747283,0.139 0.139 0.10566 0.10566
4337,2.2213077479131753,0.096 0.096 0.134 0.134
4338,3.054423060703704,0.096 0.096 0.139 0.139
4339,4.2470363416530965,0.10566 0.10566 0.10566 0.10566
4340,4.4226586909057986,2.0 2.0 2.0 2.0
4341,6.540332482412147,2.0 2.0 0.096 0.096
4342,7.712793164539303,0.134 0.134 0.096 0.096 0.096 0.096 2.0 2.0
4343,8.043603507737743,0.134 0.134 0.134 0.134 0.096 0.096
4344,9.254811599803919,2.0 2.0 0.10566 0.10566
4345,0.9506401313901911,0.134 0.134
4346,1.1410596327901814,2.0 2.0
4347,1.5906387344764967,2.0 2.0
4348,2.1404524486747283,0.139 0.139 0.139 0.139
4349,2.2213077479131753,0.134 0.134 0.134 0.134
4350,3.054423060703704,2.0 2.0 0.134 0.134
4351,4.2470363416530965,2.0 2.0 2.0 2.0
4352,4.4226586909057986,0.10566 0.10566 2.0 2.0
4353,6.540332482412147,2.0 2.0 0.10566 0.10566 0.134 0.134
4354,7.712793164539303,0.134 0.134 0.096 0.096 0.134 0.134 0.134 0.134
4355,8.043603507737743,0.139 0.139 0.096 0.096 0.134 0.134 2.0 2.0
4356,9.254811599803919,2.0 2.0 0.096 0.096 0.139 0.139 2.0 2.0
4357,0.9506401313901911,0.134 0.134
4358,1.1410596327901814,0.10566 0.10566
4359,1.5906387344764967,0.096 0.096
4360,2.1404524486747283,0.096 0.096 0.134 0.134
4361,2.2213077479131753,0.10566 0.10566 0.134 0.134
4362,3.054423060703704,0.134 0.134 0.139 0.139
4363,4.2470363416530965,0.134 0.134 0.096 0.096 2.0 2.0
4364,4.4226586909057986,0.134 0.134 0.096 0.096
4365,6.540332482412147,0.096 0.096 0.139 0.139
4366,7.712793164539303,2.0 2.0 0.10566 0.10566 0.096 0.096
4367,8.043603507737743,2.0 2.0 0.134 0.134 0.096 0.096
4368,9.254811599803919,0.096 0.096 0.134 0.134 2.0 2.0
4369,0.9506401313901911,0.139 0.139
4370,1.1410596327901814,2.0 2.0
4371,1.5906387344764967,0.10566 0.10566
4372,2.1404524486747283,0.134 0.134 0.096 0.096
4373,2.2213077479131753,0.134 0.134 0.096 0.096
4374,3.054423060703704,2.0 2.0 0.10566 0.10566
4375,4.2470363416530965,2.0 2.0 0.096 0.096
4376,4.4226586909057986,0.10566 0.10566 0.10566 0.10566 0.139 0.139
4377,6.540332482412147,0.096 0.096 0.134 0.134
4378,7.712793164539303,0.10566 0.10566 0.096 0.096 0.134 0.134
4379,8.043603507737743,0.134 0.134 0.139 0.139 2.0 2.0
4380,9.254811599803919,0.10566 0.10566 0.096 0.096 2.0 2.0 0.134 0.134
4381,0.9506401313901911,0.134 0.134
4382,1.1410596327901814,0.096 0.096
4383,1.5906387344764967,2.0 2.0
4384,2.1404524486747283,0.134 0.134 0.096 0.096
4385,2.2213077479131753,0.134 0.134 0.10566 0.10566
4386,3.054423060703704,0.096 0.096 0.096 0.096
4387,4.2470363416530965,0.134 0.134 0.096 0.096
4388,4.4226586909057986,0.134 0.134 0.134 0.134
4389,6.540332482412147,2.0 2.0 2.0 2.0 0.134 0.134
4390,7.712793164539303,0.134 0.134 0.139 0.139 2.0 2.0
4391,8.043603507737743,2.0 2.0 0.134 0.134 0.10566 0.10566
4392,9.254811599803919,0.096 0.096 0.134 0.134 2.0 2.0
4393,0.9506401313901911,2.0 2.0
4394,1.1410596327901814,0.096 0.096
4395,1.5906387344764967,2.0 2.0
4396,2.1404524486747283,0.134 0.134 0.139 0.139
4397,2.2213077479131753,0.139 0.139 2.0 2.0
4398,3.054423060703704,0.134 0.134 2.0 2.0
4399,4.2470363416530965,2.0 2.0 0.134 0.134 0.096 0.096
4400,4.4226586909057986,0.096 0.096 0.134 0.134 0.139 0.139
4401,6.540332482412147,2.0 2.0 0.134 0.134 0.134 0.134 0.10566 0.10566
4402,7.712793164539303,0.134 0.134 0.134 0.134 0.134 0.134
4403,8.043603507737743,2.0 2.0 2.0 2.0 2.0 2.0
4404,9.254811599803919,0.096 0.096 0.134 0.134 0.096 0.096 2.0 2.0
4405,0.9506401313901911,0.139 0.139
4406,1.1410596327901814,2.0 2.0
4407,1.5906387344764967,0.096 0.096
4408,2.1404524486747283,0.10566 0.10566 0.134 0.134
4409,2.2213077479131753,0.139 0.139 0.134 0.134
4410,3.054423060703704,0.096 0.096 0.10566 0.10566
4411,4.2470363416530965,2.0 2.0 0.134 0.134
4412,4.4226586909057986,2.0 2.0 0.10566 0.10566 0.134 0.134
4413,6.540332482412147,0.096 0.096 2.0 2.0 0.134 0.134
4414,7.712793164539303,0.10566 0.10566 0.096 0.096 0.139 0.139
4415,8.043603507737743,0.10566 0.10566 0.134 0.134 0.096 0.096
4416,9.254811599803919,0.096 0.096 0.134 0.134 0.096 0.096 0.139 0.139 0.139 0.139
4417,0.9506401313901911,0.134 0.134
4418,1.1410596327901814,0.096 0.096
4419,1.5906387344764967,0.096 0.096
4420,2.1404524486747283,0.139 0.139 0.139 0.139
4421,2.2213077479131753,0.139 0.139 0.096 0.096
4422,3.054423060703704,2.0 2.0 2.0 2.0
4423,4.2470363416530965,0.10566 0.10566 0.10566 0.10566
4424,4.4226586909057986,2.0 2.0 0.134 0.134
4425,6.540332482412147,0.10566 0.10566 2.0 2.0 0.134 0.134 0.096 0.096
4426,7.712793164539303,0.139 0.139 2.0 2.0
4427,8.043603507737743,2.0 2.0 0.139 0.139 0.10566 0.10566
4428,9.254811599803919,0.139 0.139 0.096 0.096 0.139 0.139
4429,0.9506401313901911,0.139 0.139
4430,1.1410596327901814,0.096 0.096
4431,1.5906387344764967,2.0 2.0
4432,2.1404524486747283,0.10566 0.10566 0.134 0.134
4433,2.2213077479131753,0.134 0.134 2.0 2.0
4434,3.054423060703704,0.134 0.134 0.10566 0.10566
4435,4.2470363416530965,0.096 0.096 0.10566 0.10566
4436,4.4226586909057986,0.134 0.134 0.134 0.134
4437,6.540332482412147,2.0 2.0 0.134 0.134
4438,7.712793164539303,2.0 2.0 0.134 0.134 0.134 0.134
4439,8.043603507737743,0.134 0.134 2.0 2.0 0.139 0.139 0.139 0.139
4440,9.254811599803919,0.096 0.096 0.139 0.139 0.134 0.134 0.134 0.134 0.096 0.096
4441,0.9506401313901911,0.134 0.134
4442,1.1410596327901814,0.10566 0.10566
4443,1.5906387344764967,2.0 2.0
4444,2.1404524486747283,2.0 2.0 0.139 0.139
4445,2.2213077479131753,0.134 0.134 0.096 0.096
4446,3.054423060703704,2.0 2.0 0.096 0.096
4447,4.2470363416530965,2.0 2.0 0.134 0.134
4448,4.4226586909057986,0.134 0.134 0.134 0.134 0.134 0.134
4449,6.540332482412147,0.096 0.096 0.134 0.134 2.0 2.0
4450,7.712793164539303,0.134 0.134 0.134 0.134 0.096 0.096
4451,8.043603507737743,2.0 2.0 0.134 0.134 0.139 0.139
4452,9.254811599803919,2.0 2.0 0.10566 0.10566 0.134 0.134 0.10566 0.10566 0.139 0.139
4453,0.9506401313901911,0.139 0.139
4454,1.1410596327901814,0.096 0.096
4455,1.5906387344764967,2.0 2.0
4456,2.1404524486747283,0.134 0.134 0.134 0.134
4457,2.2213077479131753,2.0 2.0 0.096 0.096
4458,3.054423060703704,0.096 0.096 0.134 0.134
4459,4.2470363416530965,0.096 0.096 2.0 2.0 0.134 0.134
4460,4.4226586909057986,0.096 0.096 2.0 2.0
4461,6.540332482412147,0.096 0.096 0.134 0.134 0.134 0.134
4462,7.712793164539303,0.134 0.134 0.096 0.096 0.134 0.134 0.134 0.134
4463,8.043603507737743,2.0 2.0 0.134 0.134 0.134 0.134 2.0 2.0
4464,9.254811599803919,0.139 0.139 0.139 0.139 0.134 0.134
4465,0.9506401313901911,0.139 0.139
4466,1.1410596327901814,0.134 0.134
4467,1.5906387344764967,0.096 0.096
4468,2.1404524486747283,0.134 0.134 0.139 0.139
4469,2.2213077479131753,0.10566 0.10566 0.10566 0.10566
4470,3.054423060703704,2.0 2.0 0.139 0.139
4471,4.2470363416530965,0.10566 0.10566 2.0 2.0 0.134 0.134
4472,4.4226586909057986,0.139 0.139 0.134 0.134 0.139 0.139
4473,6.540332482412147,0.096 0.096 0.134 0.134
4474,7.712793164539303,0.139 0.139 2.0 2.0 0.096 0.096 0.139 0.139 0.139 0.139
4475,8.043603507737743,0.096 0.096 0.134 0.134 0.134 0.134 2.0 2.0
4476,9.254811599803919,2.0 2.0 0.096 0.096
4477,0.9506401313901911,0.134 0.134
4478,1.1410596327901814,0.096 0.096
4479,1.5906387344764967,2.0 2.0
4480,2.1404524486747283,0.139 0.139 0.096 0.096
4481,2.2213077479131753,0.134 0.134 0.134 0.134
4482,3.054423060703704,2.0 2.0 0.139 0.139
4483,4.2470363416530965,0.139 0.139 0.134 0.134 0.134 0.134
4484,4.4226586909057986,2.0 2.0 0.134 0.134 0.096 0.096
4485,6.540332482412147,0.10566 0.10566 0.134 0.134
4486,7.712793164539303,0.096 0.096 2.0 2.0
4487,8.043603507737743,2.0 2.0 0.134 0.134 0.096 0.096
4488,9.254811599803919,0.134 0.134 0.139 0.139
4489,0.9506401313901911,0.139 0.139
4490,1.1410596327901814,0.096 0.096
4491,1.5906387344764967,0.10566 0.10566
4492,2.1404524486747283,0.139 0.139 0.139 0.139
4493,2.2213077479131753,2.0 2.0 0.134 0.134
4494,3.054423060703704,2.0 2.0 0.096 0.096
4495,4.2470363416530965,0.10566 0.10566 2.0 2.0 0.096 0.096
4496,4.4226586909057986,0.134 0.134 0.134 0.134 0.096 0.096
4497,6.540332482412147,0.096 0.096 0.096 0.096 0.139 0.139 0.134 0.134
4498,7.712793164539303,0.10566 0.10566 0.096 0.096 0.139 0.139
4499,8.043603507737743,2.0 2.0 0.134 0.134 0.139 0.139
4500,9.254811599803919,0.139 0.139 0.096 0.096 0.134 0.134 2.0 2.0
4501,0.9506401313901911,0.096 0.096
4502,1.1410596327901814,0.10566 0.10566
4503,1.5906387344764967,2.0 2.0
4504,2.1404524486747283,0.134 0.134 0.134 0.134
4505,2.2213077479131753,2.0 2.0 0.134 0.134
4506,3.054423060703704,0.096 0.096 0.134 0.134
4507,4.2470363416530965,0.139 0.139 0.134 0.134 2.0 2.0
4508,4.4226586909057986,2.0 2.0 0.134 0.134
4509,6.540332482412147,0.10566 0.10566 0.10566 0.10566
4510,7.712793164539303,0.096 0.096 0.134 0.134 0.139 0.139 0.134 0.134
4511,8.043603507737743,2.0 2.0 0.134 0.134 2.0 2.0 0.139 0.139 0.096 0.096
4512,9.254811599803919,0.134 0.134 2.0 2.0
4513,0.9506401313901911,0.134 0.134
4514,1.1410596327901814,0.096 0.096
4515,1.5906387344764967,2.0 2.0
4516,2.1404524486747283,0.139 0.139 0.134 0.134
4517,2.2213077479131753,0.139 0.139 2.0 2.0
4518,3.054423060703704,0.134 0.134 2.0 2.0
4519,4.2470363416530965,2.0 2.0 2.0 2.0
4520,4.4226586909057986,0.134 0.134 0.139 0.139 0.134 0.134
4521,6.540332482412147,0.096 0.096 2.0 2.0
4522,7.712793164539303,0.139 0.139 0.096 0.096 0.096 0.096 2.0 2.0
4523,8.043603507737743,0.134 0.134 0.096 0.096 0.134 0.134 0.139 0.139
4524,9.254811599803919,2.0 2.0 2.0 2.0 0.096 0.096
4525,0.9506401313901911,0.096 0.096
4526,1.1410596327901814,2.0 2.0
4527,1.5906387344764967,2.0 2.0
4528,2.1404524486747283,0.134 0.134 2.0 2.0
4529,2.2213077479131753,0.134 0.134 0.134 0.134
4530,3.054423060703704,0.134 0.134 2.0 2.0
4531,4.2470363416530965,0.10566 0.10566 0.139 0.139
4532,4.4226586909057986,0.134 0.134 0.134 0.134
4533,6.540332482412147,2.0 2.0 0.096 0.096 0.134 0.134
4534,7.712793164539303,2.0 2.0 0.096 0.096 2.0 2.0 0.134 0.134 0.134 0.134
4535,8.043603507737743,2.0 2.0 0.139 0.139 0.134 0.134
4536,9.254811599803919,0.096 0.096 0.134 0.134 2.0 2.0
4537,0.9506401313901911,0.134 0.134
4538,1.1410596327901814,0.139 0.139
4539,1.5906387344764967,2.0 2.0
4540,2.1404524486747283,0.134 0.134 0.134 0.134
4541,2.2213077479131753,0.139 0.139 0.134 0.134
4542,3.054423060703704,2.0 2.0 0.096 0.096
4543,4.2470363416530965,2.0 2.0 0.10566 0.10566
4544,4.4226586909057986,0.096 0.096 0.134 0.134 0.096 0.096
4545,6.540332482412147,0.096 0.096 0.139 0.139 0.139 0.139
4546,7.712793164539303,0.139 0.139 0.134 0.134 2.0 2.0 0.134 0.134
4547,8.043603507737743,0.134 0.134 0.139 0.139 2.0 2.0 0.134 0.134 0.134 0.134
4548,9.254811599803919,0.134 0.134 0.134 0.134 0.10566 0.10566
4549,0.9506401313901911,0.139 0.139
4550,1.1410596327901814,0.096 0.096
4551,1.5906387344764967,2.0 2.0
4552,2.1404524486747283,0.134 0.134 0.139 0.139
4553,2.2213077479131753,0.10566 0.10566 0.134 0.134
4554,3.054423060703704,0.134 0.134 0.139 0.139
4555,4.2470363416530965,2.0 2.0 0.096 0.096
4556,4.4226586909057986,2.0 2.0 0.134 0.134 0.134 0.134
4557,6.540332482412147,0.10566 0.10566 0.134 0.134 0.10566 0.10566
4558,7.712793164539303,0.096 0.096 0.139 0.139 0.134 0.134
4559,8.043603507737743,2.0 2.0 0.134 0.134 0.096 0.096
4560,9.254811599803919,2.0 2.0 0.134 0.134 0.134 0.134 0.096 0.096
4561,0.9506401313901911,0.134 0.134
4562,1.1410596327901814,2.0 2.0
4563,1.5906387344764967,0.096 0.096
4564,2.1404524486747283,2.0 2.0 0.134 0.134
4565,2.2213077479131753,0.139 0.139 0.10566 0.10566
4566,3.054423060703704,0.134 0.134 2.0 2.0
4567,4.2470363416530965,0.139 0.139 0.096 0.096 0.139 0.139
4568,4.4226586909057986,2.0 2.0 2.0 2.0 0.134 0.134
4569,6.540332482412147,0.134 0.134 0.134 0.134 0.134 0.134
4570,7.712793164539303,0.139 0.139 2.0 2.0
4571,8.043603507737743,0.10566 0.10566 0.139 0.139 0.10566 0.10566 0.139 0.139
4572,9.254811599803919,2.0 2.0 2.0 2.0
4573,0.9506401313901911,0.134 0.134
4574,1.1410596327901814,2.0 2.0
4575,1.5906387344764967,0.096 0.096
4576,2.1404524486747283,0.134 0.134 0.096 0.096
4577,2.2213077479131753,0.134 0.134 2.0 2.0
4578,3.054423060703704,0.134 0.134 0.134 0.134
4579,4.2470363416530965,0.134 0.134 0.096 0.096
4580,4.4226586909057986,2.0 2.0 2.0 2.0 0.139 0.139
4581,6.540332482412147,2.0 2.0 0.139 0.139 0.096 0.096 0.134 0.134
4582,7.712793164539303,0.134 0.134 0.096 0.096 0.134 0.134 2.0 2.0 0.134 0.134
4583,8.043603507737743,0.096 0.096 0.134 0.134
4584,9.254811599803919,0.10566 0.10566 0.134 0.134 0.134 0.134
4585,0.9506401313901911,2.0 2.0
4586,1.1410596327901814,0.096 0.096
4587,1.5906387344764967,0.096 0.096
4588,2.1404524486747283,2.0 2.0 0.139 0.139
4589,2.2213077479131753,0.096 0.096 0.134 0.134
4590,3.054423060703704,2.0 2.0 2.0 2.0
4591,4.2470363416530965,0.096 0.096 0.139 0.139
4592,4.4226586909057986,0.096 0.096 0.139 0.139 0.134 0.134
4593,6.540332482412147,0.096 0.096 0.096 0.096
4594,7.712793164539303,2.0 2.0 0.10566 0.10566 0.10566 0.10566
4595,8.043603507737743,0.134 0.134 0.134 0.134 0.096 0.096
4596,9.254811599803919,0.134 0.134 0.134 0.134 0.134 0.134 2.0 2.0 0.10566 0.10566
4597,0.9506401313901911,0.139 0.139
4598,1.1410596327901814,2.0 2.0
4599,1.5906387344764967,2.0 2.0
4600,2.1404524486747283,0.096 0.096 0.134 0.134
4601,2.2213077479131753,0.096 0.096 0.134 0.134
4602,3.054423060703704,0.096 0.096 0.134 0.134
4603,4.2470363416530965,2.0 2.0 0.139 0.139
4604,4.4226586909057986,2.0 2.0 0.134 0.134
4605,6.540332482412147,0.096 0.096 0.134 0.134 2.0 2.0
4606,7.712793164539303,2.0 2.0 0.134 0.134 0.134 0.134
4607,8.043603507737743,0.134 0.134 2.0 2.0 0.096 0.096
4608,9.254811599803919,0.139 0.139 0.134 0.134
4609,0.9506401313901911,0.134 0.134
4610,1.1410596327901814,0.096 0.096
4611,1.5906387344764967,2.0 2.0
4612,2.1404524486747283,2.0 2.0 0.139 0.139
4613,2.2213077479131753,0.134 0.134 0.134 0.134
4614,3.054423060703704,0.134 0.134 2.0 2.0
4615,4.2470363416530965,0.096 0.096 0.096 0.096
4616,4.4226586909057986,0.134 0.134 2.0 2.0 0.139 0.139
4617,6.540332482412147,2.0 2.0 0.096 0.096
4618,7.712793164539303,2.0 2.0 0.134 0.134
4619,8.043603507737743,0.134 0.134 0.134 0.134 2.0 2.0 0.139 0.139
4620,9.254811599803919,0.139 0.139 0.139 0.139 0.096 0.096 0.134 0.134
4621,0.9506401313901911,0.139 0.139
4622,1.1410596327901814,0.096 0.096
4623,1.5906387344764967,0.096 0.096
4624,2.1404524486747283,0.134 0.134 0.096 0.096
4625,2.2213077479131753,0.139 0.139 0.134 0.134
4626,3.054423060703704,2.0 2.0 0.139 0.139
4627,4.2470363416530965,0.10566 0.10566 0.134 0.134 2.0 2.0
4628,4.4226586909057986,0.096 0.096 2.0 2.0 0.139 0.139
4629,6.540332482412147,0.10566 0.10566 0.096 0.096 0.134 0.134
4630,7.712793164539303,0.096 0.096 0.139 0.139 0.134 0.134
4631,8.043603507737743,0.139 0.139 2.0 2.0 0.134 0.134
4632,9.254811599803919,0.134 0.134 0.134 0.134 0.134 0.134 0.134 0.134 0.096 0.096 0.134 0.134
4633,0.9506401313901911,0.134 0.134
4634,1.1410596327901814,0.096 0.096
4635,1.5906387344764967,2.0 2.0
4636,2.1404524486747283,0.096 0.096 0.139 0.139
4637,2.2213077479131753,2.0 2.0 0.134 0.134
4638,3.054423060703704,0.134 0.134 0.096 0.096
4639,4.2470363416530965,0.134 0.134 0.134 0.134 2.0 2.0
4640,4.4226586909057986,0.139 0.139 0.096 0.096
4641,6.540332482412147,2.0 2.0 2.0 2.0 0.10566 0.10566
4642,7.712793164539303,0.134 0.134 0.134 0.134 0.096 0.096 0.134 0.134
4643,8.043603507737743,0.096 0.096 0.134 0.134 0.134 0.134 0.134 0.134
4644,9.254811599803919,0.10566 0.10566 2.0 2.0
4645,0.9506401313901911,0.134 0.134
4646,1.1410596327901814,0.096 0.096
4647,1.5906387344764967,2.0 2.0
4648,2.1404524486747283,0.139 0.139 2.0 2.0
4649,2.2213077479131753,0.139 0.139 0.096 0.096
4650,3.054423060703704,0.134 0.134 0.10566 0.10566
4651,4.2470363416530965,0.096 0.096 0.10566 0.10566
4652,4.4226586909057986,2.0 2.0 0.096 0.096
4653,6.540332482412147,0.10566 0.10566 2.0 2.0
4654,7.712793164539303,2.0 2.0 0.134 0.134 0.134 0.134
4655,8.043603507737743,0.139 0.139 2.0 2.0 0.096 0.096 0.139 0.139
4656,9.254811599803919,0.096 0.096 0.096 0.096 0.134 0.134
4657,0.9506401313901911,0.134 0.134
4658,1.1410596327901814,2.0 2.0
4659,1.5906387344764967,2.0 2.0
4660,2.1404524486747283,0.139 0.139 2.0 2.0
4661,2.2213077479131753,0.10566 0.10566 2.0 2.0
4662,3.054423060703704,0.10566 0.10566 0.134 0.134
4663,4.2470363416530965,0.134 0.134 0.134 0.134
4664,4.4226586909057986,0.096 0.096 2.0 2.0
4665,6.540332482412147,0.096 0.096 0.096 0.096 0.096 0.096
4666,7.712793164539303,0.139 0.139 0.10566 0.10566
4667,8.043603507737743,2.0 2.0 2.0 2.0 0.10566 0.10566
4668,9.254811599803919,0.134 0.134 2.0 2.0 0.134 0.134
4669,0.9506401313901911,0.139 0.139
4670,1.1410596327901814,0.096 0.096
4671,1.5906387344764967,0.096 0.096
4672,2.1404524486747283,0.134 0.134 0.134 0.134
4673,2.2213077479131753,0.134 0.134 0.134 0.134
4674,3.054423060703704,2.0 2.0 0.096 0.096
4675,4.2470363416530965,2.0 2.0 2.0 2.0 0.134 0.134
4676,4.4226586909057986,2.0 2.0 0.139 0.139
4677,6.540332482412147,0.10566 0.10566 0.096 0.096 2.0 2.0
4678,7.712793164539303,0.096 0.096 0.139 0.139 0.096 0.096
4679,8.043603507737743,2.0 2.0 0.139 0.139 0.134 0.134 2.0 2.0
4680,9.254811599803919,0.096 0.096 0.134 0.134 0.139 0.139 2.0 2.0
4681,0.9506401313901911,0.139 0.139
4682,1.1410596327901814,0.139 0.139
4683,1.5906387344764967,2.0 2.0
4684,2.1404524486747283,2.0 2.0 0.134 0.134
4685,2.2213077479131753,0.134 0.134 0.096 0.096
4686,3.054423060703704,2.0 2.0 0.096 0.096
4687,4.2470363416530965,0.096 0.096 0.134 0.134
4688,4.4226586909057986,0.139 0.139 0.096 0.096 2.0 2.0
4689,6.540332482412147,0.134 0.134 2.0 2.0 0.134 0.134
4690,7.712793164539303,0.134 0.134 2.0 2.0 0.134 0.134
4691,8.043603507737743,0.134 0.134 0.134 0.134 2.0 2.0 0.096 0.096 0.134 0.134
4692,9.254811599803919,0.096 0.096 0.139 0.139 0.10566 0.10566
4693,0.9506401313901911,0.10566 0.10566
4694,1.1410596327901814,2.0 2.0
4695,1.5906387344764967,0.134 0.134
4696,2.1404524486747283,0.096 0.096 0.134 0.134
4697,2.2213077479131753,0.139 0.139 0.096 0.096
4698,3.054423060703704,0.134 0.134 0.10566 0.10566
4699,4.2470363416530965,2.0 2.0 0.139 0.139 0.139 0.139
4700,4.4226586909057986,0.134 0.134 0.139 0.139
4701,6.540332482412147,2.0 2.0 0.134 0.134 0.096 0.096
4702,7.712793164539303,0.10566 0.10566 0.139 0.139 0.139 0.139
4703,8.043603507737743,2.0 2.0 0.096 0.096 0.134 0.134 0.134 0.134
4704,9.254811599803919,0.096 0.096 2.0 2.0 0.139 0.139
4705,0.9506401313901911,0.134 0.134
4706,1.1410596327901814,0.096 0.096
4707,1.5906387344764967,2.0 2.0
4708,2.1404524486747283,0.139 0.139 0.134 0.134
4709,2.2213077479131753,0.134 0.134 0.134 0.134
4710,3.054423060703704,0.134 0.134 2.0 2.0
4711,4.2470363416530965,2.0 2.0 0.134 0.134 0.134 0.134
4712,4.4226586909057986,0.134 0.134 0.10566 0.10566
4713,6.540332482412147,0.096 0.096 0.134 0.134 0.134 0.134
4714,7.712793164539303,2.0 2.0 2.0 2.0 2.0 2.0
4715,8.043603507737743,0.10566 0.10566 0.134 0.134 0.096 0.096 0.134 0.134
4716,9.254811599803919,0.096 0.096 0.134 0.134 0.096 0.096
4717,0.9506401313901911,0.134 0.134
4718,1.1410596327901814,0.096 0.096
4719,1.5906387344764967,2.0 2.0
4720,2.1404524486747283,0.134 0.134 0.134 0.134
4721,2.2213077479131753,2.0 2.0 0.134 0.134
4722,3.054423060703704,0.134 0.134 0.134 0.134
4723,4.2470363416530965,2.0 2.0 0.134 0.134 0.134 0.134
4724,4.4226586909057986,0.096 0.096 0.139 0.139 0.134 0.134
4725,6.540332482412147,0.139 0.139 2.0 2.0 0.134 0.134 0.134 0.134
4726,7.712793164539303,0.096 0.096 0.134 0.134 2.0 2.0 0.134 0.134
4727,8.043603507737743,0.134 0.134 0.134 0.134
4728,9.254811599803919,0.134 0.134 0.139 0.139
4729,0.9506401313901911,0.139 0.139
4730,1.1410596327901814,0.096 0.096
4731,1.5906387344764967,2.0 2.0
4732,2.1404524486747283,0.139 0.139 2.0 2.0
4733,2.2213077479131753,0.134 0.134 0.096 0.096
4734,3.054423060703704,2.0 2.0 0.139 0.139
4735,4.2470363416530965,0.134 0.134 0.096 0.096 2.0 2.0
4736,4.4226586909057986,0.10566 0.10566 0.139 0.139
4737,6.540332482412147,0.139 0.139 0.134 0.134 2.0 2.0 2.0 2.0 0.139 0.139
4738,7.712793164539303,0.134 0.134 2.0 2.0 0.096 0.096
4739,8.043603507737743,2.0 2.0 0.134 0.134 0.134 0.134 0.134 0.134
4740,9.254811599803919,0.134 0.134 0.139 0.139 0.096 0.096
4741,0.9506401313901911,0.139 0.139
4742,1.1410596327901814,0.10566 0.10566
4743,1.5906387344764967,0.096 0.096
4744,2.1404524486747283,0.096 0.096 0.134 0.134
4745,2.2213077479131753,2.0 2.0 2.0 2.0
4746,3.054423060703704,0.134 0.134 0.096 0.096
4747,4.2470363416530965,0.134 0.134 2.0 2.0
4748,4.4226586909057986,0.096 0.096 0.134 0.134 0.134 0.134
4749,6.540332482412147,0.134 0.134 0.139 0.139 2.0 2.0
4750,7.712793164539303,0.096 0.096 0.134 0.134
4751,8.043603507737743,2.0 2.0 0.134 0.134 0.134 0.134
4752,9.254811599803919,0.139 0.139 0.134 0.134 2.0 2.0 2.0 2.0
4753,0.9506401313901911,0.139 0.139
4754,1.1410596327901814,2.0 2.0
4755,1.5906387344764967,2.0 2.0
4756,2.1404524486747283,0.139 0.139 0.134 0.134
4757,2.2213077479131753,2.0 2.0 0.139 0.139
4758,3.054423060703704,0.096 0.096 2.0 2.0
4759,4.2470363416530965,0.10566 0.10566 0.139 0.139 0.134 0.134
4760,4.4226586909057986,0.096 0.096 0.096 0.096 0.134 0.134
4761,6.540332482412147,0.096 0.096 0.096 0.096
4762,7.712793164539303,0.096 0.096 0.139 0.139 0.096 0.096
4763,8.043603507737743,0.139 0.139 0.10566 0.10566 0.134 0.134 0.096 0.096 2.0 2.0
4764,9.254811599803919,0.096 0.096 0.096 0.096 0.139 0.139
4765,0.9506401313901911,0.134 0.134
4766,1.1410596327901814,0.096 0.096
4767,1.5906387344764967,0.096 0.096
4768,2.1404524486747283,0.134 0.134 0.10566 0.10566
4769,2.2213077479131753,0.139 0.139 0.096 0.096
4770,3.054423060703704,0.096 0.096 2.0 2.0
4771,4.2470363416530965,2.0 2.0 0.096 0.096
4772,4.4226586909057986,2.0 2.0 2.0 2.0
4773,6.540332482412147,0.096 0.096 0.134 0.134 0.096 0.096
4774,7.712793164539303,0.134 0.134 0.139 0.139 0.096 0.096
4775,8.043603507737743,0.096 0.096 0.134 0.134
4776,9.254811599803919,0.096 0.096 0.134 0.134 0.096 0.096 0.134 0.134
4777,0.9506401313901911,0.134 0.134
4778,1.1410596327901814,0.096 0.096
4779,1.5906387344764967,2.0 2.0
4780,2.1404524486747283,0.134 0.134 0.139 0.139
4781,2.2213077479131753,0.134 0.134 0.134 0.134
4782,3.054423060703704,2.0 2.0 2.0 2.0
4783,4.2470363416530965,0.10566 0.10566 0.134 0.134
4784,4.4226586909057986,0.134 0.134 2.0 2.0
4785,6.540332482412147,0.096 0.096 0.096 0.096
4786,7.712793164539303,2.0 2.0 0.096 0.096 0.134 0.134 2.0 2.0
4787,8.043603507737743,0.096 0.096 2.0 2.0 0.134 0.134 0.134 0.134
4788,9.254811599803919,0.10566 0.10566 0.139 0.139 0.096 0.096
4789,0.9506401313901911,0.134 0.134
4790,1.1410596327901814,0.096 0.096
4791,1.5906387344764967,0.096 0.096
4792,2.1404524486747283,0.134 0.134 0.134 0.134
4793,2.2213077479131753,0.139 0.139 2.0 2.0
4794,3.054423060703704,2.0 2.0 0.134 0.134
4795,4.2470363416530965,0.10566 0.10566 0.134 0.134
4796,4.4226586909057986,0.139 0.139 2.0 2.0
4797,6.540332482412147,2.0 2.0 0.134 0.134 0.134 0.134
4798,7.712793164539303,0.10566 0.10566 0.139 0.139 2.0 2.0 0.096 0.096
4799,8.043603507737743,0.134 0.134 0.139 0.139 0.096 0.096 0.10566 0.10566
4800,9.254811599803919,2.0 2.0 0.134 0.134 0.10566 0.10566
4801,0.9506401313901911,0.134 0.134
4802,1.1410596327901814,2.0 2.0
4803,1.5906387344764967,2.0 2.0
4804,2.1404524486747283,0.134 0.134 0.096 0.096
4805,2.2213077479131753,0.134 0.134 0.10566 0.10566
4806,3.054423060703704,2.0 2.0 2.0 2.0
4807,4.2470363416530965,0.134 0.134 0.134 0.134 0.096 0.096
4808,4.4226586909057986,2.0 2.0 0.096 0.096 0.139 0.139
4809,6.540332482412147,0.139 0.139 0.134 0.134 0.096 0.096
4810,7.712793164539303,2.0 2.0 0.10566 0.10566 0.096 0.096 0.139 0.139 0.139 0.139
4811,8.043603507737743,2.0 2.0 0.134 0.134 0.134 0.134 0.139 0.139
4812,9.254811599803919,0.134 0.134 2.0 2.0 0.134 0.134 0.139 0.139
4813,0.9506401313901911,0.134 0.134
4814,1.1410596327901814,2.0 2.0
4815,1.5906387344764967,2.0 2.0
4816,2.1404524486747283,0.134 0.134 0.134 0.134
4817,2.2213077479131753,0.134 0.134 0.139 0.139
4818,3.054423060703704,2.0 2.0 0.134 0.134
4819,4.2470363416530965,2.0 2.0 0.134 0.134 0.134 0.134
4820,4.4226586909057986,2.0 2.0 0.10566 0.10566
4821,6.540332482412147,0.096 0.096 0.134 0.134 2.0 2.0 2.0 2.0
4822,7.712793164539303,0.096 0.096 2.0 2.0 0.096 0.096
4823,8.043603507737743,0.096 0.096 0.134 0.134 0.134 0.134
4824,9.254811599803919,0.134 0.134 0.096 0.096
4825,0.9506401313901911,0.139 0.139
4826,1.1410596327901814,0.10566 0.10566
4827,1.5906387344764967,2.0 2.0
4828,2.1404524486747283,0.139 0.139 0.134 0.134
4829,2.2213077479131753,2.0 2.0 0.134 0.134
4830,3.054423060703704,0.134 0.134 2.0 2.0
4831,4.2470363416530965,0.134 0.134 2.0 2.0
4832,4.4226586909057986,0.096 0.096 0.134 0.134 0.096 0.096
4833,6.540332482412147,0.139 0.139 0.139 0.139 0.096 0.096 2.0 2.0 0.134 0.134
4834,7.712793164539303,0.134 0.134 0.134 0.134 0.134 0.134
4835,8.043603507737743,2.0 2.0 0.096 0.096 0.10566 0.10566
4836,9.254811599803919,0.10566 0.10566 0.139 0.139 0.134 0.134
4837,0.9506401313901911,0.134 0.134
4838,1.1410596327901814,2.0 2.0
4839,1.5906387344764967,2.0 2.0
4840,2.1404524486747283,0.134 0.134 0.139 0.139
4841,2.2213077479131753,0.134 0.134 0.139 0.139
4842,3.054423060703704,2.0 2.0 2.0 2.0
4843,4.2470363416530965,0.096 0.096 2.0 2.0
4844,4.4226586909057986,0.134 0.134 2.0 2.0
4845,6.540332482412147,0.134 0.134 0.139 0.139 0.134 0.134 2.0 2.0
4846,7.712793164539303,0.134 0.134 0.139 0.139 0.139 0.139 0.134 0.134
4847,8.043603507737743,0.134 0.134 0.134 0.134 2.0 2.0 2.0 2.0
4848,9.254811599803919,0.139 0.139 0.134 0.134
4849,0.9506401313901911,0.139 0.139
4850,1.1410596327901814,0.096 0.096
4851,1.5906387344764967,0.096 0.096
4852,2.1404524486747283,0.096 0.096 0.10566 0.10566
4853,2.2213077479131753,0.10566 0.10566 0.134 0.134
4854,3.054423060703704,0.139 0.139 0.096 0.096
4855,4.2470363416530965,0.134 0.134 2.0 2.0
4856,4.4226586909057986,2.0 2.0 2.0 2.0 0.134 0.134
4857,6.540332482412147,2.0 2.0 0.134 0.134
4858,7.712793164539303,0.139 0.139 0.139 0.139 2.0 2.0 2.0 2.0
4859,8.043603507737743,0.096 0.096 2.0 2.0
4860,9.254811599803919,2.0 2.0 0.096 0.096
4861,0.9506401313901911,0.134 0.134
4862,1.1410596327901814,2.0 2.0
4863,1.5906387344764967,2.0 2.0
4864,2.1404524486747283,0.134 0.134 2.0 2.0
4865,2.2213077479131753,0.139 0.139 0.096 0.096
4866,3.054423060703704,0.134 0.134 0.096 0.096
4867,4.2470363416530965,2.0 2.0 0.134 0.134 0.134 0.134
4868,4.4226586909057986,0.134 0.134 0.096 0.096
4869,6.540332482412147,0.139 0.139 2.0 2.0
4870,7.712793164539303,0.10566 0.10566 0.139 0.139 0.096 0.096
4871,8.043603507737743,2.0 2.0 0.139 0.139 0.139 0.139
4872,9.254811599803919,2.0 2.0 2.0 2.0 2.0 2.0
4873,0.9506401313901911,0.134 0.134
4874,1.1410596327901814,0.096 0.096
4875,1.5906387344764967,2.0 2.0
4876,2.1404524486747283,0.134 0.134 0.134 0.134
4877,2.2213077479131753,0.139 0.139 0.134 0.134
4878,3.054423060703704,0.096 0.096 2.0 2.0
4879,4.2470363416530965,2.0 2.0 0.10566 0.10566 0.139 0.139
4880,4.4226586909057986,0.096 0.096 2.0 2.0
4881,6.540332482412147,0.139 0.139 0.134 0.134 0.134 0.134
4882,7.712793164539303,2.0 2.0 0.134 0.134 0.134 0.134
4883,8.043603507737743,0.139 0.139 0.134 0.134 0.134 0.134
4884,9.254811599803919,2.0 2.0 2.0 2.0 0.096 0.096
4885,0.9506401313901911,0.134 0.134
4886,1.1410596327901814,2.0 2.0
4887,1.5906387344764967,2.0 2.0
4888,2.1404524486747283,2.0 2.0 0.139 0.139
4889,2.2213077479131753,0.139 0.139 0.134 0.134
4890,3.054423060703704,0.10566 0.10566 0.139 0.139
4891,4.2470363416530965,0.096 0.096 2.0 2.0
4892,4.4226586909057986,0.096 0.096 0.096 0.096 0.134 0.134
4893,6.540332482412147,0.096 0.096 0.096 0.096 0.10566 0.10566 0.139 0.139
4894,7.712793164539303,0.139 0.139 0.139 0.139 0.134 0.134
4895,8.043603507737743,0.134 0.134 0.139 0.139
4896,9.254811599803919,0.134 0.134 0.139 0.139 0.096 0.096
4897,0.9506401313901911,0.134 0.134
4898,1.1410596327901814,0.096 0.096
4899,1.5906387344764967,2.0 2.0
4900,2.1404524486747283,0.139 0.139 0.096 0.096
4901,2.2213077479131753,2.0 2.0 2.0 2.0
4902,3.054423060703704,0.139 0.139 0.10566 0.10566
4903,4.2470363416530965,0.139 0.139 0.139 0.139
4904,4.4226586909057986,0.10566 0.10566 0.096 0.096 0.134 0.134
4905,6.540332482412147,0.134 0.134 2.0 2.0 0.10566 0.10566 0.134 0.134
4906,7.712793164539303,2.0 2.0 0.139 0.139
4907,8.043603507737743,0.096 0.096 0.134 0.134 0.134 0.134 0.10566 0.10566
4908,9.254811599803919,0.134 0.134 2.0 2.0 2.0 2.0 0.134 0.134 2.0 2.0
4909,0.9506401313901911,0.134 0.134
4910,1.1410596327901814,2.0 2.0
4911,1.5906387344764967,0.134 0.134
4912,2.1404524486747283,0.10566 0.10566 0.134 0.134
4913,2.2213077479131753,2.0 2.0 0.134 0.134
4914,3.054423060703704,2.0 2.0 0.134 0.134
4915,4.2470363416530965,0.096 0.096 0.134 0.134 2.0 2.0
4916,4.4226586909057986,0.096 0.096 0.134 0.134
4917,6.540332482412147,0.096 0.096 0.096 0.096 2.0 2.0
4918,7.712793164539303,0.139 0.139 2.0 2.0 0.10566 0.10566 0.134 0.134 2.0 2.0
4919,8.043603507737743,0.096 0.096 0.139 0.139 0.096 0.096 0.134 0.134
4920,9.254811599803919,0.134 0.134 0.134 0.134 0.139 0.139
4921,0.9506401313901911,0.134 0.134
4922,1.1410596327901814,2.0 2.0
4923,1.5906387344764967,0.096 0.096
4924,2.1404524486747283,0.134 0.134 0.10566 0.10566
4925,2.2213077479131753,2.0 2.0 0.139 0.139
4926,3.054423060703704,0.134 0.134 2.0 2.0
4927,4.2470363416530965,2.0 2.0 0.134 0.134 0.096 0.096
4928,4.4226586909057986,0.139 0.139 2.0 2.0
4929,6.540332482412147,2.0 2.0 0.139 0.139 2.0 2.0
4930,7.712793164539303,2.0 2.0 0.134 0.134 2.0 2.0
4931,8.043603507737743,0.10566 0.10566 2.0 2.0 0.134 0.134 0.134 0.134
4932,9.254811599803919,0.134 0.134 2.0 2.0
4933,0.9506401313901911,0.139 0.139
4934,1.1410596327901814,0.096 0.096
4935,1.5906387344764967,2.0 2.0
4936,2.1404524486747283,0.096 0.096 0.134 0.134
4937,2.2213077479131753,0.096 0.096 0.134 0.134
4938,3.054423060703704,0.134 0.134 0.096 0.096
4939,4.2470363416530965,2.0 2.0 2.0 2.0 2.0 2.0
4940,4.4226586909057986,2.0 2.0 0.134 0.134 0.096 0.096
4941,6.540332482412147,0.10566 0.10566 0.134 0.134 0.096 0.096
4942,7.712793164539303,0.134 0.134 0.139 0.139 0.096 0.096
4943,8.043603507737743,2.0 2.0 2.0 2.0 0.134 0.134 2.0 2.0
4944,9.254811599803919,0.134 0.134 2.0 2.0
4945,0.9506401313901911,0.139 0.139
4946,1.1410596327901814,0.10566 0.10566
4947,1.5906387344764967,2.0 2.0
4948,2.1404524486747283,0.096 0.096 0.134 0.134
4949,2.2213077479131753,0.134 0.134 2.0 2.0
4950,3.054423060703704,2.0 2.0 2.0 2.0
4951,4.2470363416530965,0.096 0.096 0.134 0.134
4952,4.4226586909057986,0.096 0.096 0.134 0.134 0.134 0.134
4953,6.540332482412147,0.139 0.139 2.0 2.0
4954,7.712793164539303,0.134 0.134 0.139 0.139 0.134 0.134
4955,8.043603507737743,2.0 2.0 0.134 0.134 0.139 0.139
4956,9.254811599803919,2.0 2.0 2.0 2.0 0.134 0.134 0.096 0.096
4957,0.9506401313901911,0.134 0.134
4958,1.1410596327901814,0.10566 0.10566
4959,1.5906387344764967,2.0 2.0
4960,2.1404524486747283,0.134 0.134 0.134 0.134
4961,2.2213077479131753,0.134 0.134 0.096 0.096
4962,3.054423060703704,0.096 0.096 0.139 0.139
4963,4.2470363416530965,0.096 0.096 2.0 2.0 0.134 0.134
4964,4.4226586909057986,2.0 2.0 2.0 2.0
4965,6.540332482412147,0.10566 0.10566 2.0 2.0 0.134 0.134
4966,7.712793164539303,0.139 0.139 0.139 0.139
4967,8.043603507737743,0.134 0.134 0.096 0.096
4968,9.254811599803919,0.139 0.139 2.0 2.0 2.0 2.0
4969,0.9506401313901911,0.134 0.134
4970,1.1410596327901814,2.0 2.0
4971,1.5906387344764967,2.0 2.0
4972,2.1404524486747283,0.096 0.096 0.096 0.096
4973,2.2213077479131753,0.139 0.139 2.0 2.0
4974,3.054423060703704,2.0 2.0 0.10566 0.10566
4975,4.2470363416530965,0.134 0.134 0.134 0.134 0.096 0.096
4976,4.4226586909057986,0.10566 0.10566 0.139 0.139 2.0 2.0
4977,6.540332482412147,2.0 2.0 0.134 0.134 2.0 2.0
4978,7.712793164539303,2.0 2.0 0.139 0.139 0.134 0.134
4979,8.043603507737743,2.0 2.0 0.096 0.096 0.096 0.096
4980,9.254811599803919,0.134 0.134 2.0 2.0 2.0 2.0
4981,0.9506401313901911,0.096 0.096
4982,1.1410596327901814,0.10566 0.10566
4983,1.5906387344764967,2.0 2.0
4984,2.1404524486747283,0.134 0.134 0.134 0.134
4985,2.2213077479131753,0.134 0.134 0.096 0.096
4986,3.054423060703704,2.0 2.0 0.096 0.096
4987,4.2470363416530965,0.139 0.139 0.096 0.096 0.139 0.139
4988,4.4226586909057986,0.134 0.134 0.10566 0.10566
4989,6.540332482412147,0.134 0.134 0.134 0.134 0.096 0.096
4990,7.712793164539303,2.0 2.0 0.139 0.139 0.139 0.139
4991,8.043603507737743,0.134 0.134 0.134 0.134 0.096 0.096
4992,9.254811599803919,0.096 0.096 0.096 0.096 0.096 0.096 0.139 0.139
4993,0.9506401313901911,0.139 0.139
4994,1.1410596327901814,0.096 0.096
4995,1.5906387344764967,2.0 2.0
4996,2.1404524486747283,2.0 2.0 0.096 0.096
4997,2.2213077479131753,0.134 0.134 0.096 0.096
4998,3.054423060703704,0.096 0.096 2.0 2.0
4999,4.2470363416530965,2.0 2.0 0.134 0.134 0.134 0.134
5000,4.4226586909057986,0.134 0.134 0.10566 0.10566 0.10566 0.10566
5001,6.540332482412147,2.0 2.0 0.096 0.096 0.134 0.134
5002,7.712793164539303,0.139 0.139 2.0 2.0 0.134 0.134
5003,8.043603507737743,0.134 0.134 0.139 0.139 0.139 0.139
5004,9.254811599803919,0.096 0.096 0.10566 0.10566 0.134 0.134 0.134 0.134
5005,0.9506401313901911,2.0 2.0
5006,1.1410596327901814,2.0 2.0
5007,1.5906387344764967,0.096 0.096
5008,2.1404524486747283,0.139 0.139 2.0 2.0
5009,2.2213077479131753,0.134 0.134 0.139 0.139
5010,3.054423060703704,2.0 2.0 0.096 0.096
5011,4.2470363416530965,0.10566 0.10566 2.0 2.0 0.134 0.134
5012,4.4226586909057986,0.134 0.134 2.0 2.0 2.0 2.0 0.139 0.139
5013,6.540332482412147,0.096 0.096 0.10566 0.10566 0.134 0.134
5014,7.712793164539303,2.0 2.0 2.0 2.0 0.134 0.134 2.0 2.0
5015,8.043603507737743,0.096 0.096 2.0 2.0
5016,9.254811599803919,0.10566 0.10566 0.10566 0.10566 0.096 0.096 0.134 0.134 2.0 2.0
5017,0.9506401313901911,0.139 0.139
5018,1.1410596327901814,2.0 2.0
5019,1.5906387344764967,2.0 2.0
5020,2.1404524486747283,2.0 2.0 0.139 0.139
5021,2.2213077479131753,0.139 0.139 2.0 2.0
5022,3.054423060703704,0.096 0.096 2.0 2.0
5023,4.2470363416530965,2.0 2.0 0.096 0.096
5024,4.4226586909057986,2.0 2.0 0.134 0.134 0.134 0.134
5025,6.540332482412147,0.096 0.096 0.096 0.096 0.134 0.134 0.134 0.134
5026,7.712793164539303,0.096 0.096 0.10566 0.10566
5027,8.043603507737743,2.0 2.0 2.0 2.0
5028,9.254811599803919,0.134 0.134 0.134 0.134 2.0 2.0
5029,0.9506401313901911,0.134 0.134
5030,1.1410596327901814,0.096 0.096
5031,1.5906387344764967,0.096 0.096
5032,2.1404524486747283,0.134 0.134 0.134 0.134
5033,2.2213077479131753,0.134 0.134 0.096 0.096
5034,3.054423060703704,0.134 0.134 0.134 0.134
5035,4.2470363416530965,0.10566 0.10566 0.134 0.134 2.0 2.0
5036,4.4226586909057986,0.096 0.096 2.0 2.0
5037,6.540332482412147,0.134 0.134 0.134 0.134 0.096 0.096
5038,7.712793164539303,2.0 2.0 0.096 0.096 0.096 0.096
5039,8.043603507737743,0.134 0.134 0.139 0.139 0.139 0.139 0.096 0.096
5040,9.254811599803919,0.096 0.096 0.134 0.134 0.096 0.096 0.134 0.134
5041,0.9506401313901911,0.134 0.134
5042,1.1410596327901814,2.0 2.0
5043,1.5906387344764967,0.096 0.096
5044,2.1404524486747283,2.0 2.0 0.134 0.134
5045,2.2213077479131753,0.139 0.139 0.134 0.134
5046,3.054423060703704,0.139 0.139 2.0 2.0
5047,4.2470363416530965,0.139 0.139 0.096 0.096
5048,4.4226586909057986,0.10566 0.10566 0.134 0.134
5049,6.540332482412147,0.096 0.096 0.139 0.139 0.134 0.134
5050,7.712793164539303,2.0 2.0 0.134 0.134 0.139 0.139
5051,8.043603507737743,0.10566 0.10566 2.0 2.0 0.10566 0.10566
5052,9.254811599803919,0.134 0.134 0.134 0.134 0.134 0.134
5053,0.9506401313901911,0.134 0.134
5054,1.1410596327901814,2.0 2.0
5055,1.5906387344764967,0.096 0.096
5056,2.1404524486747283,0.134 0.134 0.134 0.134
5057,2.2213077479131753,0.139 0.139 0.10566 0.10566
5058,3.054423060703704,0.134 0.134 0.134 0.134
5059,4.2470363416530965,2.0 2.0 0.10566 0.10566
5060,4.4226586909057986,0.096 0.096 0.134 0.134 0.096 0.096
5061,6.540332482412147,2.0 2.0 2.0 2.0 2.0 2.0
5062,7.712793164539303,2.0 2.0 0.096 0.096 0.134 0.134
5063,8.043603507737743,0.10566 0.10566 0.134 0.134 0.096 0.096
5064,9.254811599803919,2.0 2.0 0.096 0.096 2.0 2.0 0.139 0.139
5065,0.9506401313901911,0.134 0.134
5066,1.1410596327901814,0.096 0.096
5067,1.5906387344764967,2.0 2.0
5068,2.1404524486747283,0.139 0.139 0.139 0.139
5069,2.2213077479131753,0.134 0.134 0.10566 0.10566
5070,3.054423060703704,0.139 0.139 0.139 0.139
5071,4.2470363416530965,2.0 2.0 0.139 0.139 0.134 0.134
5072,4.4226586909057986,0.096 0.096 2.0 2.0
5073,6.540332482412147,2.0 2.0 0.10566 0.10566 0.139 0.139 0.096 0.096 0.139 0.139
5074,7.712793164539303,0.096 0.096 0.096 0.096 0.134 0.134
5075,8.043603507737743,0.134 0.134 0.10566 0.10566 0.096 0.096
5076,9.254811599803919,0.096 0.096 0.134 0.134 0.139 0.139 0.134 0.134
5077,0.9506401313901911,0.134 0.134
5078,1.1410596327901814,2.0 2.0
5079,1.5906387344764967,2.0 2.0
5080,2.1404524486747283,0.134 0.134 0.096 0.096
5081,2.2213077479131753,0.134 0.134 0.134 0.134
5082,3.054423060703704,2.0 2.0 0.096 0.096
5083,4.2470363416530965,0.096 0.096 2.0 2.0
5084,4.4226586909057986,0.096 0.096 0.096 0.096 0.10566 0.10566
5085,6.540332482412147,2.0 2.0 0.096 0.096 0.139 0.139
5086,7.712793164539303,2.0 2.0 0.096 0.096
5087,8.043603507737743,2.0 2.0 2.0 2.0
5088,9.254811599803919,2.0 2.0 2.0 2.0 2.0 2.0 0.096 0.096 0.134 0.134
5089,0.9506401313901911,0.134 0.134
5090,1.1410596327901814,2.0 2.0
5091,1.5906387344764967,2.0 2.0
5092,2.1404524486747283,0.134 0.134 0.096 0.096
5093,2.2213077479131753,0.096 0.096 0.134 0.134
5094,3.054423060703704,0.134 0.134 0.139 0.139
5095,4.2470363416530965,0.134 0.134 2.0 2.0 0.096 0.096
5096,4.4226586909057986,2.0 2.0 0.096 0.096 0.134 0.134
5097,6.540332482412147,2.0 2.0 0.096 0.096 0.139 0.139 0.10566 0.10566
5098,7.712793164539303,2.0 2.0 0.134 0.134 0.139 0.139
5099,8.043603507737743,0.134 0.134 0.134 0.134 0.10566 0.10566
5100,9.254811599803919,0.134 0.134 2.0 2.0 0.134 0.134 0.139 0.139
5101,0.9506401313901911,0.134 0.134
5102,1.1410596327901814,0.096 0.096
5103,1.5906387344764967,0.134 0.134
5104,2.1404524486747283,0.139 0.139 0.10566 0.10566
5105,2.2213077479131753,0.096 0.096 0.134 0.134
5106,3.054423060703704,2.0 2.0 0.096 0.096
5107,4.2470363416530965,0.096 0.096 0.134 0.134 2.0 2.0
5108,4.4226586909057986,0.10566 0.10566 0.139 0.139 0.139 0.139
5109,6.540332482412147,0.10566 0.10566 0.096 0.096 0.134 0.134
5110,7.712793164539303,0.096 0.096 0.139 0.139 0.134 0.134 0.139 0.139
5111,8.043603507737743,2.0 2.0 2.0 2.0 0.139 0.139
5112,9.254811599803919,0.134 0.134 0.096 0.096 2.0 2.0
5113,0.9506401313901911,0.139 0.139
5114,1.1410596327901814,0.096 0.096
5115,1.5906387344764967,0.096 0.096
5116,2.1404524486747283,0.134 0.134 0.134 0.134
5117,2.2213077479131753,0.10566 0.10566 0.134 0.134
5118,3.054423060703704,2.0 2.0 0.10566 0.10566
5119,4.2470363416530965,2.0 2.0 0.134 0.134 0.134 0.134
5120,4.4226586909057986,2.0 2.0 2.0 2.0
5121,6.540332482412147,0.134 0.134 0.096 0.096
5122,7.712793164539303,0.096 0.096 0.10566 0.10566 2.0 2.0
5123,8.043603507737743,2.0 2.0 2.0 2.0 0.139 0.139 0.139 0.139
5124,9.254811599803919,2.0 2.0 0.139 0.139 0.139 0.139 0.134 0.134
5125,0.9506401313901911,0.134 0.134
5126,1.1410596327901814,0.10566 0.10566
5127,1.5906387344764967,2.0 2.0
5128,2.1404524486747283,0.134 0.134 0.10566 0.10566
5129,2.2213077479131753,0.139 0.139 0.134 0.134
5130,3.054423060703704,0.096 0.096 0.134 0.134
5131,4.2470363416530965,0.139 0.139 2.0 2.0
5132,4.4226586909057986,0.096 0.096 0.096 0.096 0.134 0.134
5133,6.540332482412147,0.10566 0.10566 0.134 0.134 0.134 0.134
5134,7.712793164539303,0.096 0.096 0.134 0.134 0.096 0.096 0.096 0.096
5135,8.043603507737743,0.10566 0.10566 0.134 0.134 2.0 2.0
5136,9.254811599803919,0.096 0.096 0.096 0.096
5137,0.9506401313901911,0.134 0.134
5138,1.1410596327901814,0.096 0.096
5139,1.5906387344764967,2.0 2.0
5140,2.1404524486747283,0.139 0.139 0.139 0.139
5141,2.2213077479131753,0.139 0.139 0.096 0.096
5142,3.054423060703704,0.096 0.096 0.134 0.134
5143,4.2470363416530965,2.0 2.0 2.0 2.0
5144,4.4226586909057986,2.0 2.0 0.134 0.134 0.134 0.134
5145,6.540332482412147,0.134 0.134 2.0 2.0 0.134 0.134 0.134 0.134
5146,7.712793164539303,0.139 0.139 0.134 0.134 0.139 0.139 0.139 0.139
5147,8.043603507737743,0.096 0.096 0.096 0.096 0.139 0.139
5148,9.254811599803919,0.134 0.134 0.096 0.096 0.139 0.139
5149,0.9506401313901911,0.134 0.134
5150,1.1410596327901814,0.10566 0.10566
5151,1.5906387344764967,2.0 2.0
5152,2.1404524486747283,2.0 2.0 0.134 0.134
5153,2.2213077479131753,0.134 0.134 0.134 0.134
5154,3.054423060703704,0.134 0.134 2.0 2.0
5155,4.2470363416530965,2.0 2.0 0.096 0.096 0.134 0.134
5156,4.4226586909057986,2.0 2.0 0.10566 0.10566 0.134 0.134
5157,6.540332482412147,0.096 0.096 2.0 2.0 2.0 2.0 0.139 0.139
5158,7.712793164539303,0.134 0.134 0.096 0.096 0.096 0.096 0.139 0.139
5159,8.043603507737743,0.096 0.096 0.139 0.139 0.134 0.134 0.10566 0.10566 0.134 0.134
5160,9.254811599803919,0.10566 0.10566 2.0 2.0 0.134 0.134 0.134 0.134
5161,0.9506401313901911,0.139 0.139
5162,1.1410596327901814,2.0 2.0
5163,1.5906387344764967,0.10566 0.10566
5164,2.1404524486747283,0.134 0.134 2.0 2.0
5165,2.2213077479131753,0.139 0.139 0.10566 0.10566
5166,3.054423060703704,0.096 0.096 0.096 0.096
5167,4.2470363416530965,0.134 0.134 0.134 0.134 0.134 0.134
5168,4.4226586909057986,0.096 0.096 2.0 2.0
5169,6.540332482412147,0.096 0.096 0.139 0.139 0.096 0.096
5170,7.712793164539303,0.139 0.139 0.096 0.096 2.0 2.0 2.0 2.0
5171,8.043603507737743,2.0 2.0 2.0 2.0 0.10566 0.10566
5172,9.254811599803919,0.134 0.134 2.0 2.0 0.10566 0.10566
5173,0.9506401313901911,0.096 0.096
5174,1.1410596327901814,0.096 0.096
5175,1.5906387344764967,2.0 2.0
5176,2.1404524486747283,0.096 0.096 0.134 0.134
5177,2.2213077479131753,0.096 0.096 0.096 0.096
5178,3.054423060703704,0.096 0.096 0.134 0.134
5179,4.2470363416530965,2.0 2.0 0.139 0.139 0.134 0.134
5180,4.4226586909057986,0.10566 0.10566 0.139 0.139 0.134 0.134
5181,6.540332482412147,2.0 2.0 0.096 0.096 0.134 0.134 0.139 0.139
5182,7.712793164539303,0.139 0.139 2.0 2.0
5183,8.043603507737743,0.139 0.139 0.139 0.139 2.0 2.0
5184,9.254811599803919,0.134 0.134 0.134 0.134 0.134 0.134 0.139 0.139
5185,0.9506401313901911,0.139 0.139
5186,1.1410596327901814,0.134 0.134
5187,1.5906387344764967,0.096 0.096
5188,2.1404524486747283,0.10566 0.10566 0.134 0.134
5189,2.2213077479131753,2.0 2.0 0.134 0.134
5190,3.054423060703704,0.134 0.134 2.0 2.0
5191,4.2470363416530965,0.096 0.096 0.134 0.134 0.134 0.134
5192,4.4226586909057986,0.096 0.096 0.139 0.139 0.139 0.139
5193,6.540332482412147,2.0 2.0 0.134 0.134 0.096 0.096
5194,7.712793164539303,0.10566 0.10566 0.139 0.139 0.096 0.096
5195,8.043603507737743,0.139 0.139 2.0 2.0 0.134 0.134
5196,9.254811599803919,0.096 0.096 2.0 2.0 2.0 2.0 0.096 0.096
5197,0.9506401313901911,0.10566 0.10566
5198,1.1410596327901814,2.0 2.0
5199,1.5906387344764967,2.0 2.0
5200,2.1404524486747283,0.134 0.134 0.096 0.096
5201,2.2213077479131753,0.139 0.139 0.096 0.096
5202,3.054423060703704,2.0 2.0 2.0 2.0
5203,4.2470363416530965,2.0 2.0 2.0 2.0
5204,4.4226586909057986,2.0 2.0 0.139 0.139 0.096 0.096
5205,6.540332482412147,0.10566 0.10566 0.134 0.134 2.0 2.0
5206,7.712793164539303,0.096 0.096 0.096 0.096 0.096 0.096 0.096 0.096 0.134 0.134
5207,8.043603507737743,2.0 2.0 2.0 2.0 0.134 0.134 0.134 0.134
5208,9.254811599803919,0.134 0.134 0.096 0.096 0.134 0.134 0.096 0.096
5209,0.9506401313901911,0.134 0.134
5210,1.1410596327901814,2.0 2.0
5211,1.5906387344764967,0.096 0.096
5212,2.1404524486747283,0.096 0.096 2.0 2.0
5213,2.2213077479131753,0.139 0.139 0.134 0.134
5214,3.054423060703704,0.139 0.139 0.134 0.134
5215,4.2470363416530965,0.134 0.134 2.0 2.0 0.096 0.096
5216,4.4226586909057986,0.134 0.134 0.10566 0.10566
5217,6.540332482412147,2.0 2.0 0.139 0.139
5218,7.712793164539303,0.10566 0.10566 0.134 0.134 0.139 0.139
5219,8.043603507737743,0.096 0.096 0.096 0.096 0.134 0.134 0.139 0.139
5220,9.254811599803919,0.139 0.139 0.134 0.134
5221,0.9506401313901911,0.134 0.134
5222,1.1410596327901814,0.10566 0.10566
5223,1.5906387344764967,2.0 2.0
5224,2.1404524486747283,0.096 0.096 0.139 0.139
5225,2.2213077479131753,2.0 2.0 0.139 0.139
5226,3.054423060703704,2.0 2.0 2.0 2.0
5227,4.2470363416530965,2.0 2.0 0.134 0.134 2.0 2.0
5228,4.4226586909057986,0.134 0.134 0.096 0.096
5229,6.540332482412147,0.134 0.134 0.139 0.139 2.0 2.0
5230,7.712793164539303,0.096 0.096 0.10566 0.10566 2.0 2.0 0.134 0.134
5231,8.043603507737743,0.096 0.096 0.139 0.139 0.134 0.134 0.134 0.134
5232,9.254811599803919,0.134 0.134 2.0 2.0
5233,0.9506401313901911,0.134 0.134
5234,1.1410596327901814,0.10566 0.10566
5235,1.5906387344764967,0.096 0.096
5236,2.1404524486747283,0.134 0.134 0.10566 0.10566
5237,2.2213077479131753,0.096 0.096 0.134 0.134
5238,3.054423060703704,2.0 2.0 0.10566 0.10566
5239,4.2470363416530965,0.134 0.134 0.134 0.134 0.096 0.096
5240,4.4226586909057986,0.134 0.134 0.134 0.134 2.0 2.0
5241,6.540332482412147,0.096 0.096 0.10566 0.10566 2.0 2.0
5242,7.712793164539303,0.139 0.139 0.134 0.134 2.0 2.0
5243,8.043603507737743,0.134 0.134 2.0 2.0
5244,9.254811599803919,2.0 2.0 0.096 0.096 0.134 0.134 0.134 0.134
5245,0.9506401313901911,0.134 0.134
5246,1.1410596327901814,0.096 0.096
5247,1.5906387344764967,2.0 2.0
5248,2.1404524486747283,0.096 0.096 0.134 0.134
5249,2.2213077479131753,0.134 0.134 0.096 0.096
5250,3.054423060703704,0.139 0.139 2.0 2.0
5251,4.2470363416530965,2.0 2.0 0.134 0.134 0.096 0.096
5252,4.4226586909057986,2.0 2.0 0.134 0.134 0.134 0.134
5253,6.540332482412147,0.096 0.096 2.0 2.0 2.0 2.0 2.0 2.0
5254,7.712793164539303,0.096 0.096 0.139 0.139 0.096 0.096 0.134 0.134 0.139 0.139
5255,8.043603507737743,0.139 0.139 0.134 0.134 0.134 0.134 0.134 0.134
5256,9.254811599803919,2.0 2.0 0.096 0.096 0.134 0.134 0.139 0.139
5257,0.9506401313901911,0.134 0.134
5258,1.1410596327901814,2.0 2.0
5259,1.5906387344764967,2.0 2.0
5260,2.1404524486747283,0.134 0.134 2.0 2.0
5261,2.2213077479131753,0.139 0.139 0.134 0.134
5262,3.054423060703704,0.139 0.139 0.134 0.134
5263,4.2470363416530965,2.0 2.0 0.10566 0.10566
5264,4.4226586909057986,2.0 2.0 2.0 2.0
5265,6.540332482412147,0.134 0.134 0.096 0.096
5266,7.712793164539303,0.139 0.139 0.096 0.096 0.10566 0.10566
5267,8.043603507737743,2.0 2.0 0.134 0.134
5268,9.254811599803919,0.10566 0.10566 2.0 2.0 2.0 2.0 0.134 0.134
5269,0.9506401313901911,0.134 0.134
5270,1.1410596327901814,0.10566 0.10566
5271,1.5906387344764967,0.096 0.096
5272,2.1404524486747283,0.134 0.134 0.134 0.134
5273,2.2213077479131753,2.0 2.0 0.10566 0.10566
5274,3.054423060703704,0.10566 0.10566 0.139 0.139
5275,4.2470363416530965,0.096 0.096 0.139 0.139 0.139 0.139
5276,4.4226586909057986,0.096 0.096 0.139 0.139
5277,6.540332482412147,2.0 2.0 2.0 2.0
5278,7.712793164539303,0.134 0.134 0.134 0.134
5279,8.043603507737743,2.0 2.0 0.10566 0.10566 0.10566 0.10566
5280,9.254811599803919,2.0 2.0 0.134 0.134 2.0 2.0
5281,0.9506401313901911,0.134 0.134
5282,1.1410596327901814,0.096 0.096
5283,1.5906387344764967,0.10566 0.10566
5284,2.1404524486747283,0.134 0.134 0.10566 0.10566
5285,2.2213077479131753,2.0 2.0 0.134 0.134
5286,3.054423060703704,2.0 2.0 0.096 0.096
5287,4.2470363416530965,2.0 2.0 0.139 0.139
5288,4.4226586909057986,2.0 2.0 0.139 0.139 0.096 0.096
5289,6.540332482412147,2.0 2.0 0.10566 0.10566
5290,7.712793164539303,0.134 0.134 0.134 0.134 0.134 0.134
5291,8.043603507737743,2.0 2.0 0.096 0.096 0.134 0.134
5292,9.254811599803919,0.096 0.096 0.134 0.134 2.0 2.0 0.139 0.139
5293,0.9506401313901911,0.139 0.139
5294,1.1410596327901814,0.096 0.096
5295,1.5906387344764967,0.096 0.096
5296,2.1404524486747283,0.134 0.134 0.134 0.134
5297,2.2213077479131753,0.134 0.134 0.134 0.134
5298,3.054423060703704,2.0 2.0 2.0 2.0
5299,4.2470363416530965,0.134 0.134 0.096 0.096 0.134 0.134
5300,4.4226586909057986,0.134 0.134 0.134 0.134 0.134 0.134
5301,6.540332482412147,0.096 0.096 0.134 0.134
5302,7.712793164539303,0.134 0.134 0.096 0.096 2.0 2.0 0.134 0.134
5303,8.043603507737743,0.134 0.134 0.139 0.139 0.139 0.139 0.134 0.134
5304,9.254811599803919,2.0 2.0 0.134 0.134 0.139 0.139
5305,0.9506401313901911,0.139 0.139
5306,1.1410596327901814,2.0 2.0
5307,1.5906387344764967,0.096 0.096
5308,2.1404524486747283,0.134 0.134 0.134 0.134
5309,2.2213077479131753,0.10566 0.10566 0.139 0.139
5310,3.054423060703704,2.0 2.0 0.096 0.096
5311,4.2470363416530965,0.096 0.096 0.134 0.134
5312,4.4226586909057986,0.10566 0.10566 0.139 0.139 0.139 0.139
5313,6.540332482412147,0.139 0.139 0.10566 0.10566 0.134 0.134 0.10566 0.10566
5314,7.712793164539303,2.0 2.0 0.096 0.096 0.134 0.134 0.134 0.134
5315,8.043603507737743,0.134 0.134 0.134 0.134 0.139 0.139
5316,9.254811599803919,2.0 2.0 2.0 2.0
5317,0.9506401313901911,0.139 0.139
5318,1.1410596327901814,2.0 2.0
5319,1.5906387344764967,2.0 2.0
5320,2.1404524486747283,0.10566 0.10566 0.134 0.134
5321,2.2213077479131753,0.134 0.134 0.134 0.134
5322,3.054423060703704,0.096 0.096 0.134 0.134
5323,4.2470363416530965,0.134 0.134 0.096 0.096 2.0 2.0
5324,4.4226586909057986,0.134 0.134 0.096 0.096
5325,6.540332482412147,0.10566 0.10566 2.0 2.0 0.139 0.139
5326,7.712793164539303,2.0 2.0 2.0 2.0 0.134 0.134
5327,8.043603507737743,0.096 0.096 0.134 0.134 0.096 0.096
5328,9.254811599803919,0.139 0.139 0.134 0.134 0.134 0.134 0.134 0.134
5329,0.9506401313901911,0.134 0.134
5330,1.1410596327901814,0.096 0.096
5331,1.5906387344764967,0.096 0.096
5332,2.1404524486747283,2.0 2.0 0.139 0.139
5333,2.2213077479131753,0.134 0.134 0.10566 0.10566
5334,3.054423060703704,0.134 0.134 0.096 0.096
5335,4.2470363416530965,0.096 0.096 0.134 0.134
5336,4.4226586909057986,0.096 0.096 0.134 0.134
5337,6.540332482412147,0.139 0.139 0.134 0.134 0.096 0.096 0.096 0.096
5338,7.712793164539303,0.134 0.134 2.0 2.0 0.10566 0.10566 0.139 0.139 0.096 0.096
5339,8.043603507737743,2.0 2.0 0.139 0.139
5340,9.254811599803919,0.096 0.096 0.134 0.134 0.096 0.096 0.139 0.139
5341,0.9506401313901911,0.139 0.139
5342,1.1410596327901814,0.096 0.096
5343,1.5906387344764967,0.096 0.096
5344,2.1404524486747283,0.139 0.139 2.0 2.0
5345,2.2213077479131753,0.10566 0.10566 0.139 0.139
5346,3.054423060703704,0.10566 0.10566 0.139 0.139
5347,4.2470363416530965,0.134 0.134 0.139 0.139
5348,4.4226586909057986,0.10566 0.10566 2.0 2.0
5349,6.540332482412147,0.10566 0.10566 0.096 0.096
5350,7.712793164539303,0.139 0.139 0.096 0.096 0.134 0.134 0.096 0.096 0.139 0.139
5351,8.043603507737743,0.096 0.096 0.134 0.134 0.134 0.134 0.134 0.134
5352,9.254811599803919,0.134 0.134 2.0 2.0 0.139 0.139
5353,0.9506401313901911,0.134 0.134
5354,1.1410596327901814,2.0 2.0
5355,1.5906387344764967,2.0 2.0
5356,2.1404524486747283,0.134 0.134 2.0 2.0
5357,2.2213077479131753,0.134 0.134 0.139 0.139
5358,3.054423060703704,0.134 0.134 0.134 0.134
5359,4.2470363416530965,2.0 2.0 0.096 0.096 0.139 0.139
5360,4.4226586909057986,0.096 0.096 0.10566 0.10566 0.134 0.134
5361,6.540332482412147,0.134 0.134 0.096 0.096 0.10566 0.10566 2.0 2.0
5362,7.712793164539303,0.096 0.096 0.134 0.134 0.139 0.139
5363,8.043603507737743,0.134 0.134 0.134 0.134 0.139 0.139
5364,9.254811599803919,0.134 0.134 0.096 0.096 0.096 0.096 0.096 0.096 0.139 0.139
5365,0.9506401313901911,0.139 0.139
5366,1.1410596327901814,2.0 2.0
5367,1.5906387344764967,0.096 0.096
5368,2.1404524486747283,0.139 0.139 2.0 2.0
5369,2.2213077479131753,2.0 2.0 0.096 0.096
5370,3.054423060703704,2.0 2.0 0.134 0.134
5371,4.2470363416530965,0.10566 0.10566 0.134 0.134 0.139 0.139
5372,4.4226586909057986,0.139 0.139 0.134 0.134 0.134 0.134
5373,6.540332482412147,0.134 0.134 0.139 0.139 0.134 0.134
5374,7.712793164539303,0.096 0.096 0.134 0.134 0.096 0.096
5375,8.043603507737743,2.0 2.0 0.139 0.139 0.10566 0.10566
5376,9.254811599803919,2.0 2.0 0.10566 0.10566 2.0 2.0 2.0 2.0 0.134 0.134
5377,0.9506401313901911,0.096 0.096
5378,1.1410596327901814,0.096 0.096
5379,1.5906387344764967,0.10566 0.10566
5380,2.1404524486747283,0.096 0.096 0.139 0.139
5381,2.2213077479131753,0.10566 0.10566 0.134 0.134
5382,3.054423060703704,0.096 0.096 2.0 2.0
5383,4.2470363416530965,0.139 0.139 0.10566 0.10566
5384,4.4226586909057986,2.0 2.0 0.134 0.134 0.139 0.139
5385,6.540332482412147,0.096 0.096 0.096 0.096
5386,7.712793164539303,2.0 2.0 0.139 0.139 0.096 0.096
5387,8.043603507737743,0.139 0.139 0.134 0.134 0.139 0.139
5388,9.254811599803919,0.134 0.134 0.134 0.134 0.139 0.139 0.096 0.096
5389,0.9506401313901911,0.134 0.134
5390,1.1410596327901814,2.0 2.0
5391,1.5906387344764967,2.0 2.0
5392,2.1404524486747283,0.134 0.134 0.096 0.096
5393,2.2213077479131753,0.139 0.139 2.0 2.0
5394,3.054423060703704,0.134 0.134 2.0 2.0
5395,4.2470363416530965,0.096 0.096 0.096 0.096
5396,4.4226586909057986,0.134 0.134 0.10566 0.10566 0.134 0.134
5397,6.540332482412147,0.096 0.096 0.096 0.096 0.134 0.134
5398,7.712793164539303,0.139 0.139 0.10566 0.10566 0.096 0.096 0.139 0.139 0.096 0.096
5399,8.043603507737743,0.134 0.134 0.134 0.134
5400,9.254811599803919,0.134 0.134 0.139 0.139 0.139 0.139 0.096 0.096
5401,0.9506401313901911,0.134 0.134
5402,1.1410596327901814,0.10566 0.10566
5403,1.5906387344764967,0.10566 0.10566
5404,2.1404524486747283,0.10566 0.10566 0.134 0.134
5405,2.2213077479131753,0.134 0.134 0.139 0.139
5406,3.054423060703704,0.096 0.096 0.096 0.096
5407,4.2470363416530965,0.096 0.096 0.139 0.139 0.096 0.096
5408,4.4226586909057986,0.134 0.134 0.139 0.139 0.096 0.096
5409,6.540332482412147,0.096 0.096 0.096 0.096 0.134 0.134 2.0 2.0
5410,7.712793164539303,0.134 0.134 0.134 0.134 0.134 0.134 0.096 0.096 0.134 0.134
5411,8.043603507737743,0.134 0.134 0.134 0.134 0.096 0.096 0.139 0.139
5412,9.254811599803919,2.0 2.0 2.0 2.0 2.0 2.0
5413,0.9506401313901911,0.139 0.139
5414,1.1410596327901814,0.096 0.096
5415,1.5906387344764967,2.0 2.0
5416,2.1404524486747283,0.096 0.096 0.139 0.139
5417,2.2213077479131753,0.134 0.134 2.0 2.0
5418,3.054423060703704,0.134 0.134 2.0 2.0
5419,4.2470363416530965,0.139 0.139 0.139 0.139 0.134 0.134
5420,4.4226586909057986,0.134 0.134 0.134 0.134
5421,6.540332482412147,0.10566 0.10566 0.134 0.134 0.10566 0.10566
5422,7.712793164539303,0.134 0.134 0.134 0.134
5423,8.043603507737743,0.096 0.096 0.10566 0.10566 0.134 0.134 0.139 0.139
5424,9.254811599803919,0.10566 0.10566 0.096 0.096 0.134 0.134 2.0 2.0
5425,0.9506401313901911,0.134 0.134
5426,1.1410596327901814,2.0 2.0
5427,1.5906387344764967,2.0 2.0
5428,2.1404524486747283,0.134 0.134 0.134 0.134
5429,2.2213077479131753,0.139 0.139 0.134 0.134
5430,3.054423060703704,0.096 0.096 2.0 2.0
5431,4.2470363416530965,0.096 0.096 2.0 2.0
5432,4.4226586909057986,0.10566 0.10566 0.096 0.096
5433,6.540332482412147,0.139 0.139 2.0 2.0 0.134 0.134 0.134 0.134 0.096 0.096
5434,7.712793164539303,0.096 0.096 0.096 0.096
5435,8.043603507737743,2.0 2.0 0.134 0.134 0.134 0.134 0.134 0.134
5436,9.254811599803919,2.0 2.0 0.096 0.096 0.134 0.134 0.10566 0.10566
5437,0.9506401313901911,0.139 0.139
5438,1.1410596327901814,0.096 0.096
5439,1.5906387344764967,2.0 2.0
5440,2.1404524486747283,0.134 0.134 0.134 0.134
5441,2.2213077479131753,0.134 0.134 0.139 0.139
5442,3.054423060703704,0.096 0.096 0.139 0.139
5443,4.2470363416530965,2.0 2.0 0.096 0.096
5444,4.4226586909057986,2.0 2.0 0.134 0.134 2.0 2.0
5445,6.540332482412147,0.096 0.096 2.0 2.0 2.0 2.0
5446,7.712793164539303,2.0 2.0 2.0 2.0 0.139 0.139 0.134 0.134
5447,8.043603507737743,0.134 0.134 0.134 0.134 2.0 2.0 0.134 0.134
5448,9.254811599803919,0.139 0.139 0.134 0.134 2.0 2.0
5449,0.9506401313901911,0.134 0.134
5450,1.1410596327901814,2.0 2.0
5451,1.5906387344764967,0.096 0.096
5452,2.1404524486747283,0.139 0.139 0.134 0.134
5453,2.2213077479131753,0.096 0.096 0.134 0.134
5454,3.054423060703704,0.134 0.134 0.096 0.096
5455,4.2470363416530965,2.0 2.0 2.0 2.0 0.134 0.134
5456,4.4226586909057986,0.096 0.096 0.134 0.134 0.134 0.134
5457,6.540332482412147,0.134 0.134 0.10566 0.10566 2.0 2.0 0.134 0.134
5458,7.712793164539303,0.139 0.139 0.139 0.139
5459,8.043603507737743,0.096 0.096 0.096 0.096 0.134 0.134 0.139 0.139
5460,9.254811599803919,2.0 2.0 2.0 2.0 0.096 0.096 0.139 0.139 0.134 0.134 0.134 0.134
5461,0.9506401313901911,0.134 0.134
5462,1.1410596327901814,2.0 2.0
5463,1.5906387344764967,0.096 0.096
5464,2.1404524486747283,0.139 0.139 2.0 2.0
5465,2.2213077479131753,0.096 0.096 0.096 0.096
5466,3.054423060703704,0.134 0.134 0.139 0.139
5467,4.2470363416530965,0.134 0.134 0.139 0.139
5468,4.4226586909057986,0.10566 0.10566 0.139 0.139 0.134 0.134
5469,6.540332482412147,2.0 2.0 0.139 0.139 2.0 2.0
5470,7.712793164539303,0.134 0.134 0.134 0.134 0.139 0.139
5471,8.043603507737743,0.139 0.139 0.096 0.096 2.0 2.0 0.134 0.134 0.134 0.134
5472,9.254811599803919,0.10566 0.10566 0.134 0.134 0.139 0.139
5473,0.9506401313901911,0.134 0.134
5474,1.1410596327901814,2.0 2.0
5475,1.5906387344764967,2.0 2.0
5476,2.1404524486747283,0.134 0.134 0.134 0.134
5477,2.2213077479131753,0.139 0.139 0.134 0.134
5478,3.054423060703704,2.0 2.0 0.10566 0.10566
5479,4.2470363416530965,2.0 2.0 0.096 0.096
5480,4.4226586909057986,0.134 0.134 2.0 2.0
5481,6.540332482412147,0.096 0.096 0.134 0.134 0.139 0.139
5482,7.712793164539303,0.139 0.139 0.096 0.096
5483,8.043603507737743,2.0 2.0 2.0 2.0 2.0 2.0 0.139 0.139
5484,9.254811599803919,0.139 0.139 2.0 2.0 0.096 0.096 2.0 2.0
5485,0.9506401313901911,0.134 0.134
5486,1.1410596327901814,0.096 0.096
5487,1.5906387344764967,2.0 2.0
5488,2.1404524486747283,0.096 0.096 0.096 0.096
5489,2.2213077479131753,0.139 0.139 0.139 0.139
5490,3.054423060703704,0.096 0.096 0.139 0.139
5491,4.2470363416530965,0.096 0.096 0.139 0.139 0.139 0.139
5492,4.4226586909057986,0.096 0.096 2.0 2.0
5493,6.540332482412147,2.0 2.0 2.0 2.0 0.134 0.134
5494,7.712793164539303,0.139 0.139 2.0 2.0 0.134 0.134 0.134 0.134
5495,8.043603507737743,0.096 0.096 0.139 0.139
5496,9.254811599803919,0.134 0.134 2.0 2.0 0.096 0.096 0.139 0.139
5497,0.9506401313901911,0.139 0.139
5498,1.1410596327901814,0.096 0.096
5499,1.5906387344764967,2.0 2.0
5500,2.1404524486747283,2.0 2.0 0.096 0.096
5501,2.2213077479131753,0.10566 0.10566 0.139 0.139
5502,3.054423060703704,2.0 2.0 0.134 0.134
5503,4.2470363416530965,0.10566 0.10566 2.0 2.0
5504,4.4226586909057986,0.096 0.096 0.134 0.134 0.096 0.096
5505,6.540332482412147,0.096 0.096 0.096 0.096
5506,7.712793164539303,0.134 0.134 0.10566 0.10566 0.10566 0.10566
5507,8.043603507737743,0.139 0.139 0.096 0.096 2.0 2.0 0.139 0.139 0.134 0.134
5508,9.254811599803919,2.0 2.0 2.0 2.0 0.096 0.096 0.139 0.139
5509,0.9506401313901911,0.139 0.139
5510,1.1410596327901814,2.0 2.0
5511,1.5906387344764967,2.0 2.0
5512,2.1404524486747283,0.10566 0.10566 0.139 0.139
5513,2.2213077479131753,0.134 0.134 2.0 2.0
5514,3.054423060703704,0.096 0.096 0.139 0.139
5515,4.2470363416530965,2.0 2.0 0.096 0.096 0.134 0.134
5516,4.4226586909057986,0.134 0.134 0.139 0.139 0.134 0.134
5517,6.540332482412147,2.0 2.0 2.0 2.0 0.134 0.134
5518,7.712793164539303,0.134 0.134 2.0 2.0 0.134 0.134
5519,8.043603507737743,0.096 0.096 0.134 0.134
5520,9.254811599803919,0.139 0.139 0.134 0.134 0.134 0.134
5521,0.9506401313901911,0.134 0.134
5522,1.1410596327901814,0.096 0.096
5523,1.5906387344764967,0.096 0.096
5524,2.1404524486747283,0.134 0.134 0.134 0.134
5525,2.2213077479131753,0.134 0.134 0.096 0.096
5526,3.054423060703704,0.139 0.139 0.134 0.134
5527,4.2470363416530965,0.096 0.096 0.096 0.096 0.134 0.134
5528,4.4226586909057986,2.0 2.0 0.096 0.096 0.139 0.139
5529,6.540332482412147,0.096 0.096 0.134 0.134 0.134 0.134
5530,7.712793164539303,0.096 0.096 0.134 0.134 2.0 2.0
5531,8.043603507737743,2.0 2.0 0.134 0.134 0.139 0.139 0.134 0.134
5532,9.254811599803919,2.0 2.0 2.0 2.0 2.0 2.0
5533,0.9506401313901911,0.139 0.139
5534,1.1410596327901814,0.096 0.096
5535,1.5906387344764967,2.0 2.0
5536,2.1404524486747283,2.0 2.0 0.096 0.096
5537,2.2213077479131753,2.0 2.0 0.134 0.134
5538,3.054423060703704,0.134 0.134 2.0 2.0
5539,4.2470363416530965,2.0 2.0 0.10566 0.10566 0.139 0.139
5540,4.4226586909057986,0.10566 0.10566 0.134 0.134 0.096 0.096
5541,6.540332482412147,0.139 0.139 0.096 0.096 0.10566 0.10566
5542,7.712793164539303,2.0 2.0 2.0 2.0 0.139 0.139
5543,8.043603507737743,0.134 0.134 0.134 0.134 0.096 0.096 0.134 0.134
5544,9.254811599803919,0.096 0.096 2.0 2.0
5545,0.9506401313901911,0.139 0.139
5546,1.1410596327901814,2.0 2.0
5547,1.5906387344764967,2.0 2.0
5548,2.1404524486747283,0.134 0.134 0.134 0.134
5549,2.2213077479131753,0.134 0.134 0.134 0.134
5550,3.054423060703704,0.139 0.139 2.0 2.0
5551,4.2470363416530965,0.134 0.134 0.096 0.096 0.134 0.134
5552,4.4226586909057986,0.134 0.134 0.10566 0.10566 0.134 0.134
5553,6.540332482412147,2.0 2.0 0.134 0.134
5554,7.712793164539303,0.134 0.134 0.096 0.096 0.134 0.134
5555,8.043603507737743,0.134 0.134 0.139 0.139 2.0 2.0
5556,9.254811599803919,0.10566 0.10566 2.0 2.0 0.096 0.096 0.134 0.134
5557,0.9506401313901911,0.139 0.139
5558,1.1410596327901814,0.10566 0.10566
5559,1.5906387344764967,2.0 2.0
5560,2.1404524486747283,0.139 0.139 0.134 0.134
5561,2.2213077479131753,0.134 0.134 2.0 2.0
5562,3.054423060703704,0.134 0.134 0.134 0.134
5563,4.2470363416530965,0.139 0.139 0.096 0.096 0.139 0.139
5564,4.4226586909057986,0.10566 0.10566 0.10566 0.10566
5565,6.540332482412147,2.0 2.0 0.096 0.096
5566,7.712793164539303,0.139 0.139 2.0 2.0
5567,8.043603507737743,0.139 0.139 0.096 0.096 0.096 0.096 0.134 0.134 0.134 0.134
5568,9.254811599803919,0.139 0.139 0.096 0.096
5569,0.9506401313901911,0.139 0.139
5570,1.1410596327901814,0.096 0.096
5571,1.5906387344764967,0.096 0.096
5572,2.1404524486747283,0.134 0.134 2.0 2.0
5573,2.2213077479131753,0.096 0.096 0.134 0.134
5574,3.054423060703704,2.0 2.0 0.096 0.096
5575,4.2470363416530965,0.134 0.134 0.134 0.134 0.139 0.139
5576,4.4226586909057986,0.096 0.096 0.10566 0.10566
5577,6.540332482412147,0.134 0.134 0.139 0.139 2.0 2.0
5578,7.712793164539303,2.0 2.0 0.10566 0.10566 2.0 2.0 0.134 0.134
5579,8.043603507737743,2.0 2.0 0.134 0.134 0.134 0.134
5580,9.254811599803919,0.096 0.096 2.0 2.0 2.0 2.0
5581,0.9506401313901911,0.134 0.134
5582,1.1410596327901814,2.0 2.0
5583,1.5906387344764967,0.096 0.096
5584,2.1404524486747283,0.139 0.139 0.134 0.134
5585,2.2213077479131753,0.134 0.134 0.096 0.096
5586,3.054423060703704,0.096 0.096 0.134 0.134
5587,4.2470363416530965,0.139 0.139 0.139 0.139 2.0 2.0
5588,4.4226586909057986,2.0 2.0 0.134 0.134
5589,6.540332482412147,0.139 0.139 0.134 0.134
5590,7.712793164539303,0.139 0.139 0.134 0.134 2.0 2.0 0.096 0.096
5591,8.043603507737743,0.134 0.134 2.0 2.0 0.10566 0.10566 0.134 0.134
5592,9.254811599803919,0.10566 0.10566 2.0 2.0 0.10566 0.10566
5593,0.9506401313901911,0.134 0.134
5594,1.1410596327901814,2.0 2.0
5595,1.5906387344764967,2.0 2.0
5596,2.1404524486747283,0.096 0.096 0.139 0.139
5597,2.2213077479131753,0.10566 0.10566 0.134 0.134
5598,3.054423060703704,2.0 2.0 0.096 0.096
5599,4.2470363416530965,0.139 0.139 0.139 0.139 0.134 0.134
5600,4.4226586909057986,2.0 2.0 0.134 0.134
5601,6.540332482412147,2.0 2.0 0.134 0.134
5602,7.712793164539303,2.0 2.0 0.134 0.134 0.139 0.139
5603,8.043603507737743,2.0 2.0 0.096 0.096 0.134 0.134
5604,9.254811599803919,2.0 2.0 0.134 0.134 0.134 0.134 0.139 0.139
5605,0.9506401313901911,0.134 0.134
5606,1.1410596327901814,0.096 0.096
5607,1.5906387344764967,0.096 0.096
5608,2.1404524486747283,0.139 0.139 0.134 0.134
5609,2.2213077479131753,0.139 0.139 0.096 0.096
5610,3.054423060703704,0.096 0.096 0.139 0.139
5611,4.2470363416530965,0.134 0.134 0.134 0.134 0.134 0.134
5612,4.4226586909057986,0.096 0.096 0.134 0.134
5613,6.540332482412147,0.134 0.134 0.139 0.139
5614,7.712793164539303,0.134 0.134 0.096 0.096 0.10566 0.10566 0.139 0.139
5615,8.043603507737743,2.0 2.0 2.0 2.0
5616,9.254811599803919,0.096 0.096 0.10566 0.10566
5617,0.9506401313901911,0.134 0.134
5618,1.1410596327901814,0.096 0.096
5619,1.5906387344764967,2.0 2.0
5620,2.1404524486747283,0.10566 0.10566 0.134 0.134
5621,2.2213077479131753,0.096 0.096 0.134 0.134
5622,3.054423060703704,0.10566 0.10566 0.134 0.134
5623,4.2470363416530965,0.134 0.134 0.096 0.096 0.134 0.134
5624,4.4226586909057986,0.134 0.134 0.139 0.139
5625,6.540332482412147,2.0 2.0 0.139 0.139 2.0 2.0 0.096 0.096
5626,7.712793164539303,0.139 0.139 2.0 2.0
5627,8.043603507737743,0.096 0.096 0.096 0.096 0.139 0.139
5628,9.254811599803919,0.134 0.134 0.139 0.139 0.139 0.139
5629,0.9506401313901911,0.139 0.139
5630,1.1410596327901814,2.0 2.0
5631,1.5906387344764967,2.0 2.0
5632,2.1404524486747283,0.139 0.139 0.096 0.096
5633,2.2213077479131753,0.096 0.096 0.134 0.134
5634,3.054423060703704,0.134 0.134 2.0 2.0
5635,4.2470363416530965,0.139 0.139 0.134 0.134 0.134 0.134
5636,4.4226586909057986,0.096 0.096 0.10566 0.10566 0.139 0.139
5637,6.540332482412147,2.0 2.0 0.134 0.134 0.134 0.134
5638,7.712793164539303,2.0 2.0 0.139 0.139 0.096 0.096
5639,8.043603507737743,0.096 0.096 0.134 0.134 0.134 0.134
5640,9.254811599803919,0.139 0.139 0.134 0.134 0.096 0.096 0.096 0.096
5641,0.9506401313901911,0.134 0.134
5642,1.1410596327901814,2.0 2.0
5643,1.5906387344764967,0.096 0.096
5644,2.1404524486747283,0.10566 0.10566 0.134 0.134
5645,2.2213077479131753,2.0 2.0 2.0 2.0
5646,3.054423060703704,0.096 0.096 0.096 0.096
5647,4.2470363416530965,0.134 0.134 0.134 0.134 0.134 0.134
5648,4.4226586909057986,0.096 0.096 0.139 0.139
5649,6.540332482412147,0.134 0.134 2.0 2.0 0.139 0.139
5650,7.712793164539303,0.134 0.134 0.10566 0.10566 2.0 2.0 0.134 0.134
5651,8.043603507737743,0.10566 0.10566 0.096 0.096 0.096 0.096
5652,9.254811599803919,0.096 0.096 0.096 0.096 2.0 2.0
5653,0.9506401313901911,0.139 0.139
5654,1.1410596327901814,2.0 2.0
5655,1.5906387344764967,2.0 2.0
5656,2.1404524486747283,0.134 0.134 0.134 0.134
5657,2.2213077479131753,2.0 2.0 2.0 2.0
5658,3.054423060703704,0.134 0.134 2.0 2.0
5659,4.2470363416530965,0.134 0.134 0.096 0.096
5660,4.4226586909057986,0.139 0.139 0.096 0.096 0.096 0.096
5661,6.540332482412147,0.134 0.134 0.134 0.134 0.10566 0.10566
5662,7.712793164539303,0.134 0.134 0.096 0.096 0.096 0.096 2.0 2.0
5663,8.043603507737743,2.0 2.0 0.134 0.134 2.0 2.0 0.139 0.139 0.134 0.134
5664,9.254811599803919,2.0 2.0 0.139 0.139 0.134 0.134 0.134 0.134
5665,0.9506401313901911,0.134 0.134
5666,1.1410596327901814,2.0 2.0
5667,1.5906387344764967,2.0 2.0
5668,2.1404524486747283,0.134 0.134 0.134 0.134
5669,2.2213077479131753,0.139 0.139 0.096 0.096
5670,3.054423060703704,2.0 2.0 0.096 0.096
5671,4.2470363416530965,0.139 0.139 0.096 0.096 0.139 0.139
5672,4.4226586909057986,0.134 0.134 0.134 0.134 0.134 0.134
5673,6.540332482412147,2.0 2.0 2.0 2.0 0.096 0.096
5674,7.712793164539303,0.134 0.134 2.0 2.0 0.10566 0.10566 0.096 0.096
5675,8.043603507737743,0.134 0.134 2.0 2.0 2.0 2.0 0.134 0.134
5676,9.254811599803919,0.10566 0.10566 0.096 0.096 2.0 2.0
5677,0.9506401313901911,0.134 0.134
5678,1.1410596327901814,2.0 2.0
5679,1.5906387344764967,2.0 2.0
5680,2.1404524486747283,0.134 0.134 0.139 0.139
5681,2.2213077479131753,0.134 0.134 0.096 0.096
5682,3.054423060703704,0.096 0.096 0.10566 0.10566
5683,4.2470363416530965,0.134 0.134 2.0 2.0 0.139 0.139
5684,4.4226586909057986,0.10566 0.10566 2.0 2.0 0.134 0.134
5685,6.540332482412147,2.0 2.0 0.139 0.139 0.139 0.139
5686,7.712793164539303,0.134 0.134 0.096 0.096
5687,8.043603507737743,2.0 2.0 2.0 2.0
5688,9.254811599803919,2.0 2.0 0.139 0.139
5689,0.9506401313901911,2.0 2.0
5690,1.1410596327901814,0.10566 0.10566
5691,1.5906387344764967,0.096 0.096
5692,2.1404524486747283,0.139 0.139 0.134 0.134
5693,2.2213077479131753,0.096 0.096 0.096 0.096
5694,3.054423060703704,0.10566 0.10566 2.0 2.0
5695,4.2470363416530965,0.139 0.139 0.134 0.134
5696,4.4226586909057986,0.10566 0.10566 0.096 0.096 0.139 0.139
5697,6.540332482412147,2.0 2.0 0.134 0.134 0.096 0.096
5698,7.712793164539303,0.096 0.096 0.10566 0.10566 0.134 0.134
5699,8.043603507737743,2.0 2.0 2.0 2.0 0.139 0.139 0.134 0.134
5700,9.254811599803919,0.134 0.134 0.139 0.139 0.134 0.134 0.096 0.096
5701,0.9506401313901911,0.134 0.134
5702,1.1410596327901814,2.0 2.0
5703,1.5906387344764967,0.096 0.096
5704,2.1404524486747283,0.134 0.134 2.0 2.0
5705,2.2213077479131753,0.139 0.139 0.139 0.139
5706,3.054423060703704,0.096 0.096 0.134 0.134
5707,4.2470363416530965,0.096 0.096 2.0 2.0
5708,4.4226586909057986,2.0 2.0 0.134 0.134 0.139 0.139
5709,6.540332482412147,2.0 2.0 0.134 0.134 0.139 0.139
5710,7.712793164539303,2.0 2.0 0.10566 0.10566
5711,8.043603507737743,0.096 0.096 0.096 0.096 0.139 0.139
5712,9.254811599803919,2.0 2.0 0.134 0.134 2.0 2.0 0.134 0.134 2.0 2.0
5713,0.9506401313901911,0.134 0.134
5714,1.1410596327901814,2.0 2.0
5715,1.5906387344764967,2.0 2.0
5716,2.1404524486747283,0.134 0.134 2.0 2.0
5717,2.2213077479131753,0.134 0.134 0.134 0.134
5718,3.054423060703704,0.096 0.096 0.139 0.139
5719,4.2470363416530965,0.134 0.134 0.139 0.139 0.134 0.134
5720,4.4226586909057986,2.0 2.0 0.134 0.134 0.096 0.096
5721,6.540332482412147,0.139 0.139 2.0 2.0 0.139 0.139
5722,7.712793164539303,0.10566 0.10566 2.0 2.0 0.139 0.139 0.134 0.134
5723,8.043603507737743,0.134 0.134 2.0 2.0 0.134 0.134
5724,9.254811599803919,0.10566 0.10566 0.134 0.134 0.096 0.096 0.134 0.134 0.096 0.096
5725,0.9506401313901911,0.134 0.134
5726,1.1410596327901814,0.096 0.096
5727,1.5906387344764967,0.096 0.096
5728,2.1404524486747283,0.134 0.134 0.096 0.096
5729,2.2213077479131753,0.134 0.134 2.0 2.0
5730,3.054423060703704,0.139 0.139 0.139 0.139
5731,4.2470363416530965,0.10566 0.10566 2.0 2.0
5732,4.4226586909057986,0.10566 0.10566 0.134 0.134 0.134 0.134
5733,6.540332482412147,2.0 2.0 0.139 0.139 0.096 0.096
5734,7.712793164539303,2.0 2.0 2.0 2.0 0.134 0.134
5735,8.043603507737743,0.096 0.096 2.0 2.0
5736,9.254811599803919,2.0 2.0 0.134 0.134 0.139 0.139
5737,0.9506401313901911,0.134 0.134
5738,1.1410596327901814,2.0 2.0
5739,1.5906387344764967,0.10566 0.10566
5740,2.1404524486747283,0.134 0.134 2.0 2.0
5741,2.2213077479131753,0.134 0.134 0.134 0.134
5742,3.054423060703704,2.0 2.0 2.0 2.0
5743,4.2470363416530965,0.096 0.096 0.134 0.134 0.134 0.134
5744,4.4226586909057986,0.096 0.096 2.0 2.0 0.139 0.139
5745,6.540332482412147,0.139 0.139 2.0 2.0 0.096 0.096 0.139 0.139
5746,7.712793164539303,2.0 2.0 0.134 0.134 0.134 0.134 0.139 0.139
5747,8.043603507737743,0.134 0.134 0.096 0.096
5748,9.254811599803919,0.134 0.134 0.096 0.096 0.134 0.134
5749,0.9506401313901911,0.134 0.134
5750,1.1410596327901814,0.096 0.096
5751,1.5906387344764967,2.0 2.0
5752,2.1404524486747283,0.134 0.134 2.0 2.0
5753,2.2213077479131753,2.0 2.0 0.134 0.134
5754,3.054423060703704,2.0 2.0 0.10566 0.10566
5755,4.2470363416530965,0.096 0.096 0.139 0.139 0.096 0.096
5756,4.4226586909057986,0.10566 0.10566 0.139 0.139 0.134 0.134
5757,6.540332482412147,0.096 0.096 0.139 0.139 0.134 0.134
5758,7.712793164539303,0.096 0.096 2.0 2.0 0.134 0.134 0.134 0.134
5759,8.043603507737743,2.0 2.0 0.134 0.134 0.139 0.139
5760,9.254811599803919,0.096 0.096 0.096 0.096
5761,0.9506401313901911,0.139 0.139
5762,1.1410596327901814,2.0 2.0
5763,1.5906387344764967,2.0 2.0
5764,2.1404524486747283,0.134 0.134 0.096 0.096
5765,2.2213077479131753,0.139 0.139 0.134 0.134
5766,3.054423060703704,0.10566 0.10566 0.134 0.134
5767,4.2470363416530965,0.10566 0.10566 0.134 0.134
5768,4.4226586909057986,0.10566 0.10566 0.096 0.096
5769,6.540332482412147,0.096 0.096 0.134 0.134 0.139 0.139
5770,7.712793164539303,0.10566 0.10566 0.134 0.134 0.096 0.096
5771,8.043603507737743,0.134 0.134 0.096 0.096 2.0 2.0 0.139 0.139 0.139 0.139
5772,9.254811599803919,0.096 0.096 0.139 0.139
5773,0.9506401313901911,0.134 0.134
5774,1.1410596327901814,2.0 2.0
5775,1.5906387344764967,2.0 2.0
5776,2.1404524486747283,0.134 0.134 2.0 2.0
5777,2.2213077479131753,2.0 2.0 0.134 0.134
5778,3.054423060703704,2.0 2.0 0.139 0.139
5779,4.2470363416530965,0.134 0.134 0.134 0.134
5780,4.4226586909057986,0.096 0.096 0.096 0.096 2.0 2.0
5781,6.540332482412147,0.134 0.134 0.139 0.139 0.139 0.139
5782,7.712793164539303,0.139 0.139 0.139 0.139 0.10566 0.10566 0.134 0.134
5783,8.043603507737743,0.139 0.139 0.096 0.096 0.134 0.134 0.096 0.096
5784,9.254811599803919,0.139 0.139 0.139 0.139 0.139 0.139
5785,0.9506401313901911,0.134 0.134
5786,1.1410596327901814,0.096 0.096
5787,1.5906387344764967,0.10566 0.10566
5788,2.1404524486747283,0.139 0.139 0.139 0.139
5789,2.2213077479131753,0.134 0.134 0.134 0.134
5790,3.054423060703704,2.0 2.0 0.10566 0.10566
5791,4.2470363416530965,0.096 0.096 0.096 0.096
5792,4.4226586909057986,0.096 0.096 0.134 0.134 0.096 0.096
5793,6.540332482412147,0.139 0.139 0.139 0.139 0.139 0.139
5794,7.712793164539303,0.096 0.096 0.10566 0.10566 0.134 0.134
5795,8.043603507737743,0.134 0.134 0.134 0.134
5796,9.254811599803919,0.134 0.134 0.134 0.134 2.0 2.0 2.0 2.0
5797,0.9506401313901911,0.139 0.139
5798,1.1410596327901814,2.0 2.0
5799,1.5906387344764967,0.096 0.096
5800,2.1404524486747283,0.134 0.134 0.134 0.134
5801,2.2213077479131753,0.139 0.139 0.134 0.134
5802,3.054423060703704,0.134 0.134 0.096 0.096
5803,4.2470363416530965,2.0 2.0 2.0 2.0
5804,4.4226586909057986,0.096 0.096 0.139 0.139
5805,6.540332482412147,0.139 0.139 0.134 0.134 0.096 0.096 0.134 0.134
5806,7.712793164539303,0.134 0.134 0.096 0.096 0.139 0.139 2.0 2.0
5807,8.043603507737743,0.096 0.096 0.096 0.096 0.10566 0.10566
5808,9.254811599803919,0.096 0.096 0.096 0.096 2.0 2.0 2.0 2.0
5809,0.9506401313901911,0.134 0.134
5810,1.1410596327901814,0.096 0.096
5811,1.5906387344764967,0.096 0.096
5812,2.1404524486747283,0.139 0.139 0.134 0.134
5813,2.2213077479131753,0.134 0.134 0.134 0.134
5814,3.054423060703704,0.10566 0.10566 0.096 0.096
5815,4.2470363416530965,0.096 0.096 0.096 0.096
5816,4.4226586909057986,2.0 2.0 0.134 0.134 0.096 0.096
5817,6.540332482412147,0.139 0.139 2.0 2.0
5818,7.712793164539303,2.0 2.0 0.10566 0.10566 0.096 0.096
5819,8.043603507737743,0.096 0.096 0.139 0.139 0.096 0.096
5820,9.254811599803919,0.10566 0.10566 0.10566 0.10566 2.0 2.0 0.139 0.139
5821,0.9506401313901911,0.134 0.134
5822,1.1410596327901814,0.10566 0.10566
5823,1.5906387344764967,0.10566 0.10566
5824,2.1404524486747283,0.096 0.096 0.134 0.134
5825,2.2213077479131753,0.139 0.139 0.134 0.134
5826,3.054423060703704,2.0 2.0 0.096 0.096
5827,4.2470363416530965,0.134 0.134 0.096 0.096 2.0 2.0
5828,4.4226586909057986,2.0 2.0 0.139 0.139 0.134 0.134
5829,6.540332482412147,0.096 0.096 0.134 0.134
5830,7.712793164539303,2.0 2.0 0.139 0.139 0.139 0.139
5831,8.043603507737743,0.134 0.134 2.0 2.0 0.10566 0.10566
5832,9.254811599803919,0.139 0.139 0.10566 0.10566
5833,0.9506401313901911,0.139 0.139
5834,1.1410596327901814,0.096 0.096
5835,1.5906387344764967,2.0 2.0
5836,2.1404524486747283,0.139 0.139 0.134 0.134
5837,2.2213077479131753,0.134 0.134 0.134 0.134
5838,3.054423060703704,0.10566 0.10566 2.0 2.0
5839,4.2470363416530965,2.0 2.0 0.096 0.096 0.139 0.139
5840,4.4226586909057986,0.134 0.134 0.10566 0.10566 0.134 0.134
5841,6.540332482412147,2.0 2.0 0.096 0.096
5842,7.712793164539303,0.096 0.096 2.0 2.0 0.139 0.139
5843,8.043603507737743,0.096 0.096 2.0 2.0
5844,9.254811599803919,0.096 0.096 0.096 0.096 0.134 0.134
5845,0.9506401313901911,0.134 0.134
5846,1.1410596327901814,2.0 2.0
5847,1.5906387344764967,0.096 0.096
5848,2.1404524486747283,2.0 2.0 0.134 0.134
5849,2.2213077479131753,2.0 2.0 2.0 2.0
5850,3.054423060703704,0.134 0.134 2.0 2.0
5851,4.2470363416530965,0.134 0.134 0.134 0.134 2.0 2.0
5852,4.4226586909057986,0.134 0.134 0.139 0.139 0.139 0.139 0.134 0.134
5853,6.540332482412147,0.096 0.096 0.134 0.134 0.134 0.134
5854,7.712793164539303,2.0 2.0 0.134 0.134 0.096 0.096
5855,8.043603507737743,0.134 0.134 0.134 0.134 0.096 0.096
5856,9.254811599803919,2.0 2.0 0.134 0.134 0.134 0.134
5857,0.9506401313901911,0.134 0.134
5858,1.1410596327901814,0.096 0.096
5859,1.5906387344764967,0.096 0.096
5860,2.1404524486747283,0.134 0.134 0.134 0.134
5861,2.2213077479131753,0.134 0.134 2.0 2.0
5862,3.054423060703704,0.10566 0.10566 0.096 0.096
5863,4.2470363416530965,2.0 2.0 0.10566 0.10566 0.134 0.134
5864,4.4226586909057986,0.139 0.139 0.134 0.134 2.0 2.0
5865,6.540332482412147,0.139 0.139 2.0 2.0 2.0 2.0
5866,7.712793164539303,0.134 0.134 0.139 0.139 0.096 0.096 0.134 0.134
5867,8.043603507737743,0.10566 0.10566 0.134 0.134 2.0 2.0 0.134 0.134
5868,9.254811599803919,2.0 2.0 0.134 0.134 0.096 0.096 0.096 0.096
5869,0.9506401313901911,0.139 0.139
5870,1.1410596327901814,0.10566 0.10566
5871,1.5906387344764967,0.10566 0.10566
5872,2.1404524486747283,0.096 0.096 0.139 0.139
5873,2.2213077479131753,0.10566 0.10566 2.0 2.0
5874,3.054423060703704,0.096 0.096 0.096 0.096
5875,4.2470363416530965,0.096 0.096 0.134 0.134
5876,4.4226586909057986,0.139 0.139 2.0 2.0
5877,6.540332482412147,0.139 0.139 0.096 0.096 0.139 0.139
5878,7.712793164539303,0.096 0.096 0.139 0.139 2.0 2.0
5879,8.043603507737743,2.0 2.0 2.0 2.0
5880,9.254811599803919,0.134 0.134 0.096 0.096
5881,0.9506401313901911,0.134 0.134
5882,1.1410596327901814,2.0 2.0
5883,1.5906387344764967,2.0 2.0
5884,2.1404524486747283,0.139 0.139 0.134 0.134
5885,2.2213077479131753,0.134 0.134 0.134 0.134
5886,3.054423060703704,0.134 0.134 0.134 0.134
5887,4.2470363416530965,0.139 0.139 0.134 0.134 0.139 0.139
5888,4.4226586909057986,0.139 0.139 0.134 0.134 0.139 0.139
5889,6.540332482412147,0.096 0.096 2.0 2.0 0.096 0.096 0.134 0.134
5890,7.712793164539303,0.096 0.096 2.0 2.0
5891,8.043603507737743,0.134 0.134 0.096 0.096 0.139 0.139 2.0 2.0
5892,9.254811599803919,2.0 2.0 2.0 2.0 0.139 0.139
5893,0.9506401313901911,0.096 0.096
5894,1.1410596327901814,0.10566 0.10566
5895,1.5906387344764967,2.0 2.0
5896,2.1404524486747283,0.134 0.134 0.096 0.096
5897,2.2213077479131753,0.134 0.134 0.134 0.134
5898,3.054423060703704,0.096 0.096 2.0 2.0
5899,4.2470363416530965,0.134 0.134 0.139 0.139 0.096 0.096
5900,4.4226586909057986,0.096 0.096 0.10566 0.10566 0.139 0.139
5901,6.540332482412147,0.096 0.096 0.096 0.096
5902,7.712793164539303,2.0 2.0 0.139 0.139 0.096 0.096 0.134 0.134
5903,8.043603507737743,0.134 0.134 2.0 2.0 0.134 0.134 2.0 2.0
5904,9.254811599803919,0.134 0.134 0.139 0.139 0.134 0.134 0.096 0.096
5905,0.9506401313901911,0.139 0.139
5906,1.1410596327901814,2.0 2.0
5907,1.5906387344764967,0.096 0.096
5908,2.1404524486747283,0.134 0.134 0.134 0.134
5909,2.2213077479131753,0.134 0.134 0.134 0.134
5910,3.054423060703704,2.0 2.0 2.0 2.0
5911,4.2470363416530965,0.134 0.134 0.134 0.134 0.134 0.134
5912,4.4226586909057986,2.0 2.0 0.134 0.134 0.134 0.134
5913,6.540332482412147,0.139 0.139 2.0 2.0 0.134 0.134
5914,7.712793164539303,0.134 0.134 0.139 0.139 0.134 0.134
5915,8.043603507737743,0.134 0.134 2.0 2.0 2.0 2.0
5916,9.254811599803919,0.10566 0.10566 0.139 0.139 0.134 0.134 0.139 0.139
5917,0.9506401313901911,0.134 0.134
5918,1.1410596327901814,0.096 0.096
5919,1.5906387344764967,2.0 2.0
5920,2.1404524486747283,0.139 0.139 0.134 0.134
5921,2.2213077479131753,0.134 0.134 0.134 0.134
5922,3.054423060703704,0.139 0.139 0.096 0.096
5923,4.2470363416530965,0.10566 0.10566 0.10566 0.10566 0.134 0.134
5924,4.4226586909057986,2.0 2.0 0.134 0.134 2.0 2.0
5925,6.540332482412147,0.10566 0.10566 0.134 0.134 0.096 0.096
5926,7.712793164539303,0.096 0.096 0.139 0.139 0.134 0.134
5927,8.043603507737743,0.134 0.134 2.0 2.0
5928,9.254811599803919,2.0 2.0 0.096 0.096 0.134 0.134
5929,0.9506401313901911,0.139 0.139
5930,1.1410596327901814,0.096 0.096
5931,1.5906387344764967,0.10566 0.10566
5932,2.1404524486747283,0.139 0.139 0.139 0.139
5933,2.2213077479131753,0.134 0.134 0.139 0.139
5934,3.054423060703704,2.0 2.0 0.096 0.096
5935,4.2470363416530965,0.096 0.096 0.134 0.134 0.134 0.134
5936,4.4226586909057986,0.096 0.096 0.134 0.134
5937,6.540332482412147,0.134 0.134 0.134 0.134 0.134 0.134 0.134 0.134
5938,7.712793164539303,0.096 0.096 0.096 0.096 0.10566 0.10566 0.134 0.134
5939,8.043603507737743,2.0 2.0 2.0 2.0
5940,9.254811599803919,0.134 0.134 2.0 2.0 2.0 2.0 2.0 2.0 0.096 0.096
5941,0.9506401313901911,0.134 0.134
5942,1.1410596327901814,2.0 2.0
5943,1.5906387344764967,0.096 0.096
5944,2.1404524486747283,0.134 0.134 0.134 0.134
5945,2.2213077479131753,0.096 0.096 0.139 0.139
5946,3.054423060703704,0.134 0.134 2.0 2.0
5947,4.2470363416530965,0.096 0.096 0.134 0.134 2.0 2.0
5948,4.4226586909057986,0.096 0.096 0.10566 0.10566
5949,6.540332482412147,2.0 2.0 0.134 0.134 2.0 2.0
5950,7.712793164539303,0.10566 0.10566 0.134 0.134 0.096 0.096
5951,8.043603507737743,0.134 0.134 0.134 0.134 0.10566 0.10566
5952,9.254811599803919,0.134 0.134 0.096 0.096 0.10566 0.10566 0.134 0.134 0.134 0.134
5953,0.9506401313901911,0.096 0.096
5954,1.1410596327901814,2.0 2.0
5955,1.5906387344764967,0.096 0.096
5956,2.1404524486747283,0.134 0.134 2.0 2.0
5957,2.2213077479131753,0.10566 0.10566 0.139 0.139
5958,3.054423060703704,0.096 0.096 0.134 0.134
5959,4.2470363416530965,0.134 0.134 0.139 0.139
5960,4.4226586909057986,2.0 2.0 0.10566 0.10566 0.096 0.096
5961,6.540332482412147,2.0 2.0 0.139 0.139 0.134 0.134
5962,7.712793164539303,2.0 2.0 0.096 0.096 0.096 0.096 0.139 0.139
5963,8.043603507737743,0.134 0.134 2.0 2.0
5964,9.254811599803919,2.0 2.0 2.0 2.0 0.134 0.134
5965,0.9506401313901911,0.139 0.139
5966,1.1410596327901814,0.10566 0.10566
5967,1.5906387344764967,0.096 0.096
5968,2.1404524486747283,0.134 0.134 0.134 0.134
5969,2.2213077479131753,0.134 0.134 2.0 2.0
5970,3.054423060703704,2.0 2.0 2.0 2.0
5971,4.2470363416530965,0.134 0.134 0.134 0.134 0.096 0.096
5972,4.4226586909057986,0.096 0.096 0.134 0.134 0.139 0.139
5973,6.540332482412147,0.10566 0.10566 0.134 0.134 0.134 0.134
5974,7.712793164539303,0.096 0.096 2.0 2.0
5975,8.043603507737743,0.134 0.134 0.10566 0.10566
5976,9.254811599803919,2.0 2.0 0.096 0.096 0.10566 0.10566
5977,0.9506401313901911,0.134 0.134
5978,1.1410596327901814,2.0 2.0
5979,1.5906387344764967,2.0 2.0
5980,2.1404524486747283,0.096 0.096 0.10566 0.10566
5981,2.2213077479131753,0.096 0.096 0.134 0.134
5982,3.054423060703704,2.0 2.0 0.096 0.096
5983,4.2470363416530965,0.096 0.096 0.10566 0.10566
5984,4.4226586909057986,0.096 0.096 0.139 0.139 0.139 0.139
5985,6.540332482412147,0.139 0.139 2.0 2.0
5986,7.712793164539303,0.134 0.134 0.139 0.139 2.0 2.0 0.134 0.134
5987,8.043603507737743,0.10566 0.10566 0.10566 0.10566 0.096 0.096 2.0 2.0
5988,9.254811599803919,2.0 2.0 0.134 0.134 0.134 0.134
5989,0.9506401313901911,0.134 0.134
5990,1.1410596327901814,0.10566 0.10566
5991,1.5906387344764967,2.0 2.0
5992,2.1404524486747283,0.096 0.096 0.139 0.139
5993,2.2213077479131753,0.139 0.139 0.134 0.134
5994,3.054423060703704,0.134 0.134 0.096 0.096
5995,4.2470363416530965,2.0 2.0 0.134 0.134 0.134 0.134
5996,4.4226586909057986,0.096 0.096 2.0 2.0
5997,6.540332482412147,2.0 2.0 2.0 2.0 0.134 0.134
5998,7.712793164539303,2.0 2.0 2.0 2.0
5999,8.043603507737743,0.134 0.134 0.134 0.134 2.0 2.0
6000,9.254811599803919,0.096 0.096 0.10566 0.10566 0.134 0.134
6001,0.9506401313901911,0.139 0.139
6002,1.1410596327901814,0.096 0.096
6003,1.5906387344764967,2.0 2.0
6004,2.1404524486747283,0.134 0.134 2.0 2.0
6005,2.2213077479131753,0.134 0.134 0.10566 0.10566
6006,3.054423060703704,0.134 0.134 0.139 0.139
6007,4.2470363416530965,0.096 0.096 0.139 0.139
6008,4.4226586909057986,0.139 0.139 0.139 0.139 0.10566 0.10566
6009,6.540332482412147,0.134 0.134 0.096 0.096 0.139 0.139
6010,7.712793164539303,0.134 0.134 0.139 0.139 0.139 0.139 0.134 0.134
6011,8.043603507737743,2.0 2.0 2.0 2.0
6012,9.254811599803919,0.134 0.134 2.0 2.0 0.134 0.134 0.134 0.134 0.134 0.134 0.134 0.134
6013,0.9506401313901911,0.134 0.134
6014,1.1410596327901814,2.0 2.0
6015,1.5906387344764967,2.0 2.0
6016,2.1404524486747283,0.134 0.134 0.139 0.139
6017,2.2213077479131753,0.096 0.096 0.134 0.134
6018,3.054423060703704,0.139 0.139 0.134 0.134
6019,4.2470363416530965,2.0 2.0 0.096 0.096 0.134 0.134
6020,4.4226586909057986,0.134 0.134 0.139 0.139 2.0 2.0
6021,6.540332482412147,0.139 0.139 0.096 0.096 2.0 2.0 0.134 0.134
6022,7.712793164539303,0.096 0.096 0.096 0.096 0.134 0.134
6023,8.043603507737743,0.134 0.134 0.134 0.134 0.139 0.139
6024,9.254811599803919,2.0 2.0 0.134 0.134 0.096 0.096
6025,0.9506401313901911,0.134 0.134
6026,1.1410596327901814,2.0 2.0
6027,1.5906387344764967,0.096 0.096
6028,2.1404524486747283,0.139 0.139 0.139 0.139
6029,2.2213077479131753,0.139 0.139 0.096 0.096
6030,3.054423060703704,0.096 0.096 0.096 0.096
6031,4.2470363416530965,2.0 2.0 2.0 2.0 0.139 0.139
6032,4.4226586909057986,0.096 0.096 0.10566 0.10566 0.134 0.134
6033,6.540332482412147,0.134 0.134 0.096 0.096 0.134 0.134 2.0 2.0
6034,7.712793164539303,2.0 2.0 0.096 0.096 0.139 0.139 0.096 0.096
6035,8.043603507737743,0.134 0.134 0.096 0.096 0.134 0.134
6036,9.254811599803919,2.0 2.0 2.0 2.0 0.134 0.134
6037,0.9506401313901911,0.134 0.134
6038,1.1410596327901814,0.10566 0.10566
6039,1.5906387344764967,0.134 0.134
6040,2.1404524486747283,0.096 0.096 0.134 0.134
6041,2.2213077479131753,0.096 0.096 0.134 0.134
6042,3.054423060703704,0.096 0.096 0.10566 0.10566
6043,4.2470363416530965,0.10566 0.10566 0.134 0.134
6044,4.4226586909057986,0.096 0.096 0.134 0.134 0.096 0.096
6045,6.540332482412147,0.134 0.134 0.134 0.134 0.139 0.139
6046,7.712793164539303,0.134 0.134 2.0 2.0 0.139 0.139
6047,8.043603507737743,0.134 0.134 0.134 0.134
6048,9.254811599803919,2.0 2.0 0.096 0.096 0.134 0.134
6049,0.9506401313901911,0.139 0.139
6050,1.1410596327901814,2.0 2.0
6051,1.5906387344764967,2.0 2.0
6052,2.1404524486747283,2.0 2.0 0.096 0.096
6053,2.2213077479131753,2.0 2.0 0.134 0.134
6054,3.054423060703704,0.096 0.096 0.139 0.139
6055,4.2470363416530965,0.134 0.134 2.0 2.0
6056,4.4226586909057986,0.096 0.096 0.096 0.096
6057,6.540332482412147,0.134 0.134 0.139 0.139 0.139 0.139
6058,7.712793164539303,2.0 2.0 0.096 0.096 0.096 0.096
6059,8.043603507737743,0.096 0.096 0.139 0.139 0.10566 0.10566
6060,9.254811599803919,0.096 0.096 2.0 2.0 2.0 2.0
6061,0.9506401313901911,0.134 0.134
6062,1.1410596327901814,0.134 0.134
6063,1.5906387344764967,0.096 0.096
6064,2.1404524486747283,0.134 0.134 0.134 0.134
6065,2.2213077479131753,0.096 0.096 2.0 2.0
6066,3.054423060703704,0.096 0.096 0.10566 0.10566
6067,4.2470363416530965,0.134 0.134 0.139 0.139 0.134 0.134
6068,4.4226586909057986,2.0 2.0 0.139 0.139 0.134 0.134
6069,6.540332482412147,0.134 0.134 0.10566 0.10566 2.0 2.0 0.134 0.134
6070,7.712793164539303,2.0 2.0 0.096 0.096
6071,8.043603507737743,2.0 2.0 0.096 0.096 2.0 2.0 0.10566 0.10566
6072,9.254811599803919,0.096 0.096 0.134 0.134 2.0 2.0 2.0 2.0
6073,0.9506401313901911,0.134 0.134
6074,1.1410596327901814,2.0 2.0
6075,1.5906387344764967,2.0 2.0
6076,2.1404524486747283,0.10566 0.10566 0.096 0.096
6077,2.2213077479131753,0.139 0.139 0.139 0.139
6078,3.054423060703704,0.10566 0.10566 0.10566 0.10566
6079,4.2470363416530965,0.10566 0.10566 0.096 0.096
6080,4.4226586909057986,0.096 0.096 0.134 0.134
6081,6.540332482412147,0.096 0.096 0.096 0.096
6082,7.712793164539303,0.10566 0.10566 2.0 2.0
6083,8.043603507737743,2.0 2.0 0.134 0.134 2.0 2.0 0.134 0.134
6084,9.254811599803919,0.096 0.096 0.096 0.096 0.134 0.134 2.0 2.0
6085,0.9506401313901911,0.139 0.139
6086,1.1410596327901814,0.096 0.096
6087,1.5906387344764967,0.096 0.096
6088,2.1404524486747283,0.134 0.134 0.134 0.134
6089,2.2213077479131753,0.134 0.134 0.096 0.096
6090,3.054423060703704,2.0 2.0 0.134 0.134
6091,4.2470363416530965,0.134 0.134 0.139 0.139
6092,4.4226586909057986,0.134 0.134 0.096 0.096 0.10566 0.10566
6093,6.540332482412147,2.0 2.0 2.0 2.0 2.0 2.0
6094,7.712793164539303,2.0 2.0 0.134 0.134 0.134 0.134 0.139 0.139 2.0 2.0
6095,8.043603507737743,2.0 2.0 0.10566 0.10566 0.134 0.134 2.0 2.0
6096,9.254811599803919,2.0 2.0 2.0 2.0 2.0 2.0 2.0 2.0
6097,0.9506401313901911,0.134 0.134
6098,1.1410596327901814,0.10566 0.10566
6099,1.5906387344764967,2.0 2.0
6100,2.1404524486747283,0.134 0.134 0.10566 0.10566
6101,2.2213077479131753,0.134 0.134 0.134 0.134
6102,3.054423060703704,0.096 0.096 2.0 2.0
6103,4.2470363416530965,0.096 0.096 2.0 2.0
6104,4.4226586909057986,0.139 0.139 2.0 2.0 0.134 0.134
6105,6.540332482412147,0.096 0.096 0.139 0.139 0.139 0.139
6106,7.712793164539303,0.139 0.139 0.096 0.096 0.139 0.139 0.096 0.096
6107,8.043603507737743,0.096 0.096 0.096 0.096 0.096 0.096 0.096 0.096
6108,9.254811599803919,0.10566 0.10566 0.10566 0.10566 0.139 0.139
6109,0.9506401313901911,0.134 0.134
6110,1.1410596327901814,0.096 0.096
6111,1.5906387344764967,2.0 2.0
6112,2.1404524486747283,0.139 0.139 0.10566 0.10566
6113,2.2213077479131753,0.096 0.096 0.134 0.134
6114,3.054423060703704,0.096 0.096 0.139 0.139
6115,4.2470363416530965,2.0 2.0 0.134 0.134
6116,4.4226586909057986,0.139 0.139 0.139 0.139 0.134 0.134
6117,6.540332482412147,0.134 0.134 0.134 0.134 2.0 2.0 0.134 0.134
6118,7.712793164539303,0.096 0.096 0.139 0.139 0.139 0.139 0.134 0.134
6119,8.043603507737743,2.0 2.0 0.134 0.134 0.096 0.096 0.096 0.096
6120,9.254811599803919,0.139 0.139 0.134 0.134 0.096 0.096 0.134 0.134
6121,0.9506401313901911,0.139 0.139
6122,1.1410596327901814,2.0 2.0
6123,1.5906387344764967,2.0 2.0
6124,2.1404524486747283,0.134 0.134 0.134 0.134
6125,2.2213077479131753,0.134 0.134 0.134 0.134
6126,3.054423060703704,2.0 2.0 2.0 2.0
6127,4.2470363416530965,2.0 2.0 0.134 0.134
6128,4.4226586909057986,2.0 2.0 0.134 0.134 2.0 2.0
6129,6.540332482412147,2.0 2.0 0.134 0.134 2.0 2.0
6130,7.712793164539303,0.096 0.096 0.096 0.096
6131,8.043603507737743,2.0 2.0 0.096 0.096 0.096 0.096
6132,9.254811599803919,0.134 0.134 2.0 2.0 0.134 0.134 0.096 0.096
6133,0.9506401313901911,2.0 2.0
6134,1.1410596327901814,0.10566 0.10566
6135,1.5906387344764967,0.096 0.096
6136,2.1404524486747283,0.096 0.096 0.134 0.134
6137,2.2213077479131753,0.096 0.096 0.134 0.134
6138,3.054423060703704,2.0 2.0 0.134 0.134
6139,4.2470363416530965,0.134 0.134 0.139 0.139 0.134 0.134
6140,4.4226586909057986,0.134 0.134 2.0 2.0
6141,6.540332482412147,0.10566 0.10566 0.134 0.134 0.139 0.139 0.096 0.096
6142,7.712793164539303,0.10566 0.10566 0.134 0.134 0.134 0.134 0.139 0.139 0.096 0.096
6143,8.043603507737743,2.0 2.0 0.139 0.139 0.134 0.134 0.096 0.096
6144,9.254811599803919,0.134 0.134 2.0 2.0
6145,0.9506401313901911,0.134 0.134
6146,1.1410596327901814,2.0 2.0
6147,1.5906387344764967,2.0 2.0
6148,2.1404524486747283,0.134 0.134 0.139 0.139
6149,2.2213077479131753,0.134 0.134 0.134 0.134
6150,3.054423060703704,0.096 0.096 0.134 0.134
6151,4.2470363416530965,0.10566 0.10566 0.139 0.139
6152,4.4226586909057986,2.0 2.0 0.139 0.139 0.139 0.139
6153,6.540332482412147,0.134 0.134 0.096 0.096
6154,7.712793164539303,0.139 0.139 0.134 0.134 0.134 0.134
6155,8.043603507737743,0.134 0.134 2.0 2.0
6156,9.254811599803919,0.10566 0.10566 0.134 0.134 2.0 2.0
6157,0.9506401313901911,0.134 0.134
6158,1.1410596327901814,0.096 0.096
6159,1.5906387344764967,2.0 2.0
6160,2.1404524486747283,0.134 0.134 2.0 2.0
6161,2.2213077479131753,0.134 0.134 0.096 0.096
6162,3.054423060703704,2.0 2.0 0.134 0.134
6163,4.2470363416530965,2.0 2.0 0.134 0.134
6164,4.4226586909057986,0.10566 0.10566 0.10566 0.10566
6165,6.540332482412147,0.139 0.139 0.139 0.139 0.134 0.134
6166,7.712793164539303,0.096 0.096 2.0 2.0 0.134 0.134
6167,8.043603507737743,0.096 0.096 0.096 0.096 0.134 0.134 0.096 0.096 0.139 0.139
6168,9.254811599803919,0.096 0.096 0.10566 0.10566 0.134 0.134
6169,0.9506401313901911,0.134 0.134
6170,1.1410596327901814,2.0 2.0
6171,1.5906387344764967,0.10566 0.10566
6172,2.1404524486747283,0.139 0.139 0.096 0.096
6173,2.2213077479131753,2.0 2.0 0.134 0.134
6174,3.054423060703704,0.096 0.096 2.0 2.0
6175,4.2470363416530965,2.0 2.0 0.139 0.139 0.139 0.139
6176,4.4226586909057986,0.134 0.134 2.0 2.0 2.0 2.0
6177,6.540332482412147,0.10566 0.10566 0.096 0.096
6178,7.712793164539303,2.0 2.0 2.0 2.0
6179,8.043603507737743,0.134 0.134 0.096 0.096
6180,9.254811599803919,0.134 0.134 0.096 0.096 0.10566 0.10566
6181,0.9506401313901911,0.134 0.134
6182,1.1410596327901814,0.096 0.096
6183,1.5906387344764967,0.10566 0.10566
6184,2.1404524486747283,2.0 2.0 0.10566 0.10566
6185,2.2213077479131753,2.0 2.0 2.0 2.0
6186,3.054423060703704,0.134 0.134 2.0 2.0
6187,4.2470363416530965,0.134 0.134 0.134 0.134
6188,4.4226586909057986,0.134 0.134 0.139 0.139
6189,6.540332482412147,0.134 0.134 0.134 0.134
6190,7.712793164539303,0.134 0.134 0.134 0.134 0.134 0.134
6191,8.043603507737743,0.10566 0.10566 0.134 0.134 0.096 0.096
6192,9.254811599803919,2.0 2.0 2.0 2.0
6193,0.9506401313901911,0.139 0.139
6194,1.1410596327901814,0.096 0.096
6195,1.5906387344764967,0.096 0.096
6196,2.1404524486747283,0.139 0.139 2.0 2.0
6197,2.2213077479131753,0.134 0.134 0.134 0.134
6198,3.054423060703704,0.134 0.134 0.096 0.096
6199,4.2470363416530965,2.0 2.0 0.134 0.134
6200,4.4226586909057986,0.096 0.096 2.0 2.0
6201,6.540332482412147,2.0 2.0 0.139 0.139 0.096 0.096 2.0 2.0
6202,7.712793164539303,0.134 0.134 0.139 0.139 0.10566 0.10566 2.0 2.0
6203,8.043603507737743,0.096 0.096 0.139 0.139 0.096 0.096
6204,9.254811599803919,0.139 0.139 2.0 2.0 0.096 0.096 0.096 0.096
6205,0.9506401313901911,0.10566 0.10566
6206,1.1410596327901814,0.096 0.096
6207,1.5906387344764967,0.096 0.096
6208,2.1404524486747283,0.134 0.134 0.134 0.134
6209,2.2213077479131753,0.134 0.134 0.134 0.134
6210,3.054423060703704,0.134 0.134 0.139 0.139
6211,4.2470363416530965,0.139 0.139 0.134 0.134 2.0 2.0
6212,4.4226586909057986,0.139 0.139 0.096 0.096 2.0 2.0
6213,6.540332482412147,0.134 0.134 0.134 0.134 0.139 0.139
6214,7.712793164539303,0.134 0.134 0.134 0.134 0.134 0.134 0.096 0.096
6215,8.043603507737743,0.10566 0.10566 2.0 2.0 0.139 0.139 0.134 0.134
6216,9.254811599803919,0.139 0.139 0.134 0.134 2.0 2.0
6217,0.9506401313901911,0.134 0.134
6218,1.1410596327901814,0.096 0.096
6219,1.5906387344764967,0.096 0.096
6220,2.1404524486747283,0.10566 0.10566 0.139 0.139
6221,2.2213077479131753,0.139 0.139 0.10566 0.10566
6222,3.054423060703704,2.0 2.0 0.134 0.134
6223,4.2470363416530965,0.096 0.096 0.134 0.134 2.0 2.0
6224,4.4226586909057986,0.096 0.096 2.0 2.0
6225,6.540332482412147,0.134 0.134 0.139 0.139 0.134 0.134
6226,7.712793164539303,0.134 0.134 2.0 2.0 0.139 0.139
6227,8.043603507737743,0.10566 0.10566 0.134 0.134 0.139 0.139 0.134 0.134
6228,9.254811599803919,0.139 0.139 0.096 0.096 2.0 2.0 0.139 0.139
6229,0.9506401313901911,0.139 0.139
6230,1.1410596327901814,0.10566 0.10566
6231,1.5906387344764967,2.0 2.0
6232,2.1404524486747283,0.134 0.134 0.134 0.134
6233,2.2213077479131753,2.0 2.0 0.134 0.134
6234,3.054423060703704,0.096 0.096 0.096 0.096
6235,4.2470363416530965,2.0 2.0 0.10566 0.10566
6236,4.4226586909057986,2.0 2.0 0.134 0.134
6237,6.540332482412147,0.096 0.096 0.134 0.134
6238,7.712793164539303,0.10566 0.10566 2.0 2.0 0.134 0.134
6239,8.043603507737743,2.0 2.0 0.134 0.134 0.096 0.096
6240,9.254811599803919,0.096 0.096 0.134 0.134 0.134 0.134
6241,0.9506401313901911,0.096 0.096
6242,1.1410596327901814,0.139 0.139
6243,1.5906387344764967,0.10566 0.10566
6244,2.1404524486747283,0.134 0.134 0.10566 0.10566
6245,2.2213077479131753,0.134 0.134 0.139 0.139
6246,3.054423060703704,0.134 0.134 0.134 0.134
6247,4.2470363416530965,0.10566 0.10566 0.10566 0.10566 0.139 0.139
6248,4.4226586909057986,0.134 0.134 2.0 2.0
6249,6.540332482412147,2.0 2.0 2.0 2.0
6250,7.712793164539303,2.0 2.0 0.10566 0.10566
6251,8.043603507737743,2.0 2.0 0.134 0.134
6252,9.254811599803919,0.134 0.134 0.134 0.134 2.0 2.0
6253,0.9506401313901911,0.134 0.134
6254,1.1410596327901814,2.0 2.0
6255,1.5906387344764967,2.0 2.0
6256,2.1404524486747283,0.10566 0.10566 2.0 2.0
6257,2.2213077479131753,0.134 0.134 0.134 0.134
6258,3.054423060703704,0.139 0.139 0.096 0.096
6259,4.2470363416530965,0.096 0.096 0.10566 0.10566 0.134 0.134
6260,4.4226586909057986,0.134 0.134 2.0 2.0 0.096 0.096
6261,6.540332482412147,0.096 0.096 0.134 0.134 0.134 0.134
6262,7.712793164539303,2.0 2.0 0.134 0.134 0.134 0.134
6263,8.043603507737743,2.0 2.0 0.139 0.139
6264,9.254811599803919,2.0 2.0 2.0 2.0 0.10566 0.10566
6265,0.9506401313901911,0.134 0.134
6266,1.1410596327901814,0.096 0.096
6267,1.5906387344764967,2.0 2.0
6268,2.1404524486747283,0.096 0.096 0.134 0.134
6269,2.2213077479131753,0.139 0.139 0.096 0.096
6270,3.054423060703704,2.0 2.0 0.134 0.134
6271,4.2470363416530965,2.0 2.0 0.10566 0.10566
6272,4.4226586909057986,0.096 0.096 0.139 0.139 2.0 2.0
6273,6.540332482412147,0.096 0.096 0.096 0.096
6274,7.712793164539303,0.096 0.096 0.096 0.096
6275,8.043603507737743,0.134 0.134 0.096 0.096 2.0 2.0 0.10566 0.10566 0.134 0.134
6276,9.254811599803919,0.134 0.134 0.096 0.096 0.10566 0.10566
6277,0.9506401313901911,0.134 0.134
6278,1.1410596327901814,0.10566 0.10566
6279,1.5906387344764967,0.10566 0.10566
6280,2.1404524486747283,2.0 2.0 0.139 0.139
6281,2.2213077479131753,0.10566 0.10566 0.134 0.134
6282,3.054423060703704,0.096 0.096 0.134 0.134
6283,4.2470363416530965,0.096 0.096 2.0 2.0 0.139 0.139
6284,4.4226586909057986,0.096 0.096 0.096 0.096
6285,6.540332482412147,0.134 0.134 0.10566 0.10566
6286,7.712793164539303,2.0 2.0 0.096 0.096
6287,8.043603507737743,2.0 2.0 0.096 0.096 0.134 0.134 0.096 0.096
6288,9.254811599803919,0.134 0.134 0.134 0.134 0.134 0.134
6289,0.9506401313901911,0.134 0.134
6290,1.1410596327901814,0.10566 0.10566
6291,1.5906387344764967,2.0 2.0
6292,2.1404524486747283,0.139 0.139 0.134 0.134
6293,2.2213077479131753,0.10566 0.10566 0.139 0.139
6294,3.054423060703704,0.134 0.134 0.096 0.096
6295,4.2470363416530965,0.134 0.134 2.0 2.0 0.134 0.134
6296,4.4226586909057986,0.139 0.139 0.134 0.134 0.134 0.134
6297,6.540332482412147,0.139 0.139 0.096 0.096
6298,7.712793164539303,0.134 0.134 0.134 0.134 0.134 0.134 0.134 0.134
6299,8.043603507737743,0.10566 0.10566 0.139 0.139 0.096 0.096 0.10566 0.10566 2.0 2.0
6300,9.254811599803919,0.096 0.096 0.096 0.096 0.096 0.096 0.139 0.139 0.134 0.134
6301,0.9506401313901911,0.134 0.134
6302,1.1410596327901814,2.0 2.0
6303,1.5906387344764967,2.0 2.0
6304,2.1404524486747283,2.0 2.0 2.0 2.0
6305,2.2213077479131753,0.10566 0.10566 0.134 0.134
6306,3.054423060703704,2.0 2.0 0.096 0.096
6307,4.2470363416530965,0.134 0.134 0.139 0.139
6308,4.4226586909057986,2.0 2.0 0.139 0.139 0.134 0.134
6309,6.540332482412147,2.0 2.0 0.134 0.134 0.096 0.096
6310,7.712793164539303,0.096 0.096 2.0 2.0
6311,8.043603507737743,0.096 0.096 0.134 0.134 2.0 2.0
6312,9.254811599803919,2.0 2.0 0.139 0.139 0.096 0.096
6313,0.9506401313901911,0.134 0.134
6314,1.1410596327901814,2.0 2.0
6315,1.5906387344764967,2.0 2.0
6316,2.1404524486747283,0.139 0.139 0.134 0.134
6317,2.2213077479131753,0.134 0.134 0.139 0.139
6318,3.054423060703704,0.134 0.134 2.0 2.0
6319,4.2470363416530965,0.096 0.096 0.139 0.139 0.139 0.139
6320,4.4226586909057986,0.096 0.096 0.134 0.134
6321,6.540332482412147,0.134 0.134 0.134 0.134 0.134 0.134
6322,7.712793164539303,2.0 2.0 0.134 0.134 0.096 0.096 0.134 0.134
6323,8.043603507737743,2.0 2.0 0.139 0.139 0.134 0.134
6324,9.254811599803919,0.139 0.139 0.134 0.134 0.134 0.134 2.0 2.0
6325,0.9506401313901911,0.134 0.134
6326,1.1410596327901814,0.139 0.139
6327,1.5906387344764967,2.0 2.0
6328,2.1404524486747283,0.134 0.134 0.096 0.096
6329,2.2213077479131753,0.096 0.096 0.134 0.134
6330,3.054423060703704,2.0 2.0 0.139 0.139
6331,4.2470363416530965,2.0 2.0 0.096 0.096 0.139 0.139
6332,4.4226586909057986,0.096 0.096 0.134 0.134 0.096 0.096
6333,6.540332482412147,0.10566 0.10566 0.10566 0.10566 0.134 0.134 0.096 0.096
6334,7.712793164539303,0.134 0.134 0.096 0.096 0.134 0.134
6335,8.043603507737743,0.134 0.134 0.096 0.096 0.096 0.096
6336,9.254811599803919,0.134 0.134 0.096 0.096 2.0 2.0
6337,0.9506401313901911,0.139 0.139
6338,1.1410596327901814,0.134 0.134
6339,1.5906387344764967,2.0 2.0
6340,2.1404524486747283,0.134 0.134 0.134 0.134
6341,2.2213077479131753,0.134 0.134 0.139 0.139
6342,3.054423060703704,0.096 0.096 0.096 0.096
6343,4.2470363416530965,0.134 0.134 2.0 2.0
6344,4.4226586909057986,0.139 0.139 0.139 0.139 0.096 0.096
6345,6.540332482412147,0.096 0.096 0.134 0.134 0.139 0.139
6346,7.712793164539303,0.10566 0.10566 0.139 0.139 0.139 0.139
6347,8.043603507737743,2.0 2.0 0.134 0.134 0.139 0.139
6348,9.254811599803919,2.0 2.0 0.134 0.134 2.0 2.0
6349,0.9506401313901911,0.134 0.134
6350,1.1410596327901814,0.096 0.096
6351,1.5906387344764967,2.0 2.0
6352,2.1404524486747283,2.0 2.0 0.139 0.139
6353,2.2213077479131753,0.139 0.139 0.10566 0.10566
6354,3.054423060703704,0.139 0.139 0.096 0.096
6355,4.2470363416530965,0.139 0.139 2.0 2.0
6356,4.4226586909057986,0.10566 0.10566 0.139 0.139
6357,6.540332482412147,0.096 0.096 0.134 0.134 2.0 2.0
6358,7.712793164539303,0.134 0.134 2.0 2.0 0.134 0.134
6359,8.043603507737743,0.139 0.139 0.139 0.139 2.0 2.0
6360,9.254811599803919,0.10566 0.10566 2.0 2.0 0.134 0.134
6361,0.9506401313901911,0.096 0.096
6362,1.1410596327901814,0.10566 0.10566
6363,1.5906387344764967,0.096 0.096
6364,2.1404524486747283,2.0 2.0 0.096 0.096
6365,2.2213077479131753,0.134 0.134 0.096 0.096
6366,3.054423060703704,2.0 2.0 0.134 0.134
6367,4.2470363416530965,2.0 2.0 0.096 0.096 2.0 2.0
6368,4.4226586909057986,0.139 0.139 0.096 0.096
6369,6.540332482412147,0.134 0.134 0.10566 0.10566
6370,7.712793164539303,0.096 0.096 2.0 2.0 0.139 0.139 2.0 2.0
6371,8.043603507737743,2.0 2.0 0.139 0.139 0.134 0.134 0.096 0.096
6372,9.254811599803919,0.139 0.139 0.139 0.139 0.10566 0.10566 0.096 0.096
6373,0.9506401313901911,0.139 0.139
6374,1.1410596327901814,0.096 0.096
6375,1.5906387344764967,0.10566 0.10566
6376,2.1404524486747283,0.134 0.134 0.134 0.134
6377,2.2213077479131753,2.0 2.0 0.134 0.134
6378,3.054423060703704,0.139 0.139 2.0 2.0
6379,4.2470363416530965,0.096 0.096 2.0 2.0
6380,4.4226586909057986,2.0 2.0 2.0 2.0
6381,6.540332482412147,2.0 2.0 0.134 0.134 0.139 0.139
6382,7.712793164539303,0.096 0.096 0.139 0.139
6383,8.043603507737743,2.0 2.0 0.134 0.134 0.139 0.139 0.134 0.134
6384,9.254811599803919,0.096 0.096 2.0 2.0 0.134 0.134 0.134 0.134
6385,0.9506401313901911,0.134 0.134
6386,1.1410596327901814,0.096 0.096
6387,1.5906387344764967,2.0 2.0
6388,2.1404524486747283,0.134 0.134 2.0 2.0
6389,2.2213077479131753,0.134 0.134 2.0 2.0
6390,3.054423060703704,2.0 2.0 0.096 0.096
6391,4.2470363416530965,0.096 0.096 0.139 0.139
6392,4.4226586909057986,0.096 0.096 2.0 2.0 0.134 0.134
6393,6.540332482412147,0.134 0.134 0.134 0.134
6394,7.712793164539303,0.139 0.139 0.096 0.096
6395,8.043603507737743,0.134 0.134 2.0 2.0 0.139 0.139
6396,9.254811599803919,2.0 2.0 2.0 2.0 0.096 0.096 0.134 0.134
6397,0.9506401313901911,0.134 0.134
6398,1.1410596327901814,0.134 0.134
6399,1.5906387344764967,0.096 0.096
6400,2.1404524486747283,0.096 0.096 2.0 2.0
6401,2.2213077479131753,0.139 0.139 0.134 0.134
6402,3.054423060703704,2.0 2.0 0.139 0.139
6403,4.2470363416530965,0.096 0.096 0.096 0.096 0.096 0.096
6404,4.4226586909057986,2.0 2.0 2.0 2.0
6405,6.540332482412147,0.10566 0.10566 0.139 0.139 0.139 0.139 0.134 0.134
6406,7.712793164539303,0.096 0.096 0.134 0.134 0.139 0.139
6407,8.043603507737743,0.096 0.096 2.0 2.0
6408,9.254811599803919,2.0 2.0 2.0 2.0 0.134 0.134
6409,0.9506401313901911,0.139 0.139
6410,1.1410596327901814,0.096 0.096
6411,1.5906387344764967,2.0 2.0
6412,2.1404524486747283,0.10566 0.10566 0.134 0.134
6413,2.2213077479131753,0.139 0.139 2.0 2.0
6414,3.054423060703704,2.0 2.0 0.134 0.134
6415,4.2470363416530965,0.134 0.134 0.134 0.134 2.0 2.0
6416,4.4226586909057986,0.134 0.134 0.134 0.134 2.0 2.0
6417,6.540332482412147,2.0 2.0 2.0 2.0 0.139 0.139
6418,7.712793164539303,0.10566 0.10566 2.0 2.0 0.139 0.139
6419,8.043603507737743,0.134 0.134 0.139 0.139 0.134 0.134 0.134 0.134
6420,9.254811599803919,2.0 2.0 2.0 2.0 0.134 0.134 0.139 0.139
6421,0.9506401313901911,0.134 0.134
6422,1.1410596327901814,0.10566 0.10566
6423,1.5906387344764967,0.10566 0.10566
6424,2.1404524486747283,0.096 0.096 2.0 2.0
6425,2.2213077479131753,0.134 0.134 0.139 0.139
6426,3.054423060703704,0.134 0.134 0.134 0.134
6427,4.2470363416530965,0.134 0.134 0.096 0.096
6428,4.4226586909057986,2.0 2.0 0.096 0.096 0.139 0.139
6429,6.540332482412147,0.139 0.139 0.134 0.134 2.0 2.0
6430,7.712793164539303,0.134 0.134 2.0 2.0 0.134 0.134
6431,8.043603507737743,0.134 0.134 0.134 0.134
6432,9.254811599803919,2.0 2.0 0.139 0.139 0.10566 0.10566 0.096 0.096
6433,0.9506401313901911,0.134 0.134
6434,1.1410596327901814,2.0 2.0
6435,1.5906387344764967,2.0 2.0
6436,2.1404524486747283,0.134 0.134 0.096 0.096
6437,2.2213077479131753,0.134 0.134 0.10566 0.10566
6438,3.054423060703704,0.134 0.134 0.096 0.096
6439,4.2470363416530965,0.139 0.139 0.139 0.139 2.0 2.0
6440,4.4226586909057986,0.096 0.096 0.134 0.134 2.0 2.0
6441,6.540332482412147,0.134 0.134 0.134 0.134 0.096 0.096
6442,7.712793164539303,0.096 0.096 2.0 2.0 0.139 0.139 0.134 0.134
6443,8.043603507737743,0.134 0.134 0.139 0.139 0.10566 0.10566 0.139 0.139
6444,9.254811599803919,0.134 0.134 0.10566 0.10566 2.0 2.0 0.134 0.134
6445,0.9506401313901911,0.139 0.139
6446,1.1410596327901814,0.096 0.096
6447,1.5906387344764967,2.0 2.0
6448,2.1404524486747283,0.134 0.134 0.139 0.139
6449,2.2213077479131753,2.0 2.0 0.134 0.134
6450,3.054423060703704,2.0 2.0 2.0 2.0
6451,4.2470363416530965,0.096 0.096 0.134 0.134
6452,4.4226586909057986,0.134 0.134 0.139 0.139 0.139 0.139 0.139 0.139
6453,6.540332482412147,0.10566 0.10566 0.096 0.096 0.134 0.134 0.096 0.096
6454,7.712793164539303,0.139 0.139 2.0 2.0 0.10566 0.10566
6455,8.043603507737743,2.0 2.0 0.139 0.139 0.096 0.096
6456,9.254811599803919,0.134 0.134 0.139 0.139 2.0 2.0 0.096 0.096
6457,0.9506401313901911,0.134 0.134
6458,1.1410596327901814,2.0 2.0
6459,1.5906387344764967,0.096 0.096
6460,2.1404524486747283,0.134 0.134 0.134 0.134
6461,2.2213077479131753,0.134 0.134 0.134 0.134
6462,3.054423060703704,2.0 2.0 0.139 0.139
6463,4.2470363416530965,0.134 0.134 0.096 0.096 0.096 0.096
6464,4.4226586909057986,0.096 0.096 2.0 2.0
6465,6.540332482412147,0.134 0.134 2.0 2.0 0.139 0.139
6466,7.712793164539303,0.139 0.139 2.0 2.0 0.096 0.096
6467,8.043603507737743,0.139 0.139 0.134 0.134 0.096 0.096
6468,9.254811599803919,2.0 2.0 0.134 0.134 0.096 0.096
6469,0.9506401313901911,0.134 0.134
6470,1.1410596327901814,2.0 2.0
6471,1.5906387344764967,2.0 2.0
6472,2.1404524486747283,0.134 0.134 0.134 0.134
6473,2.2213077479131753,0.134 0.134 2.0 2.0
6474,3.054423060703704,2.0 2.0 0.134 0.134
6475,4.2470363416530965,0.134 0.134 0.134 0.134 0.139 0.139
6476,4.4226586909057986,0.139 0.139 0.096 0.096 0.10566 0.10566
6477,6.540332482412147,0.096 0.096 0.134 0.134 0.10566 0.10566
6478,7.712793164539303,0.096 0.096 0.134 0.134 0.139 0.139
6479,8.043603507737743,0.134 0.134 2.0 2.0 2.0 2.0
6480,9.254811599803919,2.0 2.0 0.10566 0.10566 0.134 0.134 0.139 0.139
6481,0.9506401313901911,0.134 0.134
6482,1.1410596327901814,2.0 2.0
6483,1.5906387344764967,2.0 2.0
6484,2.1404524486747283,0.096 0.096 2.0 2.0
6485,2.2213077479131753,2.0 2.0 0.139 0.139
6486,3.054423060703704,0.096 0.096 0.096 0.096
6487,4.2470363416530965,0.10566 0.10566 0.134 0.134 0.10566 0.10566
6488,4.4226586909057986,2.0 2.0 0.134 0.134
6489,6.540332482412147,0.139 0.139 2.0 2.0
6490,7.712793164539303,2.0 2.0 0.139 0.139 0.134 0.134
6491,8.043603507737743,0.10566 0.10566 0.139 0.139 2.0 2.0 0.139 0.139
6492,9.254811599803919,0.134 0.134 0.134 0.134
6493,0.9506401313901911,0.139 0.139
6494,1.1410596327901814,2.0 2.0
6495,1.5906387344764967,0.096 0.096
6496,2.1404524486747283,0.096 0.096 0.139 0.139
6497,2.2213077479131753,2.0 2.0 0.096 0.096
6498,3.054423060703704,0.139 0.139 0.139 0.139
6499,4.2470363416530965,2.0 2.0 0.134 0.134 0.10566 0.10566
6500,4.4226586909057986,0.10566 0.10566 0.096 0.096
6501,6.540332482412147,0.134 0.134 2.0 2.0 0.139 0.139 0.096 0.096
6502,7.712793164539303,0.096 0.096 0.134 0.134
6503,8.043603507737743,0.139 0.139 0.10566 0.10566
6504,9.254811599803919,0.10566 0.10566 0.134 0.134 0.096 0.096
6505,0.9506401313901911,0.134 0.134
6506,1.1410596327901814,0.096 0.096
6507,1.5906387344764967,0.096 0.096
6508,2.1404524486747283,0.134 0.134 0.096 0.096
6509,2.2213077479131753,0.096 0.096 0.10566 0.10566
6510,3.054423060703704,0.096 0.096 0.134 0.134
6511,4.2470363416530965,2.0 2.0 2.0 2.0
6512,4.4226586909057986,0.134 0.134 0.134 0.134 0.134 0.134
6513,6.540332482412147,0.134 0.134 0.10566 0.10566 0.134 0.134 0.134 0.134
6514,7.712793164539303,0.096 0.096 2.0 2.0
6515,8.043603507737743,0.134 0.134 0.139 0.139 0.139 0.139
6516,9.254811599803919,0.139 0.139 0.096 0.096 0.134 0.134 0.139 0.139
6517,0.9506401313901911,0.139 0.139
6518,1.1410596327901814,2.0 2.0
6519,1.5906387344764967,0.10566 0.10566
6520,2.1404524486747283,0.134 0.134 0.134 0.134
6521,2.2213077479131753,0.139 0.139 0.134 0.134
6522,3.054423060703704,0.096 0.096 2.0 2.0
6523,4.2470363416530965,0.139 0.139 0.096 0.096
6524,4.4226586909057986,0.096 0.096 0.134 0.134
6525,6.540332482412147,2.0 2.0 0.134 0.134 0.134 0.134 0.134 0.134
6526,7.712793164539303,0.134 0.134 0.096 0.096 0.134 0.134 2.0 2.0
6527,8.043603507737743,0.134 0.134 2.0 2.0 2.0 2.0
6528,9.254811599803919,0.139 0.139 2.0 2.0
6529,0.9506401313901911,0.134 0.134
6530,1.1410596327901814,0.096 0.096
6531,1.5906387344764967,2.0 2.0
6532,2.1404524486747283,0.096 0.096 0.096 0.096
6533,2.2213077479131753,0.10566 0.10566 0.134 0.134
6534,3.054423060703704,0.134 0.134 0.134 0.134
6535,4.2470363416530965,0.134 0.134 0.134 0.134 0.096 0.096
6536,4.4226586909057986,0.096 0.096 2.0 2.0 0.134 0.134
6537,6.540332482412147,2.0 2.0 2.0 2.0 0.096 0.096
6538,7.712793164539303,0.134 0.134 0.096 0.096 0.139 0.139
6539,8.043603507737743,2.0 2.0 0.134 0.134 0.134 0.134
6540,9.254811599803919,2.0 2.0 0.134 0.134 0.096 0.096
6541,0.9506401313901911,0.134 0.134
6542,1.1410596327901814,2.0 2.0
6543,1.5906387344764967,2.0 2.0
6544,2.1404524486747283,0.096 0.096 0.134 0.134
6545,2.2213077479131753,0.096 0.096 0.139 0.139
6546,3.054423060703704,0.134 0.134 0.134 0.134
6547,4.2470363416530965,2.0 2.0 0.096 0.096
6548,4.4226586909057986,0.096 0.096 2.0 2.0
6549,6.540332482412147,0.139 0.139 0.134 0.134 0.134 0.134
6550,7.712793164539303,2.0 2.0 0.134 0.134 0.134 0.134
6551,8.043603507737743,0.096 0.096 0.10566 0.10566 0.139 0.139
6552,9.254811599803919,2.0 2.0 0.134 0.134 0.134 0.134 0.096 0.096
6553,0.9506401313901911,0.134 0.134
6554,1.1410596327901814,2.0 2.0
6555,1.5906387344764967,0.10566 0.10566
6556,2.1404524486747283,0.096 0.096 0.134 0.134
6557,2.2213077479131753,0.139 0.139 0.139 0.139
6558,3.054423060703704,0.10566 0.10566 0.134 0.134
6559,4.2470363416530965,0.096 0.096 0.096 0.096
6560,4.4226586909057986,2.0 2.0 0.134 0.134 0.10566 0.10566
6561,6.540332482412147,0.096 0.096 0.096 0.096
6562,7.712793164539303,0.134 0.134 2.0 2.0 0.10566 0.10566 0.134 0.134
6563,8.043603507737743,2.0 2.0 0.096 0.096
6564,9.254811599803919,0.096 0.096 2.0 2.0
6565,0.9506401313901911,0.096 0.096
6566,1.1410596327901814,0.10566 0.10566
6567,1.5906387344764967,2.0 2.0
6568,2.1404524486747283,2.0 2.0 0.134 0.134
6569,2.2213077479131753,0.134 0.134 2.0 2.0
6570,3.054423060703704,2.0 2.0 0.096 0.096
6571,4.2470363416530965,2.0 2.0 0.139 0.139 0.096 0.096
6572,4.4226586909057986,0.096 0.096 0.139 0.139
6573,6.540332482412147,0.096 0.096 0.139 0.139 0.139 0.139
6574,7.712793164539303,2.0 2.0 2.0 2.0 0.134 0.134
6575,8.043603507737743,0.096 0.096 2.0 2.0 0.134 0.134
6576,9.254811599803919,0.139 0.139 0.10566 0.10566 0.134 0.134 0.139 0.139 0.134 0.134
6577,0.9506401313901911,0.139 0.139
6578,1.1410596327901814,2.0 2.0
6579,1.5906387344764967,0.10566 0.10566
6580,2.1404524486747283,0.139 0.139 0.134 0.134
6581,2.2213077479131753,0.134 0.134 0.134 0.134
6582,3.054423060703704,0.134 0.134 2.0 2.0
6583,4.2470363416530965,0.134 0.134 0.134 0.134 0.139 0.139
6584,4.4226586909057986,2.0 2.0 2.0 2.0
6585,6.540332482412147,0.134 0.134 0.10566 0.10566 2.0 2.0 0.096 0.096
6586,7.712793164539303,2.0 2.0 0.134 0.134 0.10566 0.10566 2.0 2.0
6587,8.043603507737743,0.10566 0.10566 2.0 2.0
6588,9.254811599803919,0.134 0.134 0.134 0.134 2.0 2.0 0.096 0.096 0.134 0.134
6589,0.9506401313901911,0.134 0.134
6590,1.1410596327901814,0.139 0.139
6591,1.5906387344764967,0.096 0.096
6592,2.1404524486747283,0.134 0.134 0.134 0.134
6593,2.2213077479131753,0.134 0.134 0.096 0.096
6594,3.054423060703704,0.134 0.134 2.0 2.0
6595,4.2470363416530965,0.10566 0.10566 0.139 0.139
6596,4.4226586909057986,0.134 0.134 0.134 0.134
6597,6.540332482412147,0.134 0.134 0.10566 0.10566 0.134 0.134
6598,7.712793164539303,0.134 0.134 0.10566 0.10566 0.096 0.096
6599,8.043603507737743,0.134 0.134 0.134 0.134 0.10566 0.10566 0.134 0.134
6600,9.254811599803919,0.134 0.134 0.10566 0.10566 0.134 0.134 0.139 0.139
6601,0.9506401313901911,0.10566 0.10566
6602,1.1410596327901814,0.096 0.096
6603,1.5906387344764967,2.0 2.0
6604,2.1404524486747283,0.096 0.096 2.0 2.0
6605,2.2213077479131753,0.139 0.139 0.10566 0.10566
6606,3.054423060703704,0.134 0.134 2.0 2.0
6607,4.2470363416530965,0.134 0.134 0.096 0.096 0.10566 0.10566
6608,4.4226586909057986,2.0 2.0 0.134 0.134 0.134 0.134
6609,6.540332482412147,0.096 0.096 2.0 2.0 0.134 0.134
6610,7.712793164539303,0.096 0.096 2.0 2.0 0.134 0.134 0.139 0.139 0.134 0.134
6611,8.043603507737743,2.0 2.0 0.134 0.134 0.10566 0.10566
6612,9.254811599803919,2.0 2.0 0.10566 0.10566 2.0 2.0 0.134 0.134
6613,0.9506401313901911,0.134 0.134
6614,1.1410596327901814,0.096 0.096
6615,1.5906387344764967,2.0 2.0
6616,2.1404524486747283,0.139 0.139 0.096 0.096
6617,2.2213077479131753,0.139 0.139 0.139 0.139
6618,3.054423060703704,0.139 0.139 0.139 0.139
6619,4.2470363416530965,0.096 0.096 0.096 0.096 0.134 0.134
6620,4.4226586909057986,2.0 2.0 0.134 0.134 0.139 0.139
6621,6.540332482412147,0.10566 0.10566 2.0 2.0 2.0 2.0
6622,7.712793164539303,0.134 0.134 2.0 2.0 2.0 2.0
6623,8.043603507737743,0.139 0.139 0.134 0.134 0.139 0.139
6624,9.254811599803919,0.10566 0.10566 0.139 0.139
6625,0.9506401313901911,0.134 0.134
6626,1.1410596327901814,0.096 0.096
6627,1.5906387344764967,0.096 0.096
6628,2.1404524486747283,0.134 0.134 2.0 2.0
6629,2.2213077479131753,2.0 2.0 0.096 0.096
6630,3.054423060703704,2.0 2.0 2.0 2.0
6631,4.2470363416530965,0.096 0.096 0.10566 0.10566
6632,4.4226586909057986,0.096 0.096 2.0 2.0
6633,6.540332482412147,0.096 0.096 0.096 0.096 0.134 0.134
6634,7.712793164539303,0.10566 0.10566 0.139 0.139 0.134 0.134
6635,8.043603507737743,2.0 2.0 0.134 0.134 0.139 0.139 0.134 0.134
6636,9.254811599803919,0.134 0.134 0.134 0.134 0.139 0.139 0.10566 0.10566 0.096 0.096
6637,0.9506401313901911,0.134 0.134
6638,1.1410596327901814,2.0 2.0
6639,1.5906387344764967,2.0 2.0
6640,2.1404524486747283,0.139 0.139 0.096 0.096
6641,2.2213077479131753,2.0 2.0 2.0 2.0
6642,3.054423060703704,0.134 0.134 0.134 0.134
6643,4.2470363416530965,0.096 0.096 0.10566 0.10566 0.134 0.134
6644,4.4226586909057986,0.10566 0.10566 0.139 0.139 0.139 0.139
6645,6.540332482412147,0.096 0.096 0.134 0.134 0.096 0.096
6646,7.712793164539303,0.134 0.134 0.096 0.096 0.139 0.139 0.096 0.096
6647,8.043603507737743,0.10566 0.10566 2.0 2.0 0.134 0.134
6648,9.254811599803919,0.096 0.096 2.0 2.0 2.0 2.0
6649,0.9506401313901911,0.139 0.139
6650,1.1410596327901814,2.0 2.0
6651,1.5906387344764967,0.10566 0.10566
6652,2.1404524486747283,0.096 0.096 0.134 0.134
6653,2.2213077479131753,0.10566 0.10566 0.139 0.139
6654,3.054423060703704,0.096 0.096 0.096 0.096
6655,4.2470363416530965,0.134 0.134 0.134 0.134 2.0 2.0
6656,4.4226586909057986,2.0 2.0 0.139 0.139 0.096 0.096
6657,6.540332482412147,2.0 2.0 2.0 2.0 0.134 0.134
6658,7.712793164539303,0.096 0.096 0.139 0.139 2.0 2.0
6659,8.043603507737743,0.134 0.134 0.10566 0.10566 2.0 2.0 0.134 0.134
6660,9.254811599803919,0.096 0.096 0.134 0.134 0.134 0.134
6661,0.9506401313901911,0.134 0.134
6662,1.1410596327901814,0.134 0.134
6663,1.5906387344764967,2.0 2.0
6664,2.1404524486747283,2.0 2.0 0.139 0.139
6665,2.2213077479131753,0.096 0.096 0.139 0.139
6666,3.054423060703704,2.0 2.0 0.134 0.134
6667,4.2470363416530965,0.134 0.134 0.096 0.096
6668,4.4226586909057986,0.134 0.134 0.134 0.134 0.134 0.134
6669,6.540332482412147,0.134 0.134 2.0 2.0 0.096 0.096 2.0 2.0
6670,7.712793164539303,0.134 0.134 0.134 0.134 0.096 0.096
6671,8.043603507737743,0.10566 0.10566 0.139 0.139 0.096 0.096
6672,9.254811599803919,2.0 2.0 0.10566 0.10566 0.134 0.134 0.134 0.134
6673,0.9506401313901911,0.134 0.134
6674,1.1410596327901814,0.096 0.096
6675,1.5906387344764967,0.096 0.096
6676,2.1404524486747283,0.134 0.134 0.134 0.134
6677,2.2213077479131753,0.139 0.139 0.134 0.134
6678,3.054423060703704,0.134 0.134 2.0 2.0
6679,4.2470363416530965,0.139 0.139 0.096 0.096
6680,4.4226586909057986,0.096 0.096 0.139 0.139 2.0 2.0
6681,6.540332482412147,0.134 0.134 0.139 0.139 0.134 0.134
6682,7.712793164539303,0.096 0.096 0.10566 0.10566 0.139 0.139
6683,8.043603507737743,2.0 2.0 0.134 0.134 0.139 0.139
6684,9.254811599803919,0.139 0.139 0.096 0.096 0.139 0.139
6685,0.9506401313901911,0.134 0.134
6686,1.1410596327901814,0.096 0.096
6687,1.5906387344764967,2.0 2.0
6688,2.1404524486747283,0.096 0.096 0.134 0.134
6689,2.2213077479131753,0.096 0.096 0.134 0.134
6690,3.054423060703704,0.10566 0.10566 2.0 2.0
6691,4.2470363416530965,2.0 2.0 0.096 0.096 0.134 0.134
6692,4.4226586909057986,0.10566 0.10566 0.139 0.139
6693,6.540332482412147,2.0 2.0 0.134 0.134 0.134 0.134
6694,7.712793164539303,0.134 0.134 0.134 0.134 0.134 0.134
6695,8.043603507737743,0.134 0.134 2.0 2.0 2.0 2.0 0.134 0.134 0.096 0.096
6696,9.254811599803919,2.0 2.0 0.139 0.139
6697,0.9506401313901911,0.10566 0.10566
6698,1.1410596327901814,0.096 0.096
6699,1.5906387344764967,0.096 0.096
6700,2.1404524486747283,0.134 0.134 0.134 0.134
6701,2.2213077479131753,0.139 0.139 2.0 2.0
6702,3.054423060703704,0.134 0.134 0.096 0.096
6703,4.2470363416530965,2.0 2.0 2.0 2.0
6704,4.4226586909057986,2.0 2.0 2.0 2.0 0.134 0.134
6705,6.540332482412147,0.096 0.096 0.134 0.134 0.134 0.134
6706,7.712793164539303,2.0 2.0 0.134 0.134 0.134 0.134
6707,8.043603507737743,0.096 0.096 2.0 2.0 0.096 0.096 0.134 0.134
6708,9.254811599803919,0.096 0.096 0.139 0.139 0.139 0.139
6709,0.9506401313901911,0.134 0.134
6710,1.1410596327901814,0.096 0.096
6711,1.5906387344764967,0.10566 0.10566
6712,2.1404524486747283,0.134 0.134 0.10566 0.10566
6713,2.2213077479131753,0.096 0.096 0.134 0.134
6714,3.054423060703704,2.0 2.0 0.139 0.139
6715,4.2470363416530965,2.0 2.0 0.10566 0.10566 0.134 0.134
6716,4.4226586909057986,0.134 0.134 0.10566 0.10566
6717,6.540332482412147,2.0 2.0 2.0 2.0
6718,7.712793164539303,0.134 0.134 0.134 0.134 0.134 0.134 0.139 0.139
6719,8.043603507737743,0.096 0.096 0.139 0.139 0.134 0.134
6720,9.254811599803919,0.134 0.134 0.096 0.096 2.0 2.0 0.134 0.134 0.134 0.134
6721,0.9506401313901911,0.139 0.139
6722,1.1410596327901814,0.096 0.096
6723,1.5906387344764967,0.096 0.096
6724,2.1404524486747283,2.0 2.0 0.139 0.139
6725,2.2213077479131753,0.134 0.134 0.096 0.096
6726,3.054423060703704,0.096 0.096 0.096 0.096
6727,4.2470363416530965,2.0 2.0 0.134 0.134 0.10566 0.10566
6728,4.4226586909057986,0.139 0.139 0.134 0.134 0.134 0.134
6729,6.540332482412147,2.0 2.0 0.096 0.096 0.10566 0.10566
6730,7.712793164539303,0.096 0.096 2.0 2.0 0.096 0.096
6731,8.043603507737743,0.134 0.134 0.10566 0.10566 0.096 0.096 0.134 0.134
6732,9.254811599803919,2.0 2.0 0.139 0.139 0.134 0.134
6733,0.9506401313901911,0.134 0.134
6734,1.1410596327901814,2.0 2.0
6735,1.5906387344764967,2.0 2.0
6736,2.1404524486747283,0.139 0.139 2.0 2.0
6737,2.2213077479131753,0.134 0.134 0.134 0.134
6738,3.054423060703704,0.10566 0.10566 0.096 0.096
6739,4.2470363416530965,0.10566 0.10566 0.139 0.139 0.134 0.134
6740,4.4226586909057986,0.139 0.139 0.134 0.134
6741,6.540332482412147,0.096 0.096 0.134 0.134 0.139 0.139
6742,7.712793164539303,0.134 0.134 0.139 0.139 0.134 0.134
6743,8.043603507737743,0.139 0.139 0.134 0.134 0.096 0.096 0.096 0.096
6744,9.254811599803919,0.10566 0.10566 2.0 2.0 0.134 0.134
6745,0.9506401313901911,0.134 0.134
6746,1.1410596327901814,0.096 0.096
6747,1.5906387344764967,2.0 2.0
6748,2.1404524486747283,0.134 0.134 0.139 0.139
6749,2.2213077479131753,0.096 0.096 0.139 0.139
6750,3.054423060703704,0.10566 0.10566 0.134 0.134
6751,4.2470363416530965,2.0 2.0 0.139 0.139 0.096 0.096
6752,4.4226586909057986,0.096 0.096 0.139 0.139 2.0 2.0
6753,6.540332482412147,0.134 0.134 0.096 0.096 0.10566 0.10566 2.0 2.0
6754,7.712793164539303,0.134 0.134 2.0 2.0 0.134 0.134 0.096 0.096
6755,8.043603507737743,0.096 0.096 0.134 0.134 0.096 0.096
6756,9.254811599803919,2.0 2.0 0.134 0.134 0.134 0.134 0.139 0.139
6757,0.9506401313901911,0.139 0.139
6758,1.1410596327901814,2.0 2.0
6759,1.5906387344764967,2.0 2.0
6760,2.1404524486747283,2.0 2.0 0.096 0.096
6761,2.2213077479131753,0.134 0.134 2.0 2.0
6762,3.054423060703704,0.134 0.134 0.134 0.134
6763,4.2470363416530965,0.139 0.139 2.0 2.0 2.0 2.0
6764,4.4226586909057986,0.134 0.134 2.0 2.0
6765,6.540332482412147,2.0 2.0 0.10566 0.10566 0.139 0.139
6766,7.712793164539303,0.096 0.096 0.139 0.139 0.134 0.134
6767,8.043603507737743,2.0 2.0 2.0 2.0
6768,9.254811599803919,0.139 0.139 2.0 2.0 0.134 0.134 0.096 0.096
6769,0.9506401313901911,0.134 0.134
6770,1.1410596327901814,2.0 2.0
6771,1.5906387344764967,0.10566 0.10566
6772,2.1404524486747283,0.134 0.134 0.096 0.096
6773,2.2213077479131753,2.0 2.0 0.139 0.139
6774,3.054423060703704,0.139 0.139 0.139 0.139
6775,4.2470363416530965,0.139 0.139 0.139 0.139 0.10566 0.10566
6776,4.4226586909057986,0.096 0.096 2.0 2.0 0.096 0.096
6777,6.540332482412147,2.0 2.0 0.134 0.134 0.139 0.139
6778,7.712793164539303,0.134 0.134 2.0 2.0 0.134 0.134 0.134 0.134
6779,8.043603507737743,2.0 2.0 0.134 0.134 2.0 2.0 0.096 0.096 2.0 2.0
6780,9.254811599803919,2.0 2.0 0.139 0.139 2.0 2.0 0.134 0.134
6781,0.9506401313901911,2.0 2.0
6782,1.1410596327901814,0.096 0.096
6783,1.5906387344764967,0.096 0.096
6784,2.1404524486747283,0.096 0.096 0.139 0.139
6785,2.2213077479131753,2.0 2.0 0.134 0.134
6786,3.054423060703704,0.134 0.134 0.134 0.134
6787,4.2470363416530965,0.096 0.096 2.0 2.0
6788,4.4226586909057986,0.096 0.096 0.134 0.134 0.096 0.096
6789,6.540332482412147,0.134 0.134 2.0 2.0 0.134 0.134
6790,7.712793164539303,2.0 2.0 0.134 0.134 0.096 0.096
6791,8.043603507737743,0.096 0.096 0.134 0.134 0.134 0.134
6792,9.254811599803919,0.096 0.096 0.134 0.134 0.134 0.134
6793,0.9506401313901911,0.134 0.134
6794,1.1410596327901814,0.10566 0.10566
6795,1.5906387344764967,0.10566 0.10566
6796,2.1404524486747283,0.096 0.096 2.0 2.0
6797,2.2213077479131753,0.139 0.139 2.0 2.0
6798,3.054423060703704,0.139 0.139 0.139 0.139
6799,4.2470363416530965,0.134 0.134 0.134 0.134
6800,4.4226586909057986,0.096 0.096 0.134 0.134 0.139 0.139
6801,6.540332482412147,2.0 2.0 0.10566 0.10566 0.134 0.134
6802,7.712793164539303,0.134 0.134 2.0 2.0 2.0 2.0
6803,8.043603507737743,0.134 0.134 0.134 0.134 2.0 2.0 2.0 2.0 0.134 0.134
6804,9.254811599803919,0.134 0.134 2.0 2.0 0.134 0.134 0.139 0.139
6805,0.9506401313901911,2.0 2.0
6806,1.1410596327901814,0.096 0.096
6807,1.5906387344764967,2.0 2.0
6808,2.1404524486747283,0.134 0.134 0.139 0.139
6809,2.2213077479131753,0.096 0.096 0.134 0.134
6810,3.054423060703704,2.0 2.0 2.0 2.0
6811,4.2470363416530965,0.096 0.096 2.0 2.0 2.0 2.0
6812,4.4226586909057986,0.096 0.096 0.139 0.139 0.134 0.134
6813,6.540332482412147,0.096 0.096 0.139 0.139 2.0 2.0 2.0 2.0
6814,7.712793164539303,0.10566 0.10566 2.0 2.0
6815,8.043603507737743,0.134 0.134 0.139 0.139 0.096 0.096 0.10566 0.10566 0.096 0.096
6816,9.254811599803919,0.139 0.139 2.0 2.0
6817,0.9506401313901911,0.139 0.139
6818,1.1410596327901814,0.096 0.096
6819,1.5906387344764967,0.096 0.096
6820,2.1404524486747283,0.139 0.139 0.096 0.096
6821,2.2213077479131753,2.0 2.0 0.134 0.134
6822,3.054423060703704,0.096 0.096 0.134 0.134
6823,4.2470363416530965,2.0 2.0 0.134 0.134
6824,4.4226586909057986,2.0 2.0 0.096 0.096
6825,6.540332482412147,2.0 2.0 2.0 2.0 0.10566 0.10566
6826,7.712793164539303,2.0 2.0 2.0 2.0 2.0 2.0
6827,8.043603507737743,0.096 0.096 0.134 0.134 0.139 0.139
6828,9.254811599803919,0.139 0.139 0.134 0.134 2.0 2.0 0.096 0.096 0.134 0.134
6829,0.9506401313901911,0.134 0.134
6830,1.1410596327901814,0.096 0.096
6831,1.5906387344764967,2.0 2.0
6832,2.1404524486747283,0.10566 0.10566 0.139 0.139
6833,2.2213077479131753,0.134 0.134 2.0 2.0
6834,3.054423060703704,0.134 0.134 2.0 2.0
6835,4.2470363416530965,0.096 0.096 2.0 2.0 0.134 0.134
6836,4.4226586909057986,0.096 0.096 0.139 0.139 0.096 0.096
6837,6.540332482412147,0.134 0.134 0.139 0.139 0.134 0.134
6838,7.712793164539303,0.10566 0.10566 0.134 0.134 0.139 0.139
6839,8.043603507737743,0.096 0.096 2.0 2.0
6840,9.254811599803919,2.0 2.0 2.0 2.0 0.134 0.134
6841,0.9506401313901911,0.139 0.139
6842,1.1410596327901814,2.0 2.0
6843,1.5906387344764967,2.0 2.0
6844,2.1404524486747283,0.134 0.134 2.0 2.0
6845,2.2213077479131753,0.134 0.134 0.139 0.139
6846,3.054423060703704,0.096 0.096 0.096 0.096
6847,4.2470363416530965,0.134 0.134 0.134 0.134 0.139 0.139
6848,4.4226586909057986,0.134 0.134 0.096 0.096 0.10566 0.10566 2.0 2.0
6849,6.540332482412147,0.096 0.096 2.0 2.0 0.134 0.134
6850,7.712793164539303,0.096 0.096 0.134 0.134
6851,8.043603507737743,2.0 2.0 0.139 0.139 0.134 0.134 0.134 0.134
6852,9.254811599803919,0.134 0.134 0.134 0.134 2.0 2.0
6853,0.9506401313901911,0.134 0.134
6854,1.1410596327901814,0.10566 0.10566
6855,1.5906387344764967,2.0 2.0
6856,2.1404524486747283,2.0 2.0 0.134 0.134
6857,2.2213077479131753,0.139 0.139 0.139 0.139
6858,3.054423060703704,0.10566 0.10566 2.0 2.0
6859,4.2470363416530965,0.139 0.139 0.134 0.134 0.134 0.134
6860,4.4226586909057986,0.134 0.134 0.134 0.134 0.139 0.139
6861,6.540332482412147,2.0 2.0 0.134 0.134 0.134 0.134 0.134 0.134
6862,7.712793164539303,0.096 0.096 0.10566 0.10566 2.0 2.0
6863,8.043603507737743,0.139 0.139 2.0 2.0 0.139 0.139 2.0 2.0
6864,9.254811599803919,0.10566 0.10566 0.134 0.134
6865,0.9506401313901911,0.134 0.134
6866,1.1410596327901814,2.0 2.0
6867,1.5906387344764967,2.0 2.0
6868,2.1404524486747283,0.134 0.134 0.10566 0.10566
6869,2.2213077479131753,0.139 0.139 0.139 0.139
6870,3.054423060703704,0.134 0.134 0.096 0.096
6871,4.2470363416530965,0.139 0.139 0.096 0.096 0.134 0.134
6872,4.4226586909057986,0.139 0.139 0.10566 0.10566 0.10566 0.10566 0.134 0.134
6873,6.540332482412147,0.134 0.134 0.134 0.134 0.134 0.134
6874,7.712793164539303,0.134 0.134 0.134 0.134
6875,8.043603507737743,0.10566 0.10566 2.0 2.0 0.10566 0.10566 0.10566 0.10566
6876,9.254811599803919,2.0 2.0 0.096 0.096 0.096 0.096
6877,0.9506401313901911,0.139 0.139
6878,1.1410596327901814,0.096 0.096
6879,1.5906387344764967,2.0 2.0
6880,2.1404524486747283,0.134 0.134 0.139 0.139
6881,2.2213077479131753,0.134 0.134 0.096 0.096
6882,3.054423060703704,0.134 0.134 2.0 2.0
6883,4.2470363416530965,0.096 0.096 0.134 0.134 0.096 0.096
6884,4.4226586909057986,2.0 2.0 0.096 0.096
6885,6.540332482412147,0.096 0.096 0.134 0.134 0.096 0.096
6886,7.712793164539303,0.134 0.134 0.134 0.134 2.0 2.0 0.139 0.139
6887,8.043603507737743,2.0 2.0 0.139 0.139 0.134 0.134
6888,9.254811599803919,0.139 0.139 0.134 0.134 0.134 0.134 0.139 0.139 0.134 0.134
6889,0.9506401313901911,0.134 0.134
6890,1.1410596327901814,2.0 2.0
6891,1.5906387344764967,0.096 0.096
6892,2.1404524486747283,0.134 0.134 2.0 2.0
6893,2.2213077479131753,0.134 0.134 0.134 0.134
6894,3.054423060703704,0.134 0.134 0.134 0.134
6895,4.2470363416530965,0.134 0.134 2.0 2.0
6896,4.4226586909057986,0.10566 0.10566 0.139 0.139 2.0 2.0
6897,6.540332482412147,0.139 0.139 2.0 2.0 0.10566 0.10566
6898,7.712793164539303,2.0 2.0 0.134 0.134 0.139 0.139 0.134 0.134 0.139 0.139
6899,8.043603507737743,0.139 0.139 0.096 0.096 0.10566 0.10566
6900,9.254811599803919,0.134 0.134 2.0 2.0
6901,0.9506401313901911,0.096 0.096
6902,1.1410596327901814,0.10566 0.10566
6903,1.5906387344764967,2.0 2.0
6904,2.1404524486747283,0.134 0.134 0.134 0.134
6905,2.2213077479131753,2.0 2.0 0.10566 0.10566
6906,3.054423060703704,0.10566 0.10566 2.0 2.0
6907,4.2470363416530965,0.096 0.096 2.0 2.0
6908,4.4226586909057986,0.096 0.096 0.134 0.134
6909,6.540332482412147,0.134 0.134 2.0 2.0 0.139 0.139 0.134 0.134
6910,7.712793164539303,0.134 0.134 0.139 0.139 0.096 0.096 2.0 2.0
6911,8.043603507737743,2.0 2.0 0.10566 0.10566 0.096 0.096 0.134 0.134
6912,9.254811599803919,0.134 0.134 0.134 0.134 0.10566 0.10566 2.0 2.0
6913,0.9506401313901911,0.139 0.139
6914,1.1410596327901814,0.096 0.096
6915,1.5906387344764967,0.096 0.096
6916,2.1404524486747283,0.134 0.134 0.139 0.139
6917,2.2213077479131753,0.096 0.096 0.096 0.096
6918,3.054423060703704,2.0 2.0 2.0 2.0
6919,4.2470363416530965,0.096 0.096 0.10566 0.10566 0.134 0.134
6920,4.4226586909057986,0.139 0.139 0.096 0.096 0.096 0.096 0.134 0.134
6921,6.540332482412147,2.0 2.0 0.134 0.134 2.0 2.0
6922,7.712793164539303,0.134 0.134 0.10566 0.10566 0.139 0.139 0.139 0.139
6923,8.043603507737743,2.0 2.0 0.096 0.096 0.134 0.134
6924,9.254811599803919,0.134 0.134 2.0 2.0 0.139 0.139 2.0 2.0
6925,0.9506401313901911,0.134 0.134
6926,1.1410596327901814,2.0 2.0
6927,1.5906387344764967,2.0 2.0
6928,2.1404524486747283,0.10566 0.10566 0.10566 0.10566
6929,2.2213077479131753,0.134 0.134 0.096 0.096
6930,3.054423060703704,2.0 2.0 0.134 0.134
6931,4.2470363416530965,0.096 0.096 2.0 2.0 0.134 0.134
6932,4.4226586909057986,2.0 2.0 0.134 0.134 0.134 0.134
6933,6.540332482412147,0.096 0.096 0.139 0.139 0.134 0.134
6934,7.712793164539303,0.134 0.134 0.096 0.096 0.134 0.134 2.0 2.0
6935,8.043603507737743,0.139 0.139 0.139 0.139 0.096 0.096 0.134 0.134
6936,9.254811599803919,2.0 2.0 0.096 0.096 0.139 0.139 0.134 0.134
6937,0.9506401313901911,0.134 0.134
6938,1.1410596327901814,0.096 0.096
6939,1.5906387344764967,2.0 2.0
6940,2.1404524486747283,0.10566 0.10566 0.134 0.134
6941,2.2213077479131753,0.134 0.134 0.134 0.134
6942,3.054423060703704,2.0 2.0 0.134 0.134
6943,4.2470363416530965,0.134 0.134 0.096 0.096
6944,4.4226586909057986,0.10566 0.10566 0.096 0.096
6945,6.540332482412147,0.096 0.096 0.134 0.134 0.10566 0.10566 0.139 0.139
6946,7.712793164539303,2.0 2.0 0.096 0.096
6947,8.043603507737743,2.0 2.0 0.096 0.096
6948,9.254811599803919,2.0 2.0 0.096 0.096 0.10566 0.10566
6949,0.9506401313901911,0.134 0.134
6950,1.1410596327901814,2.0 2.0
6951,1.5906387344764967,2.0 2.0
6952,2.1404524486747283,0.134 0.134 0.139 0.139
6953,2.2213077479131753,0.134 0.134 2.0 2.0
6954,3.054423060703704,0.134 0.134 2.0 2.0
6955,4.2470363416530965,2.0 2.0 0.139 0.139 2.0 2.0
6956,4.4226586909057986,0.10566 0.10566 0.139 0.139
6957,6.540332482412147,2.0 2.0 0.134 0.134 0.10566 0.10566
6958,7.712793164539303,0.139 0.139 0.096 0.096 0.096 0.096 0.139 0.139 2.0 2.0
6959,8.043603507737743,0.134 0.134 0.134 0.134 0.096 0.096 0.134 0.134
6960,9.254811599803919,2.0 2.0 2.0 2.0 0.096 0.096 0.096 0.096
6961,0.9506401313901911,0.134 0.134
6962,1.1410596327901814,2.0 2.0
6963,1.5906387344764967,0.096 0.096
6964,2.1404524486747283,0.139 0.139 0.139 0.139
6965,2.2213077479131753,0.134 0.134 0.134 0.134
6966,3.054423060703704,2.0 2.0 0.134 0.134
6967,4.2470363416530965,0.134 0.134 0.096 0.096 0.134 0.134
6968,4.4226586909057986,0.134 0.134 0.139 0.139
6969,6.540332482412147,0.139 0.139 0.139 0.139 0.096 0.096
6970,7.712793164539303,0.139 0.139 0.139 0.139 0.134 0.134
6971,8.043603507737743,2.0 2.0 2.0 2.0
6972,9.254811599803919,0.10566 0.10566 0.139 0.139 0.134 0.134
6973,0.9506401313901911,0.134 0.134
6974,1.1410596327901814,2.0 2.0
6975,1.5906387344764967,2.0 2.0
6976,2.1404524486747283,0.134 0.134 2.0 2.0
6977,2.2213077479131753,2.0 2.0 0.139 0.139
6978,3.054423060703704,0.096 0.096 2.0 2.0
6979,4.2470363416530965,0.134 0.134 2.0 2.0
6980,4.4226586909057986,0.096 0.096 0.134 0.134 0.134 0.134
6981,6.540332482412147,0.096 0.096 0.10566 0.10566 0.10566 0.10566
6982,7.712793164539303,0.134 0.134 0.134 0.134 0.134 0.134
6983,8.043603507737743,2.0 2.0 0.096 0.096 0.139 0.139 0.134 0.134
6984,9.254811599803919,0.096 0.096 0.139 0.139 0.096 0.096
6985,0.9506401313901911,0.096 0.096
6986,1.1410596327901814,2.0 2.0
6987,1.5906387344764967,0.10566 0.10566
6988,2.1404524486747283,0.139 0.139 0.134 0.134
6989,2.2213077479131753,0.139 0.139 0.139 0.139
6990,3.054423060703704,2.0 2.0 0.10566 0.10566
6991,4.2470363416530965,2.0 2.0 0.134 0.134 0.096 0.096
6992,4.4226586909057986,0.134 0.134 2.0 2.0 0.139 0.139
6993,6.540332482412147,0.096 0.096 2.0 2.0 0.134 0.134 0.134 0.134
6994,7.712793164539303,2.0 2.0 0.096 0.096 0.134 0.134
6995,8.043603507737743,0.134 0.134 0.096 0.096 0.096 0.096 0.139 0.139
6996,9.254811599803919,2.0 2.0 0.096 0.096 0.139 0.139 0.134 0.134
6997,0.9506401313901911,0.139 0.139
6998,1.1410596327901814,0.096 0.096
6999,1.5906387344764967,2.0 2.0
7000,2.1404524486747283,0.134 0.134 0.134 0.134
7001,2.2213077479131753,0.134 0.134 0.10566 0.10566
7002,3.054423060703704,0.10566 0.10566 0.10566 0.10566
7003,4.2470363416530965,0.10566 0.10566 2.0 2.0
7004,4.4226586909057986,0.096 0.096 0.134 0.134
7005,6.540332482412147,0.096 0.096 2.0 2.0 0.134 0.134
7006,7.712793164539303,0.096 0.096 0.134 0.134 0.134 0.134
7007,8.043603507737743,2.0 2.0 0.134 0.134
7008,9.254811599803919,0.134 0.134 2.0 2.0 0.134 0.134 0.139 0.139 0.134 0.134
7009,0.9506401313901911,0.134 0.134
7010,1.1410596327901814,0.096 0.096
7011,1.5906387344764967,2.0 2.0
7012,2.1404524486747283,0.134 0.134 0.096 0.096
7013,2.2213077479131753,0.139 0.139 0.134 0.134
7014,3.054423060703704,0.096 0.096 0.134 0.134
7015,4.2470363416530965,2.0 2.0 0.096 0.096
7016,4.4226586909057986,2.0 2.0 2.0 2.0
7017,6.540332482412147,2.0 2.0 0.10566 0.10566 0.139 0.139
7018,7.712793164539303,2.0 2.0 2.0 2.0 2.0 2.0 0.096 0.096
7019,8.043603507737743,0.096 0.096 2.0 2.0 0.096 0.096
7020,9.254811599803919,2.0 2.0 0.134 0.134 0.139 0.139
7021,0.9506401313901911,0.096 0.096
7022,1.1410596327901814,0.10566 0.10566
7023,1.5906387344764967,2.0 2.0
7024,2.1404524486747283,0.096 0.096 0.139 0.139
7025,2.2213077479131753,0.139 0.139 0.096 0.096
7026,3.054423060703704,2.0 2.0 0.134 0.134
7027,4.2470363416530965,2.0 2.0 2.0 2.0
7028,4.4226586909057986,0.134 0.134 2.0 2.0
7029,6.540332482412147,0.134 0.134 2.0 2.0 0.139 0.139
7030,7.712793164539303,0.134 0.134 0.096 0.096 0.134 0.134
7031,8.043603507737743,0.134 0.134 0.139 0.139 0.139 0.139 0.134 0.134
7032,9.254811599803919,0.134 0.134 0.134 0.134 2.0 2.0
7033,0.9506401313901911,0.134 0.134
7034,1.1410596327901814,0.096 0.096
7035,1.5906387344764967,0.096 0.096
7036,2.1404524486747283,0.134 0.134 0.134 0.134
7037,2.2213077479131753,0.134 0.134 2.0 2.0
7038,3.054423060703704,0.139 0.139 0.096 0.096
7039,4.2470363416530965,2.0 2.0 2.0 2.0 2.0 2.0
7040,4.4226586909057986,0.139 0.139 0.134 0.134 0.139 0.139
7041,6.540332482412147,2.0 2.0 0.096 0.096 0.096 0.096
7042,7.712793164539303,2.0 2.0 0.134 0.134 0.139 0.139
7043,8.043603507737743,2.0 2.0 0.139 0.139 0.139 0.139
7044,9.254811599803919,0.134 0.134 0.096 0.096
7045,0.9506401313901911,0.134 0.134
7046,1.1410596327901814,0.096 0.096
7047,1.5906387344764967,0.096 0.096
7048,2.1404524486747283,0.139 0.139 0.134 0.134
7049,2.2213077479131753,0.134 0.134 2.0 2.0
7050,3.054423060703704,0.134 0.134 0.096 0.096
7051,4.2470363416530965,0.134 0.134 0.10566 0.10566 0.134 0.134
7052,4.4226586909057986,0.096 0.096 0.139 0.139 2.0 2.0
7053,6.540332482412147,0.10566 0.10566 2.0 2.0 2.0 2.0
7054,7.712793164539303,2.0 2.0 0.096 0.096
7055,8.043603507737743,0.096 0.096 0.134 0.134 0.139 0.139 2.0 2.0
7056,9.254811599803919,0.096 0.096 0.134 0.134 0.139 0.139
7057,0.9506401313901911,0.134 0.134
7058,1.1410596327901814,2.0 2.0
7059,1.5906387344764967,0.10566 0.10566
7060,2.1404524486747283,2.0 2.0 0.139 0.139
7061,2.2213077479131753,0.10566 0.10566 0.134 0.134
7062,3.054423060703704,0.096 0.096 2.0 2.0
7063,4.2470363416530965,0.139 0.139 2.0 2.0
7064,4.4226586909057986,0.10566 0.10566 2.0 2.0 0.139 0.139
7065,6.540332482412147,2.0 2.0 0.096 0.096
7066,7.712793164539303,0.096 0.096 0.096 0.096 2.0 2.0 0.139 0.139
7067,8.043603507737743,0.139 0.139 0.139 0.139 2.0 2.0 0.134 0.134
7068,9.254811599803919,0.134 0.134 0.134 0.134 0.096 0.096 0.134 0.134
7069,0.9506401313901911,0.134 0.134
7070,1.1410596327901814,0.096 0.096
7071,1.5906387344764967,2.0 2.0
7072,2.1404524486747283,2.0 2.0 0.134 0.134
7073,2.2213077479131753,0.139 0.139 0.134 0.134
7074,3.054423060703704,2.0 2.0 2.0 2.0
7075,4.2470363416530965,0.134 0.134 0.134 0.134
7076,4.4226586909057986,2.0 2.0 0.10566 0.10566 0.096 0.096
7077,6.540332482412147,0.134 0.134 0.096 0.096
7078,7.712793164539303,0.10566 0.10566 2.0 2.0
7079,8.043603507737743,0.10566 0.10566 0.134 0.134 0.139 0.139 0.134 0.134 0.134 0.134 0.134 0.134
7080,9.254811599803919,0.10566 0.10566 0.139 0.139 0.096 0.096 0.139 0.139 0.134 0.134
7081,0.9506401313901911,0.139 0.139
7082,1.1410596327901814,0.10566 0.10566
7083,1.5906387344764967,0.096 0.096
7084,2.1404524486747283,0.134 0.134 0.134 0.134
7085,2.2213077479131753,0.096 0.096 0.139 0.139
7086,3.054423060703704,0.134 0.134 0.139 0.139
7087,4.2470363416530965,2.0 2.0 0.134 0.134
7088,4.4226586909057986,0.134 0.134 2.0 2.0
7089,6.540332482412147,2.0 2.0 0.134 0.134
7090,7.712793164539303,0.134 0.134 2.0 2.0 0.134 0.134
7091,8.043603507737743,2.0 2.0 0.096 0.096
7092,9.254811599803919,2.0 2.0 0.096 0.096 0.096 0.096
7093,0.9506401313901911,0.134 0.134
7094,1.1410596327901814,2.0 2.0
7095,1.5906387344764967,2.0 2.0
7096,2.1404524486747283,0.134 0.134 0.134 0.134
7097,2.2213077479131753,2.0 2.0 0.134 0.134
7098,3.054423060703704,2.0 2.0 0.139 0.139
7099,4.2470363416530965,0.10566 0.10566 0.134 0.134 0.139 0.139
7100,4.4226586909057986,2.0 2.0 2.0 2.0
7101,6.540332482412147,0.096 0.096 0.139 0.139 0.096 0.096
7102,7.712793164539303,0.096 0.096 0.139 0.139 0.139 0.139
7103,8.043603507737743,2.0 2.0 0.096 0.096 0.10566 0.10566
7104,9.254811599803919,0.096 0.096 2.0 2.0 0.134 0.134 0.134 0.134 0.096 0.096
7105,0.9506401313901911,0.134 0.134
7106,1.1410596327901814,0.096 0.096
7107,1.5906387344764967,0.096 0.096
7108,2.1404524486747283,0.096 0.096 0.134 0.134
7109,2.2213077479131753,0.134 0.134 0.139 0.139
7110,3.054423060703704,2.0 2.0 0.10566 0.10566
7111,4.2470363416530965,2.0 2.0 0.139 0.139 0.139 0.139
7112,4.4226586909057986,0.134 0.134 0.139 0.139 2.0 2.0
7113,6.540332482412147,2.0 2.0 0.096 0.096
7114,7.712793164539303,2.0 2.0 0.096 0.096 0.134 0.134
7115,8.043603507737743,2.0 2.0 2.0 2.0 0.139 0.139
7116,9.254811599803919,0.134 0.134 0.139 0.139 2.0 2.0 0.096 0.096 0.139 0.139
7117,0.9506401313901911,0.139 0.139
7118,1.1410596327901814,0.096 0.096
7119,1.5906387344764967,0.10566 0.10566
7120,2.1404524486747283,0.10566 0.10566 0.134 0.134
7121,2.2213077479131753,0.134 0.134 0.139 0.139
7122,3.054423060703704,2.0 2.0 2.0 2.0
7123,4.2470363416530965,2.0 2.0 0.10566 0.10566 0.134 0.134
7124,4.4226586909057986,0.139 0.139 0.096 0.096
7125,6.540332482412147,0.10566 0.10566 2.0 2.0
7126,7.712793164539303,0.096 0.096 2.0 2.0 0.134 0.134
7127,8.043603507737743,0.139 0.139 0.139 0.139 0.139 0.139 0.139 0.139
7128,9.254811599803919,0.139 0.139 0.134 0.134 0.134 0.134
7129,0.9506401313901911,0.134 0.134
7130,1.1410596327901814,0.096 0.096
7131,1.5906387344764967,0.096 0.096
7132,2.1404524486747283,0.139 0.139 0.10566 0.10566
7133,2.2213077479131753,0.134 0.134 0.096 0.096
7134,3.054423060703704,2.0 2.0 2.0 2.0
7135,4.2470363416530965,0.139 0.139 0.096 0.096
7136,4.4226586909057986,2.0 2.0 0.10566 0.10566 0.139 0.139
7137,6.540332482412147,0.134 0.134 0.139 0.139 0.10566 0.10566 0.139 0.139
7138,7.712793164539303,2.0 2.0 0.134 0.134 0.139 0.139
7139,8.043603507737743,0.134 0.134 0.134 0.134 0.096 0.096 0.134 0.134
7140,9.254811599803919,2.0 2.0 0.134 0.134 2.0 2.0 2.0 2.0 0.134 0.134
7141,0.9506401313901911,0.134 0.134
7142,1.1410596327901814,0.134 0.134
7143,1.5906387344764967,2.0 2.0
7144,2.1404524486747283,0.134 0.134 0.096 0.096
7145,2.2213077479131753,0.139 0.139 0.134 0.134
7146,3.054423060703704,0.096 0.096 2.0 2.0
7147,4.2470363416530965,0.139 0.139 2.0 2.0
7148,4.4226586909057986,0.139 0.139 2.0 2.0
7149,6.540332482412147,0.10566 0.10566 0.134 0.134 0.10566 0.10566
7150,7.712793164539303,0.134 0.134 0.134 0.134 2.0 2.0
7151,8.043603507737743,0.10566 0.10566 2.0 2.0 0.134 0.134 0.096 0.096
7152,9.254811599803919,0.096 0.096 0.096 0.096 0.139 0.139 0.134 0.134
7153,0.9506401313901911,0.134 0.134
7154,1.1410596327901814,0.096 0.096
7155,1.5906387344764967,2.0 2.0
7156,2.1404524486747283,2.0 2.0 0.134 0.134
7157,2.2213077479131753,0.139 0.139 2.0 2.0
7158,3.054423060703704,0.134 0.134 0.10566 0.10566
7159,4.2470363416530965,2.0 2.0 0.134 0.134
7160,4.4226586909057986,0.096 0.096 0.096 0.096 0.134 0.134
7161,6.540332482412147,2.0 2.0 0.10566 0.10566 0.096 0.096
7162,7.712793164539303,0.10566 0.10566 2.0 2.0 0.139 0.139 0.134 0.134 0.139 0.139
7163,8.043603507737743,2.0 2.0 2.0 2.0 0.134 0.134 0.134 0.134
7164,9.254811599803919,0.096 0.096 0.139 0.139 0.10566 0.10566
7165,0.9506401313901911,0.139 0.139
7166,1.1410596327901814,2.0 2.0
7167,1.5906387344764967,2.0 2.0
7168,2.1404524486747283,0.096 0.096 0.139 0.139
7169,2.2213077479131753,0.096 0.096 0.134 0.134
7170,3.054423060703704,0.134 0.134 0.134 0.134
7171,4.2470363416530965,0.096 0.096 2.0 2.0
7172,4.4226586909057986,0.10566 0.10566 0.134 0.134 2.0 2.0
7173,6.540332482412147,0.139 0.139 0.10566 0.10566 0.134 0.134
7174,7.712793164539303,0.096 0.096 0.134 0.134 0.139 0.139 0.134 0.134
7175,8.043603507737743,0.134 0.134 0.096 0.096 0.134 0.134
7176,9.254811599803919,0.10566 0.10566 0.134 0.134 0.139 0.139 0.134 0.134
7177,0.9506401313901911,2.0 2.0
7178,1.1410596327901814,0.096 0.096
7179,1.5906387344764967,2.0 2.0
7180,2.1404524486747283,0.134 0.134 0.134 0.134
7181,2.2213077479131753,0.096 0.096 0.10566 0.10566
7182,3.054423060703704,2.0 2.0 0.134 0.134
7183,4.2470363416530965,0.134 0.134 0.139 0.139 0.139 0.139
7184,4.4226586909057986,0.10566 0.10566 0.134 0.134 0.134 0.134
7185,6.540332482412147,0.10566 0.10566 2.0 2.0
7186,7.712793164539303,0.134 0.134 0.134 0.134 2.0 2.0
7187,8.043603507737743,0.096 0.096 0.134 0.134 0.096 0.096
7188,9.254811599803919,0.139 0.139 0.096 0.096 0.134 0.134 0.096 0.096 0.134 0.134
7189,0.9506401313901911,0.139 0.139
7190,1.1410596327901814,0.096 0.096
7191,1.5906387344764967,2.0 2.0
7192,2.1404524486747283,0.134 0.134 0.134 0.134
7193,2.2213077479131753,0.096 0.096 0.139 0.139
7194,3.054423060703704,0.10566 0.10566 2.0 2.0
7195,4.2470363416530965,0.096 0.096 0.134 0.134
7196,4.4226586909057986,0.134 0.134 0.139 0.139
7197,6.540332482412147,0.096 0.096 0.134 0.134 0.096 0.096
7198,7.712793164539303,0.10566 0.10566 0.096 0.096 0.10566 0.10566 0.139 0.139 0.096 0.096
7199,8.043603507737743,0.096 0.096 0.134 0.134 2.0 2.0 0.139 0.139
7200,9.254811599803919,0.139 0.139 2.0 2.0 0.134 0.134 0.134 0.134
7201,0.9506401313901911,0.134 0.134
7202,1.1410596327901814,0.096 0.096
7203,1.5906387344764967,2.0 2.0
7204,2.1404524486747283,0.10566 0.10566 0.139 0.139
7205,2.2213077479131753,0.134 0.134 0.134 0.134
7206,3.054423060703704,2.0 2.0 0.096 0.096
7207,4.2470363416530965,2.0 2.0 0.096 0.096
7208,4.4226586909057986,0.134 0.134 0.134 0.134 2.0 2.0
7209,6.540332482412147,2.0 2.0 2.0 2.0 0.139 0.139
7210,7.712793164539303,0.10566 0.10566 0.096 0.096
7211,8.043603507737743,0.10566 0.10566 2.0 2.0 0.134 0.134
7212,9.254811599803919,0.134 0.134 0.134 0.134 0.134 0.134
7213,0.9506401313901911,0.139 0.139
7214,1.1410596327901814,2.0 2.0
7215,1.5906387344764967,2.0 2.0
7216,2.1404524486747283,0.139 0.139 2.0 2.0
7217,2.2213077479131753,0.134 0.134 0.134 0.134
7218,3.054423060703704,0.10566 0.10566 2.0 2.0
7219,4.2470363416530965,0.139 0.139 0.139 0.139 0.096 0.096
7220,4.4226586909057986,0.096 0.096 0.096 0.096
7221,6.540332482412147,2.0 2.0 2.0 2.0 0.139 0.139 0.134 0.134
7222,7.712793164539303,0.096 0.096 0.10566 0.10566
7223,8.043603507737743,0.139 0.139 2.0 2.0 0.096 0.096
7224,9.254811599803919,0.096 0.096 0.139 0.139 0.096 0.096
7225,0.9506401313901911,0.134 0.134
7226,1.1410596327901814,0.10566 0.10566
7227,1.5906387344764967,2.0 2.0
7228,2.1404524486747283,0.139 0.139 0.096 0.096
7229,2.2213077479131753,0.096 0.096 0.139 0.139
7230,3.054423060703704,0.096 0.096 0.134 0.134
7231,4.2470363416530965,0.096 0.096 2.0 2.0 0.134 0.134
7232,4.4226586909057986,0.134 0.134 0.096 0.096
7233,6.540332482412147,0.134 0.134 0.139 0.139
7234,7.712793164539303,2.0 2.0 2.0 2.0 0.134 0.134 0.096 0.096
7235,8.043603507737743,2.0 2.0 2.0 2.0 0.139 0.139
7236,9.254811599803919,0.139 0.139 0.134 0.134 0.139 0.139 0.134 0.134 0.096 0.096
7237,0.9506401313901911,0.134 0.134
7238,1.1410596327901814,0.10566 0.10566
7239,1.5906387344764967,2.0 2.0
7240,2.1404524486747283,0.139 0.139 0.096 0.096
7241,2.2213077479131753,0.134 0.134 2.0 2.0
7242,3.054423060703704,0.096 0.096 0.096 0.096
7243,4.2470363416530965,2.0 2.0 0.134 0.134 0.096 0.096
7244,4.4226586909057986,2.0 2.0 2.0 2.0
7245,6.540332482412147,0.134 0.134 0.134 0.134 0.096 0.096
7246,7.712793164539303,0.134 0.134 0.134 0.134 0.096 0.096 2.0 2.0 0.134 0.134
7247,8.043603507737743,2.0 2.0 0.096 0.096
7248,9.254811599803919,0.10566 0.10566 0.096 0.096 0.134 0.134 0.134 0.134
7249,0.9506401313901911,0.134 0.134
7250,1.1410596327901814,2.0 2.0
7251,1.5906387344764967,2.0 2.0
7252,2.1404524486747283,2.0 2.0 0.134 0.134
7253,2.2213077479131753,0.134 0.134 0.134 0.134
7254,3.054423060703704,0.10566 0.10566 0.134 0.134
7255,4.2470363416530965,2.0 2.0 0.096 0.096
7256,4.4226586909057986,0.134 0.134 0.10566 0.10566 0.134 0.134
7257,6.540332482412147,2.0 2.0 0.134 0.134 0.134 0.134 2.0 2.0
7258,7.712793164539303,2.0 2.0 0.134 0.134 0.139 0.139
7259,8.043603507737743,2.0 2.0 2.0 2.0 2.0 2.0 0.10566 0.10566
7260,9.254811599803919,0.10566 0.10566 2.0 2.0 0.134 0.134
7261,0.9506401313901911,0.134 0.134
7262,1.1410596327901814,0.096 0.096
7263,1.5906387344764967,0.096 0.096
7264,2.1404524486747283,0.139 0.139 0.139 0.139
7265,2.2213077479131753,0.139 0.139 0.10566 0.10566
7266,3.054423060703704,2.0 2.0 0.139 0.139
7267,4.2470363416530965,0.096 0.096 0.10566 0.10566
7268,4.4226586909057986,0.10566 0.10566 0.096 0.096 0.139 0.139
7269,6.540332482412147,2.0 2.0 0.134 0.134 0.096 0.096
7270,7.712793164539303,0.139 0.139 0.139 0.139 0.096 0.096 2.0 2.0
7271,8.043603507737743,0.134 0.134 0.134 0.134
7272,9.254811599803919,0.096 0.096 0.134 0.134 0.134 0.134 0.10566 0.10566 2.0 2.0
7273,0.9506401313901911,0.139 0.139
7274,1.1410596327901814,0.096 0.096
7275,1.5906387344764967,2.0 2.0
7276,2.1404524486747283,0.139 0.139 0.134 0.134
7277,2.2213077479131753,0.139 0.139 0.096 0.096
7278,3.054423060703704,2.0 2.0 0.10566 0.10566
7279,4.2470363416530965,0.134 0.134 0.134 0.134
7280,4.4226586909057986,2.0 2.0 0.134 0.134 0.139 0.139
7281,6.540332482412147,0.10566 0.10566 0.134 0.134
7282,7.712793164539303,0.096 0.096 0.134 0.134 2.0 2.0
7283,8.043603507737743,2.0 2.0 0.096 0.096 0.134 0.134
7284,9.254811599803919,0.134 0.134 2.0 2.0
7285,0.9506401313901911,0.134 0.134
7286,1.1410596327901814,0.096 0.096
7287,1.5906387344764967,0.096 0.096
7288,2.1404524486747283,0.139 0.139 0.134 0.134
7289,2.2213077479131753,0.096 0.096 0.096 0.096
7290,3.054423060703704,0.096 0.096 0.10566 0.10566
7291,4.2470363416530965,2.0 2.0 2.0 2.0
7292,4.4226586909057986,0.134 0.134 0.10566 0.10566 0.096 0.096
7293,6.540332482412147,0.134 0.134 0.134 0.134 0.134 0.134
7294,7.712793164539303,0.096 0.096 0.134 0.134 0.134 0.134
7295,8.043603507737743,2.0 2.0 0.096 0.096 0.139 0.139
7296,9.254811599803919,0.134 0.134 0.096 0.096 0.139 0.139
7297,0.9506401313901911,0.134 0.134
7298,1.1410596327901814,0.096 0.096
7299,1.5906387344764967,2.0 2.0
7300,2.1404524486747283,2.0 2.0 0.139 0.139
7301,2.2213077479131753,0.134 0.134 0.139 0.139
7302,3.054423060703704,0.096 0.096 0.096 0.096
7303,4.2470363416530965,0.134 0.134 0.134 0.134 0.096 0.096
7304,4.4226586909057986,0.096 0.096 0.134 0.134 0.134 0.134
7305,6.540332482412147,0.096 0.096 0.134 0.134 0.134 0.134
7306,7.712793164539303,2.0 2.0 0.10566 0.10566
7307,8.043603507737743,2.0 2.0 2.0 2.0 0.134 0.134
7308,9.254811599803919,2.0 2.0 0.139 0.139 2.0 2.0 0.139 0.139
7309,0.9506401313901911,0.134 0.134
7310,1.1410596327901814,0.096 0.096
7311,1.5906387344764967,2.0 2.0
7312,2.1404524486747283,0.139 0.139 2.0 2.0
7313,2.2213077479131753,0.096 0.096 0.134 0.134
7314,3.054423060703704,2.0 2.0 2.0 2.0
7315,4.2470363416530965,0.096 0.096 0.134 0.134 0.10566 0.10566
7316,4.4226586909057986,2.0 2.0 0.139 0.139 0.134 0.134 0.134 0.134
7317,6.540332482412147,0.139 0.139 0.134 0.134 0.134 0.134
7318,7.712793164539303,2.0 2.0 2.0 2.0 0.134 0.134
7319,8.043603507737743,0.134 0.134 0.134 0.134 2.0 2.0 2.0 2.0
7320,9.254811599803919,0.096 0.096 0.096 0.096 0.134 0.134
7321,0.9506401313901911,0.096 0.096
7322,1.1410596327901814,0.096 0.096
7323,1.5906387344764967,2.0 2.0
7324,2.1404524486747283,0.096 0.096 0.134 0.134
7325,2.2213077479131753,0.139 0.139 2.0 2.0
7326,3.054423060703704,0.096 0.096 0.10566 0.10566
7327,4.2470363416530965,0.096 0.096 0.134 0.134 0.134 0.134
7328,4.4226586909057986,0.134 0.134 0.134 0.134
7329,6.540332482412147,0.096 0.096 2.0 2.0 0.139 0.139
7330,7.712793164539303,0.134 0.134 0.134 0.134 0.134 0.134 0.134 0.134
7331,8.043603507737743,0.134 0.134 0.134 0.134 0.139 0.139
7332,9.254811599803919,0.134 0.134 0.096 0.096 0.134 0.134 2.0 2.0 0.134 0.134
7333,0.9506401313901911,0.134 0.134
7334,1.1410596327901814,0.10566 0.10566
7335,1.5906387344764967,2.0 2.0
7336,2.1404524486747283,0.134 0.134 0.134 0.134
7337,2.2213077479131753,0.134 0.134 0.10566 0.10566
7338,3.054423060703704,0.139 0.139 0.134 0.134
7339,4.2470363416530965,0.134 0.134 0.134 0.134 0.134 0.134
7340,4.4226586909057986,0.139 0.139 0.096 0.096 0.134 0.134
7341,6.540332482412147,2.0 2.0 0.139 0.139 0.096 0.096 2.0 2.0
7342,7.712793164539303,0.096 0.096 0.139 0.139 0.139 0.139 0.134 0.134
7343,8.043603507737743,0.134 0.134 0.096 0.096
7344,9.254811599803919,0.096 0.096 0.096 0.096 0.139 0.139
7345,0.9506401313901911,0.134 0.134
7346,1.1410596327901814,2.0 2.0
7347,1.5906387344764967,0.096 0.096
7348,2.1404524486747283,0.10566 0.10566 0.134 0.134
7349,2.2213077479131753,2.0 2.0 0.134 0.134
7350,3.054423060703704,2.0 2.0 0.096 0.096
7351,4.2470363416530965,0.134 0.134 0.096 0.096
7352,4.4226586909057986,0.10566 0.10566 2.0 2.0
7353,6.540332482412147,0.096 0.096 0.096 0.096
7354,7.712793164539303,0.096 0.096 0.096 0.096 0.134 0.134 0.134 0.134
7355,8.043603507737743,0.096 0.096 0.096 0.096 0.096 0.096
7356,9.254811599803919,0.134 0.134 0.134 0.134 0.134 0.134
7357,0.9506401313901911,0.139 0.139
7358,1.1410596327901814,2.0 2.0
7359,1.5906387344764967,0.096 0.096
7360,2.1404524486747283,0.096 0.096 0.134 0.134
7361,2.2213077479131753,0.134 0.134 0.134 0.134
7362,3.054423060703704,0.139 0.139 0.096 0.096
7363,4.2470363416530965,0.139 0.139 2.0 2.0
7364,4.4226586909057986,0.10566 0.10566 0.139 0.139 0.134 0.134
7365,6.540332482412147,0.096 0.096 0.134 0.134
7366,7.712793164539303,0.134 0.134 0.134 0.134 2.0 2.0 0.134 0.134
7367,8.043603507737743,0.096 0.096 0.134 0.134 0.096 0.096
7368,9.254811599803919,2.0 2.0 0.096 0.096 0.139 0.139 0.139 0.139 0.134 0.134
7369,0.9506401313901911,0.139 0.139
7370,1.1410596327901814,0.096 0.096
7371,1.5906387344764967,2.0 2.0
7372,2.1404524486747283,0.134 0.134 0.139 0.139
7373,2.2213077479131753,0.139 0.139 0.134 0.134
7374,3.054423060703704,0.134 0.134 0.139 0.139
7375,4.2470363416530965,2.0 2.0 0.096 0.096
7376,4.4226586909057986,2.0 2.0 0.096 0.096
7377,6.540332482412147,0.096 0.096 2.0 2.0 2.0 2.0
7378,7.712793164539303,0.096 0.096 2.0 2.0 0.139 0.139
7379,8.043603507737743,0.096 0.096 0.139 0.139 0.139 0.139
7380,9.254811599803919,0.134 0.134 0.096 0.096 0.134 0.134 0.096 0.096
7381,0.9506401313901911,0.134 0.134
7382,1.1410596327901814,0.10566 0.10566
7383,1.5906387344764967,2.0 2.0
7384,2.1404524486747283,2.0 2.0 0.139 0.139
7385,2.2213077479131753,0.139 0.139 2.0 2.0
7386,3.054423060703704,2.0 2.0 0.139 0.139
7387,4.2470363416530965,0.134 0.134 0.134 0.134 0.134 0.134
7388,4.4226586909057986,0.139 0.139 0.139 0.139 0.134 0.134
7389,6.540332482412147,2.0 2.0 0.134 0.134 2.0 2.0
7390,7.712793164539303,0.139 0.139 0.139 0.139 0.134 0.134
7391,8.043603507737743,0.096 0.096 2.0 2.0 0.134 0.134
7392,9.254811599803919,0.096 0.096 2.0 2.0 2.0 2.0
7393,0.9506401313901911,0.134 0.134
7394,1.1410596327901814,0.096 0.096
7395,1.5906387344764967,0.134 0.134
7396,2.1404524486747283,0.134 0.134 0.10566 0.10566
7397,2.2213077479131753,0.134 0.134 0.134 0.134
7398,3.054423060703704,0.096 0.096 0.139 0.139
7399,4.2470363416530965,0.134 0.134 0.096 0.096
7400,4.4226586909057986,2.0 2.0 2.0 2.0
7401,6.540332482412147,2.0 2.0 2.0 2.0 0.134 0.134
7402,7.712793164539303,0.096 0.096 0.139 0.139 0.134 0.134
7403,8.043603507737743,2.0 2.0 0.096 0.096 0.096 0.096
7404,9.254811599803919,0.139 0.139 0.134 0.134 2.0 2.0 2.0 2.0
7405,0.9506401313901911,0.134 0.134
7406,1.1410596327901814,2.0 2.0
7407,1.5906387344764967,0.096 0.096
7408,2.1404524486747283,0.134 0.134 0.096 0.096
7409,2.2213077479131753,2.0 2.0 0.134 0.134
7410,3.054423060703704,0.134 0.134 0.134 0.134
7411,4.2470363416530965,0.134 0.134 0.134 0.134
7412,4.4226586909057986,0.096 0.096 0.139 0.139 2.0 2.0 0.134 0.134
7413,6.540332482412147,0.096 0.096 0.10566 0.10566 0.134 0.134
7414,7.712793164539303,2.0 2.0 0.10566 0.10566 0.134 0.134
7415,8.043603507737743,0.096 0.096 0.134 0.134 0.139 0.139
7416,9.254811599803919,0.10566 0.10566 0.096 0.096 2.0 2.0
7417,0.9506401313901911,0.139 0.139
7418,1.1410596327901814,0.10566 0.10566
7419,1.5906387344764967,0.096 0.096
7420,2.1404524486747283,0.139 0.139 2.0 2.0
7421,2.2213077479131753,0.134 0.134 2.0 2.0
7422,3.054423060703704,0.096 0.096 0.096 0.096
7423,4.2470363416530965,0.096 0.096 0.134 0.134
7424,4.4226586909057986,0.139 0.139 0.139 0.139 0.096 0.096
7425,6.540332482412147,0.134 0.134 2.0 2.0 0.10566 0.10566 0.10566 0.10566
7426,7.712793164539303,0.134 0.134 0.134 0.134 0.139 0.139
7427,8.043603507737743,0.134 0.134 0.139 0.139 0.10566 0.10566 2.0 2.0
7428,9.254811599803919,0.096 0.096 2.0 2.0 0.134 0.134 0.096 0.096
7429,0.9506401313901911,0.134 0.134
7430,1.1410596327901814,0.10566 0.10566
7431,1.5906387344764967,0.096 0.096
7432,2.1404524486747283,0.096 0.096 0.139 0.139
7433,2.2213077479131753,0.134 0.134 0.096 0.096
7434,3.054423060703704,2.0 2.0 2.0 2.0
7435,4.2470363416530965,0.134 0.134 0.10566 0.10566
7436,4.4226586909057986,0.139 0.139 0.134 0.134 0.134 0.134
7437,6.540332482412147,2.0 2.0 0.134 0.134 0.139 0.139
7438,7.712793164539303,0.134 0.134 2.0 2.0
7439,8.043603507737743,0.096 0.096 0.096 0.096
7440,9.254811599803919,0.10566 0.10566 0.139 0.139 2.0 2.0
7441,0.9506401313901911,0.134 0.134
7442,1.1410596327901814,0.096 0.096
7443,1.5906387344764967,0.096 0.096
7444,2.1404524486747283,0.134 0.134 0.134 0.134
7445,2.2213077479131753,0.134 0.134 0.139 0.139
7446,3.054423060703704,0.096 0.096 2.0 2.0
7447,4.2470363416530965,0.134 0.134 0.139 0.139
7448,4.4226586909057986,2.0 2.0 2.0 2.0
7449,6.540332482412147,2.0 2.0 0.134 0.134 2.0 2.0
7450,7.712793164539303,2.0 2.0 0.134 0.134 0.096 0.096
7451,8.043603507737743,0.096 0.096 2.0 2.0 2.0 2.0 0.134 0.134
7452,9.254811599803919,0.134 0.134 2.0 2.0 0.134 0.134 0.139 0.139
7453,0.9506401313901911,0.134 0.134
7454,1.1410596327901814,2.0 2.0
7455,1.5906387344764967,0.096 0.096
7456,2.1404524486747283,0.134 0.134 0.096 0.096
7457,2.2213077479131753,0.134 0.134 0.134 0.134
7458,3.054423060703704,0.096 0.096 0.096 0.096
7459,4.2470363416530965,0.096 0.096 0.134 0.134
7460,4.4226586909057986,0.096 0.096 0.139 0.139 0.096 0.096
7461,6.540332482412147,0.10566 0.10566 0.134 0.134 2.0 2.0 0.10566 0.10566
7462,7.712793164539303,0.096 0.096 0.139 0.139 0.139 0.139
7463,8.043603507737743,2.0 2.0 0.096 0.096
7464,9.254811599803919,0.096 0.096 2.0 2.0
7465,0.9506401313901911,0.134 0.134
7466,1.1410596327901814,0.096 0.096
7467,1.5906387344764967,0.10566 0.10566
7468,2.1404524486747283,0.134 0.134 0.134 0.134
7469,2.2213077479131753,2.0 2.0 0.134 0.134
7470,3.054423060703704,2.0 2.0 2.0 2.0
7471,4.2470363416530965,0.139 0.139 0.134 0.134
7472,4.4226586909057986,0.134 0.134 0.096 0.096 0.139 0.139
7473,6.540332482412147,2.0 2.0 0.096 0.096 2.0 2.0
7474,7.712793164539303,2.0 2.0 0.134 0.134 2.0 2.0
7475,8.043603507737743,0.134 0.134 2.0 2.0 0.096 0.096 0.096 0.096
7476,9.254811599803919,0.096 0.096 2.0 2.0 0.134 0.134 0.139 0.139
7477,0.9506401313901911,0.139 0.139
7478,1.1410596327901814,2.0 2.0
7479,1.5906387344764967,2.0 2.0
7480,2.1404524486747283,0.096 0.096 0.134 0.134
7481,2.2213077479131753,0.134 0.134 0.139 0.139
7482,3.054423060703704,0.134 0.134 2.0 2.0
7483,4.2470363416530965,0.134 0.134 0.10566 0.10566
7484,4.4226586909057986,0.134 0.134 0.134 0.134 0.139 0.139
7485,6.540332482412147,0.096 0.096 0.10566 0.10566 0.134 0.134
7486,7.712793164539303,0.096 0.096 2.0 2.0 2.0 2.0
7487,8.043603507737743,0.134 0.134 0.096 0.096 2.0 2.0
7488,9.254811599803919,0.134 0.134 0.096 0.096 0.134 0.134 0.134 0.134 0.134 0.134
7489,0.9506401313901911,0.139 0.139
7490,1.1410596327901814,0.096 0.096
7491,1.5906387344764967,0.096 0.096
7492,2.1404524486747283,0.134 0.134 0.134 0.134
7493,2.2213077479131753,0.134 0.134 0.096 0.096
7494,3.054423060703704,2.0 2.0 0.096 0.096
7495,4.2470363416530965,0.134 0.134 0.134 0.134 0.139 0.139
7496,4.4226586909057986,0.10566 0.10566 0.096 0.096
7497,6.540332482412147,0.096 0.096 0.096 0.096
7498,7.712793164539303,2.0 2.0 2.0 2.0
7499,8.043603507737743,0.096 0.096 2.0 2.0 0.096 0.096
7500,9.254811599803919,0.134 0.134 0.096 0.096 0.134 0.134 0.139 0.139 2.0 2.0
7501,0.9506401313901911,0.134 0.134
7502,1.1410596327901814,0.096 0.096
7503,1.5906387344764967,2.0 2.0
7504,2.1404524486747283,0.096 0.096 0.139 0.139
7505,2.2213077479131753,0.096 0.096 0.134 0.134
7506,3.054423060703704,0.096 0.096 0.096 0.096
7507,4.2470363416530965,0.134 0.134 0.134 0.134 2.0 2.0
7508,4.4226586909057986,0.10566 0.10566 0.10566 0.10566 0.096 0.096
7509,6.540332482412147,0.096 0.096 0.096 0.096 0.139 0.139
7510,7.712793164539303,0.096 0.096 2.0 2.0 2.0 2.0
7511,8.043603507737743,2.0 2.0 0.10566 0.10566 0.134 0.134
7512,9.254811599803919,0.139 0.139 0.096 0.096 0.096 0.096 0.134 0.134
7513,0.9506401313901911,0.134 0.134
7514,1.1410596327901814,0.10566 0.10566
7515,1.5906387344764967,0.096 0.096
7516,2.1404524486747283,0.134 0.134 0.134 0.134
7517,2.2213077479131753,0.134 0.134 0.134 0.134
7518,3.054423060703704,0.139 0.139 2.0 2.0
7519,4.2470363416530965,0.134 0.134 2.0 2.0
7520,4.4226586909057986,0.096 0.096 2.0 2.0
7521,6.540332482412147,0.134 0.134 0.134 0.134 0.134 0.134 2.0 2.0
7522,7.712793164539303,0.096 0.096 0.096 0.096 0.139 0.139 0.139 0.139 0.139 0.139
7523,8.043603507737743,0.10566 0.10566 0.139 0.139 0.139 0.139 0.096 0.096 2.0 2.0
7524,9.254811599803919,0.134 0.134 0.096 0.096 0.134 0.134 0.096 0.096
7525,0.9506401313901911,0.139 0.139
7526,1.1410596327901814,2.0 2.0
7527,1.5906387344764967,0.096 0.096
7528,2.1404524486747283,0.139 0.139 0.10566 0.10566
7529,2.2213077479131753,0.139 0.139 2.0 2.0
7530,3.054423060703704,2.0 2.0 0.139 0.139
7531,4.2470363416530965,0.134 0.134 0.134 0.134 2.0 2.0
7532,4.4226586909057986,0.096 0.096 2.0 2.0
7533,6.540332482412147,0.134 0.134 0.134 0.134 0.096 0.096
7534,7.712793164539303,2.0 2.0 0.096 0.096
7535,8.043603507737743,2.0 2.0 0.134 0.134 2.0 2.0
7536,9.254811599803919,0.10566 0.10566 0.139 0.139 2.0 2.0 0.139 0.139 2.0 2.0
7537,0.9506401313901911,0.134 0.134
7538,1.1410596327901814,2.0 2.0
7539,1.5906387344764967,2.0 2.0
7540,2.1404524486747283,0.10566 0.10566 2.0 2.0
7541,2.2213077479131753,0.134 0.134 0.096 0.096
7542,3.054423060703704,0.134 0.134 0.096 0.096
7543,4.2470363416530965,2.0 2.0 0.096 0.096
7544,4.4226586909057986,0.134 0.134 0.096 0.096 0.134 0.134
7545,6.540332482412147,0.10566 0.10566 2.0 2.0
7546,7.712793164539303,0.139 0.139 0.139 0.139 2.0 2.0 0.134 0.134
7547,8.043603507737743,2.0 2.0 0.10566 0.10566 0.134 0.134
7548,9.254811599803919,0.096 0.096 0.134 0.134
7549,0.9506401313901911,0.134 0.134
7550,1.1410596327901814,0.10566 0.10566
7551,1.5906387344764967,2.0 2.0
7552,2.1404524486747283,2.0 2.0 0.096 0.096
7553,2.2213077479131753,2.0 2.0 0.139 0.139
7554,3.054423060703704,2.0 2.0 0.10566 0.10566
7555,4.2470363416530965,2.0 2.0 0.134 0.134 0.134 0.134
7556,4.4226586909057986,2.0 2.0 0.139 0.139
7557,6.540332482412147,0.10566 0.10566 0.096 0.096 0.096 0.096 2.0 2.0
7558,7.712793164539303,0.134 0.134 0.139 0.139 0.139 0.139 0.134 0.134
7559,8.043603507737743,2.0 2.0 0.134 0.134 0.134 0.134 0.10566 0.10566 0.134 0.134
7560,9.254811599803919,2.0 2.0 2.0 2.0
7561,0.9506401313901911,0.134 0.134
7562,1.1410596327901814,2.0 2.0
7563,1.5906387344764967,0.096 0.096
7564,2.1404524486747283,0.134 0.134 0.134 0.134
7565,2.2213077479131753,0.139 0.139 0.134 0.134
7566,3.054423060703704,0.134 0.134 0.096 0.096
7567,4.2470363416530965,2.0 2.0 0.139 0.139 0.096 0.096
7568,4.4226586909057986,0.096 0.096 2.0 2.0
7569,6.540332482412147,0.134 0.134 0.139 0.139 0.134 0.134 0.096 0.096
7570,7.712793164539303,0.134 0.134 0.139 0.139 0.139 0.139 2.0 2.0
7571,8.043603507737743,0.134 0.134 0.134 0.134 0.139 0.139
7572,9.254811599803919,2.0 2.0 0.10566 0.10566 2.0 2.0
7573,0.9506401313901911,0.096 0.096
7574,1.1410596327901814,0.096 0.096
7575,1.5906387344764967,2.0 2.0
7576,2.1404524486747283,0.134 0.134 0.139 0.139
7577,2.2213077479131753,0.139 0.139 0.139 0.139
7578,3.054423060703704,0.134 0.134 0.139 0.139
7579,4.2470363416530965,0.134 0.134 2.0 2.0
7580,4.4226586909057986,0.096 0.096 0.096 0.096
7581,6.540332482412147,0.134 0.134 0.134 0.134 0.134 0.134
7582,7.712793164539303,2.0 2.0 0.096 0.096 0.139 0.139 0.096 0.096
7583,8.043603507737743,0.10566 0.10566 0.139 0.139 2.0 2.0 0.134 0.134
7584,9.254811599803919,0.134 0.134 2.0 2.0
7585,0.9506401313901911,0.134 0.134
7586,1.1410596327901814,0.096 0.096
7587,1.5906387344764967,2.0 2.0
7588,2.1404524486747283,0.10566 0.10566 0.139 0.139
7589,2.2213077479131753,2.0 2.0 0.139 0.139
7590,3.054423060703704,2.0 2.0 2.0 2.0
7591,4.2470363416530965,2.0 2.0 0.096 0.096 0.134 0.134
7592,4.4226586909057986,0.134 0.134 0.134 0.134
7593,6.540332482412147,0.139 0.139 0.134 0.134 0.096 0.096
7594,7.712793164539303,0.096 0.096 0.096 0.096 0.096 0.096
7595,8.043603507737743,0.096 0.096 0.134 0.134 2.0 2.0 0.139 0.139
7596,9.254811599803919,2.0 2.0 2.0 2.0
7597,0.9506401313901911,0.134 0.134
7598,1.1410596327901814,0.10566 0.10566
7599,1.5906387344764967,2.0 2.0
7600,2.1404524486747283,0.134 0.134 0.134 0.134
7601,2.2213077479131753,0.134 0.134 0.134 0.134
7602,3.054423060703704,2.0 2.0 2.0 2.0
7603,4.2470363416530965,2.0 2.0 2.0 2.0
7604,4.4226586909057986,0.139 0.139 2.0 2.0 0.096 0.096 0.096 0.096
7605,6.540332482412147,0.096 0.096 0.134 0.134
7606,7.712793164539303,0.10566 0.10566 0.139 0.139 0.134 0.134
7607,8.043603507737743,0.096 0.096 2.0 2.0
7608,9.254811599803919,2.0 2.0 0.096 0.096 0.134 0.134 0.134 0.134
7609,0.9506401313901911,0.134 0.134
7610,1.1410596327901814,0.134 0.134
7611,1.5906387344764967,2.0 2.0
7612,2.1404524486747283,0.096 0.096 0.139 0.139
7613,2.2213077479131753,2.0 2.0 0.139 0.139
7614,3.054423060703704,0.096 0.096 2.0 2.0
7615,4.2470363416530965,0.134 0.134 0.096 0.096
7616,4.4226586909057986,2.0 2.0 0.096 0.096 0.134 0.134
7617,6.540332482412147,0.139 0.139 0.096 0.096 0.134 0.134
7618,7.712793164539303,2.0 2.0 0.139 0.139 0.134 0.134 0.134 0.134
7619,8.043603507737743,0.096 0.096 0.139 0.139 0.134 0.134
7620,9.254811599803919,0.139 0.139 0.139 0.139 0.096 0.096 0.139 0.139
7621,0.9506401313901911,0.096 0.096
7622,1.1410596327901814,0.139 0.139
7623,1.5906387344764967,2.0 2.0
7624,2.1404524486747283,0.096 0.096 0.134 0.134
7625,2.2213077479131753,0.139 0.139 0.139 0.139
7626,3.054423060703704,0.139 0.139 0.134 0.134
7627,4.2470363416530965,0.096 0.096 2.0 2.0
7628,4.4226586909057986,0.134 0.134 0.134 0.134 0.096 0.096
7629,6.540332482412147,0.134 0.134 0.096 0.096 0.134 0.134 0.139 0.139
7630,7.712793164539303,0.134 0.134 0.134 0.134 0.134 0.134 2.0 2.0
7631,8.043603507737743,0.134 0.134 0.134 0.134 0.139 0.139
7632,9.254811599803919,0.134 0.134 0.096 0.096 0.134 0.134
7633,0.9506401313901911,0.139 0.139
7634,1.1410596327901814,2.0 2.0
7635,1.5906387344764967,0.10566 0.10566
7636,2.1404524486747283,0.10566 0.10566 0.134 0.134
7637,2.2213077479131753,0.139 0.139 0.096 0.096
7638,3.054423060703704,0.134 0.134 2.0 2.0
7639,4.2470363416530965,0.10566 0.10566 0.134 0.134
7640,4.4226586909057986,2.0 2.0 0.134 0.134 0.139 0.139
7641,6.540332482412147,0.096 0.096 0.134 0.134 2.0 2.0
7642,7.712793164539303,0.096 0.096 2.0 2.0
7643,8.043603507737743,2.0 2.0 2.0 2.0 0.10566 0.10566
7644,9.254811599803919,0.134 0.134 2.0 2.0 0.134 0.134 0.134 0.134 0.096 0.096
7645,0.9506401313901911,0.134 0.134
7646,1.1410596327901814,0.096 0.096
7647,1.5906387344764967,2.0 2.0
7648,2.1404524486747283,0.134 0.134 0.134 0.134
7649,2.2213077479131753,0.096 0.096 0.134 0.134
7650,3.054423060703704,0.139 0.139 0.134 0.134
7651,4.2470363416530965,0.134 0.134 2.0 2.0 0.134 0.134
7652,4.4226586909057986,2.0 2.0 0.139 0.139 0.134 0.134
7653,6.540332482412147,0.10566 0.10566 0.10566 0.10566 2.0 2.0
7654,7.712793164539303,0.10566 0.10566 2.0 2.0 0.134 0.134 0.134 0.134
7655,8.043603507737743,0.139 0.139 2.0 2.0 0.096 0.096
7656,9.254811599803919,0.10566 0.10566 0.10566 0.10566 2.0 2.0 0.10566 0.10566
7657,0.9506401313901911,0.134 0.134
7658,1.1410596327901814,0.096 0.096
7659,1.5906387344764967,0.096 0.096
7660,2.1404524486747283,0.139 0.139 0.134 0.134
7661,2.2213077479131753,0.096 0.096 0.134 0.134
7662,3.054423060703704,0.134 0.134 0.10566 0.10566
7663,4.2470363416530965,0.139 0.139 0.096 0.096 0.134 0.134
7664,4.4226586909057986,0.134 0.134 0.096 0.096
7665,6.540332482412147,0.134 0.134 2.0 2.0 0.096 0.096 0.096 0.096
7666,7.712793164539303,0.096 0.096 2.0 2.0
7667,8.043603507737743,0.10566 0.10566 2.0 2.0 0.096 0.096 0.134 0.134
7668,9.254811599803919,0.096 0.096 0.10566 0.10566
7669,0.9506401313901911,0.139 0.139
7670,1.1410596327901814,0.096 0.096
7671,1.5906387344764967,2.0 2.0
7672,2.1404524486747283,0.134 0.134 0.134 0.134
7673,2.2213077479131753,0.134 0.134 0.10566 0.10566
7674,3.054423060703704,2.0 2.0 2.0 2.0
7675,4.2470363416530965,0.096 0.096 0.134 0.134
7676,4.4226586909057986,2.0 2.0 0.139 0.139 0.139 0.139
7677,6.540332482412147,0.139 0.139 0.134 0.134 0.10566 0.10566 0.096 0.096
7678,7.712793164539303,2.0 2.0 0.096 0.096
7679,8.043603507737743,2.0 2.0 2.0 2.0 0.10566 0.10566 2.0 2.0 0.096 0.096
7680,9.254811599803919,0.096 0.096 0.096 0.096 0.134 0.134 0.096 0.096
7681,0.9506401313901911,0.139 0.139
7682,1.1410596327901814,0.096 0.096
7683,1.5906387344764967,2.0 2.0
7684,2.1404524486747283,0.096 0.096 0.139 0.139
7685,2.2213077479131753,0.139 0.139 0.10566 0.10566
7686,3.054423060703704,2.0 2.0 0.139 0.139
7687,4.2470363416530965,0.134 0.134 0.134 0.134
7688,4.4226586909057986,0.096 0.096 0.096 0.096
7689,6.540332482412147,0.139 0.139 0.139 0.139 2.0 2.0
7690,7.712793164539303,0.10566 0.10566 0.096 0.096
7691,8.043603507737743,2.0 2.0 0.10566 0.10566
7692,9.254811599803919,0.096 0.096 0.134 0.134 0.139 0.139
7693,0.9506401313901911,0.134 0.134
7694,1.1410596327901814,0.134 0.134
7695,1.5906387344764967,0.096 0.096
7696,2.1404524486747283,0.10566 0.10566 0.134 0.134
7697,2.2213077479131753,0.134 0.134 0.139 0.139
7698,3.054423060703704,2.0 2.0 0.139 0.139
7699,4.2470363416530965,0.096 0.096 0.096 0.096 0.134 0.134
7700,4.4226586909057986,0.096 0.096 0.134 0.134 0.134 0.134
7701,6.540332482412147,2.0 2.0 0.134 0.134 0.096 0.096
7702,7.712793164539303,0.096 0.096 0.134 0.134
7703,8.043603507737743,2.0 2.0 0.139 0.139 0.139 0.139 0.134 0.134
7704,9.254811599803919,0.134 0.134 2.0 2.0 0.134 0.134
7705,0.9506401313901911,0.096 0.096
7706,1.1410596327901814,2.0 2.0
7707,1.5906387344764967,0.096 0.096
7708,2.1404524486747283,0.096 0.096 0.096 0.096
7709,2.2213077479131753,0.10566 0.10566 0.139 0.139
7710,3.054423060703704,0.10566 0.10566 0.139 0.139
7711,4.2470363416530965,0.096 0.096 0.096 0.096
7712,4.4226586909057986,2.0 2.0 0.139 0.139 0.134 0.134
7713,6.540332482412147,0.134 0.134 0.139 0.139 0.139 0.139 2.0 2.0
7714,7.712793164539303,0.139 0.139 0.139 0.139 0.134 0.134 0.096 0.096
7715,8.043603507737743,2.0 2.0 0.139 0.139 0.096 0.096
7716,9.254811599803919,0.096 0.096 0.134 0.134 0.134 0.134
7717,0.9506401313901911,0.134 0.134
7718,1.1410596327901814,0.096 0.096
7719,1.5906387344764967,2.0 2.0
7720,2.1404524486747283,0.134 0.134 0.096 0.096
7721,2.2213077479131753,0.139 0.139 0.134 0.134
7722,3.054423060703704,0.096 0.096 0.134 0.134
7723,4.2470363416530965,2.0 2.0 0.139 0.139
7724,4.4226586909057986,0.10566 0.10566 0.134 0.134
7725,6.540332482412147,0.134 0.134 0.096 0.096 0.134 0.134 0.134 0.134
7726,7.712793164539303,0.134 0.134 0.096 0.096 0.134 0.134 0.096 0.096
7727,8.043603507737743,0.139 0.139 0.096 0.096 0.139 0.139
7728,9.254811599803919,2.0 2.0 2.0 2.0 0.134 0.134 0.139 0.139
7729,0.9506401313901911,0.134 0.134
7730,1.1410596327901814,2.0 2.0
7731,1.5906387344764967,0.134 0.134
7732,2.1404524486747283,0.134 0.134 2.0 2.0
7733,2.2213077479131753,0.134 0.134 0.134 0.134
7734,3.054423060703704,0.139 0.139 0.096 0.096
7735,4.2470363416530965,2.0 2.0 0.139 0.139
7736,4.4226586909057986,0.139 0.139 0.134 0.134 0.134 0.134
7737,6.540332482412147,0.096 0.096 0.134 0.134 0.134 0.134
7738,7.712793164539303,0.139 0.139 2.0 2.0
7739,8.043603507737743,0.10566 0.10566 0.134 0.134
7740,9.254811599803919,0.096 0.096 0.096 0.096 2.0 2.0
7741,0.9506401313901911,0.134 0.134
7742,1.1410596327901814,2.0 2.0
7743,1.5906387344764967,2.0 2.0
7744,2.1404524486747283,0.096 0.096 0.134 0.134
7745,2.2213077479131753,0.096 0.096 0.096 0.096
7746,3.054423060703704,0.134 0.134 2.0 2.0
7747,4.2470363416530965,0.139 0.139 0.134 0.134 0.134 0.134
7748,4.4226586909057986,0.134 0.134 0.139 0.139 0.134 0.134
7749,6.540332482412147,2.0 2.0 0.139 0.139
7750,7.712793164539303,0.096 0.096 2.0 2.0
7751,8.043603507737743,0.096 0.096 2.0 2.0 2.0 2.0 0.134 0.134 0.139 0.139
7752,9.254811599803919,0.139 0.139 0.139 0.139 0.096 0.096
7753,0.9506401313901911,0.134 0.134
7754,1.1410596327901814,0.096 0.096
7755,1.5906387344764967,0.10566 0.10566
7756,2.1404524486747283,0.134 0.134 2.0 2.0
7757,2.2213077479131753,0.134 0.134 0.10566 0.10566
7758,3.054423060703704,0.134 0.134 2.0 2.0
7759,4.2470363416530965,2.0 2.0 0.134 0.134
7760,4.4226586909057986,0.134 0.134 0.134 0.134 0.134 0.134
7761,6.540332482412147,0.134 0.134 0.139 0.139 0.10566 0.10566 0.096 0.096
7762,7.712793164539303,0.139 0.139 0.096 0.096
7763,8.043603507737743,0.096 0.096 0.139 0.139 0.139 0.139 0.134 0.134
7764,9.254811599803919,0.10566 0.10566 0.134 0.134 0.139 0.139 2.0 2.0
7765,0.9506401313901911,0.139 0.139
7766,1.1410596327901814,0.096 0.096
7767,1.5906387344764967,0.10566 0.10566
7768,2.1404524486747283,2.0 2.0 0.134 0.134
7769,2.2213077479131753,0.096 0.096 0.139 0.139
7770,3.054423060703704,0.139 0.139 2.0 2.0
7771,4.2470363416530965,0.139 0.139 0.134 0.134
7772,4.4226586909057986,0.134 0.134 0.096 0.096
7773,6.540332482412147,2.0 2.0 2.0 2.0
7774,7.712793164539303,2.0 2.0 0.134 0.134 0.139 0.139
7775,8.043603507737743,0.139 0.139 0.134 0.134 2.0 2.0
7776,9.254811599803919,0.10566 0.10566 0.134 0.134 0.134 0.134 2.0 2.0
7777,0.9506401313901911,0.096 0.096
7778,1.1410596327901814,0.096 0.096
7779,1.5906387344764967,2.0 2.0
7780,2.1404524486747283,0.096 0.096 0.134 0.134
7781,2.2213077479131753,0.096 0.096 0.134 0.134
7782,3.054423060703704,0.139 0.139 0.134 0.134
7783,4.2470363416530965,0.096 0.096 0.134 0.134 0.134 0.134
7784,4.4226586909057986,0.139 0.139 0.096 0.096
7785,6.540332482412147,0.10566 0.10566 0.134 0.134
7786,7.712793164539303,0.134 0.134 0.096 0.096 0.096 0.096
7787,8.043603507737743,2.0 2.0 0.139 0.139 0.134 0.134 2.0 2.0 0.134 0.134
7788,9.254811599803919,0.096 0.096 0.134 0.134 0.134 0.134
7789,0.9506401313901911,0.134 0.134
7790,1.1410596327901814,0.134 0.134
7791,1.5906387344764967,2.0 2.0
7792,2.1404524486747283,0.134 0.134 0.139 0.139
7793,2.2213077479131753,2.0 2.0 2.0 2.0
7794,3.054423060703704,0.096 0.096 0.134 0.134
7795,4.2470363416530965,2.0 2.0 0.096 0.096 0.134 0.134
7796,4.4226586909057986,0.139 0.139 0.134 0.134
7797,6.540332482412147,0.096 0.096 0.139 0.139 0.134 0.134
7798,7.712793164539303,0.134 0.134 0.139 0.139 0.139 0.139 0.134 0.134
7799,8.043603507737743,0.139 0.139 0.134 0.134 0.134 0.134
7800,9.254811599803919,0.10566 0.10566 0.139 0.139 0.096 0.096 0.134 0.134
7801,0.9506401313901911,0.134 0.134
7802,1.1410596327901814,2.0 2.0
7803,1.5906387344764967,0.10566 0.10566
7804,2.1404524486747283,0.134 0.134 0.096 0.096
7805,2.2213077479131753,0.134 0.134 0.139 0.139
7806,3.054423060703704,0.096 0.096 2.0 2.0
7807,4.2470363416530965,0.10566 0.10566 0.096 0.096
7808,4.4226586909057986,0.096 0.096 0.134 0.134
7809,6.540332482412147,0.10566 0.10566 0.134 0.134
7810,7.712793164539303,0.139 0.139 2.0 2.0 0.134 0.134 0.139 0.139
7811,8.043603507737743,2.0 2.0 0.096 0.096
7812,9.254811599803919,0.139 0.139 0.10566 0.10566
7813,0.9506401313901911,0.134 0.134
7814,1.1410596327901814,2.0 2.0
7815,1.5906387344764967,2.0 2.0
7816,2.1404524486747283,0.134 0.134 0.096 0.096
7817,2.2213077479131753,0.134 0.134 2.0 2.0
7818,3.054423060703704,2.0 2.0 2.0 2.0
7819,4.2470363416530965,0.096 0.096 0.096 0.096
7820,4.4226586909057986,2.0 2.0 2.0 2.0 0.134 0.134
7821,6.540332482412147,0.134 0.134 2.0 2.0 0.134 0.134 0.134 0.134
7822,7.712793164539303,0.134 0.134 0.096 0.096 0.134 0.134 2.0 2.0
7823,8.043603507737743,0.096 0.096 0.134 0.134
7824,9.254811599803919,2.0 2.0 0.096 0.096 0.134 0.134 0.134 0.134
7825,0.9506401313901911,0.134 0.134
7826,1.1410596327901814,0.096 0.096
7827,1.5906387344764967,0.10566 0.10566
7828,2.1404524486747283,0.134 0.134 0.134 0.134
7829,2.2213077479131753,0.139 0.139 0.139 0.139
7830,3.054423060703704,2.0 2.0 0.134 0.134
7831,4.2470363416530965,0.139 0.139 0.134 0.134 0.139 0.139
7832,4.4226586909057986,2.0 2.0 0.096 0.096 0.134 0.134
7833,6.540332482412147,0.139 0.139 0.10566 0.10566 0.134 0.134
7834,7.712793164539303,2.0 2.0 0.134 0.134 0.139 0.139 0.10566 0.10566
7835,8.043603507737743,2.0 2.0 0.10566 0.10566
7836,9.254811599803919,2.0 2.0 2.0 2.0 0.134 0.134 0.134 0.134
7837,0.9506401313901911,0.134 0.134
7838,1.1410596327901814,2.0 2.0
7839,1.5906387344764967,0.096 0.096
7840,2.1404524486747283,0.10566 0.10566 0.134 0.134
7841,2.2213077479131753,0.134 0.134 0.134 0.134
7842,3.054423060703704,0.139 0.139 0.134 0.134
7843,4.2470363416530965,0.134 0.134 0.134 0.134
7844,4.4226586909057986,0.134 0.134 2.0 2.0
7845,6.540332482412147,2.0 2.0 0.139 0.139 0.139 0.139
7846,7.712793164539303,2.0 2.0 0.096 0.096 0.10566 0.10566
7847,8.043603507737743,0.096 0.096 2.0 2.0 0.139 0.139 0.134 0.134
7848,9.254811599803919,0.139 0.139 0.134 0.134 0.139 0.139
7849,0.9506401313901911,0.139 0.139
7850,1.1410596327901814,2.0 2.0
7851,1.5906387344764967,2.0 2.0
7852,2.1404524486747283,0.139 0.139 0.139 0.139
7853,2.2213077479131753,0.134 0.134 2.0 2.0
7854,3.054423060703704,0.134 0.134 0.096 0.096
7855,4.2470363416530965,2.0 2.0 2.0 2.0
7856,4.4226586909057986,0.10566 0.10566 0.134 0.134 0.139 0.139
7857,6.540332482412147,0.10566 0.10566 0.134 0.134
7858,7.712793164539303,0.096 0.096 0.134 0.134 0.134 0.134
7859,8.043603507737743,0.096 0.096 0.139 0.139 0.139 0.139
7860,9.254811599803919,2.0 2.0 0.139 0.139
7861,0.9506401313901911,0.134 0.134
7862,1.1410596327901814,0.139 0.139
7863,1.5906387344764967,0.096 0.096
7864,2.1404524486747283,0.096 0.096 0.134 0.134
7865,2.2213077479131753,0.134 0.134 0.134 0.134
7866,3.054423060703704,0.134 0.134 0.10566 0.10566
7867,4.2470363416530965,0.096 0.096 0.139 0.139 0.134 0.134
7868,4.4226586909057986,0.096 0.096 0.10566 0.10566 0.134 0.134
7869,6.540332482412147,2.0 2.0 2.0 2.0 0.134 0.134 0.096 0.096
7870,7.712793164539303,0.139 0.139 2.0 2.0 0.134 0.134 0.134 0.134
7871,8.043603507737743,0.139 0.139 0.134 0.134 0.134 0.134 0.134 0.134
7872,9.254811599803919,0.134 0.134 2.0 2.0 2.0 2.0
7873,0.9506401313901911,0.134 0.134
7874,1.1410596327901814,0.096 0.096
7875,1.5906387344764967,0.134 0.134
7876,2.1404524486747283,0.10566 0.10566 0.134 0.134
7877,2.2213077479131753,0.139 0.139 0.096 0.096
7878,3.054423060703704,0.10566 0.10566 0.134 0.134
7879,4.2470363416530965,2.0 2.0 0.139 0.139
7880,4.4226586909057986,2.0 2.0 0.134 0.134 0.134 0.134
7881,6.540332482412147,2.0 2.0 0.134 0.134 0.139 0.139
7882,7.712793164539303,0.134 0.134 0.139 0.139 2.0 2.0
7883,8.043603507737743,0.10566 0.10566 2.0 2.0 0.134 0.134 0.134 0.134
7884,9.254811599803919,0.096 0.096 0.134 0.134 0.139 0.139 0.096 0.096
7885,0.9506401313901911,0.139 0.139
7886,1.1410596327901814,0.10566 0.10566
7887,1.5906387344764967,0.096 0.096
7888,2.1404524486747283,0.096 0.096 0.139 0.139
7889,2.2213077479131753,0.134 0.134 0.134 0.134
7890,3.054423060703704,0.139 0.139 2.0 2.0
7891,4.2470363416530965,0.139 0.139 0.096 0.096 0.134 0.134
7892,4.4226586909057986,0.096 0.096 0.134 0.134 0.134 0.134
7893,6.540332482412147,0.134 0.134 2.0 2.0 0.134 0.134
7894,7.712793164539303,0.096 0.096 2.0 2.0 0.096 0.096 0.139 0.139
7895,8.043603507737743,2.0 2.0 0.134 0.134
7896,9.254811599803919,0.139 0.139 2.0 2.0 0.139 0.139 0.096 0.096
7897,0.9506401313901911,2.0 2.0
7898,1.1410596327901814,2.0 2.0
7899,1.5906387344764967,0.096 0.096
7900,2.1404524486747283,0.134 0.134 0.139 0.139
7901,2.2213077479131753,0.134 0.134 0.096 0.096
7902,3.054423060703704,0.096 0.096 0.096 0.096
7903,4.2470363416530965,0.096 0.096 0.134 0.134 2.0 2.0
7904,4.4226586909057986,0.134 0.134 2.0 2.0 0.139 0.139
7905,6.540332482412147,0.134 0.134 2.0 2.0 0.10566 0.10566
7906,7.712793164539303,0.096 0.096 0.096 0.096 0.139 0.139
7907,8.043603507737743,0.139 0.139 0.10566 0.10566 0.134 0.134
7908,9.254811599803919,2.0 2.0 0.096 0.096 0.139 0.139
7909,0.9506401313901911,0.139 0.139
7910,1.1410596327901814,0.096 0.096
7911,1.5906387344764967,2.0 2.0
7912,2.1404524486747283,0.134 0.134 0.134 0.134
7913,2.2213077479131753,0.134 0.134 0.134 0.134
7914,3.054423060703704,2.0 2.0 0.134 0.134
7915,4.2470363416530965,0.096 0.096 0.134 0.134 0.134 0.134
7916,4.4226586909057986,2.0 2.0 2.0 2.0 0.134 0.134
7917,6.540332482412147,0.096 0.096 2.0 2.0 0.139 0.139
7918,7.712793164539303,0.10566 0.10566 2.0 2.0 0.134 0.134
7919,8.043603507737743,2.0 2.0 2.0 2.0
7920,9.254811599803919,0.096 0.096 0.134 0.134 0.134 0.134 0.134 0.134 0.139 0.139
7921,0.9506401313901911,0.139 0.139
7922,1.1410596327901814,0.096 0.096
7923,1.5906387344764967,2.0 2.0
7924,2.1404524486747283,0.134 0.134 0.096 0.096
7925,2.2213077479131753,0.139 0.139 0.096 0.096
7926,3.054423060703704,0.096 0.096 0.134 0.134
7927,4.2470363416530965,0.134 0.134 0.096 0.096 0.134 0.134
7928,4.4226586909057986,2.0 2.0 0.10566 0.10566
7929,6.540332482412147,2.0 2.0 2.0 2.0
7930,7.712793164539303,0.10566 0.10566 0.096 0.096 2.0 2.0 0.134 0.134
7931,8.043603507737743,2.0 2.0 0.134 0.134 2.0 2.0 0.096 0.096
7932,9.254811599803919,0.139 0.139 0.134 0.134 2.0 2.0 0.10566 0.10566 0.134 0.134
7933,0.9506401313901911,0.134 0.134
7934,1.1410596327901814,2.0 2.0
7935,1.5906387344764967,2.0 2.0
7936,2.1404524486747283,0.134 0.134 0.139 0.139
7937,2.2213077479131753,0.134 0.134 0.134 0.134
7938,3.054423060703704,0.134 0.134 0.096 0.096
7939,4.2470363416530965,0.096 0.096 0.134 0.134 0.134 0.134
7940,4.4226586909057986,2.0 2.0 2.0 2.0
7941,6.540332482412147,0.139 0.139 2.0 2.0 0.10566 0.10566
7942,7.712793164539303,2.0 2.0 0.134 0.134 0.134 0.134 0.134 0.134 0.134 0.134
7943,8.043603507737743,0.134 0.134 0.096 0.096 2.0 2.0
7944,9.254811599803919,0.134 0.134 0.096 0.096 2.0 2.0 0.096 0.096 0.134 0.134
7945,0.9506401313901911,0.134 0.134
7946,1.1410596327901814,0.096 0.096
7947,1.5906387344764967,2.0 2.0
7948,2.1404524486747283,2.0 2.0 0.134 0.134
7949,2.2213077479131753,0.139 0.139 0.139 0.139
7950,3.054423060703704,0.139 0.139 2.0 2.0
7951,4.2470363416530965,0.096 0.096 2.0 2.0
7952,4.4226586909057986,2.0 2.0 2.0 2.0
7953,6.540332482412147,0.096 0.096 2.0 2.0 0.139 0.139
7954,7.712793164539303,0.139 0.139 0.139 0.139 2.0 2.0
7955,8.043603507737743,0.134 0.134 0.134 0.134 2.0 2.0 0.134 0.134 0.139 0.139
7956,9.254811599803919,2.0 2.0 0.096 0.096 0.096 0.096 0.10566 0.10566
7957,0.9506401313901911,0.134 0.134
7958,1.1410596327901814,2.0 2.0
7959,1.5906387344764967,2.0 2.0
7960,2.1404524486747283,0.134 0.134 0.134 0.134
7961,2.2213077479131753,0.134 0.134 0.10566 0.10566
7962,3.054423060703704,0.134 0.134 0.096 0.096
7963,4.2470363416530965,0.096 0.096 0.139 0.139 0.139 0.139
7964,4.4226586909057986,0.096 0.096 2.0 2.0
7965,6.540332482412147,0.139 0.139 0.134 0.134
7966,7.712793164539303,0.096 0.096 0.134 0.134 2.0 2.0
7967,8.043603507737743,0.096 0.096 0.134 0.134 2.0 2.0 0.10566 0.10566
7968,9.254811599803919,0.096 0.096 2.0 2.0 0.139 0.139
7969,0.9506401313901911,0.134 0.134
7970,1.1410596327901814,2.0 2.0
7971,1.5906387344764967,2.0 2.0
7972,2.1404524486747283,0.134 0.134 0.10566 0.10566
7973,2.2213077479131753,2.0 2.0 0.139 0.139
7974,3.054423060703704,0.139 0.139 0.096 0.096
7975,4.2470363416530965,0.134 0.134 0.139 0.139
7976,4.4226586909057986,0.139 0.139 0.10566 0.10566 0.10566 0.10566
7977,6.540332482412147,0.139 0.139 0.139 0.139 0.134 0.134
7978,7.712793164539303,0.134 0.134 2.0 2.0 0.134 0.134 0.139 0.139
7979,8.043603507737743,2.0 2.0 2.0 2.0 0.134 0.134 0.134 0.134
7980,9.254811599803919,0.134 0.134 0.134 0.134 2.0 2.0
7981,0.9506401313901911,0.134 0.134
7982,1.1410596327901814,0.134 0.134
7983,1.5906387344764967,2.0 2.0
7984,2.1404524486747283,0.139 0.139 0.134 0.134
7985,2.2213077479131753,0.139 0.139 0.134 0.134
7986,3.054423060703704,0.139 0.139 2.0 2.0
7987,4.2470363416530965,0.096 0.096 2.0 2.0
7988,4.4226586909057986,0.10566 0.10566 0.134 0.134 0.096 0.096
7989,6.540332482412147,0.134 0.134 2.0 2.0 0.134 0.134 0.096 0.096
7990,7.712793164539303,0.134 0.134 0.139 0.139 0.134 0.134 0.10566 0.10566
7991,8.043603507737743,0.096 0.096 0.096 0.096
7992,9.254811599803919,2.0 2.0 0.134 0.134
7993,0.9506401313901911,0.096 0.096
7994,1.1410596327901814,0.096 0.096
7995,1.5906387344764967,2.0 2.0
7996,2.1404524486747283,2.0 2.0 0.096 0.096
7997,2.2213077479131753,0.096 0.096 0.139 0.139
7998,3.054423060703704,0.134 0.134 0.096 0.096
7999,4.2470363416530965,0.139 0.139 0.10566 0.10566
8000,4.4226586909057986,0.096 0.096 2.0 2.0
8001,6.540332482412147,0.096 0.096 0.096 0.096 0.139 0.139
8002,7.712793164539303,0.134 0.134 0.096 0.096 0.134 0.134 2.0 2.0
8003,8.043603507737743,0.139 0.139 2.0 2.0 0.096 0.096 0.096 0.096
8004,9.254811599803919,0.134 0.134 0.134 0.134 0.096 0.096 2.0 2.0
8005,0.9506401313901911,0.139 0.139
8006,1.1410596327901814,2.0 2.0
8007,1.5906387344764967,0.10566 0.10566
8008,2.1404524486747283,0.134 0.134 2.0 2.0
8009,2.2213077479131753,0.134 0.134 0.134 0.134
8010,3.054423060703704,0.134 0.134 0.10566 0.10566
8011,4.2470363416530965,0.139 0.139 0.096 0.096 2.0 2.0
8012,4.4226586909057986,0.139 0.139 0.10566 0.10566
8013,6.540332482412147,2.0 2.0 0.139 0.139
8014,7.712793164539303,2.0 2.0 0.096 0.096 2.0 2.0
8015,8.043603507737743,0.134 0.134 0.139 0.139
8016,9.254811599803919,2.0 2.0 0.134 0.134 0.10566 0.10566
8017,0.9506401313901911,0.134 0.134
8018,1.1410596327901814,2.0 2.0
8019,1.5906387344764967,0.096 0.096
8020,2.1404524486747283,0.134 0.134 0.134 0.134
8021,2.2213077479131753,0.134 0.134 2.0 2.0
8022,3.054423060703704,0.134 0.134 2.0 2.0
8023,4.2470363416530965,0.134 0.134 2.0 2.0
8024,4.4226586909057986,0.134 0.134 0.139 0.139 0.134 0.134 0.134 0.134
8025,6.540332482412147,2.0 2.0 0.096 0.096
8026,7.712793164539303,2.0 2.0 0.139 0.139 0.096 0.096 0.096 0.096 0.10566 0.10566
8027,8.043603507737743,0.096 0.096 0.096 0.096 0.134 0.134
8028,9.254811599803919,0.134 0.134 2.0 2.0 2.0 2.0
8029,0.9506401313901911,0.10566 0.10566
8030,1.1410596327901814,0.096 0.096
8031,1.5906387344764967,0.096 0.096
8032,2.1404524486747283,2.0 2.0 2.0 2.0
8033,2.2213077479131753,2.0 2.0 0.134 0.134
8034,3.054423060703704,0.134 0.134 0.096 0.096
8035,4.2470363416530965,0.134 0.134 0.134 0.134 2.0 2.0
8036,4.4226586909057986,0.134 0.134 0.096 0.096
8037,6.540332482412147,0.134 0.134 0.134 0.134 0.134 0.134
8038,7.712793164539303,2.0 2.0 2.0 2.0 0.134 0.134 2.0 2.0
8039,8.043603507737743,2.0 2.0 0.139 0.139 0.134 0.134
8040,9.254811599803919,0.134 0.134 0.096 0.096 0.134 0.134
8041,0.9506401313901911,0.134 0.134
8042,1.1410596327901814,0.10566 0.10566
8043,1.5906387344764967,0.096 0.096
8044,2.1404524486747283,0.139 0.139 0.134 0.134
8045,2.2213077479131753,0.139 0.139 0.134 0.134
8046,3.054423060703704,2.0 2.0 0.134 0.134
8047,4.2470363416530965,0.096 0.096 2.0 2.0
8048,4.4226586909057986,0.134 0.134 0.10566 0.10566 0.134 0.134
8049,6.540332482412147,0.10566 0.10566 2.0 2.0 0.096 0.096
8050,7.712793164539303,0.134 0.134 0.134 0.134 0.134 0.134 0.096 0.096
8051,8.043603507737743,0.096 0.096 0.134 0.134 0.139 0.139 2.0 2.0
8052,9.254811599803919,2.0 2.0 0.139 0.139 0.134 0.134 0.096 0.096
8053,0.9506401313901911,0.134 0.134
8054,1.1410596327901814,0.096 0.096
8055,1.5906387344764967,2.0 2.0
8056,2.1404524486747283,0.134 0.134 2.0 2.0
8057,2.2213077479131753,0.139 0.139 0.134 0.134
8058,3.054423060703704,0.134 0.134 2.0 2.0
8059,4.2470363416530965,0.096 0.096 0.134 0.134
8060,4.4226586909057986,2.0 2.0 0.134 0.134 0.139 0.139
8061,6.540332482412147,0.096 0.096 2.0 2.0 0.134 0.134
8062,7.712793164539303,0.139 0.139 0.134 0.134
8063,8.043603507737743,0.10566 0.10566 0.10566 0.10566 0.139 0.139 0.139 0.139
8064,9.254811599803919,0.134 0.134 0.096 0.096 0.134 0.134
8065,0.9506401313901911,0.134 0.134
8066,1.1410596327901814,2.0 2.0
8067,1.5906387344764967,0.096 0.096
8068,2.1404524486747283,0.096 0.096 0.139 0.139
8069,2.2213077479131753,0.139 0.139 2.0 2.0
8070,3.054423060703704,0.10566 0.10566 0.096 0.096
8071,4.2470363416530965,0.096 0.096 0.134 0.134 2.0 2.0
8072,4.4226586909057986,0.096 0.096 0.139 0.139 0.134 0.134
8073,6.540332482412147,0.139 0.139 0.134 0.134 0.10566 0.10566 2.0 2.0
8074,7.712793164539303,0.139 0.139 0.134 0.134
8075,8.043603507737743,0.134 0.134 0.10566 0.10566 0.134 0.134
8076,9.254811599803919,0.139 0.139 0.139 0.139 0.139 0.139 0.096 0.096
8077,0.9506401313901911,0.139 0.139
8078,1.1410596327901814,0.096 0.096
8079,1.5906387344764967,0.096 0.096
8080,2.1404524486747283,2.0 2.0 0.139 0.139
8081,2.2213077479131753,0.134 0.134 0.096 0.096
8082,3.054423060703704,0.139 0.139 0.139 0.139
8083,4.2470363416530965,0.139 0.139 0.134 0.134 0.134 0.134
8084,4.4226586909057986,0.096 0.096 2.0 2.0
8085,6.540332482412147,2.0 2.0 2.0 2.0 0.134 0.134
8086,7.712793164539303,2.0 2.0 0.134 0.134 2.0 2.0
8087,8.043603507737743,0.134 0.134 0.096 0.096 0.096 0.096 0.134 0.134
8088,9.254811599803919,0.134 0.134 0.134 0.134
8089,0.9506401313901911,0.134 0.134
8090,1.1410596327901814,0.096 0.096
8091,1.5906387344764967,2.0 2.0
8092,2.1404524486747283,2.0 2.0 0.134 0.134
8093,2.2213077479131753,0.139 0.139 0.10566 0.10566
8094,3.054423060703704,0.139 0.139 0.134 0.134
8095,4.2470363416530965,0.139 0.139 0.139 0.139 0.139 0.139
8096,4.4226586909057986,2.0 2.0 0.134 0.134 2.0 2.0
8097,6.540332482412147,0.096 0.096 2.0 2.0 0.134 0.134
8098,7.712793164539303,0.139 0.139 0.134 0.134 0.096 0.096
8099,8.043603507737743,0.096 0.096 0.10566 0.10566 2.0 2.0
8100,9.254811599803919,0.096 0.096 2.0 2.0 0.134 0.134 0.134 0.134
8101,0.9506401313901911,0.139 0.139
8102,1.1410596327901814,2.0 2.0
8103,1.5906387344764967,2.0 2.0
8104,2.1404524486747283,0.134 0.134 0.139 0.139
8105,2.2213077479131753,0.10566 0.10566 0.134 0.134
8106,3.054423060703704,0.10566 0.10566 0.096 0.096
8107,4.2470363416530965,0.096 0.096 0.139 0.139
8108,4.4226586909057986,2.0 2.0 0.134 0.134 0.139 0.139
8109,6.540332482412147,2.0 2.0 0.134 0.134 0.139 0.139
8110,7.712793164539303,0.10566 0.10566 0.096 0.096
8111,8.043603507737743,0.10566 0.10566 0.096 0.096 0.139 0.139 0.10566 0.10566
8112,9.254811599803919,2.0 2.0 0.139 0.139 0.096 0.096
8113,0.9506401313901911,0.10566 0.10566
8114,1.1410596327901814,2.0 2.0
8115,1.5906387344764967,0.096 0.096
8116,2.1404524486747283,0.134 0.134 0.139 0.139
8117,2.2213077479131753,0.134 0.134 0.134 0.134
8118,3.054423060703704,0.096 0.096 0.096 0.096
8119,4.2470363416530965,0.10566 0.10566 0.139 0.139
8120,4.4226586909057986,0.139 0.139 0.10566 0.10566
8121,6.540332482412147,0.096 0.096 0.134 0.134
8122,7.712793164539303,0.139 0.139 0.096 0.096 0.139 0.139
8123,8.043603507737743,0.134 0.134 0.134 0.134 0.134 0.134
8124,9.254811599803919,2.0 2.0 0.10566 0.10566 0.096 0.096 0.134 0.134
8125,0.9506401313901911,0.096 0.096
8126,1.1410596327901814,2.0 2.0
8127,1.5906387344764967,2.0 2.0
8128,2.1404524486747283,0.139 0.139 0.10566 0.10566
8129,2.2213077479131753,0.096 0.096 0.139 0.139
8130,3.054423060703704,0.134 0.134 0.096 0.096
8131,4.2470363416530965,0.139 0.139 2.0 2.0
8132,4.4226586909057986,0.096 0.096 0.134 0.134
8133,6.540332482412147,0.096 0.096 0.096 0.096 0.134 0.134 2.0 2.0
8134,7.712793164539303,2.0 2.0 0.134 0.134 0.139 0.139
8135,8.043603507737743,0.10566 0.10566 0.134 0.134 0.134 0.134
8136,9.254811599803919,0.096 0.096 0.139 0.139 0.096 0.096 0.139 0.139
8137,0.9506401313901911,2.0 2.0
8138,1.1410596327901814,2.0 2.0
8139,1.5906387344764967,2.0 2.0
8140,2.1404524486747283,0.139 0.139 0.134 0.134
8141,2.2213077479131753,0.134 0.134 0.10566 0.10566
8142,3.054423060703704,2.0 2.0 0.139 0.139
8143,4.2470363416530965,0.139 0.139 0.096 0.096
8144,4.4226586909057986,0.096 0.096 2.0 2.0 0.10566 0.10566
8145,6.540332482412147,0.134 0.134 0.134 0.134
8146,7.712793164539303,0.10566 0.10566 0.134 0.134 0.134 0.134 0.096 0.096
8147,8.043603507737743,2.0 2.0 2.0 2.0
8148,9.254811599803919,0.096 0.096 0.096 0.096 0.096 0.096 0.134 0.134 0.096 0.096
8149,0.9506401313901911,0.134 0.134
8150,1.1410596327901814,2.0 2.0
8151,1.5906387344764967,0.096 0.096
8152,2.1404524486747283,0.134 0.134 0.134 0.134
8153,2.2213077479131753,0.134 0.134 0.134 0.134
8154,3.054423060703704,2.0 2.0 2.0 2.0
8155,4.2470363416530965,0.134 0.134 0.134 0.134
8156,4.4226586909057986,0.096 0.096 0.10566 0.10566
8157,6.540332482412147,0.10566 0.10566 2.0 2.0
8158,7.712793164539303,0.139 0.139 0.134 0.134 0.096 0.096
8159,8.043603507737743,0.096 0.096 0.139 0.139 0.096 0.096 0.134 0.134
8160,9.254811599803919,0.134 0.134 0.096 0.096 0.134 0.134 0.134 0.134
8161,0.9506401313901911,0.134 0.134
8162,1.1410596327901814,0.096 0.096
8163,1.5906387344764967,2.0 2.0
8164,2.1404524486747283,0.134 0.134 0.134 0.134
8165,2.2213077479131753,0.139 0.139 0.134 0.134
8166,3.054423060703704,0.096 0.096 0.096 0.096
8167,4.2470363416530965,0.134 0.134 0.134 0.134 0.134 0.134
8168,4.4226586909057986,0.10566 0.10566 0.139 0.139 2.0 2.0
8169,6.540332482412147,0.139 0.139 0.096 0.096 0.134 0.134
8170,7.712793164539303,0.096 0.096 0.134 0.134 0.134 0.134 0.096 0.096
8171,8.043603507737743,0.139 0.139 0.096 0.096 2.0 2.0 0.134 0.134 2.0 2.0
8172,9.254811599803919,0.10566 0.10566 0.134 0.134
8173,0.9506401313901911,0.096 0.096
8174,1.1410596327901814,2.0 2.0
8175,1.5906387344764967,2.0 2.0
8176,2.1404524486747283,0.134 0.134 0.139 0.139
8177,2.2213077479131753,2.0 2.0 0.134 0.134
8178,3.054423060703704,0.10566 0.10566 0.139 0.139
8179,4.2470363416530965,0.134 0.134 0.096 0.096
8180,4.4226586909057986,2.0 2.0 0.134 0.134 0.134 0.134
8181,6.540332482412147,0.134 0.134 0.096 0.096 2.0 2.0
8182,7.712793164539303,2.0 2.0 0.139 0.139 0.139 0.139
8183,8.043603507737743,0.134 0.134 0.134 0.134 0.10566 0.10566
8184,9.254811599803919,2.0 2.0 0.096 0.096 0.134 0.134
8185,0.9506401313901911,2.0 2.0
8186,1.1410596327901814,2.0 2.0
8187,1.5906387344764967,0.10566 0.10566
8188,2.1404524486747283,2.0 2.0 0.134 0.134
8189,2.2213077479131753,0.096 0.096 0.139 0.139
8190,3.054423060703704,2.0 2.0 0.139 0.139
8191,4.2470363416530965,0.10566 0.10566 0.096 0.096
8192,4.4226586909057986,2.0 2.0 0.139 0.139
8193,6.540332482412147,0.096 0.096 2.0 2.0 0.139 0.139
8194,7.712793164539303,0.134 0.134 0.096 0.096 0.139 0.139
8195,8.043603507737743,2.0 2.0 0.134 0.134 2.0 2.0
8196,9.254811599803919,2.0 2.0 0.096 0.096 0.134 0.134
8197,0.9506401313901911,0.134 0.134
8198,1.1410596327901814,2.0 2.0
8199,1.5906387344764967,2.0 2.0
8200,2.1404524486747283,0.134 0.134 0.139 0.139
8201,2.2213077479131753,0.096 0.096 0.134 0.134
8202,3.054423060703704,2.0 2.0 0.139 0.139
8203,4.2470363416530965,0.096 0.096 0.134 0.134 0.134 0.134
8204,4.4226586909057986,0.096 0.096 2.0 2.0
8205,6.540332482412147,0.139 0.139 2.0 2.0 0.134 0.134 0.10566 0.10566
8206,7.712793164539303,0.134 0.134 0.10566 0.10566 0.096 0.096 2.0 2.0
8207,8.043603507737743,0.139 0.139 0.134 0.134 0.096 0.096 0.096 0.096
8208,9.254811599803919,2.0 2.0 0.134 0.134 0.096 0.096
8209,0.9506401313901911,0.134 0.134
8210,1.1410596327901814,2.0 2.0
8211,1.5906387344764967,2.0 2.0
8212,2.1404524486747283,0.134 0.134 0.134 0.134
8213,2.2213077479131753,0.134 0.134 0.134 0.134
8214,3.054423060703704,0.134 0.134 2.0 2.0
8215,4.2470363416530965,0.10566 0.10566 0.096 0.096
8216,4.4226586909057986,0.134 0.134 2.0 2.0
8217,6.540332482412147,2.0 2.0 0.139 0.139 2.0 2.0 0.096 0.096
8218,7.712793164539303,0.139 0.139 0.134 0.134 0.134 0.134
8219,8.043603507737743,0.096 0.096 2.0 2.0 0.134 0.134 0.096 0.096
8220,9.254811599803919,0.134 0.134 0.134 0.134 0.139 0.139
8221,0.9506401313901911,0.134 0.134
8222,1.1410596327901814,0.134 0.134
8223,1.5906387344764967,0.096 0.096
8224,2.1404524486747283,0.134 0.134 0.134 0.134
8225,2.2213077479131753,0.096 0.096 0.139 0.139
8226,3.054423060703704,2.0 2.0 0.134 0.134
8227,4.2470363416530965,0.139 0.139 0.139 0.139
8228,4.4226586909057986,0.134 0.134 2.0 2.0 0.096 0.096
8229,6.540332482412147,0.134 0.134 0.134 0.134 2.0 2.0
8230,7.712793164539303,0.096 0.096 2.0 2.0 0.134 0.134
8231,8.043603507737743,0.134 0.134 0.134 0.134
8232,9.254811599803919,2.0 2.0 0.134 0.134 0.134 0.134 0.134 0.134 0.134 0.134
8233,0.9506401313901911,0.139 0.139
8234,1.1410596327901814,0.096 0.096
8235,1.5906387344764967,2.0 2.0
8236,2.1404524486747283,2.0 2.0 0.096 0.096
8237,2.2213077479131753,0.096 0.096 0.134 0.134
8238,3.054423060703704,0.139 0.139 2.0 2.0
8239,4.2470363416530965,0.134 0.134 2.0 2.0
8240,4.4226586909057986,2.0 2.0 0.134 0.134
8241,6.540332482412147,0.10566 0.10566 0.096 0.096 0.134 0.134 0.134 0.134
8242,7.712793164539303,0.139 0.139 0.096 0.096 0.096 0.096
8243,8.043603507737743,0.134 0.134 0.139 0.139 0.10566 0.10566
8244,9.254811599803919,0.134 0.134 0.134 0.134 0.096 0.096 0.134 0.134
8245,0.9506401313901911,0.134 0.134
8246,1.1410596327901814,0.096 0.096
8247,1.5906387344764967,0.096 0.096
8248,2.1404524486747283,0.134 0.134 0.134 0.134
8249,2.2213077479131753,0.139 0.139 2.0 2.0
8250,3.054423060703704,0.096 0.096 2.0 2.0
8251,4.2470363416530965,0.139 0.139 0.134 0.134
8252,4.4226586909057986,0.10566 0.10566 2.0 2.0
8253,6.540332482412147,0.134 0.134 2.0 2.0
8254,7.712793164539303,0.134 0.134 0.134 0.134 0.134 0.134
8255,8.043603507737743,0.096 0.096 2.0 2.0 2.0 2.0 0.096 0.096
8256,9.254811599803919,2.0 2.0 0.10566 0.10566 0.139 0.139 2.0 2.0
8257,0.9506401313901911,0.134 0.134
8258,1.1410596327901814,0.096 0.096
8259,1.5906387344764967,0.096 0.096
8260,2.1404524486747283,0.134 0.134 0.096 0.096
8261,2.2213077479131753,0.134 0.134 0.10566 0.10566
8262,3.054423060703704,2.0 2.0 0.10566 0.10566
8263,4.2470363416530965,0.096 0.096 0.139 0.139 0.134 0.134
8264,4.4226586909057986,0.134 0.134 0.134 0.134 0.134 0.134
8265,6.540332482412147,0.10566 0.10566 0.096 0.096 0.139 0.139 2.0 2.0
8266,7.712793164539303,0.096 0.096 2.0 2.0
8267,8.043603507737743,0.134 0.134 0.10566 0.10566 0.10566 0.10566 0.134 0.134
8268,9.254811599803919,0.134 0.134 0.139 0.139 2.0 2.0
8269,0.9506401313901911,0.139 0.139
8270,1.1410596327901814,0.096 0.096
8271,1.5906387344764967,0.096 0.096
8272,2.1404524486747283,0.134 0.134 2.0 2.0
8273,2.2213077479131753,0.134 0.134 0.134 0.134
8274,3.054423060703704,0.139 0.139 0.139 0.139
8275,4.2470363416530965,2.0 2.0 2.0 2.0
8276,4.4226586909057986,2.0 2.0 0.134 0.134 0.134 0.134
8277,6.540332482412147,2.0 2.0 0.134 0.134 0.139 0.139
8278,7.712793164539303,0.096 0.096 0.096 0.096 0.134 0.134
8279,8.043603507737743,0.134 0.134 0.134 0.134 2.0 2.0 0.134 0.134 2.0 2.0
8280,9.254811599803919,0.139 0.139 0.134 0.134 2.0 2.0
8281,0.9506401313901911,0.134 0.134
8282,1.1410596327901814,0.096 0.096
8283,1.5906387344764967,0.096 0.096
8284,2.1404524486747283,0.134 0.134 0.134 0.134
8285,2.2213077479131753,0.134 0.134 0.139 0.139
8286,3.054423060703704,2.0 2.0 0.134 0.134
8287,4.2470363416530965,0.139 0.139 0.10566 0.10566 0.139 0.139
8288,4.4226586909057986,2.0 2.0 0.096 0.096
8289,6.540332482412147,2.0 2.0 0.134 0.134 0.096 0.096 0.139 0.139
8290,7.712793164539303,0.096 0.096 2.0 2.0
8291,8.043603507737743,2.0 2.0 2.0 2.0 0.10566 0.10566
8292,9.254811599803919,0.134 0.134 0.096 0.096 0.134 0.134
8293,0.9506401313901911,0.096 0.096
8294,1.1410596327901814,2.0 2.0
8295,1.5906387344764967,0.10566 0.10566
8296,2.1404524486747283,0.139 0.139 0.139 0.139
8297,2.2213077479131753,0.134 0.134 0.134 0.134
8298,3.054423060703704,0.096 0.096 0.10566 0.10566
8299,4.2470363416530965,2.0 2.0 0.134 0.134
8300,4.4226586909057986,0.134 0.134 2.0 2.0 0.134 0.134
8301,6.540332482412147,2.0 2.0 2.0 2.0 0.134 0.134
8302,7.712793164539303,0.134 0.134 0.10566 0.10566 0.096 0.096
8303,8.043603507737743,0.134 0.134 0.134 0.134 2.0 2.0
8304,9.254811599803919,0.134 0.134 0.134 0.134 2.0 2.0
8305,0.9506401313901911,0.134 0.134
8306,1.1410596327901814,0.096 0.096
8307,1.5906387344764967,2.0 2.0
8308,2.1404524486747283,0.139 0.139 0.134 0.134
8309,2.2213077479131753,0.134 0.134 0.134 0.134
8310,3.054423060703704,0.139 0.139 0.096 0.096
8311,4.2470363416530965,2.0 2.0 0.134 0.134
8312,4.4226586909057986,0.096 0.096 0.10566 0.10566
8313,6.540332482412147,0.139 0.139 0.134 0.134 0.10566 0.10566
8314,7.712793164539303,0.134 0.134 0.10566 0.10566 0.134 0.134 0.134 0.134
8315,8.043603507737743,0.134 0.134 0.139 0.139
8316,9.254811599803919,0.096 0.096 2.0 2.0 2.0 2.0
8317,0.9506401313901911,0.134 0.134
8318,1.1410596327901814,0.096 0.096
8319,1.5906387344764967,2.0 2.0
8320,2.1404524486747283,0.096 0.096 0.139 0.139
8321,2.2213077479131753,0.134 0.134 2.0 2.0
8322,3.054423060703704,0.096 0.096 0.134 0.134
8323,4.2470363416530965,2.0 2.0 2.0 2.0
8324,4.4226586909057986,0.139 0.139 0.134 0.134 2.0 2.0
8325,6.540332482412147,0.134 0.134 0.134 0.134 0.096 0.096
8326,7.712793164539303,0.096 0.096 0.134 0.134 0.134 0.134
8327,8.043603507737743,0.096 0.096 2.0 2.0
8328,9.254811599803919,0.10566 0.10566 0.096 0.096 0.134 0.134 0.134 0.134
8329,0.9506401313901911,0.096 0.096
8330,1.1410596327901814,0.10566 0.10566
8331,1.5906387344764967,2.0 2.0
8332,2.1404524486747283,0.134 0.134 0.134 0.134
8333,2.2213077479131753,0.096 0.096 0.134 0.134
8334,3.054423060703704,0.134 0.134 0.134 0.134
8335,4.2470363416530965,0.096 0.096 0.134 0.134 0.134 0.134
8336,4.4226586909057986,0.10566 0.10566 2.0 2.0 0.134 0.134
8337,6.540332482412147,0.134 0.134 0.134 0.134 2.0 2.0
8338,7.712793164539303,0.134 0.134 0.139 0.139 0.134 0.134
8339,8.043603507737743,2.0 2.0 0.134 0.134 0.139 0.139 2.0 2.0 0.134 0.134
8340,9.254811599803919,2.0 2.0 0.096 0.096 0.139 0.139 0.139 0.139
8341,0.9506401313901911,0.134 0.134
8342,1.1410596327901814,0.096 0.096
8343,1.5906387344764967,0.10566 0.10566
8344,2.1404524486747283,0.139 0.139 0.139 0.139
8345,2.2213077479131753,0.134 0.134 0.134 0.134
8346,3.054423060703704,2.0 2.0 0.096 0.096
8347,4.2470363416530965,0.096 0.096 2.0 2.0
8348,4.4226586909057986,0.10566 0.10566 0.096 0.096
8349,6.540332482412147,2.0 2.0 0.096 0.096
8350,7.712793164539303,0.139 0.139 0.096 0.096
8351,8.043603507737743,0.139 0.139 0.096 0.096
8352,9.254811599803919,2.0 2.0 0.134 0.134 0.096 0.096
8353,0.9506401313901911,0.134 0.134
8354,1.1410596327901814,0.096 0.096
8355,1.5906387344764967,0.10566 0.10566
8356,2.1404524486747283,0.096 0.096 0.096 0.096
8357,2.2213077479131753,2.0 2.0 0.139 0.139
8358,3.054423060703704,2.0 2.0 0.139 0.139
8359,4.2470363416530965,2.0 2.0 0.139 0.139 0.134 0.134
8360,4.4226586909057986,0.096 0.096 2.0 2.0
8361,6.540332482412147,0.096 0.096 0.096 0.096
8362,7.712793164539303,2.0 2.0 0.096 0.096 2.0 2.0
8363,8.043603507737743,2.0 2.0 2.0 2.0
8364,9.254811599803919,0.139 0.139 2.0 2.0 0.134 0.134
8365,0.9506401313901911,0.139 0.139
8366,1.1410596327901814,2.0 2.0
8367,1.5906387344764967,0.10566 0.10566
8368,2.1404524486747283,0.134 0.134 0.139 0.139
8369,2.2213077479131753,2.0 2.0 0.10566 0.10566
8370,3.054423060703704,0.139 0.139 0.134 0.134
8371,4.2470363416530965,2.0 2.0 0.134 0.134 2.0 2.0
8372,4.4226586909057986,0.096 0.096 0.134 0.134
8373,6.540332482412147,0.139 0.139 0.096 0.096 2.0 2.0 0.139 0.139
8374,7.712793164539303,0.096 0.096 2.0 2.0 0.134 0.134 0.139 0.139 0.096 0.096
8375,8.043603507737743,0.096 0.096 0.10566 0.10566 0.134 0.134
8376,9.254811599803919,0.096 0.096 0.096 0.096 0.139 0.139 0.139 0.139 0.10566 0.10566
8377,0.9506401313901911,0.139 0.139
8378,1.1410596327901814,0.096 0.096
8379,1.5906387344764967,2.0 2.0
8380,2.1404524486747283,0.096 0.096 0.134 0.134
8381,2.2213077479131753,0.134 0.134 0.134 0.134
8382,3.054423060703704,0.096 0.096 2.0 2.0
8383,4.2470363416530965,0.096 0.096 0.134 0.134
8384,4.4226586909057986,0.096 0.096 0.096 0.096 0.134 0.134
8385,6.540332482412147,0.096 0.096 2.0 2.0
8386,7.712793164539303,0.134 0.134 0.096 0.096 0.134 0.134 0.134 0.134 0.096 0.096
8387,8.043603507737743,0.096 0.096 2.0 2.0
8388,9.254811599803919,0.134 0.134 0.10566 0.10566 2.0 2.0
8389,0.9506401313901911,0.10566 0.10566
8390,1.1410596327901814,0.139 0.139
8391,1.5906387344764967,0.10566 0.10566
8392,2.1404524486747283,0.134 0.134 0.134 0.134
8393,2.2213077479131753,0.134 0.134 0.134 0.134
8394,3.054423060703704,2.0 2.0 0.139 0.139
8395,4.2470363416530965,2.0 2.0 0.096 0.096 0.134 0.134
8396,4.4226586909057986,0.134 0.134 0.096 0.096 0.134 0.134
8397,6.540332482412147,0.096 0.096 0.134 0.134
8398,7.712793164539303,0.139 0.139 0.134 0.134 0.10566 0.10566 0.10566 0.10566
8399,8.043603507737743,0.134 0.134 0.139 0.139 0.134 0.134 0.10566 0.10566
8400,9.254811599803919,0.096 0.096 2.0 2.0 0.134 0.134 0.139 0.139
8401,0.9506401313901911,0.139 0.139
8402,1.1410596327901814,0.096 0.096
8403,1.5906387344764967,0.096 0.096
8404,2.1404524486747283,0.139 0.139 2.0 2.0
8405,2.2213077479131753,0.134 0.134 2.0 2.0
8406,3.054423060703704,0.134 0.134 0.139 0.139
8407,4.2470363416530965,2.0 2.0 0.134 0.134 2.0 2.0
8408,4.4226586909057986,2.0 2.0 0.096 0.096
8409,6.540332482412147,0.134 0.134 0.134 0.134 0.134 0.134 0.096 0.096
8410,7.712793164539303,0.134 0.134 2.0 2.0 0.134 0.134
8411,8.043603507737743,2.0 2.0 0.139 0.139 0.134 0.134
8412,9.254811599803919,2.0 2.0 2.0 2.0
8413,0.9506401313901911,0.134 0.134
8414,1.1410596327901814,0.10566 0.10566
8415,1.5906387344764967,0.096 0.096
8416,2.1404524486747283,0.134 0.134 2.0 2.0
8417,2.2213077479131753,0.134 0.134 0.134 0.134
8418,3.054423060703704,0.10566 0.10566 0.096 0.096
8419,4.2470363416530965,0.139 0.139 0.139 0.139 0.096 0.096
8420,4.4226586909057986,2.0 2.0 0.096 0.096
8421,6.540332482412147,0.134 0.134 0.096 0.096 2.0 2.0
8422,7.712793164539303,2.0 2.0 0.134 0.134 2.0 2.0
8423,8.043603507737743,0.134 0.134 0.134 0.134 0.134 0.134
8424,9.254811599803919,2.0 2.0 0.134 0.134 0.096 0.096
8425,0.9506401313901911,0.139 0.139
8426,1.1410596327901814,0.134 0.134
8427,1.5906387344764967,2.0 2.0
8428,2.1404524486747283,2.0 2.0 0.096 0.096
8429,2.2213077479131753,0.139 0.139 0.134 0.134
8430,3.054423060703704,0.096 0.096 0.10566 0.10566
8431,4.2470363416530965,0.139 0.139 0.096 0.096 0.10566 0.10566
8432,4.4226586909057986,2.0 2.0 0.134 0.134 0.139 0.139 0.139 0.139
8433,6.540332482412147,0.096 0.096 0.096 0.096 0.134 0.134
8434,7.712793164539303,0.139 0.139 2.0 2.0 0.139 0.139 0.134 0.134
8435,8.043603507737743,0.139 0.139 0.096 0.096 0.139 0.139
8436,9.254811599803919,2.0 2.0 2.0 2.0 0.134 0.134 0.134 0.134 0.134 0.134
8437,0.9506401313901911,0.139 0.139
8438,1.1410596327901814,2.0 2.0
8439,1.5906387344764967,0.10566 0.10566
8440,2.1404524486747283,0.10566 0.10566 2.0 2.0
8441,2.2213077479131753,0.139 0.139 0.096 0.096
8442,3.054423060703704,0.096 0.096 0.096 0.096
8443,4.2470363416530965,0.096 0.096 0.096 0.096 0.139 0.139
8444,4.4226586909057986,0.096 0.096 0.096 0.096 2.0 2.0
8445,6.540332482412147,0.134 0.134 0.096 0.096 0.134 0.134
8446,7.712793164539303,0.096 0.096 0.134 0.134 0.134 0.134
8447,8.043603507737743,0.096 0.096 0.134 0.134 0.134 0.134
8448,9.254811599803919,0.139 0.139 0.139 0.139 0.10566 0.10566 0.096 0.096
8449,0.9506401313901911,0.134 0.134
8450,1.1410596327901814,2.0 2.0
8451,1.5906387344764967,2.0 2.0
8452,2.1404524486747283,0.139 0.139 2.0 2.0
8453,2.2213077479131753,0.096 0.096 0.134 0.134
8454,3.054423060703704,0.10566 0.10566 0.134 0.134
8455,4.2470363416530965,0.139 0.139 0.134 0.134
8456,4.4226586909057986,2.0 2.0 2.0 2.0
8457,6.540332482412147,0.096 0.096 0.134 0.134 0.134 0.134 0.139 0.139
8458,7.712793164539303,0.096 0.096 2.0 2.0 0.134 0.134 0.10566 0.10566
8459,8.043603507737743,0.139 0.139 0.139 0.139 0.134 0.134
8460,9.254811599803919,0.096 0.096 0.134 0.134 0.10566 0.10566 0.096 0.096
8461,0.9506401313901911,0.096 0.096
8462,1.1410596327901814,0.096 0.096
8463,1.5906387344764967,2.0 2.0
8464,2.1404524486747283,0.134 0.134 2.0 2.0
8465,2.2213077479131753,0.134 0.134 0.096 0.096
8466,3.054423060703704,0.10566 0.10566 0.134 0.134
8467,4.2470363416530965,2.0 2.0 0.139 0.139 2.0 2.0
8468,4.4226586909057986,0.096 0.096 2.0 2.0
8469,6.540332482412147,0.139 0.139 0.134 0.134 0.134 0.134
8470,7.712793164539303,0.096 0.096 0.139 0.139 0.10566 0.10566
8471,8.043603507737743,0.096 0.096 0.139 0.139 0.134 0.134 0.134 0.134 0.134 0.134
8472,9.254811599803919,0.10566 0.10566 2.0 2.0 2.0 2.0 0.134 0.134 0.139 0.139
8473,0.9506401313901911,0.134 0.134
8474,1.1410596327901814,0.096 0.096
8475,1.5906387344764967,2.0 2.0
8476,2.1404524486747283,0.134 0.134 0.134 0.134
8477,2.2213077479131753,0.134 0.134 0.134 0.134
8478,3.054423060703704,0.134 0.134 0.134 0.134
8479,4.2470363416530965,2.0 2.0 0.134 0.134 0.096 0.096
8480,4.4226586909057986,0.096 0.096 0.096 0.096
8481,6.540332482412147,0.134 0.134 2.0 2.0
8482,7.712793164539303,2.0 2.0 0.134 0.134 0.139 0.139
8483,8.043603507737743,2.0 2.0 0.134 0.134 0.10566 0.10566
8484,9.254811599803919,2.0 2.0 0.10566 0.10566
8485,0.9506401313901911,0.134 0.134
8486,1.1410596327901814,0.134 0.134
8487,1.5906387344764967,0.096 0.096
8488,2.1404524486747283,0.134 0.134 2.0 2.0
8489,2.2213077479131753,0.096 0.096 0.139 0.139
8490,3.054423060703704,0.10566 0.10566 2.0 2.0
8491,4.2470363416530965,2.0 2.0 0.096 0.096
8492,4.4226586909057986,0.139 0.139 0.096 0.096
8493,6.540332482412147,0.096 0.096 2.0 2.0 0.096 0.096
8494,7.712793164539303,0.139 0.139 2.0 2.0 0.139 0.139 0.134 0.134
8495,8.043603507737743,2.0 2.0 0.134 0.134 0.096 0.096
8496,9.254811599803919,0.139 0.139 0.134 0.134 0.096 0.096 0.10566 0.10566 0.134 0.134
8497,0.9506401313901911,0.134 0.134
8498,1.1410596327901814,2.0 2.0
8499,1.5906387344764967,2.0 2.0
8500,2.1404524486747283,0.134 0.134 0.139 0.139
8501,2.2213077479131753,0.139 0.139 0.134 0.134
8502,3.054423060703704,0.096 0.096 0.096 0.096
8503,4.2470363416530965,0.096 0.096 0.096 0.096 0.139 0.139
8504,4.4226586909057986,0.10566 0.10566 0.096 0.096 0.139 0.139
8505,6.540332482412147,0.10566 0.10566 2.0 2.0 2.0 2.0 0.134 0.134
8506,7.712793164539303,0.139 0.139 0.134 0.134 0.139 0.139
8507,8.043603507737743,0.134 0.134 2.0 2.0 2.0 2.0
8508,9.254811599803919,2.0 2.0 0.139 0.139 0.134 0.134
8509,0.9506401313901911,0.096 0.096
8510,1.1410596327901814,2.0 2.0
8511,1.5906387344764967,2.0 2.0
8512,2.1404524486747283,0.096 0.096 2.0 2.0
8513,2.2213077479131753,0.139 0.139 0.134 0.134
8514,3.054423060703704,0.096 0.096 2.0 2.0
8515,4.2470363416530965,0.10566 0.10566 0.134 0.134 0.134 0.134
8516,4.4226586909057986,0.096 0.096 0.139 0.139
8517,6.540332482412147,2.0 2.0 0.134 0.134 0.134 0.134
8518,7.712793164539303,2.0 2.0 0.096 0.096 0.134 0.134 0.134 0.134 0.139 0.139
8519,8.043603507737743,0.134 0.134 2.0 2.0 0.134 0.134 0.134 0.134
8520,9.254811599803919,0.134 0.134 0.139 0.139 0.134 0.134 0.134 0.134 0.134 0.134 2.0 2.0
8521,0.9506401313901911,0.134 0.134
8522,1.1410596327901814,0.096 0.096
8523,1.5906387344764967,2.0 2.0
8524,2.1404524486747283,2.0 2.0 0.096 0.096
8525,2.2213077479131753,0.134 0.134 0.134 0.134
8526,3.054423060703704,0.134 0.134 2.0 2.0
8527,4.2470363416530965,0.096 0.096 0.134 0.134
8528,4.4226586909057986,0.134 0.134 0.139 0.139 0.096 0.096
8529,6.540332482412147,0.139 0.139 0.096 0.096 0.134 0.134
8530,7.712793164539303,0.096 0.096 0.134 0.134 0.096 0.096
8531,8.043603507737743,2.0 2.0 2.0 2.0
8532,9.254811599803919,0.139 0.139 0.134 0.134 2.0 2.0
8533,0.9506401313901911,0.134 0.134
8534,1.1410596327901814,0.096 0.096
8535,1.5906387344764967,0.096 0.096
8536,2.1404524486747283,0.096 0.096 0.139 0.139
8537,2.2213077479131753,0.134 0.134 0.134 0.134
8538,3.054423060703704,0.134 0.134 2.0 2.0
8539,4.2470363416530965,0.134 0.134 0.096 0.096
8540,4.4226586909057986,0.134 0.134 0.096 0.096
8541,6.540332482412147,0.096 0.096 0.134 0.134 0.10566 0.10566
8542,7.712793164539303,0.096 0.096 0.139 0.139 0.139 0.139 0.096 0.096
8543,8.043603507737743,0.10566 0.10566 2.0 2.0 0.10566 0.10566 0.096 0.096
8544,9.254811599803919,0.096 0.096 0.096 0.096 0.134 0.134 0.096 0.096 0.134 0.134
8545,0.9506401313901911,0.134 0.134
8546,1.1410596327901814,0.096 0.096
8547,1.5906387344764967,0.10566 0.10566
8548,2.1404524486747283,0.139 0.139 0.096 0.096
8549,2.2213077479131753,2.0 2.0 0.134 0.134
8550,3.054423060703704,0.134 0.134 0.10566 0.10566
8551,4.2470363416530965,2.0 2.0 0.096 0.096 2.0 2.0
8552,4.4226586909057986,0.134 0.134 0.096 0.096
8553,6.540332482412147,2.0 2.0 0.134 0.134
8554,7.712793164539303,0.134 0.134 2.0 2.0 2.0 2.0 0.096 0.096
8555,8.043603507737743,0.10566 0.10566 0.10566 0.10566
8556,9.254811599803919,0.134 0.134 0.134 0.134 0.139 0.139 0.10566 0.10566
8557,0.9506401313901911,0.10566 0.10566
8558,1.1410596327901814,0.096 0.096
8559,1.5906387344764967,0.096 0.096
8560,2.1404524486747283,2.0 2.0 0.134 0.134
8561,2.2213077479131753,0.134 0.134 0.134 0.134
8562,3.054423060703704,0.10566 0.10566 0.096 0.096
8563,4.2470363416530965,2.0 2.0 0.139 0.139
8564,4.4226586909057986,0.10566 0.10566 0.139 0.139 0.096 0.096
8565,6.540332482412147,0.096 0.096 0.134 0.134 0.096 0.096 0.096 0.096 2.0 2.0
8566,7.712793164539303,0.096 0.096 2.0 2.0
8567,8.043603507737743,0.139 0.139 0.134 0.134 0.134 0.134
8568,9.254811599803919,2.0 2.0 0.139 0.139 0.096 0.096
8569,0.9506401313901911,0.134 0.134
8570,1.1410596327901814,2.0 2.0
8571,1.5906387344764967,2.0 2.0
8572,2.1404524486747283,0.134 0.134 0.096 0.096
8573,2.2213077479131753,0.134 0.134 0.134 0.134
8574,3.054423060703704,0.096 0.096 0.134 0.134
8575,4.2470363416530965,0.134 0.134 0.096 0.096 2.0 2.0
8576,4.4226586909057986,2.0 2.0 0.134 0.134 0.134 0.134
8577,6.540332482412147,0.134 0.134 0.096 0.096
8578,7.712793164539303,0.096 0.096 0.134 0.134 0.139 0.139 0.134 0.134
8579,8.043603507737743,2.0 2.0 0.096 0.096
8580,9.254811599803919,2.0 2.0 0.10566 0.10566 0.134 0.134
8581,0.9506401313901911,0.139 0.139
8582,1.1410596327901814,2.0 2.0
8583,1.5906387344764967,0.096 0.096
8584,2.1404524486747283,0.139 0.139 2.0 2.0
8585,2.2213077479131753,0.10566 0.10566 0.139 0.139
8586,3.054423060703704,2.0 2.0 0.10566 0.10566
8587,4.2470363416530965,0.096 0.096 0.10566 0.10566 0.134 0.134
8588,4.4226586909057986,2.0 2.0 0.096 0.096
8589,6.540332482412147,0.134 0.134 0.134 0.134 2.0 2.0
8590,7.712793164539303,0.096 0.096 0.134 0.134 0.134 0.134 0.096 0.096
8591,8.043603507737743,0.134 0.134 0.139 0.139 0.134 0.134 0.096 0.096
8592,9.254811599803919,0.134 0.134 0.10566 0.10566 2.0 2.0 2.0 2.0
8593,0.9506401313901911,0.139 0.139
8594,1.1410596327901814,0.096 0.096
8595,1.5906387344764967,2.0 2.0
8596,2.1404524486747283,0.096 0.096 0.134 0.134
8597,2.2213077479131753,0.134 0.134 0.139 0.139
8598,3.054423060703704,0.096 0.096 0.10566 0.10566
8599,4.2470363416530965,0.10566 0.10566 2.0 2.0
8600,4.4226586909057986,0.10566 0.10566 0.134 0.134 0.134 0.134
8601,6.540332482412147,0.139 0.139 2.0 2.0 2.0 2.0 0.096 0.096
8602,7.712793164539303,0.134 0.134 0.096 0.096 2.0 2.0 0.139 0.139
8603,8.043603507737743,0.134 0.134 0.134 0.134 0.134 0.134 2.0 2.0
8604,9.254811599803919,0.096 0.096 0.134 0.134 0.134 0.134 2.0 2.0
8605,0.9506401313901911,0.139 0.139
8606,1.1410596327901814,0.10566 0.10566
8607,1.5906387344764967,0.096 0.096
8608,2.1404524486747283,2.0 2.0 0.134 0.134
8609,2.2213077479131753,2.0 2.0 0.134 0.134
8610,3.054423060703704,0.10566 0.10566 0.139 0.139
8611,4.2470363416530965,0.134 0.134 0.139 0.139
8612,4.4226586909057986,2.0 2.0 0.134 0.134
8613,6.540332482412147,0.134 0.134 0.096 0.096 0.096 0.096
8614,7.712793164539303,0.134 0.134 0.134 0.134 0.096 0.096
8615,8.043603507737743,0.10566 0.10566 0.134 0.134 0.134 0.134
8616,9.254811599803919,2.0 2.0 0.096 0.096 0.139 0.139 0.096 0.096
8617,0.9506401313901911,0.139 0.139
8618,1.1410596327901814,0.096 0.096
8619,1.5906387344764967,2.0 2.0
8620,2.1404524486747283,0.134 0.134 0.134 0.134
8621,2.2213077479131753,0.096 0.096 0.134 0.134
8622,3.054423060703704,2.0 2.0 2.0 2.0
8623,4.2470363416530965,0.096 0.096 0.096 0.096
8624,4.4226586909057986,0.096 0.096 0.134 0.134 0.139 0.139
8625,6.540332482412147,0.10566 0.10566 2.0 2.0
8626,7.712793164539303,0.096 0.096 2.0 2.0 2.0 2.0 0.096 0.096
8627,8.043603507737743,0.096 0.096 2.0 2.0 0.134 0.134
8628,9.254811599803919,2.0 2.0 0.134 0.134 2.0 2.0
8629,0.9506401313901911,0.134 0.134
8630,1.1410596327901814,0.096 0.096
8631,1.5906387344764967,2.0 2.0
8632,2.1404524486747283,2.0 2.0 0.134 0.134
8633,2.2213077479131753,0.134 0.134 2.0 2.0
8634,3.054423060703704,0.134 0.134 2.0 2.0
8635,4.2470363416530965,2.0 2.0 0.10566 0.10566
8636,4.4226586909057986,0.134 0.134 0.134 0.134 0.139 0.139
8637,6.540332482412147,2.0 2.0 0.139 0.139 2.0 2.0
8638,7.712793164539303,0.139 0.139 0.10566 0.10566 2.0 2.0 0.134 0.134
8639,8.043603507737743,2.0 2.0 2.0 2.0 0.139 0.139
8640,9.254811599803919,2.0 2.0 2.0 2.0 0.134 0.134
8641,0.9506401313901911,0.139 0.139
8642,1.1410596327901814,2.0 2.0
8643,1.5906387344764967,2.0 2.0
8644,2.1404524486747283,0.096 0.096 0.139 0.139
8645,2.2213077479131753,0.139 0.139 0.139 0.139
8646,3.054423060703704,0.139 0.139 2.0 2.0
8647,4.2470363416530965,2.0 2.0 0.10566 0.10566 0.134 0.134
8648,4.4226586909057986,0.139 0.139 0.139 0.139 0.134 0.134
8649,6.540332482412147,2.0 2.0 0.134 0.134 0.139 0.139
8650,7.712793164539303,0.134 0.134 2.0 2.0 0.134 0.134 0.134 0.134
8651,8.043603507737743,2.0 2.0 0.096 0.096
8652,9.254811599803919,0.096 0.096 2.0 2.0 0.096 0.096
8653,0.9506401313901911,0.134 0.134
8654,1.1410596327901814,0.096 0.096
8655,1.5906387344764967,2.0 2.0
8656,2.1404524486747283,0.134 0.134 0.134 0.134
8657,2.2213077479131753,0.139 0.139 0.096 0.096
8658,3.054423060703704,2.0 2.0 0.134 0.134
8659,4.2470363416530965,0.10566 0.10566 0.134 0.134
8660,4.4226586909057986,0.134 0.134 0.096 0.096 0.139 0.139
8661,6.540332482412147,0.134 0.134 2.0 2.0
8662,7.712793164539303,0.134 0.134 0.134 0.134 0.096 0.096 0.139 0.139
8663,8.043603507737743,0.096 0.096 0.134 0.134 2.0 2.0 0.134 0.134
8664,9.254811599803919,0.10566 0.10566 2.0 2.0 0.134 0.134
8665,0.9506401313901911,0.134 0.134
8666,1.1410596327901814,0.134 0.134
8667,1.5906387344764967,0.096 0.096
8668,2.1404524486747283,0.096 0.096 0.139 0.139
8669,2.2213077479131753,0.139 0.139 0.134 0.134
8670,3.054423060703704,2.0 2.0 0.134 0.134
8671,4.2470363416530965,0.134 0.134 0.134 0.134 2.0 2.0
8672,4.4226586909057986,0.10566 0.10566 0.096 0.096 0.134 0.134
8673,6.540332482412147,0.096 0.096 2.0 2.0 0.134 0.134 0.134 0.134
8674,7.712793164539303,0.139 0.139 0.134 0.134 0.134 0.134
8675,8.043603507737743,0.139 0.139 0.139 0.139 2.0 2.0
8676,9.254811599803919,0.134 0.134 0.134 0.134 0.134 0.134
8677,0.9506401313901911,0.139 0.139
8678,1.1410596327901814,0.096 0.096
8679,1.5906387344764967,0.139 0.139
8680,2.1404524486747283,0.134 0.134 0.10566 0.10566
8681,2.2213077479131753,0.134 0.134 0.134 0.134
8682,3.054423060703704,2.0 2.0 0.134 0.134
8683,4.2470363416530965,0.134 0.134 0.134 0.134 2.0 2.0
8684,4.4226586909057986,0.096 0.096 2.0 2.0 2.0 2.0
8685,6.540332482412147,2.0 2.0 2.0 2.0 0.139 0.139 2.0 2.0
8686,7.712793164539303,0.139 0.139 0.134 0.134 0.096 0.096
8687,8.043603507737743,0.139 0.139 0.139 0.139 0.096 0.096
8688,9.254811599803919,0.096 0.096 0.139 0.139 0.134 0.134 0.134 0.134
8689,0.9506401313901911,0.134 0.134
8690,1.1410596327901814,2.0 2.0
8691,1.5906387344764967,0.096 0.096
8692,2.1404524486747283,0.134 0.134 0.139 0.139
8693,2.2213077479131753,2.0 2.0 0.134 0.134
8694,3.054423060703704,2.0 2.0 0.134 0.134
8695,4.2470363416530965,0.139 0.139 0.096 0.096
8696,4.4226586909057986,0.134 0.134 0.134 0.134 0.134 0.134
8697,6.540332482412147,2.0 2.0 2.0 2.0 0.096 0.096 0.134 0.134
8698,7.712793164539303,0.134 0.134 0.096 0.096 0.134 0.134 0.139 0.139
8699,8.043603507737743,2.0 2.0 2.0 2.0 0.134 0.134
8700,9.254811599803919,0.10566 0.10566 0.139 0.139
8701,0.9506401313901911,0.139 0.139
8702,1.1410596327901814,2.0 2.0
8703,1.5906387344764967,2.0 2.0
8704,2.1404524486747283,2.0 2.0 0.134 0.134
8705,2.2213077479131753,0.134 0.134 2.0 2.0
8706,3.054423060703704,0.134 0.134 2.0 2.0
8707,4.2470363416530965,2.0 2.0 0.096 0.096 0.134 0.134
8708,4.4226586909057986,0.10566 0.10566 0.096 0.096 0.096 0.096
8709,6.540332482412147,0.134 0.134 0.134 0.134 0.096 0.096 0.134 0.134
8710,7.712793164539303,0.096 0.096 0.134 0.134 2.0 2.0
8711,8.043603507737743,0.096 0.096 0.134 0.134 0.139 0.139
8712,9.254811599803919,0.134 0.134 2.0 2.0 2.0 2.0 0.134 0.134
8713,0.9506401313901911,0.139 0.139
8714,1.1410596327901814,0.096 0.096
8715,1.5906387344764967,2.0 2.0
8716,2.1404524486747283,2.0 2.0 0.139 0.139
8717,2.2213077479131753,0.134 0.134 0.096 0.096
8718,3.054423060703704,0.134 0.134 0.096 0.096
8719,4.2470363416530965,2.0 2.0 0.134 0.134 0.134 0.134
8720,4.4226586909057986,0.139 0.139 0.10566 0.10566
8721,6.540332482412147,0.096 0.096 2.0 2.0
8722,7.712793164539303,0.134 0.134 2.0 2.0 0.134 0.134 2.0 2.0
8723,8.043603507737743,2.0 2.0 2.0 2.0 0.134 0.134 0.134 0.134
8724,9.254811599803919,0.096 0.096 0.134 0.134 0.139 0.139
8725,0.9506401313901911,0.139 0.139
8726,1.1410596327901814,2.0 2.0
8727,1.5906387344764967,0.134 0.134
8728,2.1404524486747283,0.139 0.139 0.096 0.096
8729,2.2213077479131753,0.134 0.134 2.0 2.0
8730,3.054423060703704,0.134 0.134 0.10566 0.10566
8731,4.2470363416530965,0.10566 0.10566 0.10566 0.10566
8732,4.4226586909057986,0.139 0.139 0.10566 0.10566
8733,6.540332482412147,0.139 0.139 0.096 0.096 0.134 0.134 0.134 0.134
8734,7.712793164539303,0.096 0.096 2.0 2.0 0.134 0.134 2.0 2.0
8735,8.043603507737743,0.134 0.134 0.096 0.096 0.134 0.134
8736,9.254811599803919,0.139 0.139 0.10566 0.10566 0.139 0.139 0.096 0.096 0.134 0.134
8737,0.9506401313901911,0.139 0.139
8738,1.1410596327901814,0.139 0.139
8739,1.5906387344764967,2.0 2.0
8740,2.1404524486747283,0.139 0.139 0.10566 0.10566
8741,2.2213077479131753,0.096 0.096 0.134 0.134
8742,3.054423060703704,0.096 0.096 2.0 2.0
8743,4.2470363416530965,2.0 2.0 0.134 0.134
8744,4.4226586909057986,0.134 0.134 0.096 0.096 2.0 2.0
8745,6.540332482412147,0.134 0.134 0.134 0.134 0.134 0.134 0.10566 0.10566
8746,7.712793164539303,0.134 0.134 0.134 0.134 0.139 0.139 0.096 0.096
8747,8.043603507737743,2.0 2.0 0.139 0.139 0.134 0.134 0.10566 0.10566 0.139 0.139
8748,9.254811599803919,0.096 0.096 0.096 0.096 0.134 0.134 0.134 0.134
8749,0.9506401313901911,0.134 0.134
8750,1.1410596327901814,2.0 2.0
8751,1.5906387344764967,0.096 0.096
8752,2.1404524486747283,0.139 0.139 0.134 0.134
8753,2.2213077479131753,0.134 0.134 0.134 0.134
8754,3.054423060703704,2.0 2.0 2.0 2.0
8755,4.2470363416530965,0.139 0.139 0.134 0.134 0.096 0.096
8756,4.4226586909057986,2.0 2.0 2.0 2.0 0.134 0.134
8757,6.540332482412147,0.096 0.096 0.134 0.134 0.134 0.134 0.134 0.134
8758,7.712793164539303,0.10566 0.10566 0.134 0.134 0.134 0.134 0.139 0.139 0.134 0.134
8759,8.043603507737743,2.0 2.0 2.0 2.0
8760,9.254811599803919,0.134 0.134 0.10566 0.10566
8761,0.9506401313901911,0.134 0.134
8762,1.1410596327901814,0.096 0.096
8763,1.5906387344764967,2.0 2.0
8764,2.1404524486747283,0.139 0.139 0.134 0.134
8765,2.2213077479131753,0.096 0.096 0.139 0.139
8766,3.054423060703704,0.096 0.096 2.0 2.0
8767,4.2470363416530965,0.134 0.134 0.096 0.096
8768,4.4226586909057986,0.096 0.096 0.134 0.134
8769,6.540332482412147,0.134 0.134 0.134 0.134 1.0 1.0
8770,7.712793164539303,0.134 0.134 0.134 0.134 0.139 0.139
8771,8.043603507737743,2.0 2.0 2.0 2.0
8772,9.254811599803919,0.139 0.139 0.134 0.134
8773,0.9506401313901911,0.134 0.134
8774,1.1410596327901814,2.0 2.0
8775,1.5906387344764967,0.10566 0.10566
8776,2.1404524486747283,0.139 0.139 0.134 0.134
8777,2.2213077479131753,0.096 0.096 0.134 0.134
8778,3.054423060703704,2.0 2.0 0.139 0.139
8779,4.2470363416530965,2.0 2.0 0.134 0.134 0.096 0.096
8780,4.4226586909057986,0.096 0.096 0.134 0.134
8781,6.540332482412147,0.134 0.134 2.0 2.0 0.134 0.134
8782,7.712793164539303,0.134 0.134 0.096 0.096 0.139 0.139 0.10566 0.10566
8783,8.043603507737743,2.0 2.0 2.0 2.0
8784,9.254811599803919,0.139 0.139 2.0 2.0 0.134 0.134
8785,0.9506401313901911,0.134 0.134
8786,1.1410596327901814,2.0 2.0
8787,1.5906387344764967,0.134 0.134
8788,2.1404524486747283,0.134 0.134 2.0 2.0
8789,2.2213077479131753,0.134 0.134 2.0 2.0
8790,3.054423060703704,0.096 0.096 0.096 0.096
8791,4.2470363416530965,0.134 0.134 0.139 0.139
8792,4.4226586909057986,0.096 0.096 2.0 2.0
8793,6.540332482412147,0.10566 0.10566 0.134 0.134 0.096 0.096 0.134 0.134
8794,7.712793164539303,0.139 0.139 0.134 0.134 0.134 0.134 0.134 0.134
8795,8.043603507737743,0.096 0.096 2.0 2.0 2.0 2.0
8796,9.254811599803919,2.0 2.0 0.096 0.096
8797,0.9506401313901911,0.134 0.134
8798,1.1410596327901814,0.139 0.139
8799,1.5906387344764967,2.0 2.0
8800,2.1404524486747283,0.134 0.134 2.0 2.0
8801,2.2213077479131753,0.10566 0.10566 0.134 0.134
8802,3.054423060703704,0.10566 0.10566 2.0 2.0
8803,4.2470363416530965,0.134 0.134 0.096 0.096 0.134 0.134
8804,4.4226586909057986,0.139 0.139 2.0 2.0
8805,6.540332482412147,0.134 0.134 0.096 0.096 2.0 2.0
8806,7.712793164539303,0.10566 0.10566 0.139 0.139
8807,8.043603507737743,0.134 0.134 0.096 0.096 0.10566 0.10566
8808,9.254811599803919,2.0 2.0 0.139 0.139 0.096 0.096
8809,0.9506401313901911,0.134 0.134
8810,1.1410596327901814,0.096 0.096
8811,1.5906387344764967,2.0 2.0
8812,2.1404524486747283,0.134 0.134 0.10566 0.10566
8813,2.2213077479131753,2.0 2.0 0.134 0.134
8814,3.054423060703704,2.0 2.0 0.134 0.134
8815,4.2470363416530965,0.139 0.139 0.139 0.139 0.134 0.134
8816,4.4226586909057986,2.0 2.0 0.134 0.134 2.0 2.0
8817,6.540332482412147,0.134 0.134 0.134 0.134 0.134 0.134
8818,7.712793164539303,0.134 0.134 2.0 2.0
8819,8.043603507737743,0.10566 0.10566 0.134 0.134 0.134 0.134
8820,9.254811599803919,0.096 0.096 0.134 0.134 0.096 0.096
8821,0.9506401313901911,0.134 0.134
8822,1.1410596327901814,2.0 2.0
8823,1.5906387344764967,2.0 2.0
8824,2.1404524486747283,0.134 0.134 2.0 2.0
8825,2.2213077479131753,0.134 0.134 0.10566 0.10566
8826,3.054423060703704,2.0 2.0 0.134 0.134
8827,4.2470363416530965,2.0 2.0 0.096 0.096
8828,4.4226586909057986,0.134 0.134 2.0 2.0 0.096 0.096
8829,6.540332482412147,2.0 2.0 0.139 0.139 0.139 0.139 0.139 0.139
8830,7.712793164539303,0.139 0.139 0.139 0.139 2.0 2.0 0.139 0.139
8831,8.043603507737743,2.0 2.0 0.139 0.139 0.134 0.134
8832,9.254811599803919,2.0 2.0 0.134 0.134 0.134 0.134
8833,0.9506401313901911,0.134 0.134
8834,1.1410596327901814,0.096 0.096
8835,1.5906387344764967,2.0 2.0
8836,2.1404524486747283,0.139 0.139 0.134 0.134
8837,2.2213077479131753,2.0 2.0 2.0 2.0
8838,3.054423060703704,0.096 0.096 0.096 0.096
8839,4.2470363416530965,0.096 0.096 0.139 0.139 0.096 0.096
8840,4.4226586909057986,0.134 0.134 0.10566 0.10566 0.134 0.134
8841,6.540332482412147,0.096 0.096 2.0 2.0 0.134 0.134
8842,7.712793164539303,0.134 0.134 0.10566 0.10566 0.139 0.139
8843,8.043603507737743,0.096 0.096 2.0 2.0 0.096 0.096
8844,9.254811599803919,2.0 2.0 0.096 0.096 0.139 0.139
8845,0.9506401313901911,0.134 0.134
8846,1.1410596327901814,2.0 2.0
8847,1.5906387344764967,0.10566 0.10566
8848,2.1404524486747283,0.096 0.096 0.139 0.139
8849,2.2213077479131753,2.0 2.0 0.139 0.139
8850,3.054423060703704,0.134 0.134 0.096 0.096
8851,4.2470363416530965,0.139 0.139 0.134 0.134
8852,4.4226586909057986,2.0 2.0 0.096 0.096
8853,6.540332482412147,2.0 2.0 0.139 0.139 2.0 2.0 0.139 0.139
8854,7.712793164539303,0.096 0.096 0.10566 0.10566 0.134 0.134 0.096 0.096
8855,8.043603507737743,0.134 0.134 0.134 0.134 0.134 0.134 0.134 0.134
8856,9.254811599803919,0.096 0.096 0.10566 0.10566 0.134 0.134 0.10566 0.10566 0.139 0.139
8857,0.9506401313901911,0.139 0.139
8858,1.1410596327901814,0.134 0.134
8859,1.5906387344764967,2.0 2.0
8860,2.1404524486747283,0.134 0.134 0.139 0.139
8861,2.2213077479131753,0.096 0.096 2.0 2.0
8862,3.054423060703704,2.0 2.0 2.0 2.0
8863,4.2470363416530965,2.0 2.0 2.0 2.0 0.134 0.134
8864,4.4226586909057986,0.096 0.096 0.134 0.134 0.139 0.139
8865,6.540332482412147,0.134 0.134 0.134 0.134
8866,7.712793164539303,0.096 0.096 0.139 0.139 2.0 2.0
8867,8.043603507737743,0.139 0.139 2.0 2.0 0.134 0.134
8868,9.254811599803919,2.0 2.0 0.134 0.134 2.0 2.0
8869,0.9506401313901911,2.0 2.0
8870,1.1410596327901814,0.096 0.096
8871,1.5906387344764967,0.10566 0.10566
8872,2.1404524486747283,0.134 0.134 0.134 0.134
8873,2.2213077479131753,0.134 0.134 0.096 0.096
8874,3.054423060703704,2.0 2.0 0.139 0.139
8875,4.2470363416530965,2.0 2.0 0.139 0.139 0.134 0.134
8876,4.4226586909057986,0.096 0.096 2.0 2.0
8877,6.540332482412147,0.10566 0.10566 2.0 2.0 2.0 2.0
8878,7.712793164539303,2.0 2.0 0.134 0.134 0.10566 0.10566
8879,8.043603507737743,0.134 0.134 0.096 0.096 0.134 0.134 0.10566 0.10566 0.134 0.134
8880,9.254811599803919,0.096 0.096 0.139 0.139 0.139 0.139 2.0 2.0
8881,0.9506401313901911,0.134 0.134
8882,1.1410596327901814,0.096 0.096
8883,1.5906387344764967,2.0 2.0
8884,2.1404524486747283,0.139 0.139 2.0 2.0
8885,2.2213077479131753,0.134 0.134 0.134 0.134
8886,3.054423060703704,0.096 0.096 2.0 2.0
8887,4.2470363416530965,0.096 0.096 0.096 0.096
8888,4.4226586909057986,2.0 2.0 0.134 0.134 0.139 0.139
8889,6.540332482412147,0.134 0.134 0.096 0.096
8890,7.712793164539303,2.0 2.0 0.134 0.134 0.134 0.134
8891,8.043603507737743,0.134 0.134 0.10566 0.10566 0.134 0.134
8892,9.254811599803919,0.139 0.139 2.0 2.0 0.134 0.134
8893,0.9506401313901911,0.096 0.096
8894,1.1410596327901814,0.096 0.096
8895,1.5906387344764967,2.0 2.0
8896,2.1404524486747283,0.139 0.139 2.0 2.0
8897,2.2213077479131753,0.10566 0.10566 2.0 2.0
8898,3.054423060703704,0.139 0.139 2.0 2.0
8899,4.2470363416530965,0.10566 0.10566 0.096 0.096 0.10566 0.10566
8900,4.4226586909057986,0.139 0.139 0.096 0.096
8901,6.540332482412147,0.139 0.139 0.139 0.139 0.134 0.134
8902,7.712793164539303,2.0 2.0 0.134 0.134 0.096 0.096 0.139 0.139
8903,8.043603507737743,2.0 2.0 0.139 0.139
8904,9.254811599803919,0.096 0.096 0.134 0.134 0.139 0.139
8905,0.9506401313901911,2.0 2.0
8906,1.1410596327901814,2.0 2.0
8907,1.5906387344764967,2.0 2.0
8908,2.1404524486747283,0.10566 0.10566 0.139 0.139
8909,2.2213077479131753,0.139 0.139 2.0 2.0
8910,3.054423060703704,0.10566 0.10566 0.134 0.134
8911,4.2470363416530965,2.0 2.0 0.134 0.134 2.0 2.0
8912,4.4226586909057986,0.096 0.096 0.10566 0.10566
8913,6.540332482412147,0.134 0.134 0.096 0.096 2.0 2.0 0.10566 0.10566
8914,7.712793164539303,0.096 0.096 2.0 2.0 0.139 0.139
8915,8.043603507737743,0.096 0.096 0.139 0.139 0.134 0.134
8916,9.254811599803919,0.134 0.134 0.139 0.139 0.134 0.134
8917,0.9506401313901911,0.10566 0.10566
8918,1.1410596327901814,0.096 0.096
8919,1.5906387344764967,0.096 0.096
8920,2.1404524486747283,0.139 0.139 0.134 0.134
8921,2.2213077479131753,0.134 0.134 0.096 0.096
8922,3.054423060703704,0.10566 0.10566 0.134 0.134
8923,4.2470363416530965,0.096 0.096 2.0 2.0 0.139 0.139
8924,4.4226586909057986,0.10566 0.10566 2.0 2.0
8925,6.540332482412147,0.096 0.096 0.134 0.134 0.134 0.134
8926,7.712793164539303,0.096 0.096 0.134 0.134 2.0 2.0
8927,8.043603507737743,0.096 0.096 0.139 0.139 0.096 0.096 0.096 0.096
8928,9.254811599803919,0.139 0.139 0.139 0.139 0.139 0.139 0.134 0.134
8929,0.9506401313901911,0.134 0.134
8930,1.1410596327901814,2.0 2.0
8931,1.5906387344764967,2.0 2.0
8932,2.1404524486747283,0.096 0.096 0.139 0.139
8933,2.2213077479131753,2.0 2.0 0.134 0.134
8934,3.054423060703704,0.134 0.134 2.0 2.0
8935,4.2470363416530965,0.134 0.134 2.0 2.0 0.10566 0.10566
8936,4.4226586909057986,2.0 2.0 0.10566 0.10566
8937,6.540332482412147,0.096 0.096 2.0 2.0 2.0 2.0
8938,7.712793164539303,0.134 0.134 0.139 0.139 2.0 2.0 0.139 0.139
8939,8.043603507737743,0.134 0.134 2.0 2.0 0.134 0.134 0.134 0.134
8940,9.254811599803919,0.096 0.096 0.134 0.134 0.134 0.134 0.10566 0.10566
8941,0.9506401313901911,0.096 0.096
8942,1.1410596327901814,0.096 0.096
8943,1.5906387344764967,0.134 0.134
8944,2.1404524486747283,0.134 0.134 0.139 0.139
8945,2.2213077479131753,0.139 0.139 0.096 0.096
8946,3.054423060703704,0.139 0.139 0.134 0.134
8947,4.2470363416530965,0.139 0.139 0.134 0.134 0.134 0.134
8948,4.4226586909057986,2.0 2.0 0.134 0.134 0.096 0.096
8949,6.540332482412147,2.0 2.0 2.0 2.0 0.134 0.134
8950,7.712793164539303,2.0 2.0 0.134 0.134 0.096 0.096
8951,8.043603507737743,0.096 0.096 0.139 0.139 0.139 0.139
8952,9.254811599803919,0.096 0.096 2.0 2.0 0.10566 0.10566
8953,0.9506401313901911,0.134 0.134
8954,1.1410596327901814,0.096 0.096
8955,1.5906387344764967,2.0 2.0
8956,2.1404524486747283,0.096 0.096 0.134 0.134
8957,2.2213077479131753,0.139 0.139 2.0 2.0
8958,3.054423060703704,2.0 2.0 0.139 0.139
8959,4.2470363416530965,0.134 0.134 2.0 2.0 0.134 0.134
8960,4.4226586909057986,0.096 0.096 2.0 2.0
8961,6.540332482412147,0.134 0.134 0.096 0.096 0.096 0.096
8962,7.712793164539303,2.0 2.0 0.134 0.134
8963,8.043603507737743,0.139 0.139 0.134 0.134 0.096 0.096
8964,9.254811599803919,2.0 2.0 2.0 2.0
8965,0.9506401313901911,0.134 0.134
8966,1.1410596327901814,2.0 2.0
8967,1.5906387344764967,2.0 2.0
8968,2.1404524486747283,0.139 0.139 0.134 0.134
8969,2.2213077479131753,0.139 0.139 0.096 0.096
8970,3.054423060703704,2.0 2.0 2.0 2.0
8971,4.2470363416530965,0.10566 0.10566 0.139 0.139
8972,4.4226586909057986,0.096 0.096 0.096 0.096 0.134 0.134
8973,6.540332482412147,2.0 2.0 0.096 0.096
8974,7.712793164539303,2.0 2.0 0.10566 0.10566
8975,8.043603507737743,2.0 2.0 0.134 0.134
8976,9.254811599803919,0.096 0.096 0.139 0.139 0.134 0.134
8977,0.9506401313901911,0.134 0.134
8978,1.1410596327901814,0.096 0.096
8979,1.5906387344764967,2.0 2.0
8980,2.1404524486747283,0.139 0.139 0.134 0.134
8981,2.2213077479131753,2.0 2.0 2.0 2.0
8982,3.054423060703704,2.0 2.0 2.0 2.0
8983,4.2470363416530965,0.134 0.134 0.139 0.139 0.10566 0.10566
8984,4.4226586909057986,2.0 2.0 2.0 2.0 0.139 0.139
8985,6.540332482412147,0.10566 0.10566 0.096 0.096
8986,7.712793164539303,0.139 0.139 0.139 0.139 0.134 0.134 0.10566 0.10566
8987,8.043603507737743,2.0 2.0 2.0 2.0
8988,9.254811599803919,0.096 0.096 0.139 0.139
8989,0.9506401313901911,0.134 0.134
8990,1.1410596327901814,0.10566 0.10566
8991,1.5906387344764967,0.10566 0.10566
8992,2.1404524486747283,0.134 0.134 0.096 0.096
8993,2.2213077479131753,0.134 0.134 0.134 0.134
8994,3.054423060703704,2.0 2.0 0.134 0.134
8995,4.2470363416530965,0.10566 0.10566 2.0 2.0
8996,4.4226586909057986,0.134 0.134 0.134 0.134 2.0 2.0
8997,6.540332482412147,0.096 0.096 0.096 0.096 0.096 0.096
8998,7.712793164539303,0.134 0.134 2.0 2.0 0.10566 0.10566 0.096 0.096 0.10566 0.10566
8999,8.043603507737743,0.134 0.134 2.0 2.0 0.134 0.134
9000,9.254811599803919,0.10566 0.10566 0.134 0.134 0.10566 0.10566 0.096 0.096
9001,0.9506401313901911,0.134 0.134
9002,1.1410596327901814,0.096 0.096
9003,1.5906387344764967,2.0 2.0
9004,2.1404524486747283,0.139 0.139 0.096 0.096
9005,2.2213077479131753,0.139 0.139 0.139 0.139
9006,3.054423060703704,0.10566 0.10566 0.096 0.096
9007,4.2470363416530965,0.139 0.139 0.134 0.134
9008,4.4226586909057986,0.10566 0.10566 2.0 2.0
9009,6.540332482412147,0.134 0.134 0.096 0.096 0.134 0.134 0.134 0.134
9010,7.712793164539303,2.0 2.0 0.096 0.096 2.0 2.0
9011,8.043603507737743,0.139 0.139 0.096 0.096 0.096 0.096 2.0 2.0
9012,9.254811599803919,2.0 2.0 0.134 0.134 0.139 0.139
9013,0.9506401313901911,0.134 0.134
9014,1.1410596327901814,0.134 0.134
9015,1.5906387344764967,2.0 2.0
9016,2.1404524486747283,0.134 0.134 0.134 0.134
9017,2.2213077479131753,0.139 0.139 2.0 2.0
9018,3.054423060703704,0.134 0.134 2.0 2.0
9019,4.2470363416530965,0.134 0.134 0.096 0.096
9020,4.4226586909057986,0.139 0.139 0.096 0.096
9021,6.540332482412147,0.139 0.139 0.134 0.134
9022,7.712793164539303,0.096 0.096 2.0 2.0 2.0 2.0 0.139 0.139 0.139 0.139
9023,8.043603507737743,0.139 0.139 0.139 0.139 0.096 0.096 0.134 0.134
9024,9.254811599803919,0.096 0.096 0.096 0.096 0.134 0.134
9025,0.9506401313901911,0.134 0.134
9026,1.1410596327901814,2.0 2.0
9027,1.5906387344764967,2.0 2.0
9028,2.1404524486747283,0.134 0.134 0.096 0.096
9029,2.2213077479131753,0.134 0.134 0.096 0.096
9030,3.054423060703704,0.096 0.096 2.0 2.0
9031,4.2470363416530965,0.139 0.139 2.0 2.0
9032,4.4226586909057986,0.139 0.139 0.10566 0.10566 2.0 2.0
9033,6.540332482412147,0.134 0.134 0.139 0.139
9034,7.712793164539303,2.0 2.0 0.134 0.134 0.096 0.096 0.096 0.096 0.134 0.134
9035,8.043603507737743,2.0 2.0 0.134 0.134 0.134 0.134 0.10566 0.10566
9036,9.254811599803919,0.139 0.139 2.0 2.0 0.134 0.134 0.096 0.096
9037,0.9506401313901911,0.139 0.139
9038,1.1410596327901814,0.096 0.096
9039,1.5906387344764967,0.10566 0.10566
9040,2.1404524486747283,0.134 0.134 0.134 0.134
9041,2.2213077479131753,0.096 0.096 0.134 0.134
9042,3.054423060703704,2.0 2.0 0.096 0.096
9043,4.2470363416530965,2.0 2.0 0.134 0.134
9044,4.4226586909057986,0.10566 0.10566 0.134 0.134 0.096 0.096
9045,6.540332482412147,0.139 0.139 0.134 0.134 0.139 0.139 0.139 0.139
9046,7.712793164539303,2.0 2.0 0.096 0.096 0.134 0.134
9047,8.043603507737743,0.096 0.096 0.096 0.096
9048,9.254811599803919,0.134 0.134 0.139 0.139 2.0 2.0 0.134 0.134 2.0 2.0
9049,0.9506401313901911,0.134 0.134
9050,1.1410596327901814,0.10566 0.10566
9051,1.5906387344764967,0.096 0.096
9052,2.1404524486747283,0.134 0.134 0.096 0.096
9053,2.2213077479131753,0.134 0.134 0.139 0.139
9054,3.054423060703704,2.0 2.0 0.096 0.096
9055,4.2470363416530965,0.096 0.096 2.0 2.0 0.134 0.134
9056,4.4226586909057986,2.0 2.0 0.134 0.134
9057,6.540332482412147,2.0 2.0 0.134 0.134 2.0 2.0
9058,7.712793164539303,0.134 0.134 0.134 0.134 0.096 0.096
9059,8.043603507737743,0.134 0.134 2.0 2.0 0.10566 0.10566 0.096 0.096
9060,9.254811599803919,2.0 2.0 0.139 0.139 0.134 0.134
9061,0.9506401313901911,2.0 2.0
9062,1.1410596327901814,0.134 0.134
9063,1.5906387344764967,0.096 0.096
9064,2.1404524486747283,2.0 2.0 0.134 0.134
9065,2.2213077479131753,0.096 0.096 0.139 0.139
9066,3.054423060703704,0.096 0.096 0.134 0.134
9067,4.2470363416530965,0.10566 0.10566 0.10566 0.10566
9068,4.4226586909057986,2.0 2.0 2.0 2.0
9069,6.540332482412147,0.134 0.134 0.134 0.134 0.134 0.134
9070,7.712793164539303,0.134 0.134 0.139 0.139 0.134 0.134 0.134 0.134
9071,8.043603507737743,0.134 0.134 0.134 0.134 0.134 0.134
9072,9.254811599803919,0.096 0.096 0.134 0.134 0.139 0.139
9073,0.9506401313901911,0.134 0.134
9074,1.1410596327901814,2.0 2.0
9075,1.5906387344764967,2.0 2.0
9076,2.1404524486747283,0.139 0.139 0.096 0.096
9077,2.2213077479131753,0.10566 0.10566 0.134 0.134
9078,3.054423060703704,0.134 0.134 2.0 2.0
9079,4.2470363416530965,0.096 0.096 0.134 0.134 0.134 0.134
9080,4.4226586909057986,0.139 0.139 0.096 0.096
9081,6.540332482412147,0.096 0.096 0.134 0.134 0.139 0.139
9082,7.712793164539303,0.134 0.134 0.134 0.134
9083,8.043603507737743,0.134 0.134 2.0 2.0 0.139 0.139
9084,9.254811599803919,0.139 0.139 2.0 2.0
9085,0.9506401313901911,0.139 0.139
9086,1.1410596327901814,0.10566 0.10566
9087,1.5906387344764967,2.0 2.0
9088,2.1404524486747283,2.0 2.0 0.139 0.139
9089,2.2213077479131753,0.134 0.134 2.0 2.0
9090,3.054423060703704,0.134 0.134 0.134 0.134
9091,4.2470363416530965,2.0 2.0 0.134 0.134 0.10566 0.10566
9092,4.4226586909057986,0.134 0.134 2.0 2.0
9093,6.540332482412147,0.10566 0.10566 0.096 0.096
9094,7.712793164539303,0.096 0.096 0.134 0.134 0.139 0.139
9095,8.043603507737743,0.139 0.139 0.134 0.134 0.139 0.139 0.096 0.096
9096,9.254811599803919,0.134 0.134 2.0 2.0 2.0 2.0
9097,0.9506401313901911,0.134 0.134
9098,1.1410596327901814,2.0 2.0
9099,1.5906387344764967,2.0 2.0
9100,2.1404524486747283,0.10566 0.10566 0.134 0.134
9101,2.2213077479131753,0.096 0.096 0.134 0.134
9102,3.054423060703704,0.134 0.134 0.096 0.096
9103,4.2470363416530965,0.10566 0.10566 2.0 2.0 0.134 0.134
9104,4.4226586909057986,0.096 0.096 0.10566 0.10566 2.0 2.0
9105,6.540332482412147,0.096 0.096 0.139 0.139 0.134 0.134 0.139 0.139
9106,7.712793164539303,0.096 0.096 0.096 0.096
9107,8.043603507737743,0.096 0.096 2.0 2.0 0.139 0.139 0.096 0.096
9108,9.254811599803919,0.10566 0.10566 0.134 0.134 2.0 2.0
9109,0.9506401313901911,0.139 0.139
9110,1.1410596327901814,2.0 2.0
9111,1.5906387344764967,2.0 2.0
9112,2.1404524486747283,0.134 0.134 0.134 0.134
9113,2.2213077479131753,0.139 0.139 0.096 0.096
9114,3.054423060703704,0.139 0.139 0.139 0.139
9115,4.2470363416530965,2.0 2.0 0.139 0.139 2.0 2.0
9116,4.4226586909057986,0.096 0.096 0.096 0.096 0.134 0.134
9117,6.540332482412147,2.0 2.0 0.139 0.139 0.134 0.134
9118,7.712793164539303,0.134 0.134 0.134 0.134 0.139 0.139
9119,8.043603507737743,0.134 0.134 0.134 0.134 0.134 0.134 0.134 0.134
9120,9.254811599803919,0.096 0.096 0.134 0.134
9121,0.9506401313901911,0.139 0.139
9122,1.1410596327901814,2.0 2.0
9123,1.5906387344764967,2.0 2.0
9124,2.1404524486747283,0.134 0.134 0.134 0.134
9125,2.2213077479131753,0.134 0.134 0.139 0.139
9126,3.054423060703704,2.0 2.0 2.0 2.0
9127,4.2470363416530965,0.096 0.096 0.096 0.096
9128,4.4226586909057986,2.0 2.0 0.134 0.134 0.096 0.096
9129,6.540332482412147,0.134 0.134 0.139 0.139 0.096 0.096 0.096 0.096
9130,7.712793164539303,0.096 0.096 0.134 0.134
9131,8.043603507737743,2.0 2.0 0.10566 0.10566 0.10566 0.10566
9132,9.254811599803919,0.134 0.134 0.134 0.134 0.139 0.139 2.0 2.0
9133,0.9506401313901911,0.134 0.134
9134,1.1410596327901814,0.096 0.096
9135,1.5906387344764967,0.096 0.096
9136,2.1404524486747283,2.0 2.0 0.096 0.096
9137,2.2213077479131753,0.10566 0.10566 2.0 2.0
9138,3.054423060703704,0.139 0.139 0.096 0.096
9139,4.2470363416530965,0.096 0.096 0.096 0.096
9140,4.4226586909057986,0.139 0.139 0.139 0.139
9141,6.540332482412147,0.096 0.096 0.096 0.096
9142,7.712793164539303,0.139 0.139 0.134 0.134 2.0 2.0
9143,8.043603507737743,0.134 0.134 0.134 0.134 2.0 2.0
9144,9.254811599803919,0.134 0.134 0.139 0.139 0.134 0.134 0.139 0.139
9145,0.9506401313901911,0.134 0.134
9146,1.1410596327901814,2.0 2.0
9147,1.5906387344764967,0.096 0.096
9148,2.1404524486747283,0.096 0.096 0.134 0.134
9149,2.2213077479131753,0.134 0.134 0.10566 0.10566
9150,3.054423060703704,2.0 2.0 2.0 2.0
9151,4.2470363416530965,0.10566 0.10566 2.0 2.0
9152,4.4226586909057986,0.134 0.134 0.134 0.134 2.0 2.0
9153,6.540332482412147,2.0 2.0 0.134 0.134 0.134 0.134 0.096 0.096
9154,7.712793164539303,0.096 0.096 0.10566 0.10566 0.134 0.134
9155,8.043603507737743,0.134 0.134 0.139 0.139 0.134 0.134
9156,9.254811599803919,2.0 2.0 2.0 2.0 0.096 0.096 0.096 0.096
9157,0.9506401313901911,0.139 0.139
9158,1.1410596327901814,2.0 2.0
9159,1.5906387344764967,2.0 2.0
9160,2.1404524486747283,0.134 0.134 0.139 0.139
9161,2.2213077479131753,0.139 0.139 0.10566 0.10566
9162,3.054423060703704,0.134 0.134 2.0 2.0
9163,4.2470363416530965,0.139 0.139 0.096 0.096
9164,4.4226586909057986,2.0 2.0 0.10566 0.10566 0.134 0.134
9165,6.540332482412147,0.096 0.096 0.139 0.139 0.134 0.134
9166,7.712793164539303,2.0 2.0 0.096 0.096
9167,8.043603507737743,0.10566 0.10566 0.10566 0.10566 0.134 0.134 0.139 0.139
9168,9.254811599803919,2.0 2.0 2.0 2.0 0.096 0.096 0.096 0.096 0.134 0.134
9169,0.9506401313901911,0.139 0.139
9170,1.1410596327901814,0.10566 0.10566
9171,1.5906387344764967,2.0 2.0
9172,2.1404524486747283,0.134 0.134 0.134 0.134
9173,2.2213077479131753,0.10566 0.10566 0.096 0.096
9174,3.054423060703704,0.134 0.134 2.0 2.0
9175,4.2470363416530965,2.0 2.0 0.096 0.096
9176,4.4226586909057986,0.134 0.134 0.10566 0.10566 0.10566 0.10566
9177,6.540332482412147,2.0 2.0 0.139 0.139 0.139 0.139
9178,7.712793164539303,0.096 0.096 0.134 0.134 0.096 0.096 0.134 0.134 0.134 0.134
9179,8.043603507737743,0.096 0.096 0.139 0.139 0.096 0.096 0.134 0.134 0.134 0.134
9180,9.254811599803919,0.134 0.134 0.134 0.134 0.096 0.096 0.139 0.139 0.134 0.134
9181,0.9506401313901911,0.134 0.134
9182,1.1410596327901814,2.0 2.0
9183,1.5906387344764967,0.096 0.096
9184,2.1404524486747283,2.0 2.0 0.139 0.139
9185,2.2213077479131753,2.0 2.0 0.134 0.134
9186,3.054423060703704,0.139 0.139 0.096 0.096
9187,4.2470363416530965,0.096 0.096 0.134 0.134 0.139 0.139
9188,4.4226586909057986,0.096 0.096 2.0 2.0 0.134 0.134
9189,6.540332482412147,2.0 2.0 0.134 0.134 0.139 0.139
9190,7.712793164539303,0.134 0.134 2.0 2.0 0.134 0.134 0.096 0.096
9191,8.043603507737743,0.134 0.134 2.0 2.0 0.139 0.139 0.134 0.134
9192,9.254811599803919,2.0 2.0 0.10566 0.10566 2.0 2.0
9193,0.9506401313901911,0.10566 0.10566
9194,1.1410596327901814,0.096 0.096
9195,1.5906387344764967,0.10566 0.10566
9196,2.1404524486747283,2.0 2.0 0.134 0.134
9197,2.2213077479131753,2.0 2.0 0.134 0.134
9198,3.054423060703704,0.134 0.134 0.10566 0.10566
9199,4.2470363416530965,0.096 0.096 2.0 2.0
9200,4.4226586909057986,2.0 2.0 2.0 2.0
9201,6.540332482412147,0.096 0.096 2.0 2.0 0.139 0.139 2.0 2.0
9202,7.712793164539303,0.134 0.134 0.134 0.134 2.0 2.0 0.134 0.134
9203,8.043603507737743,2.0 2.0 0.134 0.134 0.134 0.134
9204,9.254811599803919,0.139 0.139 0.139 0.139 0.096 0.096
9205,0.9506401313901911,0.134 0.134
9206,1.1410596327901814,0.134 0.134
9207,1.5906387344764967,0.096 0.096
9208,2.1404524486747283,0.134 0.134 0.10566 0.10566
9209,2.2213077479131753,2.0 2.0 2.0 2.0
9210,3.054423060703704,0.139 0.139 0.134 0.134
9211,4.2470363416530965,0.096 0.096 0.139 0.139 0.10566 0.10566
9212,4.4226586909057986,0.096 0.096 0.134 0.134 0.134 0.134
9213,6.540332482412147,0.139 0.139 0.139 0.139
9214,7.712793164539303,0.096 0.096 0.134 0.134 0.10566 0.10566
9215,8.043603507737743,0.139 0.139 0.134 0.134 2.0 2.0 2.0 2.0
9216,9.254811599803919,0.134 0.134 0.134 0.134 2.0 2.0 0.134 0.134
9217,0.9506401313901911,0.134 0.134
9218,1.1410596327901814,0.096 0.096
9219,1.5906387344764967,2.0 2.0
9220,2.1404524486747283,0.134 0.134 0.096 0.096
9221,2.2213077479131753,0.134 0.134 0.134 0.134
9222,3.054423060703704,0.096 0.096 0.10566 0.10566
9223,4.2470363416530965,0.134 0.134 0.096 0.096
9224,4.4226586909057986,0.096 0.096 2.0 2.0 0.134 0.134
9225,6.540332482412147,0.096 0.096 0.096 0.096 0.139 0.139
9226,7.712793164539303,0.134 0.134 2.0 2.0 0.134 0.134 0.134 0.134
9227,8.043603507737743,0.10566 0.10566 0.134 0.134
9228,9.254811599803919,0.10566 0.10566 0.139 0.139 0.139 0.139 0.134 0.134 0.134 0.134
9229,0.9506401313901911,0.134 0.134
9230,1.1410596327901814,0.10566 0.10566
9231,1.5906387344764967,2.0 2.0
9232,2.1404524486747283,0.096 0.096 0.134 0.134
9233,2.2213077479131753,0.134 0.134 0.096 0.096
9234,3.054423060703704,0.134 0.134 0.134 0.134
9235,4.2470363416530965,2.0 2.0 2.0 2.0 0.134 0.134
9236,4.4226586909057986,0.134 0.134 2.0 2.0
9237,6.540332482412147,2.0 2.0 0.134 0.134 0.10566 0.10566
9238,7.712793164539303,0.096 0.096 0.139 0.139 0.096 0.096
9239,8.043603507737743,2.0 2.0 0.096 0.096 0.10566 0.10566
9240,9.254811599803919,0.096 0.096 0.139 0.139 0.134 0.134
9241,0.9506401313901911,0.096 0.096
9242,1.1410596327901814,0.096 0.096
9243,1.5906387344764967,2.0 2.0
9244,2.1404524486747283,0.139 0.139 0.096 0.096
9245,2.2213077479131753,0.134 0.134 2.0 2.0
9246,3.054423060703704,0.139 0.139 0.134 0.134
9247,4.2470363416530965,0.139 0.139 2.0 2.0
9248,4.4226586909057986,0.10566 0.10566 0.134 0.134 0.096 0.096
9249,6.540332482412147,0.096 0.096 0.139 0.139 0.10566 0.10566
9250,7.712793164539303,0.134 0.134 2.0 2.0 0.134 0.134
9251,8.043603507737743,2.0 2.0 0.134 0.134 2.0 2.0
9252,9.254811599803919,0.10566 0.10566 0.134 0.134 2.0 2.0
9253,0.9506401313901911,0.096 0.096
9254,1.1410596327901814,0.139 0.139
9255,1.5906387344764967,2.0 2.0
9256,2.1404524486747283,0.134 0.134 0.134 0.134
9257,2.2213077479131753,0.10566 0.10566 0.134 0.134
9258,3.054423060703704,2.0 2.0 0.134 0.134
9259,4.2470363416530965,0.096 0.096 0.096 0.096
9260,4.4226586909057986,2.0 2.0 0.134 0.134 0.134 0.134
9261,6.540332482412147,0.096 0.096 0.096 0.096 0.096 0.096
9262,7.712793164539303,0.134 0.134 2.0 2.0
9263,8.043603507737743,0.096 0.096 0.134 0.134 0.134 0.134
9264,9.254811599803919,2.0 2.0 0.096 0.096 0.096 0.096 0.096 0.096
9265,0.9506401313901911,0.134 0.134
9266,1.1410596327901814,0.096 0.096
9267,1.5906387344764967,2.0 2.0
9268,2.1404524486747283,0.134 0.134 0.139 0.139
9269,2.2213077479131753,0.134 0.134 2.0 2.0
9270,3.054423060703704,0.134 0.134 0.10566 0.10566
9271,4.2470363416530965,0.10566 0.10566 0.096 0.096
9272,4.4226586909057986,0.134 0.134 0.096 0.096
9273,6.540332482412147,0.134 0.134 0.134 0.134 0.134 0.134
9274,7.712793164539303,2.0 2.0 2.0 2.0 0.10566 0.10566
9275,8.043603507737743,2.0 2.0 2.0 2.0 2.0 2.0 0.134 0.134 0.10566 0.10566
9276,9.254811599803919,0.096 0.096 0.096 0.096 0.139 0.139
9277,0.9506401313901911,0.134 0.134
9278,1.1410596327901814,0.096 0.096
9279,1.5906387344764967,2.0 2.0
9280,2.1404524486747283,0.134 0.134 0.139 0.139
9281,2.2213077479131753,0.134 0.134 0.139 0.139
9282,3.054423060703704,2.0 2.0 2.0 2.0
9283,4.2470363416530965,0.096 0.096 0.134 0.134
9284,4.4226586909057986,2.0 2.0 2.0 2.0
9285,6.540332482412147,0.134 0.134 0.134 0.134 0.134 0.134
9286,7.712793164539303,0.096 0.096 0.134 0.134 2.0 2.0 0.134 0.134 2.0 2.0
9287,8.043603507737743,2.0 2.0 0.096 0.096 0.139 0.139
9288,9.254811599803919,0.096 0.096 2.0 2.0 0.096 0.096 2.0 2.0
9289,0.9506401313901911,2.0 2.0
9290,1.1410596327901814,0.10566 0.10566
9291,1.5906387344764967,2.0 2.0
9292,2.1404524486747283,0.096 0.096 0.139 0.139
9293,2.2213077479131753,0.134 0.134 0.134 0.134
9294,3.054423060703704,0.134 0.134 0.134 0.134
9295,4.2470363416530965,0.10566 0.10566 0.139 0.139
9296,4.4226586909057986,0.134 0.134 0.139 0.139 0.134 0.134
9297,6.540332482412147,0.096 0.096 2.0 2.0 0.134 0.134
9298,7.712793164539303,0.10566 0.10566 2.0 2.0 2.0 2.0 0.134 0.134
9299,8.043603507737743,0.134 0.134 0.134 0.134 0.134 0.134
9300,9.254811599803919,2.0 2.0 0.134 0.134 2.0 2.0
9301,0.9506401313901911,0.139 0.139
9302,1.1410596327901814,0.096 0.096
9303,1.5906387344764967,2.0 2.0
9304,2.1404524486747283,0.134 0.134 0.134 0.134
9305,2.2213077479131753,0.134 0.134 2.0 2.0
9306,3.054423060703704,2.0 2.0 0.134 0.134
9307,4.2470363416530965,0.139 0.139 0.139 0.139
9308,4.4226586909057986,0.134 0.134 0.096 0.096 0.139 0.139
9309,6.540332482412147,0.134 0.134 0.10566 0.10566
9310,7.712793164539303,2.0 2.0 0.134 0.134 0.134 0.134 0.134 0.134 0.134 0.134
9311,8.043603507737743,0.139 0.139 0.139 0.139
9312,9.254811599803919,0.139 0.139 0.139 0.139 0.134 0.134
9313,0.9506401313901911,0.134 0.134
9314,1.1410596327901814,0.134 0.134
9315,1.5906387344764967,2.0 2.0
9316,2.1404524486747283,0.139 0.139 0.139 0.139
9317,2.2213077479131753,0.134 0.134 0.134 0.134
9318,3.054423060703704,2.0 2.0 2.0 2.0
9319,4.2470363416530965,0.096 0.096 0.134 0.134 0.139 0.139
9320,4.4226586909057986,2.0 2.0 0.134 0.134 0.134 0.134
9321,6.540332482412147,0.134 0.134 0.134 0.134
9322,7.712793164539303,2.0 2.0 2.0 2.0
9323,8.043603507737743,2.0 2.0 2.0 2.0 0.139 0.139
9324,9.254811599803919,0.134 0.134 0.096 0.096 0.096 0.096 0.096 0.096
9325,0.9506401313901911,0.139 0.139
9326,1.1410596327901814,0.096 0.096
9327,1.5906387344764967,2.0 2.0
9328,2.1404524486747283,0.139 0.139 0.134 0.134
9329,2.2213077479131753,0.134 0.134 0.134 0.134
9330,3.054423060703704,0.096 0.096 0.10566 0.10566
9331,4.2470363416530965,0.134 0.134 0.096 0.096
9332,4.4226586909057986,0.139 0.139 0.139 0.139 0.096 0.096
9333,6.540332482412147,0.10566 0.10566 0.139 0.139 0.139 0.139 0.139 0.139
9334,7.712793164539303,0.139 0.139 0.134 0.134
9335,8.043603507737743,2.0 2.0 0.134 0.134 2.0 2.0
9336,9.254811599803919,0.134 0.134 2.0 2.0 0.096 0.096 2.0 2.0
9337,0.9506401313901911,0.134 0.134
9338,1.1410596327901814,0.096 0.096
9339,1.5906387344764967,2.0 2.0
9340,2.1404524486747283,0.096 0.096 0.139 0.139
9341,2.2213077479131753,0.139 0.139 0.096 0.096
9342,3.054423060703704,0.134 0.134 0.134 0.134
9343,4.2470363416530965,0.134 0.134 0.134 0.134 0.096 0.096
9344,4.4226586909057986,0.096 0.096 0.134 0.134 0.134 0.134
9345,6.540332482412147,0.134 0.134 0.139 0.139 0.096 0.096 0.134 0.134 0.10566 0.10566
9346,7.712793164539303,2.0 2.0 0.134 0.134 0.139 0.139
9347,8.043603507737743,2.0 2.0 0.096 0.096 0.10566 0.10566 0.139 0.139
9348,9.254811599803919,0.134 0.134 0.134 0.134
9349,0.9506401313901911,0.134 0.134
9350,1.1410596327901814,0.096 0.096
9351,1.5906387344764967,0.096 0.096
9352,2.1404524486747283,0.134 0.134 0.096 0.096
9353,2.2213077479131753,0.134 0.134 0.10566 0.10566
9354,3.054423060703704,0.096 0.096 0.134 0.134
9355,4.2470363416530965,2.0 2.0 0.10566 0.10566 2.0 2.0
9356,4.4226586909057986,0.134 0.134 0.139 0.139
9357,6.540332482412147,2.0 2.0 0.096 0.096
9358,7.712793164539303,0.096 0.096 2.0 2.0 0.096 0.096 0.139 0.139
9359,8.043603507737743,0.096 0.096 0.134 0.134 2.0 2.0
9360,9.254811599803919,2.0 2.0 0.134 0.134 0.10566 0.10566
9361,0.9506401313901911,0.134 0.134
9362,1.1410596327901814,0.10566 0.10566
9363,1.5906387344764967,0.096 0.096
9364,2.1404524486747283,0.134 0.134 0.096 0.096
9365,2.2213077479131753,2.0 2.0 0.134 0.134
9366,3.054423060703704,2.0 2.0 0.134 0.134
9367,4.2470363416530965,0.134 0.134 0.134 0.134 2.0 2.0
9368,4.4226586909057986,2.0 2.0 0.096 0.096
9369,6.540332482412147,0.134 0.134 0.10566 0.10566 0.096 0.096 2.0 2.0
9370,7.712793164539303,0.134 0.134 0.139 0.139 0.096 0.096 0.139 0.139
9371,8.043603507737743,2.0 2.0 0.139 0.139 0.134 0.134 2.0 2.0
9372,9.254811599803919,0.134 0.134 0.134 0.134 0.134 0.134
9373,0.9506401313901911,0.134 0.134
9374,1.1410596327901814,0.10566 0.10566
9375,1.5906387344764967,2.0 2.0
9376,2.1404524486747283,0.139 0.139 0.134 0.134
9377,2.2213077479131753,0.139 0.139 0.096 0.096
9378,3.054423060703704,0.096 0.096 0.096 0.096
9379,4.2470363416530965,2.0 2.0 0.096 0.096 0.10566 0.10566
9380,4.4226586909057986,0.10566 0.10566 0.134 0.134 0.10566 0.10566
9381,6.540332482412147,0.096 0.096 2.0 2.0 0.096 0.096
9382,7.712793164539303,0.096 0.096 0.134 0.134 2.0 2.0
9383,8.043603507737743,2.0 2.0 0.096 0.096 0.134 0.134
9384,9.254811599803919,2.0 2.0 2.0 2.0
9385,0.9506401313901911,2.0 2.0
9386,1.1410596327901814,2.0 2.0
9387,1.5906387344764967,2.0 2.0
9388,2.1404524486747283,0.134 0.134 0.134 0.134
9389,2.2213077479131753,0.096 0.096 0.096 0.096
9390,3.054423060703704,0.134 0.134 2.0 2.0
9391,4.2470363416530965,0.139 0.139 2.0 2.0 0.139 0.139
9392,4.4226586909057986,0.134 0.134 0.134 0.134 2.0 2.0
9393,6.540332482412147,0.096 0.096 0.10566 0.10566
9394,7.712793164539303,0.139 0.139 0.134 0.134
9395,8.043603507737743,0.134 0.134 0.096 0.096 0.139 0.139
9396,9.254811599803919,0.10566 0.10566 0.139 0.139
9397,0.9506401313901911,0.134 0.134
9398,1.1410596327901814,0.139 0.139
9399,1.5906387344764967,2.0 2.0
9400,2.1404524486747283,0.096 0.096 0.096 0.096
9401,2.2213077479131753,0.134 0.134 2.0 2.0
9402,3.054423060703704,2.0 2.0 0.096 0.096
9403,4.2470363416530965,0.10566 0.10566 0.096 0.096
9404,4.4226586909057986,0.10566 0.10566 0.134 0.134 0.139 0.139 0.096 0.096
9405,6.540332482412147,0.139 0.139 0.096 0.096
9406,7.712793164539303,2.0 2.0 0.096 0.096 0.139 0.139 0.139 0.139
9407,8.043603507737743,0.096 0.096 0.096 0.096
9408,9.254811599803919,2.0 2.0 0.139 0.139 0.139 0.139 0.134 0.134
9409,0.9506401313901911,0.139 0.139
9410,1.1410596327901814,2.0 2.0
9411,1.5906387344764967,2.0 2.0
9412,2.1404524486747283,0.10566 0.10566 0.134 0.134
9413,2.2213077479131753,0.134 0.134 0.139 0.139
9414,3.054423060703704,0.096 0.096 0.10566 0.10566
9415,4.2470363416530965,2.0 2.0 0.134 0.134 0.139 0.139
9416,4.4226586909057986,2.0 2.0 0.134 0.134 0.139 0.139 0.139 0.139
9417,6.540332482412147,0.096 0.096 0.096 0.096 0.134 0.134
9418,7.712793164539303,0.096 0.096 0.134 0.134
9419,8.043603507737743,0.10566 0.10566 0.096 0.096 0.10566 0.10566 0.139 0.139
9420,9.254811599803919,0.096 0.096 0.134 0.134 0.139 0.139
9421,0.9506401313901911,0.139 0.139
9422,1.1410596327901814,0.096 0.096
9423,1.5906387344764967,2.0 2.0
9424,2.1404524486747283,2.0 2.0 0.139 0.139
9425,2.2213077479131753,0.139 0.139 0.096 0.096
9426,3.054423060703704,0.134 0.134 0.139 0.139
9427,4.2470363416530965,0.10566 0.10566 0.096 0.096
9428,4.4226586909057986,0.139 0.139 0.139 0.139 0.134 0.134
9429,6.540332482412147,0.139 0.139 2.0 2.0 2.0 2.0 0.134 0.134
9430,7.712793164539303,2.0 2.0 0.096 0.096
9431,8.043603507737743,2.0 2.0 2.0 2.0 0.134 0.134
9432,9.254811599803919,2.0 2.0 2.0 2.0 0.134 0.134
9433,0.9506401313901911,0.134 0.134
9434,1.1410596327901814,2.0 2.0
9435,1.5906387344764967,2.0 2.0
9436,2.1404524486747283,0.139 0.139 0.134 0.134
9437,2.2213077479131753,2.0 2.0 0.134 0.134
9438,3.054423060703704,2.0 2.0 0.096 0.096
9439,4.2470363416530965,2.0 2.0 0.096 0.096
9440,4.4226586909057986,2.0 2.0 0.134 0.134
9441,6.540332482412147,0.134 0.134 0.134 0.134
9442,7.712793164539303,0.096 0.096 0.134 0.134 0.096 0.096 0.10566 0.10566 0.134 0.134
9443,8.043603507737743,0.096 0.096 0.134 0.134 0.134 0.134
9444,9.254811599803919,0.134 0.134 0.134 0.134 0.134 0.134 0.134 0.134 0.139 0.139
9445,0.9506401313901911,0.134 0.134
9446,1.1410596327901814,2.0 2.0
9447,1.5906387344764967,0.096 0.096
9448,2.1404524486747283,0.096 0.096 0.134 0.134
9449,2.2213077479131753,2.0 2.0 0.139 0.139
9450,3.054423060703704,0.10566 0.10566 0.134 0.134
9451,4.2470363416530965,0.10566 0.10566 0.096 0.096 0.096 0.096
9452,4.4226586909057986,0.134 0.134 0.139 0.139 0.134 0.134 0.134 0.134
9453,6.540332482412147,0.134 0.134 0.134 0.134 0.139 0.139 0.134 0.134
9454,7.712793164539303,0.134 0.134 0.10566 0.10566 0.134 0.134 2.0 2.0
9455,8.043603507737743,0.10566 0.10566 0.134 0.134 2.0 2.0
9456,9.254811599803919,0.096 0.096 0.139 0.139 2.0 2.0 0.134 0.134 0.134 0.134
9457,0.9506401313901911,0.134 0.134
9458,1.1410596327901814,2.0 2.0
9459,1.5906387344764967,2.0 2.0
9460,2.1404524486747283,2.0 2.0 0.139 0.139
9461,2.2213077479131753,0.134 0.134 2.0 2.0
9462,3.054423060703704,0.096 0.096 0.134 0.134
9463,4.2470363416530965,0.134 0.134 0.134 0.134
9464,4.4226586909057986,0.096 0.096 0.134 0.134 0.134 0.134
9465,6.540332482412147,0.134 0.134 0.096 0.096 0.096 0.096
9466,7.712793164539303,0.134 0.134 0.10566 0.10566
9467,8.043603507737743,2.0 2.0 2.0 2.0 0.10566 0.10566
9468,9.254811599803919,0.134 0.134 0.096 0.096
9469,0.9506401313901911,0.096 0.096
9470,1.1410596327901814,0.10566 0.10566
9471,1.5906387344764967,2.0 2.0
9472,2.1404524486747283,0.096 0.096 0.139 0.139
9473,2.2213077479131753,0.134 0.134 0.096 0.096
9474,3.054423060703704,0.134 0.134 0.134 0.134
9475,4.2470363416530965,2.0 2.0 2.0 2.0
9476,4.4226586909057986,2.0 2.0 0.139 0.139 0.134 0.134
9477,6.540332482412147,2.0 2.0 0.134 0.134 0.10566 0.10566
9478,7.712793164539303,2.0 2.0 0.10566 0.10566 0.096 0.096
9479,8.043603507737743,2.0 2.0 2.0 2.0 2.0 2.0
9480,9.254811599803919,0.096 0.096 2.0 2.0 0.134 0.134
9481,0.9506401313901911,0.096 0.096
9482,1.1410596327901814,0.139 0.139
9483,1.5906387344764967,0.10566 0.10566
9484,2.1404524486747283,0.10566 0.10566 0.134 0.134
9485,2.2213077479131753,0.134 0.134 0.139 0.139
9486,3.054423060703704,0.134 0.134 0.096 0.096
9487,4.2470363416530965,2.0 2.0 0.134 0.134 0.10566 0.10566
9488,4.4226586909057986,0.10566 0.10566 0.134 0.134
9489,6.540332482412147,0.10566 0.10566 0.139 0.139 0.096 0.096 2.0 2.0
9490,7.712793164539303,0.096 0.096 0.134 0.134 0.139 0.139
9491,8.043603507737743,0.096 0.096 0.134 0.134 0.139 0.139 0.134 0.134
9492,9.254811599803919,0.134 0.134 0.134 0.134 2.0 2.0 0.096 0.096 0.134 0.134
9493,0.9506401313901911,0.139 0.139
9494,1.1410596327901814,2.0 2.0
9495,1.5906387344764967,2.0 2.0
9496,2.1404524486747283,0.134 0.134 0.096 0.096
9497,2.2213077479131753,0.139 0.139 0.096 0.096
9498,3.054423060703704,0.134 0.134 0.139 0.139
9499,4.2470363416530965,0.139 0.139 0.096 0.096 0.139 0.139
9500,4.4226586909057986,2.0 2.0 2.0 2.0
9501,6.540332482412147,2.0 2.0 0.134 0.134
9502,7.712793164539303,0.134 0.134 2.0 2.0
9503,8.043603507737743,0.096 0.096 0.134 0.134 0.134 0.134
9504,9.254811599803919,0.134 0.134 0.10566 0.10566 0.134 0.134 2.0 2.0 0.134 0.134 2.0 2.0
9505,0.9506401313901911,2.0 2.0
9506,1.1410596327901814,0.134 0.134
9507,1.5906387344764967,2.0 2.0
9508,2.1404524486747283,0.134 0.134 0.096 0.096
9509,2.2213077479131753,0.10566 0.10566 0.139 0.139
9510,3.054423060703704,0.134 0.134 2.0 2.0
9511,4.2470363416530965,0.10566 0.10566 0.096 0.096 0.10566 0.10566
9512,4.4226586909057986,0.134 0.134 0.139 0.139 0.134 0.134 0.134 0.134
9513,6.540332482412147,2.0 2.0 0.134 0.134 2.0 2.0
9514,7.712793164539303,0.139 0.139 2.0 2.0 0.096 0.096
9515,8.043603507737743,2.0 2.0 0.096 0.096 0.139 0.139 0.134 0.134 0.096 0.096
9516,9.254811599803919,0.10566 0.10566 0.134 0.134
9517,0.9506401313901911,0.139 0.139
9518,1.1410596327901814,0.134 0.134
9519,1.5906387344764967,2.0 2.0
9520,2.1404524486747283,0.139 0.139 0.134 0.134
9521,2.2213077479131753,0.134 0.134 0.134 0.134
9522,3.054423060703704,0.134 0.134 0.134 0.134
9523,4.2470363416530965,0.096 0.096 0.096 0.096
9524,4.4226586909057986,2.0 2.0 0.139 0.139 2.0 2.0
9525,6.540332482412147,0.096 0.096 0.10566 0.10566 0.134 0.134
9526,7.712793164539303,0.10566 0.10566 0.139 0.139 0.134 0.134
9527,8.043603507737743,0.139 0.139 0.134 0.134 0.096 0.096
9528,9.254811599803919,2.0 2.0 0.134 0.134 0.10566 0.10566
9529,0.9506401313901911,0.134 0.134
9530,1.1410596327901814,0.096 0.096
9531,1.5906387344764967,2.0 2.0
9532,2.1404524486747283,0.10566 0.10566 2.0 2.0
9533,2.2213077479131753,0.134 0.134 0.096 0.096
9534,3.054423060703704,0.134 0.134 2.0 2.0
9535,4.2470363416530965,2.0 2.0 0.139 0.139
9536,4.4226586909057986,0.139 0.139 0.139 0.139
9537,6.540332482412147,0.096 0.096 2.0 2.0 0.134 0.134
9538,7.712793164539303,2.0 2.0 0.134 0.134 0.134 0.134
9539,8.043603507737743,2.0 2.0 0.134 0.134 0.134 0.134
9540,9.254811599803919,0.096 0.096 0.139 0.139 0.134 0.134
9541,0.9506401313901911,0.134 0.134
9542,1.1410596327901814,0.096 0.096
9543,1.5906387344764967,2.0 2.0
9544,2.1404524486747283,0.096 0.096 0.139 0.139
9545,2.2213077479131753,0.134 0.134 0.139 0.139
9546,3.054423060703704,0.096 0.096 0.10566 0.10566
9547,4.2470363416530965,0.096 0.096 0.134 0.134
9548,4.4226586909057986,0.134 0.134 2.0 2.0
9549,6.540332482412147,0.134 0.134 0.134 0.134 0.139 0.139 0.134 0.134
9550,7.712793164539303,2.0 2.0 0.096 0.096 0.134 0.134
9551,8.043603507737743,2.0 2.0 0.096 0.096 0.134 0.134 2.0 2.0
9552,9.254811599803919,0.096 0.096 0.134 0.134 0.139 0.139
9553,0.9506401313901911,0.134 0.134
9554,1.1410596327901814,0.096 0.096
9555,1.5906387344764967,2.0 2.0
9556,2.1404524486747283,0.134 0.134 0.096 0.096
9557,2.2213077479131753,0.134 0.134 0.10566 0.10566
9558,3.054423060703704,0.139 0.139 0.10566 0.10566
9559,4.2470363416530965,0.134 0.134 0.139 0.139 0.096 0.096
9560,4.4226586909057986,0.134 0.134 0.096 0.096
9561,6.540332482412147,0.134 0.134 0.096 0.096
9562,7.712793164539303,0.134 0.134 0.134 0.134 0.10566 0.10566
9563,8.043603507737743,0.139 0.139 0.139 0.139 0.10566 0.10566 2.0 2.0
9564,9.254811599803919,0.10566 0.10566 0.139 0.139 2.0 2.0 0.134 0.134
9565,0.9506401313901911,0.139 0.139
9566,1.1410596327901814,2.0 2.0
9567,1.5906387344764967,0.10566 0.10566
9568,2.1404524486747283,0.134 0.134 0.139 0.139
9569,2.2213077479131753,0.134 0.134 2.0 2.0
9570,3.054423060703704,0.139 0.139 0.134 0.134
9571,4.2470363416530965,0.139 0.139 0.096 0.096
9572,4.4226586909057986,2.0 2.0 0.096 0.096 2.0 2.0
9573,6.540332482412147,2.0 2.0 0.139 0.139
9574,7.712793164539303,0.096 0.096 0.096 0.096 0.096 0.096
9575,8.043603507737743,0.096 0.096 0.134 0.134 2.0 2.0
9576,9.254811599803919,0.139 0.139 0.139 0.139 0.139 0.139 2.0 2.0 2.0 2.0
9577,0.9506401313901911,0.134 0.134
9578,1.1410596327901814,0.096 0.096
9579,1.5906387344764967,2.0 2.0
9580,2.1404524486747283,0.134 0.134 0.134 0.134
9581,2.2213077479131753,0.134 0.134 0.096 0.096
9582,3.054423060703704,0.096 0.096 0.134 0.134
9583,4.2470363416530965,2.0 2.0 2.0 2.0
9584,4.4226586909057986,2.0 2.0 0.134 0.134 0.134 0.134
9585,6.540332482412147,0.139 0.139 2.0 2.0 0.10566 0.10566
9586,7.712793164539303,0.139 0.139 0.139 0.139 0.096 0.096
9587,8.043603507737743,0.134 0.134 0.134 0.134 0.139 0.139
9588,9.254811599803919,0.096 0.096 2.0 2.0 2.0 2.0 0.134 0.134
9589,0.9506401313901911,0.134 0.134
9590,1.1410596327901814,0.139 0.139
9591,1.5906387344764967,0.096 0.096
9592,2.1404524486747283,0.134 0.134 0.134 0.134
9593,2.2213077479131753,0.096 0.096 0.096 0.096
9594,3.054423060703704,0.134 0.134 0.10566 0.10566
9595,4.2470363416530965,0.10566 0.10566 0.10566 0.10566
9596,4.4226586909057986,0.134 0.134 0.10566 0.10566
9597,6.540332482412147,0.139 0.139 0.096 0.096 0.139 0.139
9598,7.712793164539303,0.10566 0.10566 0.134 0.134 0.134 0.134
9599,8.043603507737743,0.134 0.134 2.0 2.0 0.139 0.139 0.134 0.134
9600,9.254811599803919,0.134 0.134 2.0 2.0
9601,0.9506401313901911,0.134 0.134
9602,1.1410596327901814,0.096 0.096
9603,1.5906387344764967,0.096 0.096
9604,2.1404524486747283,0.134 0.134 0.134 0.134
9605,2.2213077479131753,0.096 0.096 0.096 0.096
9606,3.054423060703704,0.134 0.134 2.0 2.0
9607,4.2470363416530965,0.139 0.139 0.134 0.134 0.096 0.096
9608,4.4226586909057986,0.139 0.139 2.0 2.0
9609,6.540332482412147,0.134 0.134 2.0 2.0 0.134 0.134 0.134 0.134
9610,7.712793164539303,2.0 2.0 2.0 2.0 2.0 2.0 2.0 2.0
9611,8.043603507737743,0.134 0.134 0.134 0.134 0.134 0.134 0.139 0.139 0.134 0.134
9612,9.254811599803919,2.0 2.0 0.134 0.134 0.134 0.134
9613,0.9506401313901911,0.139 0.139
9614,1.1410596327901814,0.096 0.096
9615,1.5906387344764967,2.0 2.0
9616,2.1404524486747283,2.0 2.0 0.134 0.134
9617,2.2213077479131753,0.10566 0.10566 2.0 2.0
9618,3.054423060703704,0.096 0.096 2.0 2.0
9619,4.2470363416530965,0.096 0.096 2.0 2.0 0.139 0.139
9620,4.4226586909057986,0.139 0.139 0.096 0.096 0.139 0.139
9621,6.540332482412147,0.096 0.096 2.0 2.0 0.134 0.134 0.134 0.134
9622,7.712793164539303,0.134 0.134 0.134 0.134 0.139 0.139 2.0 2.0
9623,8.043603507737743,0.096 0.096 0.134 0.134
9624,9.254811599803919,2.0 2.0 0.134 0.134 0.139 0.139
9625,0.9506401313901911,0.134 0.134
9626,1.1410596327901814,0.139 0.139
9627,1.5906387344764967,2.0 2.0
9628,2.1404524486747283,0.10566 0.10566 0.139 0.139
9629,2.2213077479131753,0.096 0.096 0.134 0.134
9630,3.054423060703704,0.139 0.139 0.10566 0.10566
9631,4.2470363416530965,2.0 2.0 0.139 0.139 2.0 2.0
9632,4.4226586909057986,0.139 0.139 0.139 0.139 2.0 2.0
9633,6.540332482412147,0.10566 0.10566 0.096 0.096 0.134 0.134 0.134 0.134
9634,7.712793164539303,0.134 0.134 2.0 2.0
9635,8.043603507737743,2.0 2.0 0.096 0.096 2.0 2.0
9636,9.254811599803919,2.0 2.0 0.134 0.134 0.134 0.134 0.139 0.139
9637,0.9506401313901911,0.096 0.096
9638,1.1410596327901814,0.096 0.096
9639,1.5906387344764967,0.096 0.096
9640,2.1404524486747283,0.139 0.139 0.134 0.134
9641,2.2213077479131753,0.139 0.139 2.0 2.0
9642,3.054423060703704,2.0 2.0 0.139 0.139
9643,4.2470363416530965,0.096 0.096 0.134 0.134 0.139 0.139
9644,4.4226586909057986,0.096 0.096 0.134 0.134
9645,6.540332482412147,0.134 0.134 0.134 0.134 2.0 2.0 0.134 0.134
9646,7.712793164539303,0.134 0.134 0.139 0.139
9647,8.043603507737743,0.134 0.134 2.0 2.0 0.134 0.134 0.134 0.134
9648,9.254811599803919,0.134 0.134 0.134 0.134
9649,0.9506401313901911,0.10566 0.10566
9650,1.1410596327901814,0.096 0.096
9651,1.5906387344764967,2.0 2.0
9652,2.1404524486747283,2.0 2.0 0.139 0.139
9653,2.2213077479131753,0.134 0.134 0.096 0.096
9654,3.054423060703704,0.134 0.134 0.096 0.096
9655,4.2470363416530965,0.096 0.096 0.134 0.134 0.134 0.134
9656,4.4226586909057986,2.0 2.0 0.139 0.139 0.134 0.134
9657,6.540332482412147,0.134 0.134 0.134 0.134
9658,7.712793164539303,0.10566 0.10566 0.096 0.096 0.139 0.139 2.0 2.0
9659,8.043603507737743,2.0 2.0 0.134 0.134 0.134 0.134
9660,9.254811599803919,0.10566 0.10566 0.134 0.134 0.134 0.134
9661,0.9506401313901911,0.134 0.134
9662,1.1410596327901814,0.096 0.096
9663,1.5906387344764967,2.0 2.0
9664,2.1404524486747283,0.134 0.134 0.139 0.139
9665,2.2213077479131753,2.0 2.0 2.0 2.0
9666,3.054423060703704,2.0 2.0 0.096 0.096
9667,4.2470363416530965,0.096 0.096 0.096 0.096
9668,4.4226586909057986,0.139 0.139 0.134 0.134
9669,6.540332482412147,0.134 0.134 0.096 0.096 0.139 0.139 0.096 0.096
9670,7.712793164539303,0.10566 0.10566 0.096 0.096 0.134 0.134 0.139 0.139
9671,8.043603507737743,0.139 0.139 0.134 0.134 0.134 0.134 2.0 2.0 0.096 0.096
9672,9.254811599803919,0.096 0.096 0.10566 0.10566
9673,0.9506401313901911,0.134 0.134
9674,1.1410596327901814,2.0 2.0
9675,1.5906387344764967,0.096 0.096
9676,2.1404524486747283,0.134 0.134 0.096 0.096
9677,2.2213077479131753,2.0 2.0 0.134 0.134
9678,3.054423060703704,2.0 2.0 0.139 0.139
9679,4.2470363416530965,0.10566 0.10566 0.134 0.134
9680,4.4226586909057986,0.096 0.096 0.139 0.139 0.10566 0.10566
9681,6.540332482412147,2.0 2.0 0.096 0.096 0.139 0.139 0.134 0.134
9682,7.712793164539303,2.0 2.0 2.0 2.0
9683,8.043603507737743,0.10566 0.10566 0.096 0.096
9684,9.254811599803919,2.0 2.0 0.134 0.134 2.0 2.0
9685,0.9506401313901911,0.134 0.134
9686,1.1410596327901814,0.134 0.134
9687,1.5906387344764967,2.0 2.0
9688,2.1404524486747283,0.139 0.139 0.139 0.139
9689,2.2213077479131753,2.0 2.0 0.096 0.096
9690,3.054423060703704,0.134 0.134 0.134 0.134
9691,4.2470363416530965,0.134 0.134 2.0 2.0
9692,4.4226586909057986,0.134 0.134 2.0 2.0
9693,6.540332482412147,2.0 2.0 0.10566 0.10566 0.134 0.134 0.134 0.134
9694,7.712793164539303,0.134 0.134 0.096 0.096 0.096 0.096 0.10566 0.10566
9695,8.043603507737743,0.139 0.139 0.096 0.096 2.0 2.0 0.134 0.134
9696,9.254811599803919,0.134 0.134 0.10566 0.10566 0.096 0.096 0.134 0.134 0.134 0.134
9697,0.9506401313901911,0.134 0.134
9698,1.1410596327901814,2.0 2.0
9699,1.5906387344764967,2.0 2.0
9700,2.1404524486747283,0.134 0.134 0.096 0.096
9701,2.2213077479131753,2.0 2.0 0.139 0.139
9702,3.054423060703704,0.139 0.139 2.0 2.0
9703,4.2470363416530965,0.096 0.096 0.096 0.096
9704,4.4226586909057986,0.134 0.134 0.096 0.096 2.0 2.0
9705,6.540332482412147,2.0 2.0 0.139 0.139
9706,7.712793164539303,0.139 0.139 0.134 0.134 0.134 0.134
9707,8.043603507737743,2.0 2.0 0.134 0.134 0.134 0.134 2.0 2.0
9708,9.254811599803919,0.134 0.134 0.134 0.134 0.134 0.134
9709,0.9506401313901911,0.134 0.134
9710,1.1410596327901814,0.096 0.096
9711,1.5906387344764967,2.0 2.0
9712,2.1404524486747283,0.134 0.134 0.134 0.134
9713,2.2213077479131753,0.134 0.134 0.134 0.134
9714,3.054423060703704,0.096 0.096 0.096 0.096
9715,4.2470363416530965,2.0 2.0 2.0 2.0
9716,4.4226586909057986,0.096 0.096 0.134 0.134 0.10566 0.10566
9717,6.540332482412147,0.134 0.134 0.134 0.134
9718,7.712793164539303,0.096 0.096 0.10566 0.10566 2.0 2.0
9719,8.043603507737743,0.096 0.096 0.134 0.134 0.134 0.134
9720,9.254811599803919,0.139 0.139 0.096 0.096 0.10566 0.10566
9721,0.9506401313901911,0.134 0.134
9722,1.1410596327901814,0.096 0.096
9723,1.5906387344764967,2.0 2.0
9724,2.1404524486747283,0.139 0.139 0.139 0.139
9725,2.2213077479131753,0.096 0.096 0.139 0.139
9726,3.054423060703704,0.139 0.139 2.0 2.0
9727,4.2470363416530965,2.0 2.0 0.096 0.096 0.134 0.134
9728,4.4226586909057986,2.0 2.0 0.096 0.096 0.134 0.134
9729,6.540332482412147,0.096 0.096 0.134 0.134 0.096 0.096
9730,7.712793164539303,2.0 2.0 0.139 0.139 0.139 0.139
9731,8.043603507737743,0.139 0.139 2.0 2.0 2.0 2.0
9732,9.254811599803919,0.139 0.139 0.139 0.139 0.134 0.134
9733,0.9506401313901911,2.0 2.0
9734,1.1410596327901814,2.0 2.0
9735,1.5906387344764967,2.0 2.0
9736,2.1404524486747283,0.10566 0.10566 0.139 0.139
9737,2.2213077479131753,0.139 0.139 0.134 0.134
9738,3.054423060703704,2.0 2.0 0.134 0.134
9739,4.2470363416530965,0.10566 0.10566 0.134 0.134 0.096 0.096
9740,4.4226586909057986,0.10566 0.10566 2.0 2.0
9741,6.540332482412147,0.096 0.096 0.139 0.139 0.096 0.096
9742,7.712793164539303,0.139 0.139 2.0 2.0
9743,8.043603507737743,0.134 0.134 0.10566 0.10566 0.134 0.134
9744,9.254811599803919,2.0 2.0 0.096 0.096 0.134 0.134 0.096 0.096
9745,0.9506401313901911,0.139 0.139
9746,1.1410596327901814,2.0 2.0
9747,1.5906387344764967,2.0 2.0
9748,2.1404524486747283,0.139 0.139 0.139 0.139
9749,2.2213077479131753,0.134 0.134 0.134 0.134
9750,3.054423060703704,0.096 0.096 0.096 0.096
9751,4.2470363416530965,0.134 0.134 0.134 0.134 0.10566 0.10566
9752,4.4226586909057986,0.134 0.134 0.10566 0.10566 0.134 0.134 0.096 0.096
9753,6.540332482412147,2.0 2.0 0.096 0.096 0.134 0.134
9754,7.712793164539303,2.0 2.0 2.0 2.0 0.139 0.139
9755,8.043603507737743,0.134 0.134 2.0 2.0 0.096 0.096
9756,9.254811599803919,0.134 0.134 0.139 0.139 0.134 0.134
9757,0.9506401313901911,0.139 0.139
9758,1.1410596327901814,0.139 0.139
9759,1.5906387344764967,0.134 0.134
9760,2.1404524486747283,0.134 0.134 2.0 2.0
9761,2.2213077479131753,0.134 0.134 0.139 0.139
9762,3.054423060703704,2.0 2.0 0.096 0.096
9763,4.2470363416530965,0.134 0.134 2.0 2.0 0.134 0.134
9764,4.4226586909057986,0.134 0.134 0.139 0.139
9765,6.540332482412147,2.0 2.0 2.0 2.0
9766,7.712793164539303,2.0 2.0 2.0 2.0 2.0 2.0 0.096 0.096
9767,8.043603507737743,2.0 2.0 0.096 0.096 0.134 0.134
9768,9.254811599803919,2.0 2.0 0.096 0.096
9769,0.9506401313901911,0.134 0.134
9770,1.1410596327901814,0.096 0.096
9771,1.5906387344764967,0.096 0.096
9772,2.1404524486747283,0.139 0.139 0.134 0.134
9773,2.2213077479131753,0.096 0.096 0.139 0.139
9774,3.054423060703704,0.10566 0.10566 0.096 0.096
9775,4.2470363416530965,0.096 0.096 0.134 0.134 0.096 0.096
9776,4.4226586909057986,0.096 0.096 0.134 0.134
9777,6.540332482412147,0.134 0.134 0.134 0.134 2.0 2.0
9778,7.712793164539303,0.096 0.096 0.139 0.139 0.139 0.139 0.134 0.134
9779,8.043603507737743,2.0 2.0 0.134 0.134 0.134 0.134 0.10566 0.10566
9780,9.254811599803919,0.096 0.096 0.139 0.139 2.0 2.0
9781,0.9506401313901911,0.139 0.139
9782,1.1410596327901814,0.096 0.096
9783,1.5906387344764967,2.0 2.0
9784,2.1404524486747283,0.139 0.139 0.096 0.096
9785,2.2213077479131753,0.10566 0.10566 2.0 2.0
9786,3.054423060703704,2.0 2.0 0.096 0.096
9787,4.2470363416530965,2.0 2.0 0.139 0.139 0.10566 0.10566
9788,4.4226586909057986,0.139 0.139 0.134 0.134 0.096 0.096
9789,6.540332482412147,2.0 2.0 0.134 0.134 0.096 0.096
9790,7.712793164539303,0.139 0.139 0.134 0.134 2.0 2.0
9791,8.043603507737743,0.134 0.134 0.134 0.134 0.10566 0.10566
9792,9.254811599803919,2.0 2.0 0.096 0.096
9793,0.9506401313901911,0.134 0.134
9794,1.1410596327901814,0.10566 0.10566
9795,1.5906387344764967,0.096 0.096
9796,2.1404524486747283,2.0 2.0 0.134 0.134
9797,2.2213077479131753,0.134 0.134 0.134 0.134
9798,3.054423060703704,0.096 0.096 0.096 0.096
9799,4.2470363416530965,0.096 0.096 0.096 0.096 0.096 0.096
9800,4.4226586909057986,2.0 2.0 0.096 0.096 0.096 0.096
9801,6.540332482412147,2.0 2.0 0.096 0.096
9802,7.712793164539303,2.0 2.0 0.096 0.096 0.139 0.139 0.134 0.134
9803,8.043603507737743,2.0 2.0 0.134 0.134 0.134 0.134
9804,9.254811599803919,0.096 0.096 0.10566 0.10566 0.096 0.096
9805,0.9506401313901911,0.134 0.134
9806,1.1410596327901814,0.10566 0.10566
9807,1.5906387344764967,0.096 0.096
9808,2.1404524486747283,0.134 0.134 0.139 0.139
9809,2.2213077479131753,0.134 0.134 0.134 0.134
9810,3.054423060703704,0.10566 0.10566 0.134 0.134
9811,4.2470363416530965,0.139 0.139 2.0 2.0 0.10566 0.10566
9812,4.4226586909057986,2.0 2.0 0.139 0.139 0.096 0.096
9813,6.540332482412147,0.139 0.139 0.096 0.096 0.134 0.134
9814,7.712793164539303,2.0 2.0 0.134 0.134 0.139 0.139
9815,8.043603507737743,0.096 0.096 0.096 0.096
9816,9.254811599803919,2.0 2.0 0.139 0.139 2.0 2.0 0.139 0.139
9817,0.9506401313901911,0.134 0.134
9818,1.1410596327901814,0.134 0.134
9819,1.5906387344764967,0.096 0.096
9820,2.1404524486747283,0.10566 0.10566 0.134 0.134
9821,2.2213077479131753,0.10566 0.10566 0.134 0.134
9822,3.054423060703704,2.0 2.0 2.0 2.0
9823,4.2470363416530965,0.134 0.134 0.134 0.134
9824,4.4226586909057986,0.096 0.096 0.139 0.139 0.134 0.134
9825,6.540332482412147,0.096 0.096 0.10566 0.10566 0.139 0.139
9826,7.712793164539303,2.0 2.0 2.0 2.0 0.10566 0.10566 0.139 0.139 2.0 2.0
9827,8.043603507737743,0.10566 0.10566 0.096 0.096
9828,9.254811599803919,2.0 2.0 0.096 0.096
9829,0.9506401313901911,0.134 0.134
9830,1.1410596327901814,0.096 0.096
9831,1.5906387344764967,2.0 2.0
9832,2.1404524486747283,0.134 0.134 0.134 0.134
9833,2.2213077479131753,0.096 0.096 0.134 0.134
9834,3.054423060703704,2.0 2.0 0.096 0.096
9835,4.2470363416530965,0.096 0.096 0.134 0.134 0.096 0.096
9836,4.4226586909057986,0.096 0.096 0.096 0.096
9837,6.540332482412147,2.0 2.0 0.139 0.139 2.0 2.0 0.139 0.139
9838,7.712793164539303,2.0 2.0 0.10566 0.10566 2.0 2.0
9839,8.043603507737743,0.134 0.134 0.139 0.139 2.0 2.0
9840,9.254811599803919,0.139 0.139 2.0 2.0 0.096 0.096 2.0 2.0
9841,0.9506401313901911,0.134 0.134
9842,1.1410596327901814,0.096 0.096
9843,1.5906387344764967,0.096 0.096
9844,2.1404524486747283,0.134 0.134 0.10566 0.10566
9845,2.2213077479131753,0.139 0.139 0.139 0.139
9846,3.054423060703704,0.096 0.096 2.0 2.0
9847,4.2470363416530965,0.10566 0.10566 0.134 0.134 0.139 0.139
9848,4.4226586909057986,0.096 0.096 0.096 0.096
9849,6.540332482412147,0.139 0.139 2.0 2.0 0.134 0.134 0.134 0.134
9850,7.712793164539303,0.096 0.096 0.139 0.139 0.134 0.134 0.134 0.134
9851,8.043603507737743,0.096 0.096 2.0 2.0 0.134 0.134
9852,9.254811599803919,0.10566 0.10566 0.139 0.139 0.134 0.134
9853,0.9506401313901911,0.134 0.134
9854,1.1410596327901814,0.139 0.139
9855,1.5906387344764967,0.096 0.096
9856,2.1404524486747283,0.134 0.134 0.139 0.139
9857,2.2213077479131753,2.0 2.0 2.0 2.0
9858,3.054423060703704,2.0 2.0 0.10566 0.10566
9859,4.2470363416530965,0.096 0.096 0.134 0.134
9860,4.4226586909057986,0.10566 0.10566 0.134 0.134 0.134 0.134
9861,6.540332482412147,2.0 2.0 0.139 0.139 0.134 0.134
9862,7.712793164539303,0.134 0.134 0.139 0.139 2.0 2.0 0.096 0.096 0.134 0.134
9863,8.043603507737743,0.139 0.139 2.0 2.0 0.139 0.139
9864,9.254811599803919,0.096 0.096 0.139 0.139 0.139 0.139 0.134 0.134
9865,0.9506401313901911,0.134 0.134
9866,1.1410596327901814,2.0 2.0
9867,1.5906387344764967,2.0 2.0
9868,2.1404524486747283,0.139 0.139 0.139 0.139
9869,2.2213077479131753,0.134 0.134 0.134 0.134
9870,3.054423060703704,0.139 0.139 2.0 2.0
9871,4.2470363416530965,0.139 0.139 0.134 0.134 0.134 0.134
9872,4.4226586909057986,2.0 2.0 0.139 0.139
9873,6.540332482412147,0.134 0.134 0.096 0.096 0.134 0.134
9874,7.712793164539303,0.134 0.134 0.134 0.134 2.0 2.0 0.096 0.096
9875,8.043603507737743,0.134 0.134 0.134 0.134 0.139 0.139 0.134 0.134
9876,9.254811599803919,0.139 0.139 0.139 0.139 0.139 0.139 2.0 2.0
9877,0.9506401313901911,0.134 0.134
9878,1.1410596327901814,2.0 2.0
9879,1.5906387344764967,0.096 0.096
9880,2.1404524486747283,0.134 0.134 2.0 2.0
9881,2.2213077479131753,0.139 0.139 0.134 0.134
9882,3.054423060703704,2.0 2.0 2.0 2.0
9883,4.2470363416530965,0.134 0.134 2.0 2.0
9884,4.4226586909057986,2.0 2.0 2.0 2.0
9885,6.540332482412147,0.096 0.096 0.134 0.134
9886,7.712793164539303,0.134 0.134 0.10566 0.10566 0.096 0.096 0.10566 0.10566
9887,8.043603507737743,0.139 0.139 0.134 0.134 0.096 0.096 2.0 2.0 2.0 2.0
9888,9.254811599803919,0.096 0.096 0.10566 0.10566
9889,0.9506401313901911,0.139 0.139
9890,1.1410596327901814,2.0 2.0
9891,1.5906387344764967,2.0 2.0
9892,2.1404524486747283,2.0 2.0 0.134 0.134
9893,2.2213077479131753,0.134 0.134 0.134 0.134
9894,3.054423060703704,0.134 0.134 0.134 0.134
9895,4.2470363416530965,0.096 0.096 0.096 0.096 0.096 0.096
9896,4.4226586909057986,2.0 2.0 0.139 0.139
9897,6.540332482412147,0.134 0.134 2.0 2.0 0.096 0.096
9898,7.712793164539303,0.096 0.096 2.0 2.0
9899,8.043603507737743,0.139 0.139 0.134 0.134 0.134 0.134 2.0 2.0
9900,9.254811599803919,0.10566 0.10566 2.0 2.0
9901,0.9506401313901911,0.139 0.139
9902,1.1410596327901814,0.096 0.096
9903,1.5906387344764967,0.134 0.134
9904,2.1404524486747283,2.0 2.0 0.139 0.139
9905,2.2213077479131753,0.134 0.134 0.134 0.134
9906,3.054423060703704,0.096 0.096 0.134 0.134
9907,4.2470363416530965,2.0 2.0 0.10566 0.10566 0.134 0.134
9908,4.4226586909057986,0.096 0.096 0.10566 0.10566
9909,6.540332482412147,0.10566 0.10566 0.10566 0.10566
9910,7.712793164539303,0.096 0.096 0.134 0.134
9911,8.043603507737743,0.096 0.096 0.139 0.139 0.134 0.134
9912,9.254811599803919,0.134 0.134 0.096 0.096
9913,0.9506401313901911,0.139 0.139
9914,1.1410596327901814,0.10566 0.10566
9915,1.5906387344764967,0.096 0.096
9916,2.1404524486747283,2.0 2.0 0.096 0.096
9917,2.2213077479131753,0.139 0.139 0.134 0.134
9918,3.054423060703704,0.096 0.096 2.0 2.0
9919,4.2470363416530965,2.0 2.0 0.134 0.134 0.139 0.139
9920,4.4226586909057986,0.096 0.096 0.134 0.134 0.096 0.096
9921,6.540332482412147,2.0 2.0 0.134 0.134 2.0 2.0
9922,7.712793164539303,2.0 2.0 0.139 0.139 2.0 2.0
9923,8.043603507737743,0.10566 0.10566 0.096 0.096
9924,9.254811599803919,0.10566 0.10566 2.0 2.0 2.0 2.0 0.134 0.134 0.096 0.096
9925,0.9506401313901911,0.134 0.134
9926,1.1410596327901814,2.0 2.0
9927,1.5906387344764967,0.10566 0.10566
9928,2.1404524486747283,0.134 0.134 0.134 0.134
9929,2.2213077479131753,0.134 0.134 0.134 0.134
9930,3.054423060703704,0.134 0.134 0.10566 0.10566
9931,4.2470363416530965,0.096 0.096 0.096 0.096
9932,4.4226586909057986,0.139 0.139 0.096 0.096
9933,6.540332482412147,0.10566 0.10566 0.134 0.134 0.134 0.134
9934,7.712793164539303,2.0 2.0 0.134 0.134 0.096 0.096
9935,8.043603507737743,0.10566 0.10566 0.096 0.096
9936,9.254811599803919,0.134 0.134 0.134 0.134 0.10566 0.10566 0.134 0.134
9937,0.9506401313901911,0.096 0.096
9938,1.1410596327901814,0.134 0.134
9939,1.5906387344764967,2.0 2.0
9940,2.1404524486747283,0.134 0.134 0.134 0.134
9941,2.2213077479131753,0.134 0.134 0.134 0.134
9942,3.054423060703704,0.134 0.134 2.0 2.0
9943,4.2470363416530965,0.134 0.134 2.0 2.0
9944,4.4226586909057986,0.134 0.134 0.096 0.096
9945,6.540332482412147,2.0 2.0 0.096 0.096
9946,7.712793164539303,0.139 0.139 0.139 0.139 0.096 0.096 0.139 0.139
9947,8.043603507737743,0.134 0.134 0.096 0.096 0.096 0.096
9948,9.254811599803919,0.096 0.096 2.0 2.0
9949,0.9506401313901911,0.134 0.134
9950,1.1410596327901814,2.0 2.0
9951,1.5906387344764967,0.096 0.096
9952,2.1404524486747283,0.134 0.134 0.139 0.139
9953,2.2213077479131753,0.134 0.134 0.134 0.134
9954,3.054423060703704,0.139 0.139 0.134 0.134
9955,4.2470363416530965,0.10566 0.10566 0.139 0.139
9956,4.4226586909057986,0.096 0.096 0.134 0.134 0.139 0.139
9957,6.540332482412147,2.0 2.0 0.139 0.139 0.096 0.096
9958,7.712793164539303,0.096 0.096 0.10566 0.10566
9959,8.043603507737743,0.10566 0.10566 0.139 0.139 0.134 0.134
9960,9.254811599803919,0.134 0.134 0.096 0.096 2.0 2.0 0.096 0.096
9961,0.9506401313901911,2.0 2.0
9962,1.1410596327901814,2.0 2.0
9963,1.5906387344764967,0.096 0.096
9964,2.1404524486747283,0.096 0.096 0.134 0.134
9965,2.2213077479131753,0.139 0.139 0.096 0.096
9966,3.054423060703704,2.0 2.0 0.134 0.134
9967,4.2470363416530965,0.10566 0.10566 0.096 0.096 0.139 0.139
9968,4.4226586909057986,0.134 0.134 0.134 0.134 0.139 0.139
9969,6.540332482412147,2.0 2.0 2.0 2.0 0.134 0.134
9970,7.712793164539303,0.134 0.134 0.096 0.096 0.139 0.139 0.139 0.139 0.10566 0.10566 0.096 0.096
9971,8.043603507737743,0.134 0.134 0.134 0.134 0.10566 0.10566
9972,9.254811599803919,2.0 2.0 2.0 2.0 0.134 0.134 0.134 0.134
9973,0.9506401313901911,0.134 0.134
9974,1.1410596327901814,0.096 0.096
9975,1.5906387344764967,0.096 0.096
9976,2.1404524486747283,0.134 0.134 2.0 2.0
9977,2.2213077479131753,0.134 0.134 2.0 2.0
9978,3.054423060703704,0.096 0.096 0.134 0.134
9979,4.2470363416530965,0.134 0.134 0.134 0.134 0.096 0.096
9980,4.4226586909057986,2.0 2.0 0.139 0.139
9981,6.540332482412147,0.134 0.134 0.134 0.134 2.0 2.0
9982,7.712793164539303,0.096 0.096 0.139 0.139 0.096 0.096
9983,8.043603507737743,2.0 2.0 0.134 0.134
9984,9.254811599803919,0.096 0.096 0.139 0.139 0.134 0.134 0.134 0.134
9985,0.9506401313901911,0.139 0.139
9986,1.1410596327901814,2.0 2.0
9987,1.5906387344764967,0.096 0.096
9988,2.1404524486747283,0.134 0.134 0.096 0.096
9989,2.2213077479131753,0.096 0.096 0.096 0.096
9990,3.054423060703704,0.096 0.096 2.0 2.0
9991,4.2470363416530965,0.134 0.134 0.139 0.139 0.134 0.134
9992,4.4226586909057986,0.096 0.096 2.0 2.0
9993,6.540332482412147,2.0 2.0 0.139 0.139 0.139 0.139
9994,7.712793164539303,2.0 2.0 2.0 2.0
9995,8.043603507737743,0.096 0.096 0.134 0.134 0.096 0.096 0.134 0.134
9996,9.254811599803919,0.096 0.096 2.0 2.0 0.134 0.134
9997,0.9506401313901911,0.134 0.134
9998,1.1410596327901814,2.0 2.0
9999,1.5906387344764967,0.096 0.096
10000,2.1404524486747283,0.10566 0.10566 0.134 0.134
