/eos/project/f/foundational-model-dataset/samples/pu200_ryliu/WJetsToLNu_13TeV-madgraphMLM-pythia8-2000-50004
workdir: /pool/condor/dir_731833
args: WJetsToLNu_13TeV-madgraphMLM-pythia8 2000 50004 /eos/project/f/foundational-model-dataset/samples/pu200_ryliu /afs/cern.ch/user/r/ryliu/public/simulation True
************************************************************
*                                                          *
*                     W E L C O M E to                     *
*              M A D G R A P H 5 _ a M C @ N L O           *
*                                                          *
*                                                          *
*                 *                       *                *
*                   *        * *        *                  *
*                     * * * * 5 * * * *                    *
*                   *        * *        *                  *
*                 *                       *                *
*                                                          *
*         VERSION 3.5.3                 2023-12-23         *
*                                                          *
*    The MadGraph5_aMC@NLO Development Team - Find us at   *
*              http://madgraph.phys.ucl.ac.be/             *
*                            and                           *
*            http://amcatnlo.web.cern.ch/amcatnlo/         *
*                                                          *
*               Type 'help' for in-line help.              *
*           Type 'tutorial' to learn how MG5 works         *
*    Type 'tutorial aMCatNLO' to learn how aMC@NLO works   *
*    Type 'tutorial MadLoop' to learn how MadLoop works    *
*                                                          *
************************************************************
load MG5 configuration from ../../../usr/local/MG5_aMC_v3_5_3/input/mg5_configuration.txt 
set fastjet to fastjet-config
eMELA-config does not seem to correspond to a valid eMELA-config executable.
 Please set the 'fastjet'variable to the full (absolute) /PATH/TO/eMELA-config (including eMELA-config).
 MG5_aMC> set eMELA /PATH/TO/eMELA-config

set ninja to /usr/local/MG5_aMC_v3_5_3/HEPTools/lib
set lhapdf to lhapdf-config
set lhapdf to lhapdf-config
No valid eps viewer found. Please set in ./input/mg5_configuration.txt
No valid web browser found. Please set in ./input/mg5_configuration.txt
import /eos/project/f/foundational-model-dataset/samples/pu200_ryliu/WJetsToLNu_13TeV-madgraphMLM-pythia8-2000-50004/proc_card.dat
The import format was not given, so we guess it as command
import model sm-ckm_no_b_mass TODO: add sm/restrict_ckm_no_b_mass.dat to Docker image.
INFO: Restrict model sm-ckm_no_b_mass with file ../../../usr/local/MG5_aMC_v3_5_3/models/sm/restrict_ckm_no_b_mass.dat . 
INFO: Run "set stdout_level DEBUG" before import for more information. 
INFO: Change particles name to pass to MG5 convention 
Defined multiparticle p = g u c d s u~ c~ d~ s~
Defined multiparticle j = g u c d s u~ c~ d~ s~
Defined multiparticle l+ = e+ mu+
Defined multiparticle l- = e- mu-
Defined multiparticle vl = ve vm vt
Defined multiparticle vl~ = ve~ vm~ vt~
[1;34mPass the definition of 'j' and 'p' to 5 flavour scheme.[0m
Defined multiparticle all = g u c d s b u~ c~ d~ s~ b~ a ve vm vt e- mu- ve~ vm~ vt~ e+ mu+ t t~ z w+ h w- ta- ta+
define l+ = e+ mu+ ta+
Defined multiparticle l+ = e+ mu+ ta+
define l- = e- mu- ta-
Defined multiparticle l- = e- mu- ta-
generate p p > l+ vl $$ t t~ h @0
INFO: Checking for minimal orders which gives processes. 
INFO: Please specify coupling orders to bypass this step. 
INFO: Trying process: u d~ > e+ ve WEIGHTED<=4 $$ t t~ h  
INFO: Process has 1 diagrams 
INFO: Trying process: u d~ > e+ vm WEIGHTED<=4 $$ t t~ h  
INFO: Trying process: u d~ > e+ vt WEIGHTED<=4 $$ t t~ h  
INFO: Trying process: u d~ > mu+ ve WEIGHTED<=4 $$ t t~ h  
INFO: Trying process: u d~ > mu+ vm WEIGHTED<=4 $$ t t~ h  
INFO: Process has 1 diagrams 
INFO: Trying process: u d~ > mu+ vt WEIGHTED<=4 $$ t t~ h  
INFO: Trying process: u d~ > ta+ ve WEIGHTED<=4 $$ t t~ h  
INFO: Trying process: u d~ > ta+ vm WEIGHTED<=4 $$ t t~ h  
INFO: Trying process: u d~ > ta+ vt WEIGHTED<=4 $$ t t~ h  
INFO: Process has 1 diagrams 
INFO: Trying process: u s~ > e+ ve WEIGHTED<=4 $$ t t~ h  
INFO: Process has 1 diagrams 
INFO: Trying process: u s~ > e+ vm WEIGHTED<=4 $$ t t~ h  
INFO: Trying process: u s~ > e+ vt WEIGHTED<=4 $$ t t~ h  
INFO: Trying process: u s~ > mu+ ve WEIGHTED<=4 $$ t t~ h  
INFO: Trying process: u s~ > mu+ vm WEIGHTED<=4 $$ t t~ h  
INFO: Process has 1 diagrams 
INFO: Trying process: u s~ > mu+ vt WEIGHTED<=4 $$ t t~ h  
INFO: Trying process: u s~ > ta+ ve WEIGHTED<=4 $$ t t~ h  
INFO: Trying process: u s~ > ta+ vm WEIGHTED<=4 $$ t t~ h  
INFO: Trying process: u s~ > ta+ vt WEIGHTED<=4 $$ t t~ h  
INFO: Process has 1 diagrams 
INFO: Trying process: u b~ > e+ ve WEIGHTED<=4 $$ t t~ h  
INFO: Process has 1 diagrams 
INFO: Trying process: u b~ > e+ vm WEIGHTED<=4 $$ t t~ h  
INFO: Trying process: u b~ > e+ vt WEIGHTED<=4 $$ t t~ h  
INFO: Trying process: u b~ > mu+ ve WEIGHTED<=4 $$ t t~ h  
INFO: Trying process: u b~ > mu+ vm WEIGHTED<=4 $$ t t~ h  
INFO: Process has 1 diagrams 
INFO: Trying process: u b~ > mu+ vt WEIGHTED<=4 $$ t t~ h  
INFO: Trying process: u b~ > ta+ ve WEIGHTED<=4 $$ t t~ h  
INFO: Trying process: u b~ > ta+ vm WEIGHTED<=4 $$ t t~ h  
INFO: Trying process: u b~ > ta+ vt WEIGHTED<=4 $$ t t~ h  
INFO: Process has 1 diagrams 
INFO: Trying process: c d~ > e+ ve WEIGHTED<=4 $$ t t~ h  
INFO: Process has 1 diagrams 
INFO: Trying process: c d~ > e+ vm WEIGHTED<=4 $$ t t~ h  
INFO: Trying process: c d~ > e+ vt WEIGHTED<=4 $$ t t~ h  
INFO: Trying process: c d~ > mu+ ve WEIGHTED<=4 $$ t t~ h  
INFO: Trying process: c d~ > mu+ vm WEIGHTED<=4 $$ t t~ h  
INFO: Process has 1 diagrams 
INFO: Trying process: c d~ > mu+ vt WEIGHTED<=4 $$ t t~ h  
INFO: Trying process: c d~ > ta+ ve WEIGHTED<=4 $$ t t~ h  
INFO: Trying process: c d~ > ta+ vm WEIGHTED<=4 $$ t t~ h  
INFO: Trying process: c d~ > ta+ vt WEIGHTED<=4 $$ t t~ h  
INFO: Process has 1 diagrams 
INFO: Trying process: c s~ > e+ ve WEIGHTED<=4 $$ t t~ h  
INFO: Process has 1 diagrams 
INFO: Trying process: c s~ > e+ vm WEIGHTED<=4 $$ t t~ h  
INFO: Trying process: c s~ > e+ vt WEIGHTED<=4 $$ t t~ h  
INFO: Trying process: c s~ > mu+ ve WEIGHTED<=4 $$ t t~ h  
INFO: Trying process: c s~ > mu+ vm WEIGHTED<=4 $$ t t~ h  
INFO: Process has 1 diagrams 
INFO: Trying process: c s~ > mu+ vt WEIGHTED<=4 $$ t t~ h  
INFO: Trying process: c s~ > ta+ ve WEIGHTED<=4 $$ t t~ h  
INFO: Trying process: c s~ > ta+ vm WEIGHTED<=4 $$ t t~ h  
INFO: Trying process: c s~ > ta+ vt WEIGHTED<=4 $$ t t~ h  
INFO: Process has 1 diagrams 
INFO: Trying process: c b~ > e+ ve WEIGHTED<=4 $$ t t~ h  
INFO: Process has 1 diagrams 
INFO: Trying process: c b~ > e+ vm WEIGHTED<=4 $$ t t~ h  
INFO: Trying process: c b~ > e+ vt WEIGHTED<=4 $$ t t~ h  
INFO: Trying process: c b~ > mu+ ve WEIGHTED<=4 $$ t t~ h  
INFO: Trying process: c b~ > mu+ vm WEIGHTED<=4 $$ t t~ h  
INFO: Process has 1 diagrams 
INFO: Trying process: c b~ > mu+ vt WEIGHTED<=4 $$ t t~ h  
INFO: Trying process: c b~ > ta+ ve WEIGHTED<=4 $$ t t~ h  
INFO: Trying process: c b~ > ta+ vm WEIGHTED<=4 $$ t t~ h  
INFO: Trying process: c b~ > ta+ vt WEIGHTED<=4 $$ t t~ h  
INFO: Process has 1 diagrams 
INFO: Process d~ u > e+ ve added to mirror process u d~ > e+ ve 
INFO: Process d~ u > mu+ vm added to mirror process u d~ > mu+ vm 
INFO: Process d~ u > ta+ vt added to mirror process u d~ > ta+ vt 
INFO: Process d~ c > e+ ve added to mirror process c d~ > e+ ve 
INFO: Process d~ c > mu+ vm added to mirror process c d~ > mu+ vm 
INFO: Process d~ c > ta+ vt added to mirror process c d~ > ta+ vt 
INFO: Process s~ u > e+ ve added to mirror process u s~ > e+ ve 
INFO: Process s~ u > mu+ vm added to mirror process u s~ > mu+ vm 
INFO: Process s~ u > ta+ vt added to mirror process u s~ > ta+ vt 
INFO: Process s~ c > e+ ve added to mirror process c s~ > e+ ve 
INFO: Process s~ c > mu+ vm added to mirror process c s~ > mu+ vm 
INFO: Process s~ c > ta+ vt added to mirror process c s~ > ta+ vt 
INFO: Process b~ u > e+ ve added to mirror process u b~ > e+ ve 
INFO: Process b~ u > mu+ vm added to mirror process u b~ > mu+ vm 
INFO: Process b~ u > ta+ vt added to mirror process u b~ > ta+ vt 
INFO: Process b~ c > e+ ve added to mirror process c b~ > e+ ve 
INFO: Process b~ c > mu+ vm added to mirror process c b~ > mu+ vm 
INFO: Process b~ c > ta+ vt added to mirror process c b~ > ta+ vt 
18 processes with 18 diagrams generated in 0.173 s
Total: 18 processes with 18 diagrams
add process p p > l+ vl j $$ t t~ h @1
INFO: Checking for minimal orders which gives processes. 
INFO: Please specify coupling orders to bypass this step. 
INFO: Trying coupling order WEIGHTED<=5: WEIGTHED IS QCD+2*QED 
INFO: Trying process: g u > e+ ve d WEIGHTED<=5 $$ t t~ h @1  
INFO: Process has 2 diagrams 
INFO: Trying process: g u > e+ ve s WEIGHTED<=5 $$ t t~ h @1  
INFO: Process has 2 diagrams 
INFO: Trying process: g u > e+ ve b WEIGHTED<=5 $$ t t~ h @1  
INFO: Process has 2 diagrams 
INFO: Trying process: g u > e+ vm d WEIGHTED<=5 $$ t t~ h @1  
INFO: Trying process: g u > e+ vm s WEIGHTED<=5 $$ t t~ h @1  
INFO: Trying process: g u > e+ vm b WEIGHTED<=5 $$ t t~ h @1  
INFO: Trying process: g u > e+ vt d WEIGHTED<=5 $$ t t~ h @1  
INFO: Trying process: g u > e+ vt s WEIGHTED<=5 $$ t t~ h @1  
INFO: Trying process: g u > e+ vt b WEIGHTED<=5 $$ t t~ h @1  
INFO: Trying process: g u > mu+ ve d WEIGHTED<=5 $$ t t~ h @1  
INFO: Trying process: g u > mu+ ve s WEIGHTED<=5 $$ t t~ h @1  
INFO: Trying process: g u > mu+ ve b WEIGHTED<=5 $$ t t~ h @1  
INFO: Trying process: g u > mu+ vm d WEIGHTED<=5 $$ t t~ h @1  
INFO: Process has 2 diagrams 
INFO: Trying process: g u > mu+ vm s WEIGHTED<=5 $$ t t~ h @1  
INFO: Process has 2 diagrams 
INFO: Trying process: g u > mu+ vm b WEIGHTED<=5 $$ t t~ h @1  
INFO: Process has 2 diagrams 
INFO: Trying process: g u > mu+ vt d WEIGHTED<=5 $$ t t~ h @1  
INFO: Trying process: g u > mu+ vt s WEIGHTED<=5 $$ t t~ h @1  
INFO: Trying process: g u > mu+ vt b WEIGHTED<=5 $$ t t~ h @1  
INFO: Trying process: g u > ta+ ve d WEIGHTED<=5 $$ t t~ h @1  
INFO: Trying process: g u > ta+ ve s WEIGHTED<=5 $$ t t~ h @1  
INFO: Trying process: g u > ta+ ve b WEIGHTED<=5 $$ t t~ h @1  
INFO: Trying process: g u > ta+ vm d WEIGHTED<=5 $$ t t~ h @1  
INFO: Trying process: g u > ta+ vm s WEIGHTED<=5 $$ t t~ h @1  
INFO: Trying process: g u > ta+ vm b WEIGHTED<=5 $$ t t~ h @1  
INFO: Trying process: g u > ta+ vt d WEIGHTED<=5 $$ t t~ h @1  
INFO: Process has 2 diagrams 
INFO: Trying process: g u > ta+ vt s WEIGHTED<=5 $$ t t~ h @1  
INFO: Process has 2 diagrams 
INFO: Trying process: g u > ta+ vt b WEIGHTED<=5 $$ t t~ h @1  
INFO: Process has 2 diagrams 
INFO: Trying process: g c > e+ ve d WEIGHTED<=5 $$ t t~ h @1  
INFO: Process has 2 diagrams 
INFO: Trying process: g c > e+ ve s WEIGHTED<=5 $$ t t~ h @1  
INFO: Process has 2 diagrams 
INFO: Trying process: g c > e+ ve b WEIGHTED<=5 $$ t t~ h @1  
INFO: Process has 2 diagrams 
INFO: Trying process: g c > e+ vm d WEIGHTED<=5 $$ t t~ h @1  
INFO: Trying process: g c > e+ vm s WEIGHTED<=5 $$ t t~ h @1  
INFO: Trying process: g c > e+ vm b WEIGHTED<=5 $$ t t~ h @1  
INFO: Trying process: g c > e+ vt d WEIGHTED<=5 $$ t t~ h @1  
INFO: Trying process: g c > e+ vt s WEIGHTED<=5 $$ t t~ h @1  
INFO: Trying process: g c > e+ vt b WEIGHTED<=5 $$ t t~ h @1  
INFO: Trying process: g c > mu+ ve d WEIGHTED<=5 $$ t t~ h @1  
INFO: Trying process: g c > mu+ ve s WEIGHTED<=5 $$ t t~ h @1  
INFO: Trying process: g c > mu+ ve b WEIGHTED<=5 $$ t t~ h @1  
INFO: Trying process: g c > mu+ vm d WEIGHTED<=5 $$ t t~ h @1  
INFO: Process has 2 diagrams 
INFO: Trying process: g c > mu+ vm s WEIGHTED<=5 $$ t t~ h @1  
INFO: Process has 2 diagrams 
INFO: Trying process: g c > mu+ vm b WEIGHTED<=5 $$ t t~ h @1  
INFO: Process has 2 diagrams 
INFO: Trying process: g c > mu+ vt d WEIGHTED<=5 $$ t t~ h @1  
INFO: Trying process: g c > mu+ vt s WEIGHTED<=5 $$ t t~ h @1  
INFO: Trying process: g c > mu+ vt b WEIGHTED<=5 $$ t t~ h @1  
INFO: Trying process: g c > ta+ ve d WEIGHTED<=5 $$ t t~ h @1  
INFO: Trying process: g c > ta+ ve s WEIGHTED<=5 $$ t t~ h @1  
INFO: Trying process: g c > ta+ ve b WEIGHTED<=5 $$ t t~ h @1  
INFO: Trying process: g c > ta+ vm d WEIGHTED<=5 $$ t t~ h @1  
INFO: Trying process: g c > ta+ vm s WEIGHTED<=5 $$ t t~ h @1  
INFO: Trying process: g c > ta+ vm b WEIGHTED<=5 $$ t t~ h @1  
INFO: Trying process: g c > ta+ vt d WEIGHTED<=5 $$ t t~ h @1  
INFO: Process has 2 diagrams 
INFO: Trying process: g c > ta+ vt s WEIGHTED<=5 $$ t t~ h @1  
INFO: Process has 2 diagrams 
INFO: Trying process: g c > ta+ vt b WEIGHTED<=5 $$ t t~ h @1  
INFO: Process has 2 diagrams 
INFO: Trying process: g d~ > e+ ve u~ WEIGHTED<=5 $$ t t~ h @1  
INFO: Process has 2 diagrams 
INFO: Trying process: g d~ > e+ ve c~ WEIGHTED<=5 $$ t t~ h @1  
INFO: Process has 2 diagrams 
INFO: Trying process: g d~ > mu+ vm u~ WEIGHTED<=5 $$ t t~ h @1  
INFO: Process has 2 diagrams 
INFO: Trying process: g d~ > mu+ vm c~ WEIGHTED<=5 $$ t t~ h @1  
INFO: Process has 2 diagrams 
INFO: Trying process: g d~ > ta+ vt u~ WEIGHTED<=5 $$ t t~ h @1  
INFO: Process has 2 diagrams 
INFO: Trying process: g d~ > ta+ vt c~ WEIGHTED<=5 $$ t t~ h @1  
INFO: Process has 2 diagrams 
INFO: Trying process: g s~ > e+ ve u~ WEIGHTED<=5 $$ t t~ h @1  
INFO: Process has 2 diagrams 
INFO: Trying process: g s~ > e+ ve c~ WEIGHTED<=5 $$ t t~ h @1  
INFO: Process has 2 diagrams 
INFO: Trying process: g s~ > mu+ vm u~ WEIGHTED<=5 $$ t t~ h @1  
INFO: Process has 2 diagrams 
INFO: Trying process: g s~ > mu+ vm c~ WEIGHTED<=5 $$ t t~ h @1  
INFO: Process has 2 diagrams 
INFO: Trying process: g s~ > ta+ vt u~ WEIGHTED<=5 $$ t t~ h @1  
INFO: Process has 2 diagrams 
INFO: Trying process: g s~ > ta+ vt c~ WEIGHTED<=5 $$ t t~ h @1  
INFO: Process has 2 diagrams 
INFO: Trying process: g b~ > e+ ve u~ WEIGHTED<=5 $$ t t~ h @1  
INFO: Process has 2 diagrams 
INFO: Trying process: g b~ > e+ ve c~ WEIGHTED<=5 $$ t t~ h @1  
INFO: Process has 2 diagrams 
INFO: Trying process: g b~ > mu+ vm u~ WEIGHTED<=5 $$ t t~ h @1  
INFO: Process has 2 diagrams 
INFO: Trying process: g b~ > mu+ vm c~ WEIGHTED<=5 $$ t t~ h @1  
INFO: Process has 2 diagrams 
INFO: Trying process: g b~ > ta+ vt u~ WEIGHTED<=5 $$ t t~ h @1  
INFO: Process has 2 diagrams 
INFO: Trying process: g b~ > ta+ vt c~ WEIGHTED<=5 $$ t t~ h @1  
INFO: Process has 2 diagrams 
INFO: Process u g > e+ ve d added to mirror process g u > e+ ve d 
INFO: Process u g > e+ ve s added to mirror process g u > e+ ve s 
INFO: Process u g > e+ ve b added to mirror process g u > e+ ve b 
INFO: Process u g > mu+ vm d added to mirror process g u > mu+ vm d 
INFO: Process u g > mu+ vm s added to mirror process g u > mu+ vm s 
INFO: Process u g > mu+ vm b added to mirror process g u > mu+ vm b 
INFO: Process u g > ta+ vt d added to mirror process g u > ta+ vt d 
INFO: Process u g > ta+ vt s added to mirror process g u > ta+ vt s 
INFO: Process u g > ta+ vt b added to mirror process g u > ta+ vt b 
INFO: Trying process: u d~ > e+ ve g WEIGHTED<=5 $$ t t~ h @1  
INFO: Process has 2 diagrams 
INFO: Trying process: u d~ > mu+ vm g WEIGHTED<=5 $$ t t~ h @1  
INFO: Process has 2 diagrams 
INFO: Trying process: u d~ > ta+ vt g WEIGHTED<=5 $$ t t~ h @1  
INFO: Process has 2 diagrams 
INFO: Trying process: u s~ > e+ ve g WEIGHTED<=5 $$ t t~ h @1  
INFO: Process has 2 diagrams 
INFO: Trying process: u s~ > mu+ vm g WEIGHTED<=5 $$ t t~ h @1  
INFO: Process has 2 diagrams 
INFO: Trying process: u s~ > ta+ vt g WEIGHTED<=5 $$ t t~ h @1  
INFO: Process has 2 diagrams 
INFO: Trying process: u b~ > e+ ve g WEIGHTED<=5 $$ t t~ h @1  
INFO: Process has 2 diagrams 
INFO: Trying process: u b~ > mu+ vm g WEIGHTED<=5 $$ t t~ h @1  
INFO: Process has 2 diagrams 
INFO: Trying process: u b~ > ta+ vt g WEIGHTED<=5 $$ t t~ h @1  
INFO: Process has 2 diagrams 
INFO: Process c g > e+ ve d added to mirror process g c > e+ ve d 
INFO: Process c g > e+ ve s added to mirror process g c > e+ ve s 
INFO: Process c g > e+ ve b added to mirror process g c > e+ ve b 
INFO: Process c g > mu+ vm d added to mirror process g c > mu+ vm d 
INFO: Process c g > mu+ vm s added to mirror process g c > mu+ vm s 
INFO: Process c g > mu+ vm b added to mirror process g c > mu+ vm b 
INFO: Process c g > ta+ vt d added to mirror process g c > ta+ vt d 
INFO: Process c g > ta+ vt s added to mirror process g c > ta+ vt s 
INFO: Process c g > ta+ vt b added to mirror process g c > ta+ vt b 
INFO: Trying process: c d~ > e+ ve g WEIGHTED<=5 $$ t t~ h @1  
INFO: Process has 2 diagrams 
INFO: Trying process: c d~ > mu+ vm g WEIGHTED<=5 $$ t t~ h @1  
INFO: Process has 2 diagrams 
INFO: Trying process: c d~ > ta+ vt g WEIGHTED<=5 $$ t t~ h @1  
INFO: Process has 2 diagrams 
INFO: Trying process: c s~ > e+ ve g WEIGHTED<=5 $$ t t~ h @1  
INFO: Process has 2 diagrams 
INFO: Trying process: c s~ > mu+ vm g WEIGHTED<=5 $$ t t~ h @1  
INFO: Process has 2 diagrams 
INFO: Trying process: c s~ > ta+ vt g WEIGHTED<=5 $$ t t~ h @1  
INFO: Process has 2 diagrams 
INFO: Trying process: c b~ > e+ ve g WEIGHTED<=5 $$ t t~ h @1  
INFO: Process has 2 diagrams 
INFO: Trying process: c b~ > mu+ vm g WEIGHTED<=5 $$ t t~ h @1  
INFO: Process has 2 diagrams 
INFO: Trying process: c b~ > ta+ vt g WEIGHTED<=5 $$ t t~ h @1  
INFO: Process has 2 diagrams 
INFO: Process d~ g > e+ ve u~ added to mirror process g d~ > e+ ve u~ 
INFO: Process d~ g > e+ ve c~ added to mirror process g d~ > e+ ve c~ 
INFO: Process d~ g > mu+ vm u~ added to mirror process g d~ > mu+ vm u~ 
INFO: Process d~ g > mu+ vm c~ added to mirror process g d~ > mu+ vm c~ 
INFO: Process d~ g > ta+ vt u~ added to mirror process g d~ > ta+ vt u~ 
INFO: Process d~ g > ta+ vt c~ added to mirror process g d~ > ta+ vt c~ 
INFO: Process d~ u > e+ ve g added to mirror process u d~ > e+ ve g 
INFO: Process d~ u > mu+ vm g added to mirror process u d~ > mu+ vm g 
INFO: Process d~ u > ta+ vt g added to mirror process u d~ > ta+ vt g 
INFO: Process d~ c > e+ ve g added to mirror process c d~ > e+ ve g 
INFO: Process d~ c > mu+ vm g added to mirror process c d~ > mu+ vm g 
INFO: Process d~ c > ta+ vt g added to mirror process c d~ > ta+ vt g 
INFO: Process s~ g > e+ ve u~ added to mirror process g s~ > e+ ve u~ 
INFO: Process s~ g > e+ ve c~ added to mirror process g s~ > e+ ve c~ 
INFO: Process s~ g > mu+ vm u~ added to mirror process g s~ > mu+ vm u~ 
INFO: Process s~ g > mu+ vm c~ added to mirror process g s~ > mu+ vm c~ 
INFO: Process s~ g > ta+ vt u~ added to mirror process g s~ > ta+ vt u~ 
INFO: Process s~ g > ta+ vt c~ added to mirror process g s~ > ta+ vt c~ 
INFO: Process s~ u > e+ ve g added to mirror process u s~ > e+ ve g 
INFO: Process s~ u > mu+ vm g added to mirror process u s~ > mu+ vm g 
INFO: Process s~ u > ta+ vt g added to mirror process u s~ > ta+ vt g 
INFO: Process s~ c > e+ ve g added to mirror process c s~ > e+ ve g 
INFO: Process s~ c > mu+ vm g added to mirror process c s~ > mu+ vm g 
INFO: Process s~ c > ta+ vt g added to mirror process c s~ > ta+ vt g 
INFO: Process b~ g > e+ ve u~ added to mirror process g b~ > e+ ve u~ 
INFO: Process b~ g > e+ ve c~ added to mirror process g b~ > e+ ve c~ 
INFO: Process b~ g > mu+ vm u~ added to mirror process g b~ > mu+ vm u~ 
INFO: Process b~ g > mu+ vm c~ added to mirror process g b~ > mu+ vm c~ 
INFO: Process b~ g > ta+ vt u~ added to mirror process g b~ > ta+ vt u~ 
INFO: Process b~ g > ta+ vt c~ added to mirror process g b~ > ta+ vt c~ 
INFO: Process b~ u > e+ ve g added to mirror process u b~ > e+ ve g 
INFO: Process b~ u > mu+ vm g added to mirror process u b~ > mu+ vm g 
INFO: Process b~ u > ta+ vt g added to mirror process u b~ > ta+ vt g 
INFO: Process b~ c > e+ ve g added to mirror process c b~ > e+ ve g 
INFO: Process b~ c > mu+ vm g added to mirror process c b~ > mu+ vm g 
INFO: Process b~ c > ta+ vt g added to mirror process c b~ > ta+ vt g 
54 processes with 108 diagrams generated in 1.306 s
Total: 72 processes with 126 diagrams
add process p p > l+ vl j j $$ t t~ h @2
INFO: Checking for minimal orders which gives processes. 
INFO: Please specify coupling orders to bypass this step. 
INFO: Trying coupling order WEIGHTED<=6: WEIGTHED IS QCD+2*QED 
INFO: Trying process: g g > e+ ve d u~ WEIGHTED<=6 $$ t t~ h @2  
INFO: Process has 8 diagrams 
INFO: Trying process: g g > e+ ve d c~ WEIGHTED<=6 $$ t t~ h @2  
INFO: Process has 8 diagrams 
INFO: Trying process: g g > e+ ve s u~ WEIGHTED<=6 $$ t t~ h @2  
INFO: Process has 8 diagrams 
INFO: Trying process: g g > e+ ve s c~ WEIGHTED<=6 $$ t t~ h @2  
INFO: Process has 8 diagrams 
INFO: Trying process: g g > e+ ve b u~ WEIGHTED<=6 $$ t t~ h @2  
INFO: Process has 8 diagrams 
INFO: Trying process: g g > e+ ve b c~ WEIGHTED<=6 $$ t t~ h @2  
INFO: Process has 8 diagrams 
INFO: Trying process: g g > e+ vm d u~ WEIGHTED<=6 $$ t t~ h @2  
INFO: Trying process: g g > e+ vm d c~ WEIGHTED<=6 $$ t t~ h @2  
INFO: Trying process: g g > e+ vm s u~ WEIGHTED<=6 $$ t t~ h @2  
INFO: Trying process: g g > e+ vm s c~ WEIGHTED<=6 $$ t t~ h @2  
INFO: Trying process: g g > e+ vm b u~ WEIGHTED<=6 $$ t t~ h @2  
INFO: Trying process: g g > e+ vm b c~ WEIGHTED<=6 $$ t t~ h @2  
INFO: Trying process: g g > e+ vt d u~ WEIGHTED<=6 $$ t t~ h @2  
INFO: Trying process: g g > e+ vt d c~ WEIGHTED<=6 $$ t t~ h @2  
INFO: Trying process: g g > e+ vt s u~ WEIGHTED<=6 $$ t t~ h @2  
INFO: Trying process: g g > e+ vt s c~ WEIGHTED<=6 $$ t t~ h @2  
INFO: Trying process: g g > e+ vt b u~ WEIGHTED<=6 $$ t t~ h @2  
INFO: Trying process: g g > e+ vt b c~ WEIGHTED<=6 $$ t t~ h @2  
INFO: Trying process: g g > mu+ ve d u~ WEIGHTED<=6 $$ t t~ h @2  
INFO: Trying process: g g > mu+ ve d c~ WEIGHTED<=6 $$ t t~ h @2  
INFO: Trying process: g g > mu+ ve s u~ WEIGHTED<=6 $$ t t~ h @2  
INFO: Trying process: g g > mu+ ve s c~ WEIGHTED<=6 $$ t t~ h @2  
INFO: Trying process: g g > mu+ ve b u~ WEIGHTED<=6 $$ t t~ h @2  
INFO: Trying process: g g > mu+ ve b c~ WEIGHTED<=6 $$ t t~ h @2  
INFO: Trying process: g g > mu+ vm d u~ WEIGHTED<=6 $$ t t~ h @2  
INFO: Process has 8 diagrams 
INFO: Trying process: g g > mu+ vm d c~ WEIGHTED<=6 $$ t t~ h @2  
INFO: Process has 8 diagrams 
INFO: Trying process: g g > mu+ vm s u~ WEIGHTED<=6 $$ t t~ h @2  
INFO: Process has 8 diagrams 
INFO: Trying process: g g > mu+ vm s c~ WEIGHTED<=6 $$ t t~ h @2  
INFO: Process has 8 diagrams 
INFO: Trying process: g g > mu+ vm b u~ WEIGHTED<=6 $$ t t~ h @2  
INFO: Process has 8 diagrams 
INFO: Trying process: g g > mu+ vm b c~ WEIGHTED<=6 $$ t t~ h @2  
INFO: Process has 8 diagrams 
INFO: Trying process: g g > mu+ vt d u~ WEIGHTED<=6 $$ t t~ h @2  
INFO: Trying process: g g > mu+ vt d c~ WEIGHTED<=6 $$ t t~ h @2  
INFO: Trying process: g g > mu+ vt s u~ WEIGHTED<=6 $$ t t~ h @2  
INFO: Trying process: g g > mu+ vt s c~ WEIGHTED<=6 $$ t t~ h @2  
INFO: Trying process: g g > mu+ vt b u~ WEIGHTED<=6 $$ t t~ h @2  
INFO: Trying process: g g > mu+ vt b c~ WEIGHTED<=6 $$ t t~ h @2  
INFO: Trying process: g g > ta+ ve d u~ WEIGHTED<=6 $$ t t~ h @2  
INFO: Trying process: g g > ta+ ve d c~ WEIGHTED<=6 $$ t t~ h @2  
INFO: Trying process: g g > ta+ ve s u~ WEIGHTED<=6 $$ t t~ h @2  
INFO: Trying process: g g > ta+ ve s c~ WEIGHTED<=6 $$ t t~ h @2  
INFO: Trying process: g g > ta+ ve b u~ WEIGHTED<=6 $$ t t~ h @2  
INFO: Trying process: g g > ta+ ve b c~ WEIGHTED<=6 $$ t t~ h @2  
INFO: Trying process: g g > ta+ vm d u~ WEIGHTED<=6 $$ t t~ h @2  
INFO: Trying process: g g > ta+ vm d c~ WEIGHTED<=6 $$ t t~ h @2  
INFO: Trying process: g g > ta+ vm s u~ WEIGHTED<=6 $$ t t~ h @2  
INFO: Trying process: g g > ta+ vm s c~ WEIGHTED<=6 $$ t t~ h @2  
INFO: Trying process: g g > ta+ vm b u~ WEIGHTED<=6 $$ t t~ h @2  
INFO: Trying process: g g > ta+ vm b c~ WEIGHTED<=6 $$ t t~ h @2  
INFO: Trying process: g g > ta+ vt d u~ WEIGHTED<=6 $$ t t~ h @2  
INFO: Process has 8 diagrams 
INFO: Trying process: g g > ta+ vt d c~ WEIGHTED<=6 $$ t t~ h @2  
INFO: Process has 8 diagrams 
INFO: Trying process: g g > ta+ vt s u~ WEIGHTED<=6 $$ t t~ h @2  
INFO: Process has 8 diagrams 
INFO: Trying process: g g > ta+ vt s c~ WEIGHTED<=6 $$ t t~ h @2  
INFO: Process has 8 diagrams 
INFO: Trying process: g g > ta+ vt b u~ WEIGHTED<=6 $$ t t~ h @2  
INFO: Process has 8 diagrams 
INFO: Trying process: g g > ta+ vt b c~ WEIGHTED<=6 $$ t t~ h @2  
INFO: Process has 8 diagrams 
INFO: Trying process: g u > e+ ve g d WEIGHTED<=6 $$ t t~ h @2  
INFO: Process has 8 diagrams 
INFO: Trying process: g u > e+ ve g s WEIGHTED<=6 $$ t t~ h @2  
INFO: Process has 8 diagrams 
INFO: Trying process: g u > e+ ve g b WEIGHTED<=6 $$ t t~ h @2  
INFO: Process has 8 diagrams 
INFO: Trying process: g u > mu+ vm g d WEIGHTED<=6 $$ t t~ h @2  
INFO: Process has 8 diagrams 
INFO: Trying process: g u > mu+ vm g s WEIGHTED<=6 $$ t t~ h @2  
INFO: Process has 8 diagrams 
INFO: Trying process: g u > mu+ vm g b WEIGHTED<=6 $$ t t~ h @2  
INFO: Process has 8 diagrams 
INFO: Trying process: g u > ta+ vt g d WEIGHTED<=6 $$ t t~ h @2  
INFO: Process has 8 diagrams 
INFO: Trying process: g u > ta+ vt g s WEIGHTED<=6 $$ t t~ h @2  
INFO: Process has 8 diagrams 
INFO: Trying process: g u > ta+ vt g b WEIGHTED<=6 $$ t t~ h @2  
INFO: Process has 8 diagrams 
INFO: Trying process: g c > e+ ve g d WEIGHTED<=6 $$ t t~ h @2  
INFO: Process has 8 diagrams 
INFO: Trying process: g c > e+ ve g s WEIGHTED<=6 $$ t t~ h @2  
INFO: Process has 8 diagrams 
INFO: Trying process: g c > e+ ve g b WEIGHTED<=6 $$ t t~ h @2  
INFO: Process has 8 diagrams 
INFO: Trying process: g c > mu+ vm g d WEIGHTED<=6 $$ t t~ h @2  
INFO: Process has 8 diagrams 
INFO: Trying process: g c > mu+ vm g s WEIGHTED<=6 $$ t t~ h @2  
INFO: Process has 8 diagrams 
INFO: Trying process: g c > mu+ vm g b WEIGHTED<=6 $$ t t~ h @2  
INFO: Process has 8 diagrams 
INFO: Trying process: g c > ta+ vt g d WEIGHTED<=6 $$ t t~ h @2  
INFO: Process has 8 diagrams 
INFO: Trying process: g c > ta+ vt g s WEIGHTED<=6 $$ t t~ h @2  
INFO: Process has 8 diagrams 
INFO: Trying process: g c > ta+ vt g b WEIGHTED<=6 $$ t t~ h @2  
INFO: Process has 8 diagrams 
INFO: Trying process: g d~ > e+ ve g u~ WEIGHTED<=6 $$ t t~ h @2  
INFO: Process has 8 diagrams 
INFO: Trying process: g d~ > e+ ve g c~ WEIGHTED<=6 $$ t t~ h @2  
INFO: Process has 8 diagrams 
INFO: Trying process: g d~ > mu+ vm g u~ WEIGHTED<=6 $$ t t~ h @2  
INFO: Process has 8 diagrams 
INFO: Trying process: g d~ > mu+ vm g c~ WEIGHTED<=6 $$ t t~ h @2  
INFO: Process has 8 diagrams 
INFO: Trying process: g d~ > ta+ vt g u~ WEIGHTED<=6 $$ t t~ h @2  
INFO: Process has 8 diagrams 
INFO: Trying process: g d~ > ta+ vt g c~ WEIGHTED<=6 $$ t t~ h @2  
INFO: Process has 8 diagrams 
INFO: Trying process: g s~ > e+ ve g u~ WEIGHTED<=6 $$ t t~ h @2  
INFO: Process has 8 diagrams 
INFO: Trying process: g s~ > e+ ve g c~ WEIGHTED<=6 $$ t t~ h @2  
INFO: Process has 8 diagrams 
INFO: Trying process: g s~ > mu+ vm g u~ WEIGHTED<=6 $$ t t~ h @2  
INFO: Process has 8 diagrams 
INFO: Trying process: g s~ > mu+ vm g c~ WEIGHTED<=6 $$ t t~ h @2  
INFO: Process has 8 diagrams 
INFO: Trying process: g s~ > ta+ vt g u~ WEIGHTED<=6 $$ t t~ h @2  
INFO: Process has 8 diagrams 
INFO: Trying process: g s~ > ta+ vt g c~ WEIGHTED<=6 $$ t t~ h @2  
INFO: Process has 8 diagrams 
INFO: Trying process: g b~ > e+ ve g u~ WEIGHTED<=6 $$ t t~ h @2  
INFO: Process has 8 diagrams 
INFO: Trying process: g b~ > e+ ve g c~ WEIGHTED<=6 $$ t t~ h @2  
INFO: Process has 8 diagrams 
INFO: Trying process: g b~ > mu+ vm g u~ WEIGHTED<=6 $$ t t~ h @2  
INFO: Process has 8 diagrams 
INFO: Trying process: g b~ > mu+ vm g c~ WEIGHTED<=6 $$ t t~ h @2  
INFO: Process has 8 diagrams 
INFO: Trying process: g b~ > ta+ vt g u~ WEIGHTED<=6 $$ t t~ h @2  
INFO: Process has 8 diagrams 
INFO: Trying process: g b~ > ta+ vt g c~ WEIGHTED<=6 $$ t t~ h @2  
INFO: Process has 8 diagrams 
INFO: Process u g > e+ ve g d added to mirror process g u > e+ ve g d 
INFO: Process u g > e+ ve g s added to mirror process g u > e+ ve g s 
INFO: Process u g > e+ ve g b added to mirror process g u > e+ ve g b 
INFO: Process u g > mu+ vm g d added to mirror process g u > mu+ vm g d 
INFO: Process u g > mu+ vm g s added to mirror process g u > mu+ vm g s 
INFO: Process u g > mu+ vm g b added to mirror process g u > mu+ vm g b 
INFO: Process u g > ta+ vt g d added to mirror process g u > ta+ vt g d 
INFO: Process u g > ta+ vt g s added to mirror process g u > ta+ vt g s 
INFO: Process u g > ta+ vt g b added to mirror process g u > ta+ vt g b 
INFO: Trying process: u u > e+ ve u d WEIGHTED<=6 $$ t t~ h @2  
INFO: Process has 4 diagrams 
INFO: Trying process: u u > e+ ve u s WEIGHTED<=6 $$ t t~ h @2  
INFO: Process has 4 diagrams 
INFO: Trying process: u u > e+ ve u b WEIGHTED<=6 $$ t t~ h @2  
INFO: Process has 4 diagrams 
INFO: Trying process: u u > e+ ve c d WEIGHTED<=6 $$ t t~ h @2  
INFO: Trying process: u u > e+ ve c s WEIGHTED<=6 $$ t t~ h @2  
INFO: Trying process: u u > e+ ve c b WEIGHTED<=6 $$ t t~ h @2  
INFO: Trying process: u u > e+ vm u d WEIGHTED<=6 $$ t t~ h @2  
INFO: Trying process: u u > e+ vm u s WEIGHTED<=6 $$ t t~ h @2  
INFO: Trying process: u u > e+ vm u b WEIGHTED<=6 $$ t t~ h @2  
INFO: Trying process: u u > e+ vm c d WEIGHTED<=6 $$ t t~ h @2  
INFO: Trying process: u u > e+ vm c s WEIGHTED<=6 $$ t t~ h @2  
INFO: Trying process: u u > e+ vm c b WEIGHTED<=6 $$ t t~ h @2  
INFO: Trying process: u u > e+ vt u d WEIGHTED<=6 $$ t t~ h @2  
INFO: Trying process: u u > e+ vt u s WEIGHTED<=6 $$ t t~ h @2  
INFO: Trying process: u u > e+ vt u b WEIGHTED<=6 $$ t t~ h @2  
INFO: Trying process: u u > e+ vt c d WEIGHTED<=6 $$ t t~ h @2  
INFO: Trying process: u u > e+ vt c s WEIGHTED<=6 $$ t t~ h @2  
INFO: Trying process: u u > e+ vt c b WEIGHTED<=6 $$ t t~ h @2  
INFO: Trying process: u u > mu+ ve u d WEIGHTED<=6 $$ t t~ h @2  
INFO: Trying process: u u > mu+ ve u s WEIGHTED<=6 $$ t t~ h @2  
INFO: Trying process: u u > mu+ ve u b WEIGHTED<=6 $$ t t~ h @2  
INFO: Trying process: u u > mu+ ve c d WEIGHTED<=6 $$ t t~ h @2  
INFO: Trying process: u u > mu+ ve c s WEIGHTED<=6 $$ t t~ h @2  
INFO: Trying process: u u > mu+ ve c b WEIGHTED<=6 $$ t t~ h @2  
INFO: Trying process: u u > mu+ vm u d WEIGHTED<=6 $$ t t~ h @2  
INFO: Process has 4 diagrams 
INFO: Trying process: u u > mu+ vm u s WEIGHTED<=6 $$ t t~ h @2  
INFO: Process has 4 diagrams 
INFO: Trying process: u u > mu+ vm u b WEIGHTED<=6 $$ t t~ h @2  
INFO: Process has 4 diagrams 
INFO: Trying process: u u > mu+ vm c d WEIGHTED<=6 $$ t t~ h @2  
INFO: Trying process: u u > mu+ vm c s WEIGHTED<=6 $$ t t~ h @2  
INFO: Trying process: u u > mu+ vm c b WEIGHTED<=6 $$ t t~ h @2  
INFO: Trying process: u u > mu+ vt u d WEIGHTED<=6 $$ t t~ h @2  
INFO: Trying process: u u > mu+ vt u s WEIGHTED<=6 $$ t t~ h @2  
INFO: Trying process: u u > mu+ vt u b WEIGHTED<=6 $$ t t~ h @2  
INFO: Trying process: u u > mu+ vt c d WEIGHTED<=6 $$ t t~ h @2  
INFO: Trying process: u u > mu+ vt c s WEIGHTED<=6 $$ t t~ h @2  
INFO: Trying process: u u > mu+ vt c b WEIGHTED<=6 $$ t t~ h @2  
INFO: Trying process: u u > ta+ ve u d WEIGHTED<=6 $$ t t~ h @2  
INFO: Trying process: u u > ta+ ve u s WEIGHTED<=6 $$ t t~ h @2  
INFO: Trying process: u u > ta+ ve u b WEIGHTED<=6 $$ t t~ h @2  
INFO: Trying process: u u > ta+ ve c d WEIGHTED<=6 $$ t t~ h @2  
INFO: Trying process: u u > ta+ ve c s WEIGHTED<=6 $$ t t~ h @2  
INFO: Trying process: u u > ta+ ve c b WEIGHTED<=6 $$ t t~ h @2  
INFO: Trying process: u u > ta+ vm u d WEIGHTED<=6 $$ t t~ h @2  
INFO: Trying process: u u > ta+ vm u s WEIGHTED<=6 $$ t t~ h @2  
INFO: Trying process: u u > ta+ vm u b WEIGHTED<=6 $$ t t~ h @2  
INFO: Trying process: u u > ta+ vm c d WEIGHTED<=6 $$ t t~ h @2  
INFO: Trying process: u u > ta+ vm c s WEIGHTED<=6 $$ t t~ h @2  
INFO: Trying process: u u > ta+ vm c b WEIGHTED<=6 $$ t t~ h @2  
INFO: Trying process: u u > ta+ vt u d WEIGHTED<=6 $$ t t~ h @2  
INFO: Process has 4 diagrams 
INFO: Trying process: u u > ta+ vt u s WEIGHTED<=6 $$ t t~ h @2  
INFO: Process has 4 diagrams 
INFO: Trying process: u u > ta+ vt u b WEIGHTED<=6 $$ t t~ h @2  
INFO: Process has 4 diagrams 
INFO: Trying process: u u > ta+ vt c d WEIGHTED<=6 $$ t t~ h @2  
INFO: Trying process: u u > ta+ vt c s WEIGHTED<=6 $$ t t~ h @2  
INFO: Trying process: u u > ta+ vt c b WEIGHTED<=6 $$ t t~ h @2  
INFO: Trying process: u c > e+ ve u d WEIGHTED<=6 $$ t t~ h @2  
INFO: Process has 2 diagrams 
INFO: Trying process: u c > e+ ve u s WEIGHTED<=6 $$ t t~ h @2  
INFO: Process has 2 diagrams 
INFO: Trying process: u c > e+ ve u b WEIGHTED<=6 $$ t t~ h @2  
INFO: Process has 2 diagrams 
INFO: Trying process: u c > e+ ve c d WEIGHTED<=6 $$ t t~ h @2  
INFO: Process has 2 diagrams 
INFO: Trying process: u c > e+ ve c s WEIGHTED<=6 $$ t t~ h @2  
INFO: Process has 2 diagrams 
INFO: Trying process: u c > e+ ve c b WEIGHTED<=6 $$ t t~ h @2  
INFO: Process has 2 diagrams 
INFO: Trying process: u c > e+ vm u d WEIGHTED<=6 $$ t t~ h @2  
INFO: Trying process: u c > e+ vm u s WEIGHTED<=6 $$ t t~ h @2  
INFO: Trying process: u c > e+ vm u b WEIGHTED<=6 $$ t t~ h @2  
INFO: Trying process: u c > e+ vm c d WEIGHTED<=6 $$ t t~ h @2  
INFO: Trying process: u c > e+ vm c s WEIGHTED<=6 $$ t t~ h @2  
INFO: Trying process: u c > e+ vm c b WEIGHTED<=6 $$ t t~ h @2  
INFO: Trying process: u c > e+ vt u d WEIGHTED<=6 $$ t t~ h @2  
INFO: Trying process: u c > e+ vt u s WEIGHTED<=6 $$ t t~ h @2  
INFO: Trying process: u c > e+ vt u b WEIGHTED<=6 $$ t t~ h @2  
INFO: Trying process: u c > e+ vt c d WEIGHTED<=6 $$ t t~ h @2  
INFO: Trying process: u c > e+ vt c s WEIGHTED<=6 $$ t t~ h @2  
INFO: Trying process: u c > e+ vt c b WEIGHTED<=6 $$ t t~ h @2  
INFO: Trying process: u c > mu+ ve u d WEIGHTED<=6 $$ t t~ h @2  
INFO: Trying process: u c > mu+ ve u s WEIGHTED<=6 $$ t t~ h @2  
INFO: Trying process: u c > mu+ ve u b WEIGHTED<=6 $$ t t~ h @2  
INFO: Trying process: u c > mu+ ve c d WEIGHTED<=6 $$ t t~ h @2  
INFO: Trying process: u c > mu+ ve c s WEIGHTED<=6 $$ t t~ h @2  
INFO: Trying process: u c > mu+ ve c b WEIGHTED<=6 $$ t t~ h @2  
INFO: Trying process: u c > mu+ vm u d WEIGHTED<=6 $$ t t~ h @2  
INFO: Process has 2 diagrams 
INFO: Trying process: u c > mu+ vm u s WEIGHTED<=6 $$ t t~ h @2  
INFO: Process has 2 diagrams 
INFO: Trying process: u c > mu+ vm u b WEIGHTED<=6 $$ t t~ h @2  
INFO: Process has 2 diagrams 
INFO: Trying process: u c > mu+ vm c d WEIGHTED<=6 $$ t t~ h @2  
INFO: Process has 2 diagrams 
INFO: Trying process: u c > mu+ vm c s WEIGHTED<=6 $$ t t~ h @2  
INFO: Process has 2 diagrams 
INFO: Trying process: u c > mu+ vm c b WEIGHTED<=6 $$ t t~ h @2  
INFO: Process has 2 diagrams 
INFO: Trying process: u c > mu+ vt u d WEIGHTED<=6 $$ t t~ h @2  
INFO: Trying process: u c > mu+ vt u s WEIGHTED<=6 $$ t t~ h @2  
INFO: Trying process: u c > mu+ vt u b WEIGHTED<=6 $$ t t~ h @2  
INFO: Trying process: u c > mu+ vt c d WEIGHTED<=6 $$ t t~ h @2  
INFO: Trying process: u c > mu+ vt c s WEIGHTED<=6 $$ t t~ h @2  
INFO: Trying process: u c > mu+ vt c b WEIGHTED<=6 $$ t t~ h @2  
INFO: Trying process: u c > ta+ ve u d WEIGHTED<=6 $$ t t~ h @2  
INFO: Trying process: u c > ta+ ve u s WEIGHTED<=6 $$ t t~ h @2  
INFO: Trying process: u c > ta+ ve u b WEIGHTED<=6 $$ t t~ h @2  
INFO: Trying process: u c > ta+ ve c d WEIGHTED<=6 $$ t t~ h @2  
INFO: Trying process: u c > ta+ ve c s WEIGHTED<=6 $$ t t~ h @2  
INFO: Trying process: u c > ta+ ve c b WEIGHTED<=6 $$ t t~ h @2  
INFO: Trying process: u c > ta+ vm u d WEIGHTED<=6 $$ t t~ h @2  
INFO: Trying process: u c > ta+ vm u s WEIGHTED<=6 $$ t t~ h @2  
INFO: Trying process: u c > ta+ vm u b WEIGHTED<=6 $$ t t~ h @2  
INFO: Trying process: u c > ta+ vm c d WEIGHTED<=6 $$ t t~ h @2  
INFO: Trying process: u c > ta+ vm c s WEIGHTED<=6 $$ t t~ h @2  
INFO: Trying process: u c > ta+ vm c b WEIGHTED<=6 $$ t t~ h @2  
INFO: Trying process: u c > ta+ vt u d WEIGHTED<=6 $$ t t~ h @2  
INFO: Process has 2 diagrams 
INFO: Trying process: u c > ta+ vt u s WEIGHTED<=6 $$ t t~ h @2  
INFO: Process has 2 diagrams 
INFO: Trying process: u c > ta+ vt u b WEIGHTED<=6 $$ t t~ h @2  
INFO: Process has 2 diagrams 
INFO: Trying process: u c > ta+ vt c d WEIGHTED<=6 $$ t t~ h @2  
INFO: Process has 2 diagrams 
INFO: Trying process: u c > ta+ vt c s WEIGHTED<=6 $$ t t~ h @2  
INFO: Process has 2 diagrams 
INFO: Trying process: u c > ta+ vt c b WEIGHTED<=6 $$ t t~ h @2  
INFO: Process has 2 diagrams 
INFO: Trying process: u d > e+ ve d d WEIGHTED<=6 $$ t t~ h @2  
INFO: Process has 4 diagrams 
INFO: Trying process: u d > e+ ve d s WEIGHTED<=6 $$ t t~ h @2  
INFO: Process has 2 diagrams 
INFO: Trying process: u d > e+ ve d b WEIGHTED<=6 $$ t t~ h @2  
INFO: Process has 2 diagrams 
INFO: Trying process: u d > e+ ve s s WEIGHTED<=6 $$ t t~ h @2  
INFO: Trying process: u d > e+ ve s b WEIGHTED<=6 $$ t t~ h @2  
INFO: Trying process: u d > e+ ve b b WEIGHTED<=6 $$ t t~ h @2  
INFO: Trying process: u d > e+ vm d d WEIGHTED<=6 $$ t t~ h @2  
INFO: Trying process: u d > e+ vm d s WEIGHTED<=6 $$ t t~ h @2  
INFO: Trying process: u d > e+ vm d b WEIGHTED<=6 $$ t t~ h @2  
INFO: Trying process: u d > e+ vm s s WEIGHTED<=6 $$ t t~ h @2  
INFO: Trying process: u d > e+ vm s b WEIGHTED<=6 $$ t t~ h @2  
INFO: Trying process: u d > e+ vm b b WEIGHTED<=6 $$ t t~ h @2  
INFO: Trying process: u d > e+ vt d d WEIGHTED<=6 $$ t t~ h @2  
INFO: Trying process: u d > e+ vt d s WEIGHTED<=6 $$ t t~ h @2  
INFO: Trying process: u d > e+ vt d b WEIGHTED<=6 $$ t t~ h @2  
INFO: Trying process: u d > e+ vt s s WEIGHTED<=6 $$ t t~ h @2  
INFO: Trying process: u d > e+ vt s b WEIGHTED<=6 $$ t t~ h @2  
INFO: Trying process: u d > e+ vt b b WEIGHTED<=6 $$ t t~ h @2  
INFO: Trying process: u d > mu+ ve d d WEIGHTED<=6 $$ t t~ h @2  
INFO: Trying process: u d > mu+ ve d s WEIGHTED<=6 $$ t t~ h @2  
INFO: Trying process: u d > mu+ ve d b WEIGHTED<=6 $$ t t~ h @2  
INFO: Trying process: u d > mu+ ve s s WEIGHTED<=6 $$ t t~ h @2  
INFO: Trying process: u d > mu+ ve s b WEIGHTED<=6 $$ t t~ h @2  
INFO: Trying process: u d > mu+ ve b b WEIGHTED<=6 $$ t t~ h @2  
INFO: Trying process: u d > mu+ vm d d WEIGHTED<=6 $$ t t~ h @2  
INFO: Process has 4 diagrams 
INFO: Trying process: u d > mu+ vm d s WEIGHTED<=6 $$ t t~ h @2  
INFO: Process has 2 diagrams 
INFO: Trying process: u d > mu+ vm d b WEIGHTED<=6 $$ t t~ h @2  
INFO: Process has 2 diagrams 
INFO: Trying process: u d > mu+ vm s s WEIGHTED<=6 $$ t t~ h @2  
INFO: Trying process: u d > mu+ vm s b WEIGHTED<=6 $$ t t~ h @2  
INFO: Trying process: u d > mu+ vm b b WEIGHTED<=6 $$ t t~ h @2  
INFO: Trying process: u d > mu+ vt d d WEIGHTED<=6 $$ t t~ h @2  
INFO: Trying process: u d > mu+ vt d s WEIGHTED<=6 $$ t t~ h @2  
INFO: Trying process: u d > mu+ vt d b WEIGHTED<=6 $$ t t~ h @2  
INFO: Trying process: u d > mu+ vt s s WEIGHTED<=6 $$ t t~ h @2  
INFO: Trying process: u d > mu+ vt s b WEIGHTED<=6 $$ t t~ h @2  
INFO: Trying process: u d > mu+ vt b b WEIGHTED<=6 $$ t t~ h @2  
INFO: Trying process: u d > ta+ ve d d WEIGHTED<=6 $$ t t~ h @2  
INFO: Trying process: u d > ta+ ve d s WEIGHTED<=6 $$ t t~ h @2  
INFO: Trying process: u d > ta+ ve d b WEIGHTED<=6 $$ t t~ h @2  
INFO: Trying process: u d > ta+ ve s s WEIGHTED<=6 $$ t t~ h @2  
INFO: Trying process: u d > ta+ ve s b WEIGHTED<=6 $$ t t~ h @2  
INFO: Trying process: u d > ta+ ve b b WEIGHTED<=6 $$ t t~ h @2  
INFO: Trying process: u d > ta+ vm d d WEIGHTED<=6 $$ t t~ h @2  
INFO: Trying process: u d > ta+ vm d s WEIGHTED<=6 $$ t t~ h @2  
INFO: Trying process: u d > ta+ vm d b WEIGHTED<=6 $$ t t~ h @2  
INFO: Trying process: u d > ta+ vm s s WEIGHTED<=6 $$ t t~ h @2  
INFO: Trying process: u d > ta+ vm s b WEIGHTED<=6 $$ t t~ h @2  
INFO: Trying process: u d > ta+ vm b b WEIGHTED<=6 $$ t t~ h @2  
INFO: Trying process: u d > ta+ vt d d WEIGHTED<=6 $$ t t~ h @2  
INFO: Process has 4 diagrams 
INFO: Trying process: u d > ta+ vt d s WEIGHTED<=6 $$ t t~ h @2  
INFO: Process has 2 diagrams 
INFO: Trying process: u d > ta+ vt d b WEIGHTED<=6 $$ t t~ h @2  
INFO: Process has 2 diagrams 
INFO: Trying process: u d > ta+ vt s s WEIGHTED<=6 $$ t t~ h @2  
INFO: Trying process: u d > ta+ vt s b WEIGHTED<=6 $$ t t~ h @2  
INFO: Trying process: u d > ta+ vt b b WEIGHTED<=6 $$ t t~ h @2  
INFO: Trying process: u s > e+ ve d d WEIGHTED<=6 $$ t t~ h @2  
INFO: Trying process: u s > e+ ve d s WEIGHTED<=6 $$ t t~ h @2  
INFO: Process has 2 diagrams 
INFO: Trying process: u s > e+ ve d b WEIGHTED<=6 $$ t t~ h @2  
INFO: Trying process: u s > e+ ve s s WEIGHTED<=6 $$ t t~ h @2  
INFO: Process has 4 diagrams 
INFO: Trying process: u s > e+ ve s b WEIGHTED<=6 $$ t t~ h @2  
INFO: Process has 2 diagrams 
INFO: Trying process: u s > e+ ve b b WEIGHTED<=6 $$ t t~ h @2  
INFO: Trying process: u s > e+ vm d d WEIGHTED<=6 $$ t t~ h @2  
INFO: Trying process: u s > e+ vm d s WEIGHTED<=6 $$ t t~ h @2  
INFO: Trying process: u s > e+ vm d b WEIGHTED<=6 $$ t t~ h @2  
INFO: Trying process: u s > e+ vm s s WEIGHTED<=6 $$ t t~ h @2  
INFO: Trying process: u s > e+ vm s b WEIGHTED<=6 $$ t t~ h @2  
INFO: Trying process: u s > e+ vm b b WEIGHTED<=6 $$ t t~ h @2  
INFO: Trying process: u s > e+ vt d d WEIGHTED<=6 $$ t t~ h @2  
INFO: Trying process: u s > e+ vt d s WEIGHTED<=6 $$ t t~ h @2  
INFO: Trying process: u s > e+ vt d b WEIGHTED<=6 $$ t t~ h @2  
INFO: Trying process: u s > e+ vt s s WEIGHTED<=6 $$ t t~ h @2  
INFO: Trying process: u s > e+ vt s b WEIGHTED<=6 $$ t t~ h @2  
INFO: Trying process: u s > e+ vt b b WEIGHTED<=6 $$ t t~ h @2  
INFO: Trying process: u s > mu+ ve d d WEIGHTED<=6 $$ t t~ h @2  
INFO: Trying process: u s > mu+ ve d s WEIGHTED<=6 $$ t t~ h @2  
INFO: Trying process: u s > mu+ ve d b WEIGHTED<=6 $$ t t~ h @2  
INFO: Trying process: u s > mu+ ve s s WEIGHTED<=6 $$ t t~ h @2  
INFO: Trying process: u s > mu+ ve s b WEIGHTED<=6 $$ t t~ h @2  
INFO: Trying process: u s > mu+ ve b b WEIGHTED<=6 $$ t t~ h @2  
INFO: Trying process: u s > mu+ vm d d WEIGHTED<=6 $$ t t~ h @2  
INFO: Trying process: u s > mu+ vm d s WEIGHTED<=6 $$ t t~ h @2  
INFO: Process has 2 diagrams 
INFO: Trying process: u s > mu+ vm d b WEIGHTED<=6 $$ t t~ h @2  
INFO: Trying process: u s > mu+ vm s s WEIGHTED<=6 $$ t t~ h @2  
INFO: Process has 4 diagrams 
INFO: Trying process: u s > mu+ vm s b WEIGHTED<=6 $$ t t~ h @2  
INFO: Process has 2 diagrams 
INFO: Trying process: u s > mu+ vm b b WEIGHTED<=6 $$ t t~ h @2  
INFO: Trying process: u s > mu+ vt d d WEIGHTED<=6 $$ t t~ h @2  
INFO: Trying process: u s > mu+ vt d s WEIGHTED<=6 $$ t t~ h @2  
INFO: Trying process: u s > mu+ vt d b WEIGHTED<=6 $$ t t~ h @2  
INFO: Trying process: u s > mu+ vt s s WEIGHTED<=6 $$ t t~ h @2  
INFO: Trying process: u s > mu+ vt s b WEIGHTED<=6 $$ t t~ h @2  
INFO: Trying process: u s > mu+ vt b b WEIGHTED<=6 $$ t t~ h @2  
INFO: Trying process: u s > ta+ ve d d WEIGHTED<=6 $$ t t~ h @2  
INFO: Trying process: u s > ta+ ve d s WEIGHTED<=6 $$ t t~ h @2  
INFO: Trying process: u s > ta+ ve d b WEIGHTED<=6 $$ t t~ h @2  
INFO: Trying process: u s > ta+ ve s s WEIGHTED<=6 $$ t t~ h @2  
INFO: Trying process: u s > ta+ ve s b WEIGHTED<=6 $$ t t~ h @2  
INFO: Trying process: u s > ta+ ve b b WEIGHTED<=6 $$ t t~ h @2  
INFO: Trying process: u s > ta+ vm d d WEIGHTED<=6 $$ t t~ h @2  
INFO: Trying process: u s > ta+ vm d s WEIGHTED<=6 $$ t t~ h @2  
INFO: Trying process: u s > ta+ vm d b WEIGHTED<=6 $$ t t~ h @2  
INFO: Trying process: u s > ta+ vm s s WEIGHTED<=6 $$ t t~ h @2  
INFO: Trying process: u s > ta+ vm s b WEIGHTED<=6 $$ t t~ h @2  
INFO: Trying process: u s > ta+ vm b b WEIGHTED<=6 $$ t t~ h @2  
INFO: Trying process: u s > ta+ vt d d WEIGHTED<=6 $$ t t~ h @2  
INFO: Trying process: u s > ta+ vt d s WEIGHTED<=6 $$ t t~ h @2  
INFO: Process has 2 diagrams 
INFO: Trying process: u s > ta+ vt d b WEIGHTED<=6 $$ t t~ h @2  
INFO: Trying process: u s > ta+ vt s s WEIGHTED<=6 $$ t t~ h @2  
INFO: Process has 4 diagrams 
INFO: Trying process: u s > ta+ vt s b WEIGHTED<=6 $$ t t~ h @2  
INFO: Process has 2 diagrams 
INFO: Trying process: u s > ta+ vt b b WEIGHTED<=6 $$ t t~ h @2  
INFO: Trying process: u u~ > e+ ve d u~ WEIGHTED<=6 $$ t t~ h @2  
INFO: Process has 4 diagrams 
INFO: Trying process: u u~ > e+ ve d c~ WEIGHTED<=6 $$ t t~ h @2  
INFO: Process has 2 diagrams 
INFO: Trying process: u u~ > e+ ve s u~ WEIGHTED<=6 $$ t t~ h @2  
INFO: Process has 4 diagrams 
INFO: Trying process: u u~ > e+ ve s c~ WEIGHTED<=6 $$ t t~ h @2  
INFO: Process has 2 diagrams 
INFO: Trying process: u u~ > e+ ve b u~ WEIGHTED<=6 $$ t t~ h @2  
INFO: Process has 4 diagrams 
INFO: Trying process: u u~ > e+ ve b c~ WEIGHTED<=6 $$ t t~ h @2  
INFO: Process has 2 diagrams 
INFO: Trying process: u u~ > mu+ vm d u~ WEIGHTED<=6 $$ t t~ h @2  
INFO: Process has 4 diagrams 
INFO: Trying process: u u~ > mu+ vm d c~ WEIGHTED<=6 $$ t t~ h @2  
INFO: Process has 2 diagrams 
INFO: Trying process: u u~ > mu+ vm s u~ WEIGHTED<=6 $$ t t~ h @2  
INFO: Process has 4 diagrams 
INFO: Trying process: u u~ > mu+ vm s c~ WEIGHTED<=6 $$ t t~ h @2  
INFO: Process has 2 diagrams 
INFO: Trying process: u u~ > mu+ vm b u~ WEIGHTED<=6 $$ t t~ h @2  
INFO: Process has 4 diagrams 
INFO: Trying process: u u~ > mu+ vm b c~ WEIGHTED<=6 $$ t t~ h @2  
INFO: Process has 2 diagrams 
INFO: Trying process: u u~ > ta+ vt d u~ WEIGHTED<=6 $$ t t~ h @2  
INFO: Process has 4 diagrams 
INFO: Trying process: u u~ > ta+ vt d c~ WEIGHTED<=6 $$ t t~ h @2  
INFO: Process has 2 diagrams 
INFO: Trying process: u u~ > ta+ vt s u~ WEIGHTED<=6 $$ t t~ h @2  
INFO: Process has 4 diagrams 
INFO: Trying process: u u~ > ta+ vt s c~ WEIGHTED<=6 $$ t t~ h @2  
INFO: Process has 2 diagrams 
INFO: Trying process: u u~ > ta+ vt b u~ WEIGHTED<=6 $$ t t~ h @2  
INFO: Process has 4 diagrams 
INFO: Trying process: u u~ > ta+ vt b c~ WEIGHTED<=6 $$ t t~ h @2  
INFO: Process has 2 diagrams 
INFO: Trying process: u c~ > e+ ve d c~ WEIGHTED<=6 $$ t t~ h @2  
INFO: Process has 2 diagrams 
INFO: Trying process: u c~ > e+ ve s c~ WEIGHTED<=6 $$ t t~ h @2  
INFO: Process has 2 diagrams 
INFO: Trying process: u c~ > e+ ve b c~ WEIGHTED<=6 $$ t t~ h @2  
INFO: Process has 2 diagrams 
INFO: Trying process: u c~ > mu+ vm d c~ WEIGHTED<=6 $$ t t~ h @2  
INFO: Process has 2 diagrams 
INFO: Trying process: u c~ > mu+ vm s c~ WEIGHTED<=6 $$ t t~ h @2  
INFO: Process has 2 diagrams 
INFO: Trying process: u c~ > mu+ vm b c~ WEIGHTED<=6 $$ t t~ h @2  
INFO: Process has 2 diagrams 
INFO: Trying process: u c~ > ta+ vt d c~ WEIGHTED<=6 $$ t t~ h @2  
INFO: Process has 2 diagrams 
INFO: Trying process: u c~ > ta+ vt s c~ WEIGHTED<=6 $$ t t~ h @2  
INFO: Process has 2 diagrams 
INFO: Trying process: u c~ > ta+ vt b c~ WEIGHTED<=6 $$ t t~ h @2  
INFO: Process has 2 diagrams 
INFO: Trying process: u d~ > e+ ve g g WEIGHTED<=6 $$ t t~ h @2  
INFO: Process has 8 diagrams 
INFO: Trying process: u d~ > e+ ve u u~ WEIGHTED<=6 $$ t t~ h @2  
INFO: Process has 4 diagrams 
INFO: Trying process: u d~ > e+ ve u c~ WEIGHTED<=6 $$ t t~ h @2  
INFO: Process has 2 diagrams 
INFO: Trying process: u d~ > e+ ve c c~ WEIGHTED<=6 $$ t t~ h @2  
INFO: Process has 2 diagrams 
INFO: Trying process: u d~ > e+ ve d d~ WEIGHTED<=6 $$ t t~ h @2  
INFO: Process has 4 diagrams 
INFO: Trying process: u d~ > e+ ve d b~ WEIGHTED<=6 $$ t t~ h @2  
INFO: Trying process: u d~ > e+ ve s d~ WEIGHTED<=6 $$ t t~ h @2  
INFO: Process has 2 diagrams 
INFO: Trying process: u d~ > e+ ve s s~ WEIGHTED<=6 $$ t t~ h @2  
INFO: Process has 2 diagrams 
INFO: Trying process: u d~ > e+ ve s b~ WEIGHTED<=6 $$ t t~ h @2  
INFO: Trying process: u d~ > e+ ve b d~ WEIGHTED<=6 $$ t t~ h @2  
INFO: Process has 2 diagrams 
INFO: Trying process: u d~ > e+ ve b b~ WEIGHTED<=6 $$ t t~ h @2  
INFO: Process has 2 diagrams 
INFO: Trying process: u d~ > e+ vm d b~ WEIGHTED<=6 $$ t t~ h @2  
INFO: Trying process: u d~ > e+ vm s b~ WEIGHTED<=6 $$ t t~ h @2  
INFO: Trying process: u d~ > e+ vm b b~ WEIGHTED<=6 $$ t t~ h @2  
INFO: Trying process: u d~ > e+ vt d b~ WEIGHTED<=6 $$ t t~ h @2  
INFO: Trying process: u d~ > e+ vt s b~ WEIGHTED<=6 $$ t t~ h @2  
INFO: Trying process: u d~ > e+ vt b b~ WEIGHTED<=6 $$ t t~ h @2  
INFO: Trying process: u d~ > mu+ ve d b~ WEIGHTED<=6 $$ t t~ h @2  
INFO: Trying process: u d~ > mu+ ve s b~ WEIGHTED<=6 $$ t t~ h @2  
INFO: Trying process: u d~ > mu+ ve b b~ WEIGHTED<=6 $$ t t~ h @2  
INFO: Trying process: u d~ > mu+ vm g g WEIGHTED<=6 $$ t t~ h @2  
INFO: Process has 8 diagrams 
INFO: Trying process: u d~ > mu+ vm u u~ WEIGHTED<=6 $$ t t~ h @2  
INFO: Process has 4 diagrams 
INFO: Trying process: u d~ > mu+ vm u c~ WEIGHTED<=6 $$ t t~ h @2  
INFO: Process has 2 diagrams 
INFO: Trying process: u d~ > mu+ vm c c~ WEIGHTED<=6 $$ t t~ h @2  
INFO: Process has 2 diagrams 
INFO: Trying process: u d~ > mu+ vm d d~ WEIGHTED<=6 $$ t t~ h @2  
INFO: Process has 4 diagrams 
INFO: Trying process: u d~ > mu+ vm d b~ WEIGHTED<=6 $$ t t~ h @2  
INFO: Trying process: u d~ > mu+ vm s d~ WEIGHTED<=6 $$ t t~ h @2  
INFO: Process has 2 diagrams 
INFO: Trying process: u d~ > mu+ vm s s~ WEIGHTED<=6 $$ t t~ h @2  
INFO: Process has 2 diagrams 
INFO: Trying process: u d~ > mu+ vm s b~ WEIGHTED<=6 $$ t t~ h @2  
INFO: Trying process: u d~ > mu+ vm b d~ WEIGHTED<=6 $$ t t~ h @2  
INFO: Process has 2 diagrams 
INFO: Trying process: u d~ > mu+ vm b b~ WEIGHTED<=6 $$ t t~ h @2  
INFO: Process has 2 diagrams 
INFO: Trying process: u d~ > mu+ vt d b~ WEIGHTED<=6 $$ t t~ h @2  
INFO: Trying process: u d~ > mu+ vt s b~ WEIGHTED<=6 $$ t t~ h @2  
INFO: Trying process: u d~ > mu+ vt b b~ WEIGHTED<=6 $$ t t~ h @2  
INFO: Trying process: u d~ > ta+ ve d b~ WEIGHTED<=6 $$ t t~ h @2  
INFO: Trying process: u d~ > ta+ ve s b~ WEIGHTED<=6 $$ t t~ h @2  
INFO: Trying process: u d~ > ta+ ve b b~ WEIGHTED<=6 $$ t t~ h @2  
INFO: Trying process: u d~ > ta+ vm d b~ WEIGHTED<=6 $$ t t~ h @2  
INFO: Trying process: u d~ > ta+ vm s b~ WEIGHTED<=6 $$ t t~ h @2  
INFO: Trying process: u d~ > ta+ vm b b~ WEIGHTED<=6 $$ t t~ h @2  
INFO: Trying process: u d~ > ta+ vt g g WEIGHTED<=6 $$ t t~ h @2  
INFO: Process has 8 diagrams 
INFO: Trying process: u d~ > ta+ vt u u~ WEIGHTED<=6 $$ t t~ h @2  
INFO: Process has 4 diagrams 
INFO: Trying process: u d~ > ta+ vt u c~ WEIGHTED<=6 $$ t t~ h @2  
INFO: Process has 2 diagrams 
INFO: Trying process: u d~ > ta+ vt c c~ WEIGHTED<=6 $$ t t~ h @2  
INFO: Process has 2 diagrams 
INFO: Trying process: u d~ > ta+ vt d d~ WEIGHTED<=6 $$ t t~ h @2  
INFO: Process has 4 diagrams 
INFO: Trying process: u d~ > ta+ vt d b~ WEIGHTED<=6 $$ t t~ h @2  
INFO: Trying process: u d~ > ta+ vt s d~ WEIGHTED<=6 $$ t t~ h @2  
INFO: Process has 2 diagrams 
INFO: Trying process: u d~ > ta+ vt s s~ WEIGHTED<=6 $$ t t~ h @2  
INFO: Process has 2 diagrams 
INFO: Trying process: u d~ > ta+ vt s b~ WEIGHTED<=6 $$ t t~ h @2  
INFO: Trying process: u d~ > ta+ vt b d~ WEIGHTED<=6 $$ t t~ h @2  
INFO: Process has 2 diagrams 
INFO: Trying process: u d~ > ta+ vt b b~ WEIGHTED<=6 $$ t t~ h @2  
INFO: Process has 2 diagrams 
INFO: Trying process: u s~ > e+ ve g g WEIGHTED<=6 $$ t t~ h @2  
INFO: Process has 8 diagrams 
INFO: Trying process: u s~ > e+ ve u u~ WEIGHTED<=6 $$ t t~ h @2  
INFO: Process has 4 diagrams 
INFO: Trying process: u s~ > e+ ve u c~ WEIGHTED<=6 $$ t t~ h @2  
INFO: Process has 2 diagrams 
INFO: Trying process: u s~ > e+ ve c c~ WEIGHTED<=6 $$ t t~ h @2  
INFO: Process has 2 diagrams 
INFO: Trying process: u s~ > e+ ve d d~ WEIGHTED<=6 $$ t t~ h @2  
INFO: Process has 2 diagrams 
INFO: Trying process: u s~ > e+ ve d s~ WEIGHTED<=6 $$ t t~ h @2  
INFO: Process has 2 diagrams 
INFO: Trying process: u s~ > e+ ve s s~ WEIGHTED<=6 $$ t t~ h @2  
INFO: Process has 4 diagrams 
INFO: Trying process: u s~ > e+ ve s b~ WEIGHTED<=6 $$ t t~ h @2  
INFO: Trying process: u s~ > e+ ve b s~ WEIGHTED<=6 $$ t t~ h @2  
INFO: Process has 2 diagrams 
INFO: Trying process: u s~ > e+ ve b b~ WEIGHTED<=6 $$ t t~ h @2  
INFO: Process has 2 diagrams 
INFO: Trying process: u s~ > e+ vm s b~ WEIGHTED<=6 $$ t t~ h @2  
INFO: Trying process: u s~ > e+ vm b b~ WEIGHTED<=6 $$ t t~ h @2  
INFO: Trying process: u s~ > e+ vt s b~ WEIGHTED<=6 $$ t t~ h @2  
INFO: Trying process: u s~ > e+ vt b b~ WEIGHTED<=6 $$ t t~ h @2  
INFO: Trying process: u s~ > mu+ ve s b~ WEIGHTED<=6 $$ t t~ h @2  
INFO: Trying process: u s~ > mu+ ve b b~ WEIGHTED<=6 $$ t t~ h @2  
INFO: Trying process: u s~ > mu+ vm g g WEIGHTED<=6 $$ t t~ h @2  
INFO: Process has 8 diagrams 
INFO: Trying process: u s~ > mu+ vm u u~ WEIGHTED<=6 $$ t t~ h @2  
INFO: Process has 4 diagrams 
INFO: Trying process: u s~ > mu+ vm u c~ WEIGHTED<=6 $$ t t~ h @2  
INFO: Process has 2 diagrams 
INFO: Trying process: u s~ > mu+ vm c c~ WEIGHTED<=6 $$ t t~ h @2  
INFO: Process has 2 diagrams 
INFO: Trying process: u s~ > mu+ vm d d~ WEIGHTED<=6 $$ t t~ h @2  
INFO: Process has 2 diagrams 
INFO: Trying process: u s~ > mu+ vm d s~ WEIGHTED<=6 $$ t t~ h @2  
INFO: Process has 2 diagrams 
INFO: Trying process: u s~ > mu+ vm s s~ WEIGHTED<=6 $$ t t~ h @2  
INFO: Process has 4 diagrams 
INFO: Trying process: u s~ > mu+ vm s b~ WEIGHTED<=6 $$ t t~ h @2  
INFO: Trying process: u s~ > mu+ vm b s~ WEIGHTED<=6 $$ t t~ h @2  
INFO: Process has 2 diagrams 
INFO: Trying process: u s~ > mu+ vm b b~ WEIGHTED<=6 $$ t t~ h @2  
INFO: Process has 2 diagrams 
INFO: Trying process: u s~ > mu+ vt s b~ WEIGHTED<=6 $$ t t~ h @2  
INFO: Trying process: u s~ > mu+ vt b b~ WEIGHTED<=6 $$ t t~ h @2  
INFO: Trying process: u s~ > ta+ ve s b~ WEIGHTED<=6 $$ t t~ h @2  
INFO: Trying process: u s~ > ta+ ve b b~ WEIGHTED<=6 $$ t t~ h @2  
INFO: Trying process: u s~ > ta+ vm s b~ WEIGHTED<=6 $$ t t~ h @2  
INFO: Trying process: u s~ > ta+ vm b b~ WEIGHTED<=6 $$ t t~ h @2  
INFO: Trying process: u s~ > ta+ vt g g WEIGHTED<=6 $$ t t~ h @2  
INFO: Process has 8 diagrams 
INFO: Trying process: u s~ > ta+ vt u u~ WEIGHTED<=6 $$ t t~ h @2  
INFO: Process has 4 diagrams 
INFO: Trying process: u s~ > ta+ vt u c~ WEIGHTED<=6 $$ t t~ h @2  
INFO: Process has 2 diagrams 
INFO: Trying process: u s~ > ta+ vt c c~ WEIGHTED<=6 $$ t t~ h @2  
INFO: Process has 2 diagrams 
INFO: Trying process: u s~ > ta+ vt d d~ WEIGHTED<=6 $$ t t~ h @2  
INFO: Process has 2 diagrams 
INFO: Trying process: u s~ > ta+ vt d s~ WEIGHTED<=6 $$ t t~ h @2  
INFO: Process has 2 diagrams 
INFO: Trying process: u s~ > ta+ vt s s~ WEIGHTED<=6 $$ t t~ h @2  
INFO: Process has 4 diagrams 
INFO: Trying process: u s~ > ta+ vt s b~ WEIGHTED<=6 $$ t t~ h @2  
INFO: Trying process: u s~ > ta+ vt b s~ WEIGHTED<=6 $$ t t~ h @2  
INFO: Process has 2 diagrams 
INFO: Trying process: u s~ > ta+ vt b b~ WEIGHTED<=6 $$ t t~ h @2  
INFO: Process has 2 diagrams 
INFO: Trying process: u b > e+ ve d b WEIGHTED<=6 $$ t t~ h @2  
INFO: Process has 2 diagrams 
INFO: Trying process: u b > e+ ve s b WEIGHTED<=6 $$ t t~ h @2  
INFO: Process has 2 diagrams 
INFO: Trying process: u b > e+ ve b b WEIGHTED<=6 $$ t t~ h @2  
INFO: Process has 4 diagrams 
INFO: Trying process: u b > e+ vm b b WEIGHTED<=6 $$ t t~ h @2  
INFO: Trying process: u b > e+ vt b b WEIGHTED<=6 $$ t t~ h @2  
INFO: Trying process: u b > mu+ ve b b WEIGHTED<=6 $$ t t~ h @2  
INFO: Trying process: u b > mu+ vm d b WEIGHTED<=6 $$ t t~ h @2  
INFO: Process has 2 diagrams 
INFO: Trying process: u b > mu+ vm s b WEIGHTED<=6 $$ t t~ h @2  
INFO: Process has 2 diagrams 
INFO: Trying process: u b > mu+ vm b b WEIGHTED<=6 $$ t t~ h @2  
INFO: Process has 4 diagrams 
INFO: Trying process: u b > mu+ vt b b WEIGHTED<=6 $$ t t~ h @2  
INFO: Trying process: u b > ta+ ve b b WEIGHTED<=6 $$ t t~ h @2  
INFO: Trying process: u b > ta+ vm b b WEIGHTED<=6 $$ t t~ h @2  
INFO: Trying process: u b > ta+ vt d b WEIGHTED<=6 $$ t t~ h @2  
INFO: Process has 2 diagrams 
INFO: Trying process: u b > ta+ vt s b WEIGHTED<=6 $$ t t~ h @2  
INFO: Process has 2 diagrams 
INFO: Trying process: u b > ta+ vt b b WEIGHTED<=6 $$ t t~ h @2  
INFO: Process has 4 diagrams 
INFO: Trying process: u b~ > e+ ve g g WEIGHTED<=6 $$ t t~ h @2  
INFO: Process has 8 diagrams 
INFO: Trying process: u b~ > e+ ve u u~ WEIGHTED<=6 $$ t t~ h @2  
INFO: Process has 4 diagrams 
INFO: Trying process: u b~ > e+ ve u c~ WEIGHTED<=6 $$ t t~ h @2  
INFO: Process has 2 diagrams 
INFO: Trying process: u b~ > e+ ve c c~ WEIGHTED<=6 $$ t t~ h @2  
INFO: Process has 2 diagrams 
INFO: Trying process: u b~ > e+ ve d d~ WEIGHTED<=6 $$ t t~ h @2  
INFO: Process has 2 diagrams 
INFO: Trying process: u b~ > e+ ve d b~ WEIGHTED<=6 $$ t t~ h @2  
INFO: Process has 2 diagrams 
INFO: Trying process: u b~ > e+ ve s s~ WEIGHTED<=6 $$ t t~ h @2  
INFO: Process has 2 diagrams 
INFO: Trying process: u b~ > e+ ve s b~ WEIGHTED<=6 $$ t t~ h @2  
INFO: Process has 2 diagrams 
INFO: Trying process: u b~ > e+ ve b b~ WEIGHTED<=6 $$ t t~ h @2  
INFO: Process has 4 diagrams 
INFO: Trying process: u b~ > mu+ vm g g WEIGHTED<=6 $$ t t~ h @2  
INFO: Process has 8 diagrams 
INFO: Trying process: u b~ > mu+ vm u u~ WEIGHTED<=6 $$ t t~ h @2  
INFO: Process has 4 diagrams 
INFO: Trying process: u b~ > mu+ vm u c~ WEIGHTED<=6 $$ t t~ h @2  
INFO: Process has 2 diagrams 
INFO: Trying process: u b~ > mu+ vm c c~ WEIGHTED<=6 $$ t t~ h @2  
INFO: Process has 2 diagrams 
INFO: Trying process: u b~ > mu+ vm d d~ WEIGHTED<=6 $$ t t~ h @2  
INFO: Process has 2 diagrams 
INFO: Trying process: u b~ > mu+ vm d b~ WEIGHTED<=6 $$ t t~ h @2  
INFO: Process has 2 diagrams 
INFO: Trying process: u b~ > mu+ vm s s~ WEIGHTED<=6 $$ t t~ h @2  
INFO: Process has 2 diagrams 
INFO: Trying process: u b~ > mu+ vm s b~ WEIGHTED<=6 $$ t t~ h @2  
INFO: Process has 2 diagrams 
INFO: Trying process: u b~ > mu+ vm b b~ WEIGHTED<=6 $$ t t~ h @2  
INFO: Process has 4 diagrams 
INFO: Trying process: u b~ > ta+ vt g g WEIGHTED<=6 $$ t t~ h @2  
INFO: Process has 8 diagrams 
INFO: Trying process: u b~ > ta+ vt u u~ WEIGHTED<=6 $$ t t~ h @2  
INFO: Process has 4 diagrams 
INFO: Trying process: u b~ > ta+ vt u c~ WEIGHTED<=6 $$ t t~ h @2  
INFO: Process has 2 diagrams 
INFO: Trying process: u b~ > ta+ vt c c~ WEIGHTED<=6 $$ t t~ h @2  
INFO: Process has 2 diagrams 
INFO: Trying process: u b~ > ta+ vt d d~ WEIGHTED<=6 $$ t t~ h @2  
INFO: Process has 2 diagrams 
INFO: Trying process: u b~ > ta+ vt d b~ WEIGHTED<=6 $$ t t~ h @2  
INFO: Process has 2 diagrams 
INFO: Trying process: u b~ > ta+ vt s s~ WEIGHTED<=6 $$ t t~ h @2  
INFO: Process has 2 diagrams 
INFO: Trying process: u b~ > ta+ vt s b~ WEIGHTED<=6 $$ t t~ h @2  
INFO: Process has 2 diagrams 
INFO: Trying process: u b~ > ta+ vt b b~ WEIGHTED<=6 $$ t t~ h @2  
INFO: Process has 4 diagrams 
INFO: Process c g > e+ ve g d added to mirror process g c > e+ ve g d 
INFO: Process c g > e+ ve g s added to mirror process g c > e+ ve g s 
INFO: Process c g > e+ ve g b added to mirror process g c > e+ ve g b 
INFO: Process c g > mu+ vm g d added to mirror process g c > mu+ vm g d 
INFO: Process c g > mu+ vm g s added to mirror process g c > mu+ vm g s 
INFO: Process c g > mu+ vm g b added to mirror process g c > mu+ vm g b 
INFO: Process c g > ta+ vt g d added to mirror process g c > ta+ vt g d 
INFO: Process c g > ta+ vt g s added to mirror process g c > ta+ vt g s 
INFO: Process c g > ta+ vt g b added to mirror process g c > ta+ vt g b 
INFO: Process c u > e+ ve u d added to mirror process u c > e+ ve u d 
INFO: Process c u > e+ ve u s added to mirror process u c > e+ ve u s 
INFO: Process c u > e+ ve u b added to mirror process u c > e+ ve u b 
INFO: Process c u > e+ ve c d added to mirror process u c > e+ ve c d 
INFO: Process c u > e+ ve c s added to mirror process u c > e+ ve c s 
INFO: Process c u > e+ ve c b added to mirror process u c > e+ ve c b 
INFO: Process c u > mu+ vm u d added to mirror process u c > mu+ vm u d 
INFO: Process c u > mu+ vm u s added to mirror process u c > mu+ vm u s 
INFO: Process c u > mu+ vm u b added to mirror process u c > mu+ vm u b 
INFO: Process c u > mu+ vm c d added to mirror process u c > mu+ vm c d 
INFO: Process c u > mu+ vm c s added to mirror process u c > mu+ vm c s 
INFO: Process c u > mu+ vm c b added to mirror process u c > mu+ vm c b 
INFO: Process c u > ta+ vt u d added to mirror process u c > ta+ vt u d 
INFO: Process c u > ta+ vt u s added to mirror process u c > ta+ vt u s 
INFO: Process c u > ta+ vt u b added to mirror process u c > ta+ vt u b 
INFO: Process c u > ta+ vt c d added to mirror process u c > ta+ vt c d 
INFO: Process c u > ta+ vt c s added to mirror process u c > ta+ vt c s 
INFO: Process c u > ta+ vt c b added to mirror process u c > ta+ vt c b 
INFO: Trying process: c c > e+ ve u d WEIGHTED<=6 $$ t t~ h @2  
INFO: Trying process: c c > e+ ve u s WEIGHTED<=6 $$ t t~ h @2  
INFO: Trying process: c c > e+ ve u b WEIGHTED<=6 $$ t t~ h @2  
INFO: Trying process: c c > e+ ve c d WEIGHTED<=6 $$ t t~ h @2  
INFO: Process has 4 diagrams 
INFO: Trying process: c c > e+ ve c s WEIGHTED<=6 $$ t t~ h @2  
INFO: Process has 4 diagrams 
INFO: Trying process: c c > e+ ve c b WEIGHTED<=6 $$ t t~ h @2  
INFO: Process has 4 diagrams 
INFO: Trying process: c c > e+ vm u d WEIGHTED<=6 $$ t t~ h @2  
INFO: Trying process: c c > e+ vm u s WEIGHTED<=6 $$ t t~ h @2  
INFO: Trying process: c c > e+ vm u b WEIGHTED<=6 $$ t t~ h @2  
INFO: Trying process: c c > e+ vm c d WEIGHTED<=6 $$ t t~ h @2  
INFO: Trying process: c c > e+ vm c s WEIGHTED<=6 $$ t t~ h @2  
INFO: Trying process: c c > e+ vm c b WEIGHTED<=6 $$ t t~ h @2  
INFO: Trying process: c c > e+ vt u d WEIGHTED<=6 $$ t t~ h @2  
INFO: Trying process: c c > e+ vt u s WEIGHTED<=6 $$ t t~ h @2  
INFO: Trying process: c c > e+ vt u b WEIGHTED<=6 $$ t t~ h @2  
INFO: Trying process: c c > e+ vt c d WEIGHTED<=6 $$ t t~ h @2  
INFO: Trying process: c c > e+ vt c s WEIGHTED<=6 $$ t t~ h @2  
INFO: Trying process: c c > e+ vt c b WEIGHTED<=6 $$ t t~ h @2  
INFO: Trying process: c c > mu+ ve u d WEIGHTED<=6 $$ t t~ h @2  
INFO: Trying process: c c > mu+ ve u s WEIGHTED<=6 $$ t t~ h @2  
INFO: Trying process: c c > mu+ ve u b WEIGHTED<=6 $$ t t~ h @2  
INFO: Trying process: c c > mu+ ve c d WEIGHTED<=6 $$ t t~ h @2  
INFO: Trying process: c c > mu+ ve c s WEIGHTED<=6 $$ t t~ h @2  
INFO: Trying process: c c > mu+ ve c b WEIGHTED<=6 $$ t t~ h @2  
INFO: Trying process: c c > mu+ vm u d WEIGHTED<=6 $$ t t~ h @2  
INFO: Trying process: c c > mu+ vm u s WEIGHTED<=6 $$ t t~ h @2  
INFO: Trying process: c c > mu+ vm u b WEIGHTED<=6 $$ t t~ h @2  
INFO: Trying process: c c > mu+ vm c d WEIGHTED<=6 $$ t t~ h @2  
INFO: Process has 4 diagrams 
INFO: Trying process: c c > mu+ vm c s WEIGHTED<=6 $$ t t~ h @2  
INFO: Process has 4 diagrams 
INFO: Trying process: c c > mu+ vm c b WEIGHTED<=6 $$ t t~ h @2  
INFO: Process has 4 diagrams 
INFO: Trying process: c c > mu+ vt u d WEIGHTED<=6 $$ t t~ h @2  
INFO: Trying process: c c > mu+ vt u s WEIGHTED<=6 $$ t t~ h @2  
INFO: Trying process: c c > mu+ vt u b WEIGHTED<=6 $$ t t~ h @2  
INFO: Trying process: c c > mu+ vt c d WEIGHTED<=6 $$ t t~ h @2  
INFO: Trying process: c c > mu+ vt c s WEIGHTED<=6 $$ t t~ h @2  
INFO: Trying process: c c > mu+ vt c b WEIGHTED<=6 $$ t t~ h @2  
INFO: Trying process: c c > ta+ ve u d WEIGHTED<=6 $$ t t~ h @2  
INFO: Trying process: c c > ta+ ve u s WEIGHTED<=6 $$ t t~ h @2  
INFO: Trying process: c c > ta+ ve u b WEIGHTED<=6 $$ t t~ h @2  
INFO: Trying process: c c > ta+ ve c d WEIGHTED<=6 $$ t t~ h @2  
INFO: Trying process: c c > ta+ ve c s WEIGHTED<=6 $$ t t~ h @2  
INFO: Trying process: c c > ta+ ve c b WEIGHTED<=6 $$ t t~ h @2  
INFO: Trying process: c c > ta+ vm u d WEIGHTED<=6 $$ t t~ h @2  
INFO: Trying process: c c > ta+ vm u s WEIGHTED<=6 $$ t t~ h @2  
INFO: Trying process: c c > ta+ vm u b WEIGHTED<=6 $$ t t~ h @2  
INFO: Trying process: c c > ta+ vm c d WEIGHTED<=6 $$ t t~ h @2  
INFO: Trying process: c c > ta+ vm c s WEIGHTED<=6 $$ t t~ h @2  
INFO: Trying process: c c > ta+ vm c b WEIGHTED<=6 $$ t t~ h @2  
INFO: Trying process: c c > ta+ vt u d WEIGHTED<=6 $$ t t~ h @2  
INFO: Trying process: c c > ta+ vt u s WEIGHTED<=6 $$ t t~ h @2  
INFO: Trying process: c c > ta+ vt u b WEIGHTED<=6 $$ t t~ h @2  
INFO: Trying process: c c > ta+ vt c d WEIGHTED<=6 $$ t t~ h @2  
INFO: Process has 4 diagrams 
INFO: Trying process: c c > ta+ vt c s WEIGHTED<=6 $$ t t~ h @2  
INFO: Process has 4 diagrams 
INFO: Trying process: c c > ta+ vt c b WEIGHTED<=6 $$ t t~ h @2  
INFO: Process has 4 diagrams 
INFO: Trying process: c d > e+ ve d d WEIGHTED<=6 $$ t t~ h @2  
INFO: Process has 4 diagrams 
INFO: Trying process: c d > e+ ve d s WEIGHTED<=6 $$ t t~ h @2  
INFO: Process has 2 diagrams 
INFO: Trying process: c d > e+ ve d b WEIGHTED<=6 $$ t t~ h @2  
INFO: Process has 2 diagrams 
INFO: Trying process: c d > e+ ve s s WEIGHTED<=6 $$ t t~ h @2  
INFO: Trying process: c d > e+ ve s b WEIGHTED<=6 $$ t t~ h @2  
INFO: Trying process: c d > e+ ve b b WEIGHTED<=6 $$ t t~ h @2  
INFO: Trying process: c d > e+ vm d d WEIGHTED<=6 $$ t t~ h @2  
INFO: Trying process: c d > e+ vm d s WEIGHTED<=6 $$ t t~ h @2  
INFO: Trying process: c d > e+ vm d b WEIGHTED<=6 $$ t t~ h @2  
INFO: Trying process: c d > e+ vm s s WEIGHTED<=6 $$ t t~ h @2  
INFO: Trying process: c d > e+ vm s b WEIGHTED<=6 $$ t t~ h @2  
INFO: Trying process: c d > e+ vm b b WEIGHTED<=6 $$ t t~ h @2  
INFO: Trying process: c d > e+ vt d d WEIGHTED<=6 $$ t t~ h @2  
INFO: Trying process: c d > e+ vt d s WEIGHTED<=6 $$ t t~ h @2  
INFO: Trying process: c d > e+ vt d b WEIGHTED<=6 $$ t t~ h @2  
INFO: Trying process: c d > e+ vt s s WEIGHTED<=6 $$ t t~ h @2  
INFO: Trying process: c d > e+ vt s b WEIGHTED<=6 $$ t t~ h @2  
INFO: Trying process: c d > e+ vt b b WEIGHTED<=6 $$ t t~ h @2  
INFO: Trying process: c d > mu+ ve d d WEIGHTED<=6 $$ t t~ h @2  
INFO: Trying process: c d > mu+ ve d s WEIGHTED<=6 $$ t t~ h @2  
INFO: Trying process: c d > mu+ ve d b WEIGHTED<=6 $$ t t~ h @2  
INFO: Trying process: c d > mu+ ve s s WEIGHTED<=6 $$ t t~ h @2  
INFO: Trying process: c d > mu+ ve s b WEIGHTED<=6 $$ t t~ h @2  
INFO: Trying process: c d > mu+ ve b b WEIGHTED<=6 $$ t t~ h @2  
INFO: Trying process: c d > mu+ vm d d WEIGHTED<=6 $$ t t~ h @2  
INFO: Process has 4 diagrams 
INFO: Trying process: c d > mu+ vm d s WEIGHTED<=6 $$ t t~ h @2  
INFO: Process has 2 diagrams 
INFO: Trying process: c d > mu+ vm d b WEIGHTED<=6 $$ t t~ h @2  
INFO: Process has 2 diagrams 
INFO: Trying process: c d > mu+ vm s s WEIGHTED<=6 $$ t t~ h @2  
INFO: Trying process: c d > mu+ vm s b WEIGHTED<=6 $$ t t~ h @2  
INFO: Trying process: c d > mu+ vm b b WEIGHTED<=6 $$ t t~ h @2  
INFO: Trying process: c d > mu+ vt d d WEIGHTED<=6 $$ t t~ h @2  
INFO: Trying process: c d > mu+ vt d s WEIGHTED<=6 $$ t t~ h @2  
INFO: Trying process: c d > mu+ vt d b WEIGHTED<=6 $$ t t~ h @2  
INFO: Trying process: c d > mu+ vt s s WEIGHTED<=6 $$ t t~ h @2  
INFO: Trying process: c d > mu+ vt s b WEIGHTED<=6 $$ t t~ h @2  
INFO: Trying process: c d > mu+ vt b b WEIGHTED<=6 $$ t t~ h @2  
INFO: Trying process: c d > ta+ ve d d WEIGHTED<=6 $$ t t~ h @2  
INFO: Trying process: c d > ta+ ve d s WEIGHTED<=6 $$ t t~ h @2  
INFO: Trying process: c d > ta+ ve d b WEIGHTED<=6 $$ t t~ h @2  
INFO: Trying process: c d > ta+ ve s s WEIGHTED<=6 $$ t t~ h @2  
INFO: Trying process: c d > ta+ ve s b WEIGHTED<=6 $$ t t~ h @2  
INFO: Trying process: c d > ta+ ve b b WEIGHTED<=6 $$ t t~ h @2  
INFO: Trying process: c d > ta+ vm d d WEIGHTED<=6 $$ t t~ h @2  
INFO: Trying process: c d > ta+ vm d s WEIGHTED<=6 $$ t t~ h @2  
INFO: Trying process: c d > ta+ vm d b WEIGHTED<=6 $$ t t~ h @2  
INFO: Trying process: c d > ta+ vm s s WEIGHTED<=6 $$ t t~ h @2  
INFO: Trying process: c d > ta+ vm s b WEIGHTED<=6 $$ t t~ h @2  
INFO: Trying process: c d > ta+ vm b b WEIGHTED<=6 $$ t t~ h @2  
INFO: Trying process: c d > ta+ vt d d WEIGHTED<=6 $$ t t~ h @2  
INFO: Process has 4 diagrams 
INFO: Trying process: c d > ta+ vt d s WEIGHTED<=6 $$ t t~ h @2  
INFO: Process has 2 diagrams 
INFO: Trying process: c d > ta+ vt d b WEIGHTED<=6 $$ t t~ h @2  
INFO: Process has 2 diagrams 
INFO: Trying process: c d > ta+ vt s s WEIGHTED<=6 $$ t t~ h @2  
INFO: Trying process: c d > ta+ vt s b WEIGHTED<=6 $$ t t~ h @2  
INFO: Trying process: c d > ta+ vt b b WEIGHTED<=6 $$ t t~ h @2  
INFO: Trying process: c s > e+ ve d d WEIGHTED<=6 $$ t t~ h @2  
INFO: Trying process: c s > e+ ve d s WEIGHTED<=6 $$ t t~ h @2  
INFO: Process has 2 diagrams 
INFO: Trying process: c s > e+ ve d b WEIGHTED<=6 $$ t t~ h @2  
INFO: Trying process: c s > e+ ve s s WEIGHTED<=6 $$ t t~ h @2  
INFO: Process has 4 diagrams 
INFO: Trying process: c s > e+ ve s b WEIGHTED<=6 $$ t t~ h @2  
INFO: Process has 2 diagrams 
INFO: Trying process: c s > e+ ve b b WEIGHTED<=6 $$ t t~ h @2  
INFO: Trying process: c s > e+ vm d d WEIGHTED<=6 $$ t t~ h @2  
INFO: Trying process: c s > e+ vm d s WEIGHTED<=6 $$ t t~ h @2  
INFO: Trying process: c s > e+ vm d b WEIGHTED<=6 $$ t t~ h @2  
INFO: Trying process: c s > e+ vm s s WEIGHTED<=6 $$ t t~ h @2  
INFO: Trying process: c s > e+ vm s b WEIGHTED<=6 $$ t t~ h @2  
INFO: Trying process: c s > e+ vm b b WEIGHTED<=6 $$ t t~ h @2  
INFO: Trying process: c s > e+ vt d d WEIGHTED<=6 $$ t t~ h @2  
INFO: Trying process: c s > e+ vt d s WEIGHTED<=6 $$ t t~ h @2  
INFO: Trying process: c s > e+ vt d b WEIGHTED<=6 $$ t t~ h @2  
INFO: Trying process: c s > e+ vt s s WEIGHTED<=6 $$ t t~ h @2  
INFO: Trying process: c s > e+ vt s b WEIGHTED<=6 $$ t t~ h @2  
INFO: Trying process: c s > e+ vt b b WEIGHTED<=6 $$ t t~ h @2  
INFO: Trying process: c s > mu+ ve d d WEIGHTED<=6 $$ t t~ h @2  
INFO: Trying process: c s > mu+ ve d s WEIGHTED<=6 $$ t t~ h @2  
INFO: Trying process: c s > mu+ ve d b WEIGHTED<=6 $$ t t~ h @2  
INFO: Trying process: c s > mu+ ve s s WEIGHTED<=6 $$ t t~ h @2  
INFO: Trying process: c s > mu+ ve s b WEIGHTED<=6 $$ t t~ h @2  
INFO: Trying process: c s > mu+ ve b b WEIGHTED<=6 $$ t t~ h @2  
INFO: Trying process: c s > mu+ vm d d WEIGHTED<=6 $$ t t~ h @2  
INFO: Trying process: c s > mu+ vm d s WEIGHTED<=6 $$ t t~ h @2  
INFO: Process has 2 diagrams 
INFO: Trying process: c s > mu+ vm d b WEIGHTED<=6 $$ t t~ h @2  
INFO: Trying process: c s > mu+ vm s s WEIGHTED<=6 $$ t t~ h @2  
INFO: Process has 4 diagrams 
INFO: Trying process: c s > mu+ vm s b WEIGHTED<=6 $$ t t~ h @2  
INFO: Process has 2 diagrams 
INFO: Trying process: c s > mu+ vm b b WEIGHTED<=6 $$ t t~ h @2  
INFO: Trying process: c s > mu+ vt d d WEIGHTED<=6 $$ t t~ h @2  
INFO: Trying process: c s > mu+ vt d s WEIGHTED<=6 $$ t t~ h @2  
INFO: Trying process: c s > mu+ vt d b WEIGHTED<=6 $$ t t~ h @2  
INFO: Trying process: c s > mu+ vt s s WEIGHTED<=6 $$ t t~ h @2  
INFO: Trying process: c s > mu+ vt s b WEIGHTED<=6 $$ t t~ h @2  
INFO: Trying process: c s > mu+ vt b b WEIGHTED<=6 $$ t t~ h @2  
INFO: Trying process: c s > ta+ ve d d WEIGHTED<=6 $$ t t~ h @2  
INFO: Trying process: c s > ta+ ve d s WEIGHTED<=6 $$ t t~ h @2  
INFO: Trying process: c s > ta+ ve d b WEIGHTED<=6 $$ t t~ h @2  
INFO: Trying process: c s > ta+ ve s s WEIGHTED<=6 $$ t t~ h @2  
INFO: Trying process: c s > ta+ ve s b WEIGHTED<=6 $$ t t~ h @2  
INFO: Trying process: c s > ta+ ve b b WEIGHTED<=6 $$ t t~ h @2  
INFO: Trying process: c s > ta+ vm d d WEIGHTED<=6 $$ t t~ h @2  
INFO: Trying process: c s > ta+ vm d s WEIGHTED<=6 $$ t t~ h @2  
INFO: Trying process: c s > ta+ vm d b WEIGHTED<=6 $$ t t~ h @2  
INFO: Trying process: c s > ta+ vm s s WEIGHTED<=6 $$ t t~ h @2  
INFO: Trying process: c s > ta+ vm s b WEIGHTED<=6 $$ t t~ h @2  
INFO: Trying process: c s > ta+ vm b b WEIGHTED<=6 $$ t t~ h @2  
INFO: Trying process: c s > ta+ vt d d WEIGHTED<=6 $$ t t~ h @2  
INFO: Trying process: c s > ta+ vt d s WEIGHTED<=6 $$ t t~ h @2  
INFO: Process has 2 diagrams 
INFO: Trying process: c s > ta+ vt d b WEIGHTED<=6 $$ t t~ h @2  
INFO: Trying process: c s > ta+ vt s s WEIGHTED<=6 $$ t t~ h @2  
INFO: Process has 4 diagrams 
INFO: Trying process: c s > ta+ vt s b WEIGHTED<=6 $$ t t~ h @2  
INFO: Process has 2 diagrams 
INFO: Trying process: c s > ta+ vt b b WEIGHTED<=6 $$ t t~ h @2  
INFO: Trying process: c u~ > e+ ve d u~ WEIGHTED<=6 $$ t t~ h @2  
INFO: Process has 2 diagrams 
INFO: Trying process: c u~ > e+ ve s u~ WEIGHTED<=6 $$ t t~ h @2  
INFO: Process has 2 diagrams 
INFO: Trying process: c u~ > e+ ve b u~ WEIGHTED<=6 $$ t t~ h @2  
INFO: Process has 2 diagrams 
INFO: Trying process: c u~ > mu+ vm d u~ WEIGHTED<=6 $$ t t~ h @2  
INFO: Process has 2 diagrams 
INFO: Trying process: c u~ > mu+ vm s u~ WEIGHTED<=6 $$ t t~ h @2  
INFO: Process has 2 diagrams 
INFO: Trying process: c u~ > mu+ vm b u~ WEIGHTED<=6 $$ t t~ h @2  
INFO: Process has 2 diagrams 
INFO: Trying process: c u~ > ta+ vt d u~ WEIGHTED<=6 $$ t t~ h @2  
INFO: Process has 2 diagrams 
INFO: Trying process: c u~ > ta+ vt s u~ WEIGHTED<=6 $$ t t~ h @2  
INFO: Process has 2 diagrams 
INFO: Trying process: c u~ > ta+ vt b u~ WEIGHTED<=6 $$ t t~ h @2  
INFO: Process has 2 diagrams 
INFO: Trying process: c c~ > e+ ve d u~ WEIGHTED<=6 $$ t t~ h @2  
INFO: Process has 2 diagrams 
INFO: Trying process: c c~ > e+ ve d c~ WEIGHTED<=6 $$ t t~ h @2  
INFO: Process has 4 diagrams 
INFO: Trying process: c c~ > e+ ve s u~ WEIGHTED<=6 $$ t t~ h @2  
INFO: Process has 2 diagrams 
INFO: Trying process: c c~ > e+ ve s c~ WEIGHTED<=6 $$ t t~ h @2  
INFO: Process has 4 diagrams 
INFO: Trying process: c c~ > e+ ve b u~ WEIGHTED<=6 $$ t t~ h @2  
INFO: Process has 2 diagrams 
INFO: Trying process: c c~ > e+ ve b c~ WEIGHTED<=6 $$ t t~ h @2  
INFO: Process has 4 diagrams 
INFO: Trying process: c c~ > mu+ vm d u~ WEIGHTED<=6 $$ t t~ h @2  
INFO: Process has 2 diagrams 
INFO: Trying process: c c~ > mu+ vm d c~ WEIGHTED<=6 $$ t t~ h @2  
INFO: Process has 4 diagrams 
INFO: Trying process: c c~ > mu+ vm s u~ WEIGHTED<=6 $$ t t~ h @2  
INFO: Process has 2 diagrams 
INFO: Trying process: c c~ > mu+ vm s c~ WEIGHTED<=6 $$ t t~ h @2  
INFO: Process has 4 diagrams 
INFO: Trying process: c c~ > mu+ vm b u~ WEIGHTED<=6 $$ t t~ h @2  
INFO: Process has 2 diagrams 
INFO: Trying process: c c~ > mu+ vm b c~ WEIGHTED<=6 $$ t t~ h @2  
INFO: Process has 4 diagrams 
INFO: Trying process: c c~ > ta+ vt d u~ WEIGHTED<=6 $$ t t~ h @2  
INFO: Process has 2 diagrams 
INFO: Trying process: c c~ > ta+ vt d c~ WEIGHTED<=6 $$ t t~ h @2  
INFO: Process has 4 diagrams 
INFO: Trying process: c c~ > ta+ vt s u~ WEIGHTED<=6 $$ t t~ h @2  
INFO: Process has 2 diagrams 
INFO: Trying process: c c~ > ta+ vt s c~ WEIGHTED<=6 $$ t t~ h @2  
INFO: Process has 4 diagrams 
INFO: Trying process: c c~ > ta+ vt b u~ WEIGHTED<=6 $$ t t~ h @2  
INFO: Process has 2 diagrams 
INFO: Trying process: c c~ > ta+ vt b c~ WEIGHTED<=6 $$ t t~ h @2  
INFO: Process has 4 diagrams 
INFO: Trying process: c d~ > e+ ve g g WEIGHTED<=6 $$ t t~ h @2  
INFO: Process has 8 diagrams 
INFO: Trying process: c d~ > e+ ve u u~ WEIGHTED<=6 $$ t t~ h @2  
INFO: Process has 2 diagrams 
INFO: Trying process: c d~ > e+ ve c u~ WEIGHTED<=6 $$ t t~ h @2  
INFO: Process has 2 diagrams 
INFO: Trying process: c d~ > e+ ve c c~ WEIGHTED<=6 $$ t t~ h @2  
INFO: Process has 4 diagrams 
INFO: Trying process: c d~ > e+ ve d d~ WEIGHTED<=6 $$ t t~ h @2  
INFO: Process has 4 diagrams 
INFO: Trying process: c d~ > e+ ve d b~ WEIGHTED<=6 $$ t t~ h @2  
INFO: Trying process: c d~ > e+ ve s d~ WEIGHTED<=6 $$ t t~ h @2  
INFO: Process has 2 diagrams 
INFO: Trying process: c d~ > e+ ve s s~ WEIGHTED<=6 $$ t t~ h @2  
INFO: Process has 2 diagrams 
INFO: Trying process: c d~ > e+ ve s b~ WEIGHTED<=6 $$ t t~ h @2  
INFO: Trying process: c d~ > e+ ve b d~ WEIGHTED<=6 $$ t t~ h @2  
INFO: Process has 2 diagrams 
INFO: Trying process: c d~ > e+ ve b b~ WEIGHTED<=6 $$ t t~ h @2  
INFO: Process has 2 diagrams 
INFO: Trying process: c d~ > e+ vm d b~ WEIGHTED<=6 $$ t t~ h @2  
INFO: Trying process: c d~ > e+ vm s b~ WEIGHTED<=6 $$ t t~ h @2  
INFO: Trying process: c d~ > e+ vm b b~ WEIGHTED<=6 $$ t t~ h @2  
INFO: Trying process: c d~ > e+ vt d b~ WEIGHTED<=6 $$ t t~ h @2  
INFO: Trying process: c d~ > e+ vt s b~ WEIGHTED<=6 $$ t t~ h @2  
INFO: Trying process: c d~ > e+ vt b b~ WEIGHTED<=6 $$ t t~ h @2  
INFO: Trying process: c d~ > mu+ ve d b~ WEIGHTED<=6 $$ t t~ h @2  
INFO: Trying process: c d~ > mu+ ve s b~ WEIGHTED<=6 $$ t t~ h @2  
INFO: Trying process: c d~ > mu+ ve b b~ WEIGHTED<=6 $$ t t~ h @2  
INFO: Trying process: c d~ > mu+ vm g g WEIGHTED<=6 $$ t t~ h @2  
INFO: Process has 8 diagrams 
INFO: Trying process: c d~ > mu+ vm u u~ WEIGHTED<=6 $$ t t~ h @2  
INFO: Process has 2 diagrams 
INFO: Trying process: c d~ > mu+ vm c u~ WEIGHTED<=6 $$ t t~ h @2  
INFO: Process has 2 diagrams 
INFO: Trying process: c d~ > mu+ vm c c~ WEIGHTED<=6 $$ t t~ h @2  
INFO: Process has 4 diagrams 
INFO: Trying process: c d~ > mu+ vm d d~ WEIGHTED<=6 $$ t t~ h @2  
INFO: Process has 4 diagrams 
INFO: Trying process: c d~ > mu+ vm d b~ WEIGHTED<=6 $$ t t~ h @2  
INFO: Trying process: c d~ > mu+ vm s d~ WEIGHTED<=6 $$ t t~ h @2  
INFO: Process has 2 diagrams 
INFO: Trying process: c d~ > mu+ vm s s~ WEIGHTED<=6 $$ t t~ h @2  
INFO: Process has 2 diagrams 
INFO: Trying process: c d~ > mu+ vm s b~ WEIGHTED<=6 $$ t t~ h @2  
INFO: Trying process: c d~ > mu+ vm b d~ WEIGHTED<=6 $$ t t~ h @2  
INFO: Process has 2 diagrams 
INFO: Trying process: c d~ > mu+ vm b b~ WEIGHTED<=6 $$ t t~ h @2  
INFO: Process has 2 diagrams 
INFO: Trying process: c d~ > mu+ vt d b~ WEIGHTED<=6 $$ t t~ h @2  
INFO: Trying process: c d~ > mu+ vt s b~ WEIGHTED<=6 $$ t t~ h @2  
INFO: Trying process: c d~ > mu+ vt b b~ WEIGHTED<=6 $$ t t~ h @2  
INFO: Trying process: c d~ > ta+ ve d b~ WEIGHTED<=6 $$ t t~ h @2  
INFO: Trying process: c d~ > ta+ ve s b~ WEIGHTED<=6 $$ t t~ h @2  
INFO: Trying process: c d~ > ta+ ve b b~ WEIGHTED<=6 $$ t t~ h @2  
INFO: Trying process: c d~ > ta+ vm d b~ WEIGHTED<=6 $$ t t~ h @2  
INFO: Trying process: c d~ > ta+ vm s b~ WEIGHTED<=6 $$ t t~ h @2  
INFO: Trying process: c d~ > ta+ vm b b~ WEIGHTED<=6 $$ t t~ h @2  
INFO: Trying process: c d~ > ta+ vt g g WEIGHTED<=6 $$ t t~ h @2  
INFO: Process has 8 diagrams 
INFO: Trying process: c d~ > ta+ vt u u~ WEIGHTED<=6 $$ t t~ h @2  
INFO: Process has 2 diagrams 
INFO: Trying process: c d~ > ta+ vt c u~ WEIGHTED<=6 $$ t t~ h @2  
INFO: Process has 2 diagrams 
INFO: Trying process: c d~ > ta+ vt c c~ WEIGHTED<=6 $$ t t~ h @2  
INFO: Process has 4 diagrams 
INFO: Trying process: c d~ > ta+ vt d d~ WEIGHTED<=6 $$ t t~ h @2  
INFO: Process has 4 diagrams 
INFO: Trying process: c d~ > ta+ vt d b~ WEIGHTED<=6 $$ t t~ h @2  
INFO: Trying process: c d~ > ta+ vt s d~ WEIGHTED<=6 $$ t t~ h @2  
INFO: Process has 2 diagrams 
INFO: Trying process: c d~ > ta+ vt s s~ WEIGHTED<=6 $$ t t~ h @2  
INFO: Process has 2 diagrams 
INFO: Trying process: c d~ > ta+ vt s b~ WEIGHTED<=6 $$ t t~ h @2  
INFO: Trying process: c d~ > ta+ vt b d~ WEIGHTED<=6 $$ t t~ h @2  
INFO: Process has 2 diagrams 
INFO: Trying process: c d~ > ta+ vt b b~ WEIGHTED<=6 $$ t t~ h @2  
INFO: Process has 2 diagrams 
INFO: Trying process: c s~ > e+ ve g g WEIGHTED<=6 $$ t t~ h @2  
INFO: Process has 8 diagrams 
INFO: Trying process: c s~ > e+ ve u u~ WEIGHTED<=6 $$ t t~ h @2  
INFO: Process has 2 diagrams 
INFO: Trying process: c s~ > e+ ve c u~ WEIGHTED<=6 $$ t t~ h @2  
INFO: Process has 2 diagrams 
INFO: Trying process: c s~ > e+ ve c c~ WEIGHTED<=6 $$ t t~ h @2  
INFO: Process has 4 diagrams 
INFO: Trying process: c s~ > e+ ve d d~ WEIGHTED<=6 $$ t t~ h @2  
INFO: Process has 2 diagrams 
INFO: Trying process: c s~ > e+ ve d s~ WEIGHTED<=6 $$ t t~ h @2  
INFO: Process has 2 diagrams 
INFO: Trying process: c s~ > e+ ve s s~ WEIGHTED<=6 $$ t t~ h @2  
INFO: Process has 4 diagrams 
INFO: Trying process: c s~ > e+ ve s b~ WEIGHTED<=6 $$ t t~ h @2  
INFO: Trying process: c s~ > e+ ve b s~ WEIGHTED<=6 $$ t t~ h @2  
INFO: Process has 2 diagrams 
INFO: Trying process: c s~ > e+ ve b b~ WEIGHTED<=6 $$ t t~ h @2  
INFO: Process has 2 diagrams 
INFO: Trying process: c s~ > e+ vm s b~ WEIGHTED<=6 $$ t t~ h @2  
INFO: Trying process: c s~ > e+ vm b b~ WEIGHTED<=6 $$ t t~ h @2  
INFO: Trying process: c s~ > e+ vt s b~ WEIGHTED<=6 $$ t t~ h @2  
INFO: Trying process: c s~ > e+ vt b b~ WEIGHTED<=6 $$ t t~ h @2  
INFO: Trying process: c s~ > mu+ ve s b~ WEIGHTED<=6 $$ t t~ h @2  
INFO: Trying process: c s~ > mu+ ve b b~ WEIGHTED<=6 $$ t t~ h @2  
INFO: Trying process: c s~ > mu+ vm g g WEIGHTED<=6 $$ t t~ h @2  
INFO: Process has 8 diagrams 
INFO: Trying process: c s~ > mu+ vm u u~ WEIGHTED<=6 $$ t t~ h @2  
INFO: Process has 2 diagrams 
INFO: Trying process: c s~ > mu+ vm c u~ WEIGHTED<=6 $$ t t~ h @2  
INFO: Process has 2 diagrams 
INFO: Trying process: c s~ > mu+ vm c c~ WEIGHTED<=6 $$ t t~ h @2  
INFO: Process has 4 diagrams 
INFO: Trying process: c s~ > mu+ vm d d~ WEIGHTED<=6 $$ t t~ h @2  
INFO: Process has 2 diagrams 
INFO: Trying process: c s~ > mu+ vm d s~ WEIGHTED<=6 $$ t t~ h @2  
INFO: Process has 2 diagrams 
INFO: Trying process: c s~ > mu+ vm s s~ WEIGHTED<=6 $$ t t~ h @2  
INFO: Process has 4 diagrams 
INFO: Trying process: c s~ > mu+ vm s b~ WEIGHTED<=6 $$ t t~ h @2  
INFO: Trying process: c s~ > mu+ vm b s~ WEIGHTED<=6 $$ t t~ h @2  
INFO: Process has 2 diagrams 
INFO: Trying process: c s~ > mu+ vm b b~ WEIGHTED<=6 $$ t t~ h @2  
INFO: Process has 2 diagrams 
INFO: Trying process: c s~ > mu+ vt s b~ WEIGHTED<=6 $$ t t~ h @2  
INFO: Trying process: c s~ > mu+ vt b b~ WEIGHTED<=6 $$ t t~ h @2  
INFO: Trying process: c s~ > ta+ ve s b~ WEIGHTED<=6 $$ t t~ h @2  
INFO: Trying process: c s~ > ta+ ve b b~ WEIGHTED<=6 $$ t t~ h @2  
INFO: Trying process: c s~ > ta+ vm s b~ WEIGHTED<=6 $$ t t~ h @2  
INFO: Trying process: c s~ > ta+ vm b b~ WEIGHTED<=6 $$ t t~ h @2  
INFO: Trying process: c s~ > ta+ vt g g WEIGHTED<=6 $$ t t~ h @2  
INFO: Process has 8 diagrams 
INFO: Trying process: c s~ > ta+ vt u u~ WEIGHTED<=6 $$ t t~ h @2  
INFO: Process has 2 diagrams 
INFO: Trying process: c s~ > ta+ vt c u~ WEIGHTED<=6 $$ t t~ h @2  
INFO: Process has 2 diagrams 
INFO: Trying process: c s~ > ta+ vt c c~ WEIGHTED<=6 $$ t t~ h @2  
INFO: Process has 4 diagrams 
INFO: Trying process: c s~ > ta+ vt d d~ WEIGHTED<=6 $$ t t~ h @2  
INFO: Process has 2 diagrams 
INFO: Trying process: c s~ > ta+ vt d s~ WEIGHTED<=6 $$ t t~ h @2  
INFO: Process has 2 diagrams 
INFO: Trying process: c s~ > ta+ vt s s~ WEIGHTED<=6 $$ t t~ h @2  
INFO: Process has 4 diagrams 
INFO: Trying process: c s~ > ta+ vt s b~ WEIGHTED<=6 $$ t t~ h @2  
INFO: Trying process: c s~ > ta+ vt b s~ WEIGHTED<=6 $$ t t~ h @2  
INFO: Process has 2 diagrams 
INFO: Trying process: c s~ > ta+ vt b b~ WEIGHTED<=6 $$ t t~ h @2  
INFO: Process has 2 diagrams 
INFO: Trying process: c b > e+ ve d b WEIGHTED<=6 $$ t t~ h @2  
INFO: Process has 2 diagrams 
INFO: Trying process: c b > e+ ve s b WEIGHTED<=6 $$ t t~ h @2  
INFO: Process has 2 diagrams 
INFO: Trying process: c b > e+ ve b b WEIGHTED<=6 $$ t t~ h @2  
INFO: Process has 4 diagrams 
INFO: Trying process: c b > e+ vm b b WEIGHTED<=6 $$ t t~ h @2  
INFO: Trying process: c b > e+ vt b b WEIGHTED<=6 $$ t t~ h @2  
INFO: Trying process: c b > mu+ ve b b WEIGHTED<=6 $$ t t~ h @2  
INFO: Trying process: c b > mu+ vm d b WEIGHTED<=6 $$ t t~ h @2  
INFO: Process has 2 diagrams 
INFO: Trying process: c b > mu+ vm s b WEIGHTED<=6 $$ t t~ h @2  
INFO: Process has 2 diagrams 
INFO: Trying process: c b > mu+ vm b b WEIGHTED<=6 $$ t t~ h @2  
INFO: Process has 4 diagrams 
INFO: Trying process: c b > mu+ vt b b WEIGHTED<=6 $$ t t~ h @2  
INFO: Trying process: c b > ta+ ve b b WEIGHTED<=6 $$ t t~ h @2  
INFO: Trying process: c b > ta+ vm b b WEIGHTED<=6 $$ t t~ h @2  
INFO: Trying process: c b > ta+ vt d b WEIGHTED<=6 $$ t t~ h @2  
INFO: Process has 2 diagrams 
INFO: Trying process: c b > ta+ vt s b WEIGHTED<=6 $$ t t~ h @2  
INFO: Process has 2 diagrams 
INFO: Trying process: c b > ta+ vt b b WEIGHTED<=6 $$ t t~ h @2  
INFO: Process has 4 diagrams 
INFO: Trying process: c b~ > e+ ve g g WEIGHTED<=6 $$ t t~ h @2  
INFO: Process has 8 diagrams 
INFO: Trying process: c b~ > e+ ve u u~ WEIGHTED<=6 $$ t t~ h @2  
INFO: Process has 2 diagrams 
INFO: Trying process: c b~ > e+ ve c u~ WEIGHTED<=6 $$ t t~ h @2  
INFO: Process has 2 diagrams 
INFO: Trying process: c b~ > e+ ve c c~ WEIGHTED<=6 $$ t t~ h @2  
INFO: Process has 4 diagrams 
INFO: Trying process: c b~ > e+ ve d d~ WEIGHTED<=6 $$ t t~ h @2  
INFO: Process has 2 diagrams 
INFO: Trying process: c b~ > e+ ve d b~ WEIGHTED<=6 $$ t t~ h @2  
INFO: Process has 2 diagrams 
INFO: Trying process: c b~ > e+ ve s s~ WEIGHTED<=6 $$ t t~ h @2  
INFO: Process has 2 diagrams 
INFO: Trying process: c b~ > e+ ve s b~ WEIGHTED<=6 $$ t t~ h @2  
INFO: Process has 2 diagrams 
INFO: Trying process: c b~ > e+ ve b b~ WEIGHTED<=6 $$ t t~ h @2  
INFO: Process has 4 diagrams 
INFO: Trying process: c b~ > mu+ vm g g WEIGHTED<=6 $$ t t~ h @2  
INFO: Process has 8 diagrams 
INFO: Trying process: c b~ > mu+ vm u u~ WEIGHTED<=6 $$ t t~ h @2  
INFO: Process has 2 diagrams 
INFO: Trying process: c b~ > mu+ vm c u~ WEIGHTED<=6 $$ t t~ h @2  
INFO: Process has 2 diagrams 
INFO: Trying process: c b~ > mu+ vm c c~ WEIGHTED<=6 $$ t t~ h @2  
INFO: Process has 4 diagrams 
INFO: Trying process: c b~ > mu+ vm d d~ WEIGHTED<=6 $$ t t~ h @2  
INFO: Process has 2 diagrams 
INFO: Trying process: c b~ > mu+ vm d b~ WEIGHTED<=6 $$ t t~ h @2  
INFO: Process has 2 diagrams 
INFO: Trying process: c b~ > mu+ vm s s~ WEIGHTED<=6 $$ t t~ h @2  
INFO: Process has 2 diagrams 
INFO: Trying process: c b~ > mu+ vm s b~ WEIGHTED<=6 $$ t t~ h @2  
INFO: Process has 2 diagrams 
INFO: Trying process: c b~ > mu+ vm b b~ WEIGHTED<=6 $$ t t~ h @2  
INFO: Process has 4 diagrams 
INFO: Trying process: c b~ > ta+ vt g g WEIGHTED<=6 $$ t t~ h @2  
INFO: Process has 8 diagrams 
INFO: Trying process: c b~ > ta+ vt u u~ WEIGHTED<=6 $$ t t~ h @2  
INFO: Process has 2 diagrams 
INFO: Trying process: c b~ > ta+ vt c u~ WEIGHTED<=6 $$ t t~ h @2  
INFO: Process has 2 diagrams 
INFO: Trying process: c b~ > ta+ vt c c~ WEIGHTED<=6 $$ t t~ h @2  
INFO: Process has 4 diagrams 
INFO: Trying process: c b~ > ta+ vt d d~ WEIGHTED<=6 $$ t t~ h @2  
INFO: Process has 2 diagrams 
INFO: Trying process: c b~ > ta+ vt d b~ WEIGHTED<=6 $$ t t~ h @2  
INFO: Process has 2 diagrams 
INFO: Trying process: c b~ > ta+ vt s s~ WEIGHTED<=6 $$ t t~ h @2  
INFO: Process has 2 diagrams 
INFO: Trying process: c b~ > ta+ vt s b~ WEIGHTED<=6 $$ t t~ h @2  
INFO: Process has 2 diagrams 
INFO: Trying process: c b~ > ta+ vt b b~ WEIGHTED<=6 $$ t t~ h @2  
INFO: Process has 4 diagrams 
INFO: Process d u > e+ ve d d added to mirror process u d > e+ ve d d 
INFO: Process d u > e+ ve d s added to mirror process u d > e+ ve d s 
INFO: Process d u > e+ ve d b added to mirror process u d > e+ ve d b 
INFO: Process d u > mu+ vm d d added to mirror process u d > mu+ vm d d 
INFO: Process d u > mu+ vm d s added to mirror process u d > mu+ vm d s 
INFO: Process d u > mu+ vm d b added to mirror process u d > mu+ vm d b 
INFO: Process d u > ta+ vt d d added to mirror process u d > ta+ vt d d 
INFO: Process d u > ta+ vt d s added to mirror process u d > ta+ vt d s 
INFO: Process d u > ta+ vt d b added to mirror process u d > ta+ vt d b 
INFO: Process d c > e+ ve d d added to mirror process c d > e+ ve d d 
INFO: Process d c > e+ ve d s added to mirror process c d > e+ ve d s 
INFO: Process d c > e+ ve d b added to mirror process c d > e+ ve d b 
INFO: Process d c > mu+ vm d d added to mirror process c d > mu+ vm d d 
INFO: Process d c > mu+ vm d s added to mirror process c d > mu+ vm d s 
INFO: Process d c > mu+ vm d b added to mirror process c d > mu+ vm d b 
INFO: Process d c > ta+ vt d d added to mirror process c d > ta+ vt d d 
INFO: Process d c > ta+ vt d s added to mirror process c d > ta+ vt d s 
INFO: Process d c > ta+ vt d b added to mirror process c d > ta+ vt d b 
INFO: Trying process: d d~ > e+ ve d u~ WEIGHTED<=6 $$ t t~ h @2  
INFO: Process has 4 diagrams 
INFO: Trying process: d d~ > e+ ve d c~ WEIGHTED<=6 $$ t t~ h @2  
INFO: Process has 4 diagrams 
INFO: Trying process: d d~ > e+ ve s u~ WEIGHTED<=6 $$ t t~ h @2  
INFO: Process has 2 diagrams 
INFO: Trying process: d d~ > e+ ve s c~ WEIGHTED<=6 $$ t t~ h @2  
INFO: Process has 2 diagrams 
INFO: Trying process: d d~ > e+ ve b u~ WEIGHTED<=6 $$ t t~ h @2  
INFO: Process has 2 diagrams 
INFO: Trying process: d d~ > e+ ve b c~ WEIGHTED<=6 $$ t t~ h @2  
INFO: Process has 2 diagrams 
INFO: Trying process: d d~ > mu+ vm d u~ WEIGHTED<=6 $$ t t~ h @2  
INFO: Process has 4 diagrams 
INFO: Trying process: d d~ > mu+ vm d c~ WEIGHTED<=6 $$ t t~ h @2  
INFO: Process has 4 diagrams 
INFO: Trying process: d d~ > mu+ vm s u~ WEIGHTED<=6 $$ t t~ h @2  
INFO: Process has 2 diagrams 
INFO: Trying process: d d~ > mu+ vm s c~ WEIGHTED<=6 $$ t t~ h @2  
INFO: Process has 2 diagrams 
INFO: Trying process: d d~ > mu+ vm b u~ WEIGHTED<=6 $$ t t~ h @2  
INFO: Process has 2 diagrams 
INFO: Trying process: d d~ > mu+ vm b c~ WEIGHTED<=6 $$ t t~ h @2  
INFO: Process has 2 diagrams 
INFO: Trying process: d d~ > ta+ vt d u~ WEIGHTED<=6 $$ t t~ h @2  
INFO: Process has 4 diagrams 
INFO: Trying process: d d~ > ta+ vt d c~ WEIGHTED<=6 $$ t t~ h @2  
INFO: Process has 4 diagrams 
INFO: Trying process: d d~ > ta+ vt s u~ WEIGHTED<=6 $$ t t~ h @2  
INFO: Process has 2 diagrams 
INFO: Trying process: d d~ > ta+ vt s c~ WEIGHTED<=6 $$ t t~ h @2  
INFO: Process has 2 diagrams 
INFO: Trying process: d d~ > ta+ vt b u~ WEIGHTED<=6 $$ t t~ h @2  
INFO: Process has 2 diagrams 
INFO: Trying process: d d~ > ta+ vt b c~ WEIGHTED<=6 $$ t t~ h @2  
INFO: Process has 2 diagrams 
INFO: Trying process: d s~ > e+ ve d u~ WEIGHTED<=6 $$ t t~ h @2  
INFO: Process has 2 diagrams 
INFO: Trying process: d s~ > e+ ve d c~ WEIGHTED<=6 $$ t t~ h @2  
INFO: Process has 2 diagrams 
INFO: Trying process: d s~ > mu+ vm d u~ WEIGHTED<=6 $$ t t~ h @2  
INFO: Process has 2 diagrams 
INFO: Trying process: d s~ > mu+ vm d c~ WEIGHTED<=6 $$ t t~ h @2  
INFO: Process has 2 diagrams 
INFO: Trying process: d s~ > ta+ vt d u~ WEIGHTED<=6 $$ t t~ h @2  
INFO: Process has 2 diagrams 
INFO: Trying process: d s~ > ta+ vt d c~ WEIGHTED<=6 $$ t t~ h @2  
INFO: Process has 2 diagrams 
INFO: Trying process: d b~ > e+ ve d u~ WEIGHTED<=6 $$ t t~ h @2  
INFO: Process has 2 diagrams 
INFO: Trying process: d b~ > e+ ve d c~ WEIGHTED<=6 $$ t t~ h @2  
INFO: Process has 2 diagrams 
INFO: Trying process: d b~ > mu+ vm d u~ WEIGHTED<=6 $$ t t~ h @2  
INFO: Process has 2 diagrams 
INFO: Trying process: d b~ > mu+ vm d c~ WEIGHTED<=6 $$ t t~ h @2  
INFO: Process has 2 diagrams 
INFO: Trying process: d b~ > ta+ vt d u~ WEIGHTED<=6 $$ t t~ h @2  
INFO: Process has 2 diagrams 
INFO: Trying process: d b~ > ta+ vt d c~ WEIGHTED<=6 $$ t t~ h @2  
INFO: Process has 2 diagrams 
INFO: Process s u > e+ ve d s added to mirror process u s > e+ ve d s 
INFO: Process s u > e+ ve s s added to mirror process u s > e+ ve s s 
INFO: Process s u > e+ ve s b added to mirror process u s > e+ ve s b 
INFO: Process s u > mu+ vm d s added to mirror process u s > mu+ vm d s 
INFO: Process s u > mu+ vm s s added to mirror process u s > mu+ vm s s 
INFO: Process s u > mu+ vm s b added to mirror process u s > mu+ vm s b 
INFO: Process s u > ta+ vt d s added to mirror process u s > ta+ vt d s 
INFO: Process s u > ta+ vt s s added to mirror process u s > ta+ vt s s 
INFO: Process s u > ta+ vt s b added to mirror process u s > ta+ vt s b 
INFO: Process s c > e+ ve d s added to mirror process c s > e+ ve d s 
INFO: Process s c > e+ ve s s added to mirror process c s > e+ ve s s 
INFO: Process s c > e+ ve s b added to mirror process c s > e+ ve s b 
INFO: Process s c > mu+ vm d s added to mirror process c s > mu+ vm d s 
INFO: Process s c > mu+ vm s s added to mirror process c s > mu+ vm s s 
INFO: Process s c > mu+ vm s b added to mirror process c s > mu+ vm s b 
INFO: Process s c > ta+ vt d s added to mirror process c s > ta+ vt d s 
INFO: Process s c > ta+ vt s s added to mirror process c s > ta+ vt s s 
INFO: Process s c > ta+ vt s b added to mirror process c s > ta+ vt s b 
INFO: Trying process: s d~ > e+ ve s u~ WEIGHTED<=6 $$ t t~ h @2  
INFO: Process has 2 diagrams 
INFO: Trying process: s d~ > e+ ve s c~ WEIGHTED<=6 $$ t t~ h @2  
INFO: Process has 2 diagrams 
INFO: Trying process: s d~ > mu+ vm s u~ WEIGHTED<=6 $$ t t~ h @2  
INFO: Process has 2 diagrams 
INFO: Trying process: s d~ > mu+ vm s c~ WEIGHTED<=6 $$ t t~ h @2  
INFO: Process has 2 diagrams 
INFO: Trying process: s d~ > ta+ vt s u~ WEIGHTED<=6 $$ t t~ h @2  
INFO: Process has 2 diagrams 
INFO: Trying process: s d~ > ta+ vt s c~ WEIGHTED<=6 $$ t t~ h @2  
INFO: Process has 2 diagrams 
INFO: Trying process: s s~ > e+ ve d u~ WEIGHTED<=6 $$ t t~ h @2  
INFO: Process has 2 diagrams 
INFO: Trying process: s s~ > e+ ve d c~ WEIGHTED<=6 $$ t t~ h @2  
INFO: Process has 2 diagrams 
INFO: Trying process: s s~ > e+ ve s u~ WEIGHTED<=6 $$ t t~ h @2  
INFO: Process has 4 diagrams 
INFO: Trying process: s s~ > e+ ve s c~ WEIGHTED<=6 $$ t t~ h @2  
INFO: Process has 4 diagrams 
INFO: Trying process: s s~ > e+ ve b u~ WEIGHTED<=6 $$ t t~ h @2  
INFO: Process has 2 diagrams 
INFO: Trying process: s s~ > e+ ve b c~ WEIGHTED<=6 $$ t t~ h @2  
INFO: Process has 2 diagrams 
INFO: Trying process: s s~ > mu+ vm d u~ WEIGHTED<=6 $$ t t~ h @2  
INFO: Process has 2 diagrams 
INFO: Trying process: s s~ > mu+ vm d c~ WEIGHTED<=6 $$ t t~ h @2  
INFO: Process has 2 diagrams 
INFO: Trying process: s s~ > mu+ vm s u~ WEIGHTED<=6 $$ t t~ h @2  
INFO: Process has 4 diagrams 
INFO: Trying process: s s~ > mu+ vm s c~ WEIGHTED<=6 $$ t t~ h @2  
INFO: Process has 4 diagrams 
INFO: Trying process: s s~ > mu+ vm b u~ WEIGHTED<=6 $$ t t~ h @2  
INFO: Process has 2 diagrams 
INFO: Trying process: s s~ > mu+ vm b c~ WEIGHTED<=6 $$ t t~ h @2  
INFO: Process has 2 diagrams 
INFO: Trying process: s s~ > ta+ vt d u~ WEIGHTED<=6 $$ t t~ h @2  
INFO: Process has 2 diagrams 
INFO: Trying process: s s~ > ta+ vt d c~ WEIGHTED<=6 $$ t t~ h @2  
INFO: Process has 2 diagrams 
INFO: Trying process: s s~ > ta+ vt s u~ WEIGHTED<=6 $$ t t~ h @2  
INFO: Process has 4 diagrams 
INFO: Trying process: s s~ > ta+ vt s c~ WEIGHTED<=6 $$ t t~ h @2  
INFO: Process has 4 diagrams 
INFO: Trying process: s s~ > ta+ vt b u~ WEIGHTED<=6 $$ t t~ h @2  
INFO: Process has 2 diagrams 
INFO: Trying process: s s~ > ta+ vt b c~ WEIGHTED<=6 $$ t t~ h @2  
INFO: Process has 2 diagrams 
INFO: Trying process: s b~ > e+ ve s u~ WEIGHTED<=6 $$ t t~ h @2  
INFO: Process has 2 diagrams 
INFO: Trying process: s b~ > e+ ve s c~ WEIGHTED<=6 $$ t t~ h @2  
INFO: Process has 2 diagrams 
INFO: Trying process: s b~ > mu+ vm s u~ WEIGHTED<=6 $$ t t~ h @2  
INFO: Process has 2 diagrams 
INFO: Trying process: s b~ > mu+ vm s c~ WEIGHTED<=6 $$ t t~ h @2  
INFO: Process has 2 diagrams 
INFO: Trying process: s b~ > ta+ vt s u~ WEIGHTED<=6 $$ t t~ h @2  
INFO: Process has 2 diagrams 
INFO: Trying process: s b~ > ta+ vt s c~ WEIGHTED<=6 $$ t t~ h @2  
INFO: Process has 2 diagrams 
INFO: Process u~ u > e+ ve d u~ added to mirror process u u~ > e+ ve d u~ 
INFO: Process u~ u > e+ ve d c~ added to mirror process u u~ > e+ ve d c~ 
INFO: Process u~ u > e+ ve s u~ added to mirror process u u~ > e+ ve s u~ 
INFO: Process u~ u > e+ ve s c~ added to mirror process u u~ > e+ ve s c~ 
INFO: Process u~ u > e+ ve b u~ added to mirror process u u~ > e+ ve b u~ 
INFO: Process u~ u > e+ ve b c~ added to mirror process u u~ > e+ ve b c~ 
INFO: Process u~ u > mu+ vm d u~ added to mirror process u u~ > mu+ vm d u~ 
INFO: Process u~ u > mu+ vm d c~ added to mirror process u u~ > mu+ vm d c~ 
INFO: Process u~ u > mu+ vm s u~ added to mirror process u u~ > mu+ vm s u~ 
INFO: Process u~ u > mu+ vm s c~ added to mirror process u u~ > mu+ vm s c~ 
INFO: Process u~ u > mu+ vm b u~ added to mirror process u u~ > mu+ vm b u~ 
INFO: Process u~ u > mu+ vm b c~ added to mirror process u u~ > mu+ vm b c~ 
INFO: Process u~ u > ta+ vt d u~ added to mirror process u u~ > ta+ vt d u~ 
INFO: Process u~ u > ta+ vt d c~ added to mirror process u u~ > ta+ vt d c~ 
INFO: Process u~ u > ta+ vt s u~ added to mirror process u u~ > ta+ vt s u~ 
INFO: Process u~ u > ta+ vt s c~ added to mirror process u u~ > ta+ vt s c~ 
INFO: Process u~ u > ta+ vt b u~ added to mirror process u u~ > ta+ vt b u~ 
INFO: Process u~ u > ta+ vt b c~ added to mirror process u u~ > ta+ vt b c~ 
INFO: Process u~ c > e+ ve d u~ added to mirror process c u~ > e+ ve d u~ 
INFO: Process u~ c > e+ ve s u~ added to mirror process c u~ > e+ ve s u~ 
INFO: Process u~ c > e+ ve b u~ added to mirror process c u~ > e+ ve b u~ 
INFO: Process u~ c > mu+ vm d u~ added to mirror process c u~ > mu+ vm d u~ 
INFO: Process u~ c > mu+ vm s u~ added to mirror process c u~ > mu+ vm s u~ 
INFO: Process u~ c > mu+ vm b u~ added to mirror process c u~ > mu+ vm b u~ 
INFO: Process u~ c > ta+ vt d u~ added to mirror process c u~ > ta+ vt d u~ 
INFO: Process u~ c > ta+ vt s u~ added to mirror process c u~ > ta+ vt s u~ 
INFO: Process u~ c > ta+ vt b u~ added to mirror process c u~ > ta+ vt b u~ 
INFO: Trying process: u~ d~ > e+ ve u~ u~ WEIGHTED<=6 $$ t t~ h @2  
INFO: Process has 4 diagrams 
INFO: Trying process: u~ d~ > e+ ve u~ c~ WEIGHTED<=6 $$ t t~ h @2  
INFO: Process has 2 diagrams 
INFO: Trying process: u~ d~ > mu+ vm u~ u~ WEIGHTED<=6 $$ t t~ h @2  
INFO: Process has 4 diagrams 
INFO: Trying process: u~ d~ > mu+ vm u~ c~ WEIGHTED<=6 $$ t t~ h @2  
INFO: Process has 2 diagrams 
INFO: Trying process: u~ d~ > ta+ vt u~ u~ WEIGHTED<=6 $$ t t~ h @2  
INFO: Process has 4 diagrams 
INFO: Trying process: u~ d~ > ta+ vt u~ c~ WEIGHTED<=6 $$ t t~ h @2  
INFO: Process has 2 diagrams 
INFO: Trying process: u~ s~ > e+ ve u~ u~ WEIGHTED<=6 $$ t t~ h @2  
INFO: Process has 4 diagrams 
INFO: Trying process: u~ s~ > e+ ve u~ c~ WEIGHTED<=6 $$ t t~ h @2  
INFO: Process has 2 diagrams 
INFO: Trying process: u~ s~ > mu+ vm u~ u~ WEIGHTED<=6 $$ t t~ h @2  
INFO: Process has 4 diagrams 
INFO: Trying process: u~ s~ > mu+ vm u~ c~ WEIGHTED<=6 $$ t t~ h @2  
INFO: Process has 2 diagrams 
INFO: Trying process: u~ s~ > ta+ vt u~ u~ WEIGHTED<=6 $$ t t~ h @2  
INFO: Process has 4 diagrams 
INFO: Trying process: u~ s~ > ta+ vt u~ c~ WEIGHTED<=6 $$ t t~ h @2  
INFO: Process has 2 diagrams 
INFO: Trying process: u~ b~ > e+ ve u~ u~ WEIGHTED<=6 $$ t t~ h @2  
INFO: Process has 4 diagrams 
INFO: Trying process: u~ b~ > e+ ve u~ c~ WEIGHTED<=6 $$ t t~ h @2  
INFO: Process has 2 diagrams 
INFO: Trying process: u~ b~ > mu+ vm u~ u~ WEIGHTED<=6 $$ t t~ h @2  
INFO: Process has 4 diagrams 
INFO: Trying process: u~ b~ > mu+ vm u~ c~ WEIGHTED<=6 $$ t t~ h @2  
INFO: Process has 2 diagrams 
INFO: Trying process: u~ b~ > ta+ vt u~ u~ WEIGHTED<=6 $$ t t~ h @2  
INFO: Process has 4 diagrams 
INFO: Trying process: u~ b~ > ta+ vt u~ c~ WEIGHTED<=6 $$ t t~ h @2  
INFO: Process has 2 diagrams 
INFO: Process c~ u > e+ ve d c~ added to mirror process u c~ > e+ ve d c~ 
INFO: Process c~ u > e+ ve s c~ added to mirror process u c~ > e+ ve s c~ 
INFO: Process c~ u > e+ ve b c~ added to mirror process u c~ > e+ ve b c~ 
INFO: Process c~ u > mu+ vm d c~ added to mirror process u c~ > mu+ vm d c~ 
INFO: Process c~ u > mu+ vm s c~ added to mirror process u c~ > mu+ vm s c~ 
INFO: Process c~ u > mu+ vm b c~ added to mirror process u c~ > mu+ vm b c~ 
INFO: Process c~ u > ta+ vt d c~ added to mirror process u c~ > ta+ vt d c~ 
INFO: Process c~ u > ta+ vt s c~ added to mirror process u c~ > ta+ vt s c~ 
INFO: Process c~ u > ta+ vt b c~ added to mirror process u c~ > ta+ vt b c~ 
INFO: Process c~ c > e+ ve d u~ added to mirror process c c~ > e+ ve d u~ 
INFO: Process c~ c > e+ ve d c~ added to mirror process c c~ > e+ ve d c~ 
INFO: Process c~ c > e+ ve s u~ added to mirror process c c~ > e+ ve s u~ 
INFO: Process c~ c > e+ ve s c~ added to mirror process c c~ > e+ ve s c~ 
INFO: Process c~ c > e+ ve b u~ added to mirror process c c~ > e+ ve b u~ 
INFO: Process c~ c > e+ ve b c~ added to mirror process c c~ > e+ ve b c~ 
INFO: Process c~ c > mu+ vm d u~ added to mirror process c c~ > mu+ vm d u~ 
INFO: Process c~ c > mu+ vm d c~ added to mirror process c c~ > mu+ vm d c~ 
INFO: Process c~ c > mu+ vm s u~ added to mirror process c c~ > mu+ vm s u~ 
INFO: Process c~ c > mu+ vm s c~ added to mirror process c c~ > mu+ vm s c~ 
INFO: Process c~ c > mu+ vm b u~ added to mirror process c c~ > mu+ vm b u~ 
INFO: Process c~ c > mu+ vm b c~ added to mirror process c c~ > mu+ vm b c~ 
INFO: Process c~ c > ta+ vt d u~ added to mirror process c c~ > ta+ vt d u~ 
INFO: Process c~ c > ta+ vt d c~ added to mirror process c c~ > ta+ vt d c~ 
INFO: Process c~ c > ta+ vt s u~ added to mirror process c c~ > ta+ vt s u~ 
INFO: Process c~ c > ta+ vt s c~ added to mirror process c c~ > ta+ vt s c~ 
INFO: Process c~ c > ta+ vt b u~ added to mirror process c c~ > ta+ vt b u~ 
INFO: Process c~ c > ta+ vt b c~ added to mirror process c c~ > ta+ vt b c~ 
INFO: Trying process: c~ d~ > e+ ve u~ c~ WEIGHTED<=6 $$ t t~ h @2  
INFO: Process has 2 diagrams 
INFO: Trying process: c~ d~ > e+ ve c~ c~ WEIGHTED<=6 $$ t t~ h @2  
INFO: Process has 4 diagrams 
INFO: Trying process: c~ d~ > mu+ vm u~ c~ WEIGHTED<=6 $$ t t~ h @2  
INFO: Process has 2 diagrams 
INFO: Trying process: c~ d~ > mu+ vm c~ c~ WEIGHTED<=6 $$ t t~ h @2  
INFO: Process has 4 diagrams 
INFO: Trying process: c~ d~ > ta+ vt u~ c~ WEIGHTED<=6 $$ t t~ h @2  
INFO: Process has 2 diagrams 
INFO: Trying process: c~ d~ > ta+ vt c~ c~ WEIGHTED<=6 $$ t t~ h @2  
INFO: Process has 4 diagrams 
INFO: Trying process: c~ s~ > e+ ve u~ c~ WEIGHTED<=6 $$ t t~ h @2  
INFO: Process has 2 diagrams 
INFO: Trying process: c~ s~ > e+ ve c~ c~ WEIGHTED<=6 $$ t t~ h @2  
INFO: Process has 4 diagrams 
INFO: Trying process: c~ s~ > mu+ vm u~ c~ WEIGHTED<=6 $$ t t~ h @2  
INFO: Process has 2 diagrams 
INFO: Trying process: c~ s~ > mu+ vm c~ c~ WEIGHTED<=6 $$ t t~ h @2  
INFO: Process has 4 diagrams 
INFO: Trying process: c~ s~ > ta+ vt u~ c~ WEIGHTED<=6 $$ t t~ h @2  
INFO: Process has 2 diagrams 
INFO: Trying process: c~ s~ > ta+ vt c~ c~ WEIGHTED<=6 $$ t t~ h @2  
INFO: Process has 4 diagrams 
INFO: Trying process: c~ b~ > e+ ve u~ c~ WEIGHTED<=6 $$ t t~ h @2  
INFO: Process has 2 diagrams 
INFO: Trying process: c~ b~ > e+ ve c~ c~ WEIGHTED<=6 $$ t t~ h @2  
INFO: Process has 4 diagrams 
INFO: Trying process: c~ b~ > mu+ vm u~ c~ WEIGHTED<=6 $$ t t~ h @2  
INFO: Process has 2 diagrams 
INFO: Trying process: c~ b~ > mu+ vm c~ c~ WEIGHTED<=6 $$ t t~ h @2  
INFO: Process has 4 diagrams 
INFO: Trying process: c~ b~ > ta+ vt u~ c~ WEIGHTED<=6 $$ t t~ h @2  
INFO: Process has 2 diagrams 
INFO: Trying process: c~ b~ > ta+ vt c~ c~ WEIGHTED<=6 $$ t t~ h @2  
INFO: Process has 4 diagrams 
INFO: Process d~ g > e+ ve g u~ added to mirror process g d~ > e+ ve g u~ 
INFO: Process d~ g > e+ ve g c~ added to mirror process g d~ > e+ ve g c~ 
INFO: Process d~ g > mu+ vm g u~ added to mirror process g d~ > mu+ vm g u~ 
INFO: Process d~ g > mu+ vm g c~ added to mirror process g d~ > mu+ vm g c~ 
INFO: Process d~ g > ta+ vt g u~ added to mirror process g d~ > ta+ vt g u~ 
INFO: Process d~ g > ta+ vt g c~ added to mirror process g d~ > ta+ vt g c~ 
INFO: Process d~ u > e+ ve g g added to mirror process u d~ > e+ ve g g 
INFO: Process d~ u > e+ ve u u~ added to mirror process u d~ > e+ ve u u~ 
INFO: Process d~ u > e+ ve u c~ added to mirror process u d~ > e+ ve u c~ 
INFO: Process d~ u > e+ ve c c~ added to mirror process u d~ > e+ ve c c~ 
INFO: Process d~ u > e+ ve d d~ added to mirror process u d~ > e+ ve d d~ 
INFO: Process d~ u > e+ ve s d~ added to mirror process u d~ > e+ ve s d~ 
INFO: Process d~ u > e+ ve s s~ added to mirror process u d~ > e+ ve s s~ 
INFO: Process d~ u > e+ ve b d~ added to mirror process u d~ > e+ ve b d~ 
INFO: Process d~ u > e+ ve b b~ added to mirror process u d~ > e+ ve b b~ 
INFO: Process d~ u > mu+ vm g g added to mirror process u d~ > mu+ vm g g 
INFO: Process d~ u > mu+ vm u u~ added to mirror process u d~ > mu+ vm u u~ 
INFO: Process d~ u > mu+ vm u c~ added to mirror process u d~ > mu+ vm u c~ 
INFO: Process d~ u > mu+ vm c c~ added to mirror process u d~ > mu+ vm c c~ 
INFO: Process d~ u > mu+ vm d d~ added to mirror process u d~ > mu+ vm d d~ 
INFO: Process d~ u > mu+ vm s d~ added to mirror process u d~ > mu+ vm s d~ 
INFO: Process d~ u > mu+ vm s s~ added to mirror process u d~ > mu+ vm s s~ 
INFO: Process d~ u > mu+ vm b d~ added to mirror process u d~ > mu+ vm b d~ 
INFO: Process d~ u > mu+ vm b b~ added to mirror process u d~ > mu+ vm b b~ 
INFO: Process d~ u > ta+ vt g g added to mirror process u d~ > ta+ vt g g 
INFO: Process d~ u > ta+ vt u u~ added to mirror process u d~ > ta+ vt u u~ 
INFO: Process d~ u > ta+ vt u c~ added to mirror process u d~ > ta+ vt u c~ 
INFO: Process d~ u > ta+ vt c c~ added to mirror process u d~ > ta+ vt c c~ 
INFO: Process d~ u > ta+ vt d d~ added to mirror process u d~ > ta+ vt d d~ 
INFO: Process d~ u > ta+ vt s d~ added to mirror process u d~ > ta+ vt s d~ 
INFO: Process d~ u > ta+ vt s s~ added to mirror process u d~ > ta+ vt s s~ 
INFO: Process d~ u > ta+ vt b d~ added to mirror process u d~ > ta+ vt b d~ 
INFO: Process d~ u > ta+ vt b b~ added to mirror process u d~ > ta+ vt b b~ 
INFO: Process d~ c > e+ ve g g added to mirror process c d~ > e+ ve g g 
INFO: Process d~ c > e+ ve u u~ added to mirror process c d~ > e+ ve u u~ 
INFO: Process d~ c > e+ ve c u~ added to mirror process c d~ > e+ ve c u~ 
INFO: Process d~ c > e+ ve c c~ added to mirror process c d~ > e+ ve c c~ 
INFO: Process d~ c > e+ ve d d~ added to mirror process c d~ > e+ ve d d~ 
INFO: Process d~ c > e+ ve s d~ added to mirror process c d~ > e+ ve s d~ 
INFO: Process d~ c > e+ ve s s~ added to mirror process c d~ > e+ ve s s~ 
INFO: Process d~ c > e+ ve b d~ added to mirror process c d~ > e+ ve b d~ 
INFO: Process d~ c > e+ ve b b~ added to mirror process c d~ > e+ ve b b~ 
INFO: Process d~ c > mu+ vm g g added to mirror process c d~ > mu+ vm g g 
INFO: Process d~ c > mu+ vm u u~ added to mirror process c d~ > mu+ vm u u~ 
INFO: Process d~ c > mu+ vm c u~ added to mirror process c d~ > mu+ vm c u~ 
INFO: Process d~ c > mu+ vm c c~ added to mirror process c d~ > mu+ vm c c~ 
INFO: Process d~ c > mu+ vm d d~ added to mirror process c d~ > mu+ vm d d~ 
INFO: Process d~ c > mu+ vm s d~ added to mirror process c d~ > mu+ vm s d~ 
INFO: Process d~ c > mu+ vm s s~ added to mirror process c d~ > mu+ vm s s~ 
INFO: Process d~ c > mu+ vm b d~ added to mirror process c d~ > mu+ vm b d~ 
INFO: Process d~ c > mu+ vm b b~ added to mirror process c d~ > mu+ vm b b~ 
INFO: Process d~ c > ta+ vt g g added to mirror process c d~ > ta+ vt g g 
INFO: Process d~ c > ta+ vt u u~ added to mirror process c d~ > ta+ vt u u~ 
INFO: Process d~ c > ta+ vt c u~ added to mirror process c d~ > ta+ vt c u~ 
INFO: Process d~ c > ta+ vt c c~ added to mirror process c d~ > ta+ vt c c~ 
INFO: Process d~ c > ta+ vt d d~ added to mirror process c d~ > ta+ vt d d~ 
INFO: Process d~ c > ta+ vt s d~ added to mirror process c d~ > ta+ vt s d~ 
INFO: Process d~ c > ta+ vt s s~ added to mirror process c d~ > ta+ vt s s~ 
INFO: Process d~ c > ta+ vt b d~ added to mirror process c d~ > ta+ vt b d~ 
INFO: Process d~ c > ta+ vt b b~ added to mirror process c d~ > ta+ vt b b~ 
INFO: Process d~ d > e+ ve d u~ added to mirror process d d~ > e+ ve d u~ 
INFO: Process d~ d > e+ ve d c~ added to mirror process d d~ > e+ ve d c~ 
INFO: Process d~ d > e+ ve s u~ added to mirror process d d~ > e+ ve s u~ 
INFO: Process d~ d > e+ ve s c~ added to mirror process d d~ > e+ ve s c~ 
INFO: Process d~ d > e+ ve b u~ added to mirror process d d~ > e+ ve b u~ 
INFO: Process d~ d > e+ ve b c~ added to mirror process d d~ > e+ ve b c~ 
INFO: Process d~ d > mu+ vm d u~ added to mirror process d d~ > mu+ vm d u~ 
INFO: Process d~ d > mu+ vm d c~ added to mirror process d d~ > mu+ vm d c~ 
INFO: Process d~ d > mu+ vm s u~ added to mirror process d d~ > mu+ vm s u~ 
INFO: Process d~ d > mu+ vm s c~ added to mirror process d d~ > mu+ vm s c~ 
INFO: Process d~ d > mu+ vm b u~ added to mirror process d d~ > mu+ vm b u~ 
INFO: Process d~ d > mu+ vm b c~ added to mirror process d d~ > mu+ vm b c~ 
INFO: Process d~ d > ta+ vt d u~ added to mirror process d d~ > ta+ vt d u~ 
INFO: Process d~ d > ta+ vt d c~ added to mirror process d d~ > ta+ vt d c~ 
INFO: Process d~ d > ta+ vt s u~ added to mirror process d d~ > ta+ vt s u~ 
INFO: Process d~ d > ta+ vt s c~ added to mirror process d d~ > ta+ vt s c~ 
INFO: Process d~ d > ta+ vt b u~ added to mirror process d d~ > ta+ vt b u~ 
INFO: Process d~ d > ta+ vt b c~ added to mirror process d d~ > ta+ vt b c~ 
INFO: Process d~ s > e+ ve s u~ added to mirror process s d~ > e+ ve s u~ 
INFO: Process d~ s > e+ ve s c~ added to mirror process s d~ > e+ ve s c~ 
INFO: Process d~ s > mu+ vm s u~ added to mirror process s d~ > mu+ vm s u~ 
INFO: Process d~ s > mu+ vm s c~ added to mirror process s d~ > mu+ vm s c~ 
INFO: Process d~ s > ta+ vt s u~ added to mirror process s d~ > ta+ vt s u~ 
INFO: Process d~ s > ta+ vt s c~ added to mirror process s d~ > ta+ vt s c~ 
INFO: Process d~ u~ > e+ ve u~ u~ added to mirror process u~ d~ > e+ ve u~ u~ 
INFO: Process d~ u~ > e+ ve u~ c~ added to mirror process u~ d~ > e+ ve u~ c~ 
INFO: Process d~ u~ > mu+ vm u~ u~ added to mirror process u~ d~ > mu+ vm u~ u~ 
INFO: Process d~ u~ > mu+ vm u~ c~ added to mirror process u~ d~ > mu+ vm u~ c~ 
INFO: Process d~ u~ > ta+ vt u~ u~ added to mirror process u~ d~ > ta+ vt u~ u~ 
INFO: Process d~ u~ > ta+ vt u~ c~ added to mirror process u~ d~ > ta+ vt u~ c~ 
INFO: Process d~ c~ > e+ ve u~ c~ added to mirror process c~ d~ > e+ ve u~ c~ 
INFO: Process d~ c~ > e+ ve c~ c~ added to mirror process c~ d~ > e+ ve c~ c~ 
INFO: Process d~ c~ > mu+ vm u~ c~ added to mirror process c~ d~ > mu+ vm u~ c~ 
INFO: Process d~ c~ > mu+ vm c~ c~ added to mirror process c~ d~ > mu+ vm c~ c~ 
INFO: Process d~ c~ > ta+ vt u~ c~ added to mirror process c~ d~ > ta+ vt u~ c~ 
INFO: Process d~ c~ > ta+ vt c~ c~ added to mirror process c~ d~ > ta+ vt c~ c~ 
INFO: Trying process: d~ d~ > e+ ve u~ d~ WEIGHTED<=6 $$ t t~ h @2  
INFO: Process has 4 diagrams 
INFO: Trying process: d~ d~ > e+ ve c~ d~ WEIGHTED<=6 $$ t t~ h @2  
INFO: Process has 4 diagrams 
INFO: Trying process: d~ d~ > mu+ vm u~ d~ WEIGHTED<=6 $$ t t~ h @2  
INFO: Process has 4 diagrams 
INFO: Trying process: d~ d~ > mu+ vm c~ d~ WEIGHTED<=6 $$ t t~ h @2  
INFO: Process has 4 diagrams 
INFO: Trying process: d~ d~ > ta+ vt u~ d~ WEIGHTED<=6 $$ t t~ h @2  
INFO: Process has 4 diagrams 
INFO: Trying process: d~ d~ > ta+ vt c~ d~ WEIGHTED<=6 $$ t t~ h @2  
INFO: Process has 4 diagrams 
INFO: Trying process: d~ s~ > e+ ve u~ d~ WEIGHTED<=6 $$ t t~ h @2  
INFO: Process has 2 diagrams 
INFO: Trying process: d~ s~ > e+ ve u~ s~ WEIGHTED<=6 $$ t t~ h @2  
INFO: Process has 2 diagrams 
INFO: Trying process: d~ s~ > e+ ve c~ d~ WEIGHTED<=6 $$ t t~ h @2  
INFO: Process has 2 diagrams 
INFO: Trying process: d~ s~ > e+ ve c~ s~ WEIGHTED<=6 $$ t t~ h @2  
INFO: Process has 2 diagrams 
INFO: Trying process: d~ s~ > mu+ vm u~ d~ WEIGHTED<=6 $$ t t~ h @2  
INFO: Process has 2 diagrams 
INFO: Trying process: d~ s~ > mu+ vm u~ s~ WEIGHTED<=6 $$ t t~ h @2  
INFO: Process has 2 diagrams 
INFO: Trying process: d~ s~ > mu+ vm c~ d~ WEIGHTED<=6 $$ t t~ h @2  
INFO: Process has 2 diagrams 
INFO: Trying process: d~ s~ > mu+ vm c~ s~ WEIGHTED<=6 $$ t t~ h @2  
INFO: Process has 2 diagrams 
INFO: Trying process: d~ s~ > ta+ vt u~ d~ WEIGHTED<=6 $$ t t~ h @2  
INFO: Process has 2 diagrams 
INFO: Trying process: d~ s~ > ta+ vt u~ s~ WEIGHTED<=6 $$ t t~ h @2  
INFO: Process has 2 diagrams 
INFO: Trying process: d~ s~ > ta+ vt c~ d~ WEIGHTED<=6 $$ t t~ h @2  
INFO: Process has 2 diagrams 
INFO: Trying process: d~ s~ > ta+ vt c~ s~ WEIGHTED<=6 $$ t t~ h @2  
INFO: Process has 2 diagrams 
INFO: Trying process: d~ b > e+ ve b u~ WEIGHTED<=6 $$ t t~ h @2  
INFO: Process has 2 diagrams 
INFO: Trying process: d~ b > e+ ve b c~ WEIGHTED<=6 $$ t t~ h @2  
INFO: Process has 2 diagrams 
INFO: Trying process: d~ b > mu+ vm b u~ WEIGHTED<=6 $$ t t~ h @2  
INFO: Process has 2 diagrams 
INFO: Trying process: d~ b > mu+ vm b c~ WEIGHTED<=6 $$ t t~ h @2  
INFO: Process has 2 diagrams 
INFO: Trying process: d~ b > ta+ vt b u~ WEIGHTED<=6 $$ t t~ h @2  
INFO: Process has 2 diagrams 
INFO: Trying process: d~ b > ta+ vt b c~ WEIGHTED<=6 $$ t t~ h @2  
INFO: Process has 2 diagrams 
INFO: Trying process: d~ b~ > e+ ve u~ d~ WEIGHTED<=6 $$ t t~ h @2  
INFO: Process has 2 diagrams 
INFO: Trying process: d~ b~ > e+ ve u~ b~ WEIGHTED<=6 $$ t t~ h @2  
INFO: Process has 2 diagrams 
INFO: Trying process: d~ b~ > e+ ve c~ d~ WEIGHTED<=6 $$ t t~ h @2  
INFO: Process has 2 diagrams 
INFO: Trying process: d~ b~ > e+ ve c~ b~ WEIGHTED<=6 $$ t t~ h @2  
INFO: Process has 2 diagrams 
INFO: Trying process: d~ b~ > mu+ vm u~ d~ WEIGHTED<=6 $$ t t~ h @2  
INFO: Process has 2 diagrams 
INFO: Trying process: d~ b~ > mu+ vm u~ b~ WEIGHTED<=6 $$ t t~ h @2  
INFO: Process has 2 diagrams 
INFO: Trying process: d~ b~ > mu+ vm c~ d~ WEIGHTED<=6 $$ t t~ h @2  
INFO: Process has 2 diagrams 
INFO: Trying process: d~ b~ > mu+ vm c~ b~ WEIGHTED<=6 $$ t t~ h @2  
INFO: Process has 2 diagrams 
INFO: Trying process: d~ b~ > ta+ vt u~ d~ WEIGHTED<=6 $$ t t~ h @2  
INFO: Process has 2 diagrams 
INFO: Trying process: d~ b~ > ta+ vt u~ b~ WEIGHTED<=6 $$ t t~ h @2  
INFO: Process has 2 diagrams 
INFO: Trying process: d~ b~ > ta+ vt c~ d~ WEIGHTED<=6 $$ t t~ h @2  
INFO: Process has 2 diagrams 
INFO: Trying process: d~ b~ > ta+ vt c~ b~ WEIGHTED<=6 $$ t t~ h @2  
INFO: Process has 2 diagrams 
INFO: Process s~ g > e+ ve g u~ added to mirror process g s~ > e+ ve g u~ 
INFO: Process s~ g > e+ ve g c~ added to mirror process g s~ > e+ ve g c~ 
INFO: Process s~ g > mu+ vm g u~ added to mirror process g s~ > mu+ vm g u~ 
INFO: Process s~ g > mu+ vm g c~ added to mirror process g s~ > mu+ vm g c~ 
INFO: Process s~ g > ta+ vt g u~ added to mirror process g s~ > ta+ vt g u~ 
INFO: Process s~ g > ta+ vt g c~ added to mirror process g s~ > ta+ vt g c~ 
INFO: Process s~ u > e+ ve g g added to mirror process u s~ > e+ ve g g 
INFO: Process s~ u > e+ ve u u~ added to mirror process u s~ > e+ ve u u~ 
INFO: Process s~ u > e+ ve u c~ added to mirror process u s~ > e+ ve u c~ 
INFO: Process s~ u > e+ ve c c~ added to mirror process u s~ > e+ ve c c~ 
INFO: Process s~ u > e+ ve d d~ added to mirror process u s~ > e+ ve d d~ 
INFO: Process s~ u > e+ ve d s~ added to mirror process u s~ > e+ ve d s~ 
INFO: Process s~ u > e+ ve s s~ added to mirror process u s~ > e+ ve s s~ 
INFO: Process s~ u > e+ ve b s~ added to mirror process u s~ > e+ ve b s~ 
INFO: Process s~ u > e+ ve b b~ added to mirror process u s~ > e+ ve b b~ 
INFO: Process s~ u > mu+ vm g g added to mirror process u s~ > mu+ vm g g 
INFO: Process s~ u > mu+ vm u u~ added to mirror process u s~ > mu+ vm u u~ 
INFO: Process s~ u > mu+ vm u c~ added to mirror process u s~ > mu+ vm u c~ 
INFO: Process s~ u > mu+ vm c c~ added to mirror process u s~ > mu+ vm c c~ 
INFO: Process s~ u > mu+ vm d d~ added to mirror process u s~ > mu+ vm d d~ 
INFO: Process s~ u > mu+ vm d s~ added to mirror process u s~ > mu+ vm d s~ 
INFO: Process s~ u > mu+ vm s s~ added to mirror process u s~ > mu+ vm s s~ 
INFO: Process s~ u > mu+ vm b s~ added to mirror process u s~ > mu+ vm b s~ 
INFO: Process s~ u > mu+ vm b b~ added to mirror process u s~ > mu+ vm b b~ 
INFO: Process s~ u > ta+ vt g g added to mirror process u s~ > ta+ vt g g 
INFO: Process s~ u > ta+ vt u u~ added to mirror process u s~ > ta+ vt u u~ 
INFO: Process s~ u > ta+ vt u c~ added to mirror process u s~ > ta+ vt u c~ 
INFO: Process s~ u > ta+ vt c c~ added to mirror process u s~ > ta+ vt c c~ 
INFO: Process s~ u > ta+ vt d d~ added to mirror process u s~ > ta+ vt d d~ 
INFO: Process s~ u > ta+ vt d s~ added to mirror process u s~ > ta+ vt d s~ 
INFO: Process s~ u > ta+ vt s s~ added to mirror process u s~ > ta+ vt s s~ 
INFO: Process s~ u > ta+ vt b s~ added to mirror process u s~ > ta+ vt b s~ 
INFO: Process s~ u > ta+ vt b b~ added to mirror process u s~ > ta+ vt b b~ 
INFO: Process s~ c > e+ ve g g added to mirror process c s~ > e+ ve g g 
INFO: Process s~ c > e+ ve u u~ added to mirror process c s~ > e+ ve u u~ 
INFO: Process s~ c > e+ ve c u~ added to mirror process c s~ > e+ ve c u~ 
INFO: Process s~ c > e+ ve c c~ added to mirror process c s~ > e+ ve c c~ 
INFO: Process s~ c > e+ ve d d~ added to mirror process c s~ > e+ ve d d~ 
INFO: Process s~ c > e+ ve d s~ added to mirror process c s~ > e+ ve d s~ 
INFO: Process s~ c > e+ ve s s~ added to mirror process c s~ > e+ ve s s~ 
INFO: Process s~ c > e+ ve b s~ added to mirror process c s~ > e+ ve b s~ 
INFO: Process s~ c > e+ ve b b~ added to mirror process c s~ > e+ ve b b~ 
INFO: Process s~ c > mu+ vm g g added to mirror process c s~ > mu+ vm g g 
INFO: Process s~ c > mu+ vm u u~ added to mirror process c s~ > mu+ vm u u~ 
INFO: Process s~ c > mu+ vm c u~ added to mirror process c s~ > mu+ vm c u~ 
INFO: Process s~ c > mu+ vm c c~ added to mirror process c s~ > mu+ vm c c~ 
INFO: Process s~ c > mu+ vm d d~ added to mirror process c s~ > mu+ vm d d~ 
INFO: Process s~ c > mu+ vm d s~ added to mirror process c s~ > mu+ vm d s~ 
INFO: Process s~ c > mu+ vm s s~ added to mirror process c s~ > mu+ vm s s~ 
INFO: Process s~ c > mu+ vm b s~ added to mirror process c s~ > mu+ vm b s~ 
INFO: Process s~ c > mu+ vm b b~ added to mirror process c s~ > mu+ vm b b~ 
INFO: Process s~ c > ta+ vt g g added to mirror process c s~ > ta+ vt g g 
INFO: Process s~ c > ta+ vt u u~ added to mirror process c s~ > ta+ vt u u~ 
INFO: Process s~ c > ta+ vt c u~ added to mirror process c s~ > ta+ vt c u~ 
INFO: Process s~ c > ta+ vt c c~ added to mirror process c s~ > ta+ vt c c~ 
INFO: Process s~ c > ta+ vt d d~ added to mirror process c s~ > ta+ vt d d~ 
INFO: Process s~ c > ta+ vt d s~ added to mirror process c s~ > ta+ vt d s~ 
INFO: Process s~ c > ta+ vt s s~ added to mirror process c s~ > ta+ vt s s~ 
INFO: Process s~ c > ta+ vt b s~ added to mirror process c s~ > ta+ vt b s~ 
INFO: Process s~ c > ta+ vt b b~ added to mirror process c s~ > ta+ vt b b~ 
INFO: Process s~ d > e+ ve d u~ added to mirror process d s~ > e+ ve d u~ 
INFO: Process s~ d > e+ ve d c~ added to mirror process d s~ > e+ ve d c~ 
INFO: Process s~ d > mu+ vm d u~ added to mirror process d s~ > mu+ vm d u~ 
INFO: Process s~ d > mu+ vm d c~ added to mirror process d s~ > mu+ vm d c~ 
INFO: Process s~ d > ta+ vt d u~ added to mirror process d s~ > ta+ vt d u~ 
INFO: Process s~ d > ta+ vt d c~ added to mirror process d s~ > ta+ vt d c~ 
INFO: Process s~ s > e+ ve d u~ added to mirror process s s~ > e+ ve d u~ 
INFO: Process s~ s > e+ ve d c~ added to mirror process s s~ > e+ ve d c~ 
INFO: Process s~ s > e+ ve s u~ added to mirror process s s~ > e+ ve s u~ 
INFO: Process s~ s > e+ ve s c~ added to mirror process s s~ > e+ ve s c~ 
INFO: Process s~ s > e+ ve b u~ added to mirror process s s~ > e+ ve b u~ 
INFO: Process s~ s > e+ ve b c~ added to mirror process s s~ > e+ ve b c~ 
INFO: Process s~ s > mu+ vm d u~ added to mirror process s s~ > mu+ vm d u~ 
INFO: Process s~ s > mu+ vm d c~ added to mirror process s s~ > mu+ vm d c~ 
INFO: Process s~ s > mu+ vm s u~ added to mirror process s s~ > mu+ vm s u~ 
INFO: Process s~ s > mu+ vm s c~ added to mirror process s s~ > mu+ vm s c~ 
INFO: Process s~ s > mu+ vm b u~ added to mirror process s s~ > mu+ vm b u~ 
INFO: Process s~ s > mu+ vm b c~ added to mirror process s s~ > mu+ vm b c~ 
INFO: Process s~ s > ta+ vt d u~ added to mirror process s s~ > ta+ vt d u~ 
INFO: Process s~ s > ta+ vt d c~ added to mirror process s s~ > ta+ vt d c~ 
INFO: Process s~ s > ta+ vt s u~ added to mirror process s s~ > ta+ vt s u~ 
INFO: Process s~ s > ta+ vt s c~ added to mirror process s s~ > ta+ vt s c~ 
INFO: Process s~ s > ta+ vt b u~ added to mirror process s s~ > ta+ vt b u~ 
INFO: Process s~ s > ta+ vt b c~ added to mirror process s s~ > ta+ vt b c~ 
INFO: Process s~ u~ > e+ ve u~ u~ added to mirror process u~ s~ > e+ ve u~ u~ 
INFO: Process s~ u~ > e+ ve u~ c~ added to mirror process u~ s~ > e+ ve u~ c~ 
INFO: Process s~ u~ > mu+ vm u~ u~ added to mirror process u~ s~ > mu+ vm u~ u~ 
INFO: Process s~ u~ > mu+ vm u~ c~ added to mirror process u~ s~ > mu+ vm u~ c~ 
INFO: Process s~ u~ > ta+ vt u~ u~ added to mirror process u~ s~ > ta+ vt u~ u~ 
INFO: Process s~ u~ > ta+ vt u~ c~ added to mirror process u~ s~ > ta+ vt u~ c~ 
INFO: Process s~ c~ > e+ ve u~ c~ added to mirror process c~ s~ > e+ ve u~ c~ 
INFO: Process s~ c~ > e+ ve c~ c~ added to mirror process c~ s~ > e+ ve c~ c~ 
INFO: Process s~ c~ > mu+ vm u~ c~ added to mirror process c~ s~ > mu+ vm u~ c~ 
INFO: Process s~ c~ > mu+ vm c~ c~ added to mirror process c~ s~ > mu+ vm c~ c~ 
INFO: Process s~ c~ > ta+ vt u~ c~ added to mirror process c~ s~ > ta+ vt u~ c~ 
INFO: Process s~ c~ > ta+ vt c~ c~ added to mirror process c~ s~ > ta+ vt c~ c~ 
INFO: Process s~ d~ > e+ ve u~ d~ added to mirror process d~ s~ > e+ ve u~ d~ 
INFO: Process s~ d~ > e+ ve u~ s~ added to mirror process d~ s~ > e+ ve u~ s~ 
INFO: Process s~ d~ > e+ ve c~ d~ added to mirror process d~ s~ > e+ ve c~ d~ 
INFO: Process s~ d~ > e+ ve c~ s~ added to mirror process d~ s~ > e+ ve c~ s~ 
INFO: Process s~ d~ > mu+ vm u~ d~ added to mirror process d~ s~ > mu+ vm u~ d~ 
INFO: Process s~ d~ > mu+ vm u~ s~ added to mirror process d~ s~ > mu+ vm u~ s~ 
INFO: Process s~ d~ > mu+ vm c~ d~ added to mirror process d~ s~ > mu+ vm c~ d~ 
INFO: Process s~ d~ > mu+ vm c~ s~ added to mirror process d~ s~ > mu+ vm c~ s~ 
INFO: Process s~ d~ > ta+ vt u~ d~ added to mirror process d~ s~ > ta+ vt u~ d~ 
INFO: Process s~ d~ > ta+ vt u~ s~ added to mirror process d~ s~ > ta+ vt u~ s~ 
INFO: Process s~ d~ > ta+ vt c~ d~ added to mirror process d~ s~ > ta+ vt c~ d~ 
INFO: Process s~ d~ > ta+ vt c~ s~ added to mirror process d~ s~ > ta+ vt c~ s~ 
INFO: Trying process: s~ s~ > e+ ve u~ s~ WEIGHTED<=6 $$ t t~ h @2  
INFO: Process has 4 diagrams 
INFO: Trying process: s~ s~ > e+ ve c~ s~ WEIGHTED<=6 $$ t t~ h @2  
INFO: Process has 4 diagrams 
INFO: Trying process: s~ s~ > mu+ vm u~ s~ WEIGHTED<=6 $$ t t~ h @2  
INFO: Process has 4 diagrams 
INFO: Trying process: s~ s~ > mu+ vm c~ s~ WEIGHTED<=6 $$ t t~ h @2  
INFO: Process has 4 diagrams 
INFO: Trying process: s~ s~ > ta+ vt u~ s~ WEIGHTED<=6 $$ t t~ h @2  
INFO: Process has 4 diagrams 
INFO: Trying process: s~ s~ > ta+ vt c~ s~ WEIGHTED<=6 $$ t t~ h @2  
INFO: Process has 4 diagrams 
INFO: Trying process: s~ b > e+ ve b u~ WEIGHTED<=6 $$ t t~ h @2  
INFO: Process has 2 diagrams 
INFO: Trying process: s~ b > e+ ve b c~ WEIGHTED<=6 $$ t t~ h @2  
INFO: Process has 2 diagrams 
INFO: Trying process: s~ b > mu+ vm b u~ WEIGHTED<=6 $$ t t~ h @2  
INFO: Process has 2 diagrams 
INFO: Trying process: s~ b > mu+ vm b c~ WEIGHTED<=6 $$ t t~ h @2  
INFO: Process has 2 diagrams 
INFO: Trying process: s~ b > ta+ vt b u~ WEIGHTED<=6 $$ t t~ h @2  
INFO: Process has 2 diagrams 
INFO: Trying process: s~ b > ta+ vt b c~ WEIGHTED<=6 $$ t t~ h @2  
INFO: Process has 2 diagrams 
INFO: Trying process: s~ b~ > e+ ve u~ s~ WEIGHTED<=6 $$ t t~ h @2  
INFO: Process has 2 diagrams 
INFO: Trying process: s~ b~ > e+ ve u~ b~ WEIGHTED<=6 $$ t t~ h @2  
INFO: Process has 2 diagrams 
INFO: Trying process: s~ b~ > e+ ve c~ s~ WEIGHTED<=6 $$ t t~ h @2  
INFO: Process has 2 diagrams 
INFO: Trying process: s~ b~ > e+ ve c~ b~ WEIGHTED<=6 $$ t t~ h @2  
INFO: Process has 2 diagrams 
INFO: Trying process: s~ b~ > mu+ vm u~ s~ WEIGHTED<=6 $$ t t~ h @2  
INFO: Process has 2 diagrams 
INFO: Trying process: s~ b~ > mu+ vm u~ b~ WEIGHTED<=6 $$ t t~ h @2  
INFO: Process has 2 diagrams 
INFO: Trying process: s~ b~ > mu+ vm c~ s~ WEIGHTED<=6 $$ t t~ h @2  
INFO: Process has 2 diagrams 
INFO: Trying process: s~ b~ > mu+ vm c~ b~ WEIGHTED<=6 $$ t t~ h @2  
INFO: Process has 2 diagrams 
INFO: Trying process: s~ b~ > ta+ vt u~ s~ WEIGHTED<=6 $$ t t~ h @2  
INFO: Process has 2 diagrams 
INFO: Trying process: s~ b~ > ta+ vt u~ b~ WEIGHTED<=6 $$ t t~ h @2  
INFO: Process has 2 diagrams 
INFO: Trying process: s~ b~ > ta+ vt c~ s~ WEIGHTED<=6 $$ t t~ h @2  
INFO: Process has 2 diagrams 
INFO: Trying process: s~ b~ > ta+ vt c~ b~ WEIGHTED<=6 $$ t t~ h @2  
INFO: Process has 2 diagrams 
INFO: Process b u > e+ ve d b added to mirror process u b > e+ ve d b 
INFO: Process b u > e+ ve s b added to mirror process u b > e+ ve s b 
INFO: Process b u > e+ ve b b added to mirror process u b > e+ ve b b 
INFO: Process b u > mu+ vm d b added to mirror process u b > mu+ vm d b 
INFO: Process b u > mu+ vm s b added to mirror process u b > mu+ vm s b 
INFO: Process b u > mu+ vm b b added to mirror process u b > mu+ vm b b 
INFO: Process b u > ta+ vt d b added to mirror process u b > ta+ vt d b 
INFO: Process b u > ta+ vt s b added to mirror process u b > ta+ vt s b 
INFO: Process b u > ta+ vt b b added to mirror process u b > ta+ vt b b 
INFO: Process b c > e+ ve d b added to mirror process c b > e+ ve d b 
INFO: Process b c > e+ ve s b added to mirror process c b > e+ ve s b 
INFO: Process b c > e+ ve b b added to mirror process c b > e+ ve b b 
INFO: Process b c > mu+ vm d b added to mirror process c b > mu+ vm d b 
INFO: Process b c > mu+ vm s b added to mirror process c b > mu+ vm s b 
INFO: Process b c > mu+ vm b b added to mirror process c b > mu+ vm b b 
INFO: Process b c > ta+ vt d b added to mirror process c b > ta+ vt d b 
INFO: Process b c > ta+ vt s b added to mirror process c b > ta+ vt s b 
INFO: Process b c > ta+ vt b b added to mirror process c b > ta+ vt b b 
INFO: Process b d~ > e+ ve b u~ added to mirror process d~ b > e+ ve b u~ 
INFO: Process b d~ > e+ ve b c~ added to mirror process d~ b > e+ ve b c~ 
INFO: Process b d~ > mu+ vm b u~ added to mirror process d~ b > mu+ vm b u~ 
INFO: Process b d~ > mu+ vm b c~ added to mirror process d~ b > mu+ vm b c~ 
INFO: Process b d~ > ta+ vt b u~ added to mirror process d~ b > ta+ vt b u~ 
INFO: Process b d~ > ta+ vt b c~ added to mirror process d~ b > ta+ vt b c~ 
INFO: Process b s~ > e+ ve b u~ added to mirror process s~ b > e+ ve b u~ 
INFO: Process b s~ > e+ ve b c~ added to mirror process s~ b > e+ ve b c~ 
INFO: Process b s~ > mu+ vm b u~ added to mirror process s~ b > mu+ vm b u~ 
INFO: Process b s~ > mu+ vm b c~ added to mirror process s~ b > mu+ vm b c~ 
INFO: Process b s~ > ta+ vt b u~ added to mirror process s~ b > ta+ vt b u~ 
INFO: Process b s~ > ta+ vt b c~ added to mirror process s~ b > ta+ vt b c~ 
INFO: Trying process: b b~ > e+ ve d u~ WEIGHTED<=6 $$ t t~ h @2  
INFO: Process has 2 diagrams 
INFO: Trying process: b b~ > e+ ve d c~ WEIGHTED<=6 $$ t t~ h @2  
INFO: Process has 2 diagrams 
INFO: Trying process: b b~ > e+ ve s u~ WEIGHTED<=6 $$ t t~ h @2  
INFO: Process has 2 diagrams 
INFO: Trying process: b b~ > e+ ve s c~ WEIGHTED<=6 $$ t t~ h @2  
INFO: Process has 2 diagrams 
INFO: Trying process: b b~ > e+ ve b u~ WEIGHTED<=6 $$ t t~ h @2  
INFO: Process has 4 diagrams 
INFO: Trying process: b b~ > e+ ve b c~ WEIGHTED<=6 $$ t t~ h @2  
INFO: Process has 4 diagrams 
INFO: Trying process: b b~ > mu+ vm d u~ WEIGHTED<=6 $$ t t~ h @2  
INFO: Process has 2 diagrams 
INFO: Trying process: b b~ > mu+ vm d c~ WEIGHTED<=6 $$ t t~ h @2  
INFO: Process has 2 diagrams 
INFO: Trying process: b b~ > mu+ vm s u~ WEIGHTED<=6 $$ t t~ h @2  
INFO: Process has 2 diagrams 
INFO: Trying process: b b~ > mu+ vm s c~ WEIGHTED<=6 $$ t t~ h @2  
INFO: Process has 2 diagrams 
INFO: Trying process: b b~ > mu+ vm b u~ WEIGHTED<=6 $$ t t~ h @2  
INFO: Process has 4 diagrams 
INFO: Trying process: b b~ > mu+ vm b c~ WEIGHTED<=6 $$ t t~ h @2  
INFO: Process has 4 diagrams 
INFO: Trying process: b b~ > ta+ vt d u~ WEIGHTED<=6 $$ t t~ h @2  
INFO: Process has 2 diagrams 
INFO: Trying process: b b~ > ta+ vt d c~ WEIGHTED<=6 $$ t t~ h @2  
INFO: Process has 2 diagrams 
INFO: Trying process: b b~ > ta+ vt s u~ WEIGHTED<=6 $$ t t~ h @2  
INFO: Process has 2 diagrams 
INFO: Trying process: b b~ > ta+ vt s c~ WEIGHTED<=6 $$ t t~ h @2  
INFO: Process has 2 diagrams 
INFO: Trying process: b b~ > ta+ vt b u~ WEIGHTED<=6 $$ t t~ h @2  
INFO: Process has 4 diagrams 
INFO: Trying process: b b~ > ta+ vt b c~ WEIGHTED<=6 $$ t t~ h @2  
INFO: Process has 4 diagrams 
INFO: Process b~ g > e+ ve g u~ added to mirror process g b~ > e+ ve g u~ 
INFO: Process b~ g > e+ ve g c~ added to mirror process g b~ > e+ ve g c~ 
INFO: Process b~ g > mu+ vm g u~ added to mirror process g b~ > mu+ vm g u~ 
INFO: Process b~ g > mu+ vm g c~ added to mirror process g b~ > mu+ vm g c~ 
INFO: Process b~ g > ta+ vt g u~ added to mirror process g b~ > ta+ vt g u~ 
INFO: Process b~ g > ta+ vt g c~ added to mirror process g b~ > ta+ vt g c~ 
INFO: Process b~ u > e+ ve g g added to mirror process u b~ > e+ ve g g 
INFO: Process b~ u > e+ ve u u~ added to mirror process u b~ > e+ ve u u~ 
INFO: Process b~ u > e+ ve u c~ added to mirror process u b~ > e+ ve u c~ 
INFO: Process b~ u > e+ ve c c~ added to mirror process u b~ > e+ ve c c~ 
INFO: Process b~ u > e+ ve d d~ added to mirror process u b~ > e+ ve d d~ 
INFO: Process b~ u > e+ ve d b~ added to mirror process u b~ > e+ ve d b~ 
INFO: Process b~ u > e+ ve s s~ added to mirror process u b~ > e+ ve s s~ 
INFO: Process b~ u > e+ ve s b~ added to mirror process u b~ > e+ ve s b~ 
INFO: Process b~ u > e+ ve b b~ added to mirror process u b~ > e+ ve b b~ 
INFO: Process b~ u > mu+ vm g g added to mirror process u b~ > mu+ vm g g 
INFO: Process b~ u > mu+ vm u u~ added to mirror process u b~ > mu+ vm u u~ 
INFO: Process b~ u > mu+ vm u c~ added to mirror process u b~ > mu+ vm u c~ 
INFO: Process b~ u > mu+ vm c c~ added to mirror process u b~ > mu+ vm c c~ 
INFO: Process b~ u > mu+ vm d d~ added to mirror process u b~ > mu+ vm d d~ 
INFO: Process b~ u > mu+ vm d b~ added to mirror process u b~ > mu+ vm d b~ 
INFO: Process b~ u > mu+ vm s s~ added to mirror process u b~ > mu+ vm s s~ 
INFO: Process b~ u > mu+ vm s b~ added to mirror process u b~ > mu+ vm s b~ 
INFO: Process b~ u > mu+ vm b b~ added to mirror process u b~ > mu+ vm b b~ 
INFO: Process b~ u > ta+ vt g g added to mirror process u b~ > ta+ vt g g 
INFO: Process b~ u > ta+ vt u u~ added to mirror process u b~ > ta+ vt u u~ 
INFO: Process b~ u > ta+ vt u c~ added to mirror process u b~ > ta+ vt u c~ 
INFO: Process b~ u > ta+ vt c c~ added to mirror process u b~ > ta+ vt c c~ 
INFO: Process b~ u > ta+ vt d d~ added to mirror process u b~ > ta+ vt d d~ 
INFO: Process b~ u > ta+ vt d b~ added to mirror process u b~ > ta+ vt d b~ 
INFO: Process b~ u > ta+ vt s s~ added to mirror process u b~ > ta+ vt s s~ 
INFO: Process b~ u > ta+ vt s b~ added to mirror process u b~ > ta+ vt s b~ 
INFO: Process b~ u > ta+ vt b b~ added to mirror process u b~ > ta+ vt b b~ 
INFO: Process b~ c > e+ ve g g added to mirror process c b~ > e+ ve g g 
INFO: Process b~ c > e+ ve u u~ added to mirror process c b~ > e+ ve u u~ 
INFO: Process b~ c > e+ ve c u~ added to mirror process c b~ > e+ ve c u~ 
INFO: Process b~ c > e+ ve c c~ added to mirror process c b~ > e+ ve c c~ 
INFO: Process b~ c > e+ ve d d~ added to mirror process c b~ > e+ ve d d~ 
INFO: Process b~ c > e+ ve d b~ added to mirror process c b~ > e+ ve d b~ 
INFO: Process b~ c > e+ ve s s~ added to mirror process c b~ > e+ ve s s~ 
INFO: Process b~ c > e+ ve s b~ added to mirror process c b~ > e+ ve s b~ 
INFO: Process b~ c > e+ ve b b~ added to mirror process c b~ > e+ ve b b~ 
INFO: Process b~ c > mu+ vm g g added to mirror process c b~ > mu+ vm g g 
INFO: Process b~ c > mu+ vm u u~ added to mirror process c b~ > mu+ vm u u~ 
INFO: Process b~ c > mu+ vm c u~ added to mirror process c b~ > mu+ vm c u~ 
INFO: Process b~ c > mu+ vm c c~ added to mirror process c b~ > mu+ vm c c~ 
INFO: Process b~ c > mu+ vm d d~ added to mirror process c b~ > mu+ vm d d~ 
INFO: Process b~ c > mu+ vm d b~ added to mirror process c b~ > mu+ vm d b~ 
INFO: Process b~ c > mu+ vm s s~ added to mirror process c b~ > mu+ vm s s~ 
INFO: Process b~ c > mu+ vm s b~ added to mirror process c b~ > mu+ vm s b~ 
INFO: Process b~ c > mu+ vm b b~ added to mirror process c b~ > mu+ vm b b~ 
INFO: Process b~ c > ta+ vt g g added to mirror process c b~ > ta+ vt g g 
INFO: Process b~ c > ta+ vt u u~ added to mirror process c b~ > ta+ vt u u~ 
INFO: Process b~ c > ta+ vt c u~ added to mirror process c b~ > ta+ vt c u~ 
INFO: Process b~ c > ta+ vt c c~ added to mirror process c b~ > ta+ vt c c~ 
INFO: Process b~ c > ta+ vt d d~ added to mirror process c b~ > ta+ vt d d~ 
INFO: Process b~ c > ta+ vt d b~ added to mirror process c b~ > ta+ vt d b~ 
INFO: Process b~ c > ta+ vt s s~ added to mirror process c b~ > ta+ vt s s~ 
INFO: Process b~ c > ta+ vt s b~ added to mirror process c b~ > ta+ vt s b~ 
INFO: Process b~ c > ta+ vt b b~ added to mirror process c b~ > ta+ vt b b~ 
INFO: Process b~ d > e+ ve d u~ added to mirror process d b~ > e+ ve d u~ 
INFO: Process b~ d > e+ ve d c~ added to mirror process d b~ > e+ ve d c~ 
INFO: Process b~ d > mu+ vm d u~ added to mirror process d b~ > mu+ vm d u~ 
INFO: Process b~ d > mu+ vm d c~ added to mirror process d b~ > mu+ vm d c~ 
INFO: Process b~ d > ta+ vt d u~ added to mirror process d b~ > ta+ vt d u~ 
INFO: Process b~ d > ta+ vt d c~ added to mirror process d b~ > ta+ vt d c~ 
INFO: Process b~ s > e+ ve s u~ added to mirror process s b~ > e+ ve s u~ 
INFO: Process b~ s > e+ ve s c~ added to mirror process s b~ > e+ ve s c~ 
INFO: Process b~ s > mu+ vm s u~ added to mirror process s b~ > mu+ vm s u~ 
INFO: Process b~ s > mu+ vm s c~ added to mirror process s b~ > mu+ vm s c~ 
INFO: Process b~ s > ta+ vt s u~ added to mirror process s b~ > ta+ vt s u~ 
INFO: Process b~ s > ta+ vt s c~ added to mirror process s b~ > ta+ vt s c~ 
INFO: Process b~ u~ > e+ ve u~ u~ added to mirror process u~ b~ > e+ ve u~ u~ 
INFO: Process b~ u~ > e+ ve u~ c~ added to mirror process u~ b~ > e+ ve u~ c~ 
INFO: Process b~ u~ > mu+ vm u~ u~ added to mirror process u~ b~ > mu+ vm u~ u~ 
INFO: Process b~ u~ > mu+ vm u~ c~ added to mirror process u~ b~ > mu+ vm u~ c~ 
INFO: Process b~ u~ > ta+ vt u~ u~ added to mirror process u~ b~ > ta+ vt u~ u~ 
INFO: Process b~ u~ > ta+ vt u~ c~ added to mirror process u~ b~ > ta+ vt u~ c~ 
INFO: Process b~ c~ > e+ ve u~ c~ added to mirror process c~ b~ > e+ ve u~ c~ 
INFO: Process b~ c~ > e+ ve c~ c~ added to mirror process c~ b~ > e+ ve c~ c~ 
INFO: Process b~ c~ > mu+ vm u~ c~ added to mirror process c~ b~ > mu+ vm u~ c~ 
INFO: Process b~ c~ > mu+ vm c~ c~ added to mirror process c~ b~ > mu+ vm c~ c~ 
INFO: Process b~ c~ > ta+ vt u~ c~ added to mirror process c~ b~ > ta+ vt u~ c~ 
INFO: Process b~ c~ > ta+ vt c~ c~ added to mirror process c~ b~ > ta+ vt c~ c~ 
INFO: Process b~ d~ > e+ ve u~ d~ added to mirror process d~ b~ > e+ ve u~ d~ 
INFO: Process b~ d~ > e+ ve u~ b~ added to mirror process d~ b~ > e+ ve u~ b~ 
INFO: Process b~ d~ > e+ ve c~ d~ added to mirror process d~ b~ > e+ ve c~ d~ 
INFO: Process b~ d~ > e+ ve c~ b~ added to mirror process d~ b~ > e+ ve c~ b~ 
INFO: Process b~ d~ > mu+ vm u~ d~ added to mirror process d~ b~ > mu+ vm u~ d~ 
INFO: Process b~ d~ > mu+ vm u~ b~ added to mirror process d~ b~ > mu+ vm u~ b~ 
INFO: Process b~ d~ > mu+ vm c~ d~ added to mirror process d~ b~ > mu+ vm c~ d~ 
INFO: Process b~ d~ > mu+ vm c~ b~ added to mirror process d~ b~ > mu+ vm c~ b~ 
INFO: Process b~ d~ > ta+ vt u~ d~ added to mirror process d~ b~ > ta+ vt u~ d~ 
INFO: Process b~ d~ > ta+ vt u~ b~ added to mirror process d~ b~ > ta+ vt u~ b~ 
INFO: Process b~ d~ > ta+ vt c~ d~ added to mirror process d~ b~ > ta+ vt c~ d~ 
INFO: Process b~ d~ > ta+ vt c~ b~ added to mirror process d~ b~ > ta+ vt c~ b~ 
INFO: Process b~ s~ > e+ ve u~ s~ added to mirror process s~ b~ > e+ ve u~ s~ 
INFO: Process b~ s~ > e+ ve u~ b~ added to mirror process s~ b~ > e+ ve u~ b~ 
INFO: Process b~ s~ > e+ ve c~ s~ added to mirror process s~ b~ > e+ ve c~ s~ 
INFO: Process b~ s~ > e+ ve c~ b~ added to mirror process s~ b~ > e+ ve c~ b~ 
INFO: Process b~ s~ > mu+ vm u~ s~ added to mirror process s~ b~ > mu+ vm u~ s~ 
INFO: Process b~ s~ > mu+ vm u~ b~ added to mirror process s~ b~ > mu+ vm u~ b~ 
INFO: Process b~ s~ > mu+ vm c~ s~ added to mirror process s~ b~ > mu+ vm c~ s~ 
INFO: Process b~ s~ > mu+ vm c~ b~ added to mirror process s~ b~ > mu+ vm c~ b~ 
INFO: Process b~ s~ > ta+ vt u~ s~ added to mirror process s~ b~ > ta+ vt u~ s~ 
INFO: Process b~ s~ > ta+ vt u~ b~ added to mirror process s~ b~ > ta+ vt u~ b~ 
INFO: Process b~ s~ > ta+ vt c~ s~ added to mirror process s~ b~ > ta+ vt c~ s~ 
INFO: Process b~ s~ > ta+ vt c~ b~ added to mirror process s~ b~ > ta+ vt c~ b~ 
INFO: Process b~ b > e+ ve d u~ added to mirror process b b~ > e+ ve d u~ 
INFO: Process b~ b > e+ ve d c~ added to mirror process b b~ > e+ ve d c~ 
INFO: Process b~ b > e+ ve s u~ added to mirror process b b~ > e+ ve s u~ 
INFO: Process b~ b > e+ ve s c~ added to mirror process b b~ > e+ ve s c~ 
INFO: Process b~ b > e+ ve b u~ added to mirror process b b~ > e+ ve b u~ 
INFO: Process b~ b > e+ ve b c~ added to mirror process b b~ > e+ ve b c~ 
INFO: Process b~ b > mu+ vm d u~ added to mirror process b b~ > mu+ vm d u~ 
INFO: Process b~ b > mu+ vm d c~ added to mirror process b b~ > mu+ vm d c~ 
INFO: Process b~ b > mu+ vm s u~ added to mirror process b b~ > mu+ vm s u~ 
INFO: Process b~ b > mu+ vm s c~ added to mirror process b b~ > mu+ vm s c~ 
INFO: Process b~ b > mu+ vm b u~ added to mirror process b b~ > mu+ vm b u~ 
INFO: Process b~ b > mu+ vm b c~ added to mirror process b b~ > mu+ vm b c~ 
INFO: Process b~ b > ta+ vt d u~ added to mirror process b b~ > ta+ vt d u~ 
INFO: Process b~ b > ta+ vt d c~ added to mirror process b b~ > ta+ vt d c~ 
INFO: Process b~ b > ta+ vt s u~ added to mirror process b b~ > ta+ vt s u~ 
INFO: Process b~ b > ta+ vt s c~ added to mirror process b b~ > ta+ vt s c~ 
INFO: Process b~ b > ta+ vt b u~ added to mirror process b b~ > ta+ vt b u~ 
INFO: Process b~ b > ta+ vt b c~ added to mirror process b b~ > ta+ vt b c~ 
INFO: Trying process: b~ b~ > e+ ve u~ b~ WEIGHTED<=6 $$ t t~ h @2  
INFO: Process has 4 diagrams 
INFO: Trying process: b~ b~ > e+ ve c~ b~ WEIGHTED<=6 $$ t t~ h @2  
INFO: Process has 4 diagrams 
INFO: Trying process: b~ b~ > mu+ vm u~ b~ WEIGHTED<=6 $$ t t~ h @2  
INFO: Process has 4 diagrams 
INFO: Trying process: b~ b~ > mu+ vm c~ b~ WEIGHTED<=6 $$ t t~ h @2  
INFO: Process has 4 diagrams 
INFO: Trying process: b~ b~ > ta+ vt u~ b~ WEIGHTED<=6 $$ t t~ h @2  
INFO: Process has 4 diagrams 
INFO: Trying process: b~ b~ > ta+ vt c~ b~ WEIGHTED<=6 $$ t t~ h @2  
INFO: Process has 4 diagrams 
540 processes with 1800 diagrams generated in 31.627 s
Total: 612 processes with 1926 diagrams
add process p p > l- vl~ $$ t t~ h @5
INFO: Checking for minimal orders which gives processes. 
INFO: Please specify coupling orders to bypass this step. 
INFO: Trying process: d u~ > e- ve~ WEIGHTED<=4 $$ t t~ h @5  
INFO: Process has 1 diagrams 
INFO: Trying process: d u~ > e- vm~ WEIGHTED<=4 $$ t t~ h @5  
INFO: Trying process: d u~ > e- vt~ WEIGHTED<=4 $$ t t~ h @5  
INFO: Trying process: d u~ > mu- ve~ WEIGHTED<=4 $$ t t~ h @5  
INFO: Trying process: d u~ > mu- vm~ WEIGHTED<=4 $$ t t~ h @5  
INFO: Process has 1 diagrams 
INFO: Trying process: d u~ > mu- vt~ WEIGHTED<=4 $$ t t~ h @5  
INFO: Trying process: d u~ > ta- ve~ WEIGHTED<=4 $$ t t~ h @5  
INFO: Trying process: d u~ > ta- vm~ WEIGHTED<=4 $$ t t~ h @5  
INFO: Trying process: d u~ > ta- vt~ WEIGHTED<=4 $$ t t~ h @5  
INFO: Process has 1 diagrams 
INFO: Trying process: d c~ > e- ve~ WEIGHTED<=4 $$ t t~ h @5  
INFO: Process has 1 diagrams 
INFO: Trying process: d c~ > e- vm~ WEIGHTED<=4 $$ t t~ h @5  
INFO: Trying process: d c~ > e- vt~ WEIGHTED<=4 $$ t t~ h @5  
INFO: Trying process: d c~ > mu- ve~ WEIGHTED<=4 $$ t t~ h @5  
INFO: Trying process: d c~ > mu- vm~ WEIGHTED<=4 $$ t t~ h @5  
INFO: Process has 1 diagrams 
INFO: Trying process: d c~ > mu- vt~ WEIGHTED<=4 $$ t t~ h @5  
INFO: Trying process: d c~ > ta- ve~ WEIGHTED<=4 $$ t t~ h @5  
INFO: Trying process: d c~ > ta- vm~ WEIGHTED<=4 $$ t t~ h @5  
INFO: Trying process: d c~ > ta- vt~ WEIGHTED<=4 $$ t t~ h @5  
INFO: Process has 1 diagrams 
INFO: Trying process: s u~ > e- ve~ WEIGHTED<=4 $$ t t~ h @5  
INFO: Process has 1 diagrams 
INFO: Trying process: s u~ > e- vm~ WEIGHTED<=4 $$ t t~ h @5  
INFO: Trying process: s u~ > e- vt~ WEIGHTED<=4 $$ t t~ h @5  
INFO: Trying process: s u~ > mu- ve~ WEIGHTED<=4 $$ t t~ h @5  
INFO: Trying process: s u~ > mu- vm~ WEIGHTED<=4 $$ t t~ h @5  
INFO: Process has 1 diagrams 
INFO: Trying process: s u~ > mu- vt~ WEIGHTED<=4 $$ t t~ h @5  
INFO: Trying process: s u~ > ta- ve~ WEIGHTED<=4 $$ t t~ h @5  
INFO: Trying process: s u~ > ta- vm~ WEIGHTED<=4 $$ t t~ h @5  
INFO: Trying process: s u~ > ta- vt~ WEIGHTED<=4 $$ t t~ h @5  
INFO: Process has 1 diagrams 
INFO: Trying process: s c~ > e- ve~ WEIGHTED<=4 $$ t t~ h @5  
INFO: Process has 1 diagrams 
INFO: Trying process: s c~ > e- vm~ WEIGHTED<=4 $$ t t~ h @5  
INFO: Trying process: s c~ > e- vt~ WEIGHTED<=4 $$ t t~ h @5  
INFO: Trying process: s c~ > mu- ve~ WEIGHTED<=4 $$ t t~ h @5  
INFO: Trying process: s c~ > mu- vm~ WEIGHTED<=4 $$ t t~ h @5  
INFO: Process has 1 diagrams 
INFO: Trying process: s c~ > mu- vt~ WEIGHTED<=4 $$ t t~ h @5  
INFO: Trying process: s c~ > ta- ve~ WEIGHTED<=4 $$ t t~ h @5  
INFO: Trying process: s c~ > ta- vm~ WEIGHTED<=4 $$ t t~ h @5  
INFO: Trying process: s c~ > ta- vt~ WEIGHTED<=4 $$ t t~ h @5  
INFO: Process has 1 diagrams 
INFO: Process u~ d > e- ve~ added to mirror process d u~ > e- ve~ 
INFO: Process u~ d > mu- vm~ added to mirror process d u~ > mu- vm~ 
INFO: Process u~ d > ta- vt~ added to mirror process d u~ > ta- vt~ 
INFO: Process u~ s > e- ve~ added to mirror process s u~ > e- ve~ 
INFO: Process u~ s > mu- vm~ added to mirror process s u~ > mu- vm~ 
INFO: Process u~ s > ta- vt~ added to mirror process s u~ > ta- vt~ 
INFO: Trying process: u~ b > e- ve~ WEIGHTED<=4 $$ t t~ h @5  
INFO: Process has 1 diagrams 
INFO: Trying process: u~ b > e- vm~ WEIGHTED<=4 $$ t t~ h @5  
INFO: Trying process: u~ b > e- vt~ WEIGHTED<=4 $$ t t~ h @5  
INFO: Trying process: u~ b > mu- ve~ WEIGHTED<=4 $$ t t~ h @5  
INFO: Trying process: u~ b > mu- vm~ WEIGHTED<=4 $$ t t~ h @5  
INFO: Process has 1 diagrams 
INFO: Trying process: u~ b > mu- vt~ WEIGHTED<=4 $$ t t~ h @5  
INFO: Trying process: u~ b > ta- ve~ WEIGHTED<=4 $$ t t~ h @5  
INFO: Trying process: u~ b > ta- vm~ WEIGHTED<=4 $$ t t~ h @5  
INFO: Trying process: u~ b > ta- vt~ WEIGHTED<=4 $$ t t~ h @5  
INFO: Process has 1 diagrams 
INFO: Process c~ d > e- ve~ added to mirror process d c~ > e- ve~ 
INFO: Process c~ d > mu- vm~ added to mirror process d c~ > mu- vm~ 
INFO: Process c~ d > ta- vt~ added to mirror process d c~ > ta- vt~ 
INFO: Process c~ s > e- ve~ added to mirror process s c~ > e- ve~ 
INFO: Process c~ s > mu- vm~ added to mirror process s c~ > mu- vm~ 
INFO: Process c~ s > ta- vt~ added to mirror process s c~ > ta- vt~ 
INFO: Trying process: c~ b > e- ve~ WEIGHTED<=4 $$ t t~ h @5  
INFO: Process has 1 diagrams 
INFO: Trying process: c~ b > e- vm~ WEIGHTED<=4 $$ t t~ h @5  
INFO: Trying process: c~ b > e- vt~ WEIGHTED<=4 $$ t t~ h @5  
INFO: Trying process: c~ b > mu- ve~ WEIGHTED<=4 $$ t t~ h @5  
INFO: Trying process: c~ b > mu- vm~ WEIGHTED<=4 $$ t t~ h @5  
INFO: Process has 1 diagrams 
INFO: Trying process: c~ b > mu- vt~ WEIGHTED<=4 $$ t t~ h @5  
INFO: Trying process: c~ b > ta- ve~ WEIGHTED<=4 $$ t t~ h @5  
INFO: Trying process: c~ b > ta- vm~ WEIGHTED<=4 $$ t t~ h @5  
INFO: Trying process: c~ b > ta- vt~ WEIGHTED<=4 $$ t t~ h @5  
INFO: Process has 1 diagrams 
INFO: Process b u~ > e- ve~ added to mirror process u~ b > e- ve~ 
INFO: Process b u~ > mu- vm~ added to mirror process u~ b > mu- vm~ 
INFO: Process b u~ > ta- vt~ added to mirror process u~ b > ta- vt~ 
INFO: Process b c~ > e- ve~ added to mirror process c~ b > e- ve~ 
INFO: Process b c~ > mu- vm~ added to mirror process c~ b > mu- vm~ 
INFO: Process b c~ > ta- vt~ added to mirror process c~ b > ta- vt~ 
18 processes with 18 diagrams generated in 0.374 s
Total: 630 processes with 1944 diagrams
add process p p > l- vl~ j $$ t t~ h @6
INFO: Checking for minimal orders which gives processes. 
INFO: Please specify coupling orders to bypass this step. 
INFO: Trying coupling order WEIGHTED<=5: WEIGTHED IS QCD+2*QED 
INFO: Trying process: g d > e- ve~ u WEIGHTED<=5 $$ t t~ h @6  
INFO: Process has 2 diagrams 
INFO: Trying process: g d > e- ve~ c WEIGHTED<=5 $$ t t~ h @6  
INFO: Process has 2 diagrams 
INFO: Trying process: g d > e- vm~ u WEIGHTED<=5 $$ t t~ h @6  
INFO: Trying process: g d > e- vm~ c WEIGHTED<=5 $$ t t~ h @6  
INFO: Trying process: g d > e- vt~ u WEIGHTED<=5 $$ t t~ h @6  
INFO: Trying process: g d > e- vt~ c WEIGHTED<=5 $$ t t~ h @6  
INFO: Trying process: g d > mu- ve~ u WEIGHTED<=5 $$ t t~ h @6  
INFO: Trying process: g d > mu- ve~ c WEIGHTED<=5 $$ t t~ h @6  
INFO: Trying process: g d > mu- vm~ u WEIGHTED<=5 $$ t t~ h @6  
INFO: Process has 2 diagrams 
INFO: Trying process: g d > mu- vm~ c WEIGHTED<=5 $$ t t~ h @6  
INFO: Process has 2 diagrams 
INFO: Trying process: g d > mu- vt~ u WEIGHTED<=5 $$ t t~ h @6  
INFO: Trying process: g d > mu- vt~ c WEIGHTED<=5 $$ t t~ h @6  
INFO: Trying process: g d > ta- ve~ u WEIGHTED<=5 $$ t t~ h @6  
INFO: Trying process: g d > ta- ve~ c WEIGHTED<=5 $$ t t~ h @6  
INFO: Trying process: g d > ta- vm~ u WEIGHTED<=5 $$ t t~ h @6  
INFO: Trying process: g d > ta- vm~ c WEIGHTED<=5 $$ t t~ h @6  
INFO: Trying process: g d > ta- vt~ u WEIGHTED<=5 $$ t t~ h @6  
INFO: Process has 2 diagrams 
INFO: Trying process: g d > ta- vt~ c WEIGHTED<=5 $$ t t~ h @6  
INFO: Process has 2 diagrams 
INFO: Trying process: g s > e- ve~ u WEIGHTED<=5 $$ t t~ h @6  
INFO: Process has 2 diagrams 
INFO: Trying process: g s > e- ve~ c WEIGHTED<=5 $$ t t~ h @6  
INFO: Process has 2 diagrams 
INFO: Trying process: g s > e- vm~ u WEIGHTED<=5 $$ t t~ h @6  
INFO: Trying process: g s > e- vm~ c WEIGHTED<=5 $$ t t~ h @6  
INFO: Trying process: g s > e- vt~ u WEIGHTED<=5 $$ t t~ h @6  
INFO: Trying process: g s > e- vt~ c WEIGHTED<=5 $$ t t~ h @6  
INFO: Trying process: g s > mu- ve~ u WEIGHTED<=5 $$ t t~ h @6  
INFO: Trying process: g s > mu- ve~ c WEIGHTED<=5 $$ t t~ h @6  
INFO: Trying process: g s > mu- vm~ u WEIGHTED<=5 $$ t t~ h @6  
INFO: Process has 2 diagrams 
INFO: Trying process: g s > mu- vm~ c WEIGHTED<=5 $$ t t~ h @6  
INFO: Process has 2 diagrams 
INFO: Trying process: g s > mu- vt~ u WEIGHTED<=5 $$ t t~ h @6  
INFO: Trying process: g s > mu- vt~ c WEIGHTED<=5 $$ t t~ h @6  
INFO: Trying process: g s > ta- ve~ u WEIGHTED<=5 $$ t t~ h @6  
INFO: Trying process: g s > ta- ve~ c WEIGHTED<=5 $$ t t~ h @6  
INFO: Trying process: g s > ta- vm~ u WEIGHTED<=5 $$ t t~ h @6  
INFO: Trying process: g s > ta- vm~ c WEIGHTED<=5 $$ t t~ h @6  
INFO: Trying process: g s > ta- vt~ u WEIGHTED<=5 $$ t t~ h @6  
INFO: Process has 2 diagrams 
INFO: Trying process: g s > ta- vt~ c WEIGHTED<=5 $$ t t~ h @6  
INFO: Process has 2 diagrams 
INFO: Trying process: g u~ > e- ve~ d~ WEIGHTED<=5 $$ t t~ h @6  
INFO: Process has 2 diagrams 
INFO: Trying process: g u~ > e- ve~ s~ WEIGHTED<=5 $$ t t~ h @6  
INFO: Process has 2 diagrams 
INFO: Trying process: g u~ > e- ve~ b~ WEIGHTED<=5 $$ t t~ h @6  
INFO: Process has 2 diagrams 
INFO: Trying process: g u~ > e- vm~ b~ WEIGHTED<=5 $$ t t~ h @6  
INFO: Trying process: g u~ > e- vt~ b~ WEIGHTED<=5 $$ t t~ h @6  
INFO: Trying process: g u~ > mu- ve~ b~ WEIGHTED<=5 $$ t t~ h @6  
INFO: Trying process: g u~ > mu- vm~ d~ WEIGHTED<=5 $$ t t~ h @6  
INFO: Process has 2 diagrams 
INFO: Trying process: g u~ > mu- vm~ s~ WEIGHTED<=5 $$ t t~ h @6  
INFO: Process has 2 diagrams 
INFO: Trying process: g u~ > mu- vm~ b~ WEIGHTED<=5 $$ t t~ h @6  
INFO: Process has 2 diagrams 
INFO: Trying process: g u~ > mu- vt~ b~ WEIGHTED<=5 $$ t t~ h @6  
INFO: Trying process: g u~ > ta- ve~ b~ WEIGHTED<=5 $$ t t~ h @6  
INFO: Trying process: g u~ > ta- vm~ b~ WEIGHTED<=5 $$ t t~ h @6  
INFO: Trying process: g u~ > ta- vt~ d~ WEIGHTED<=5 $$ t t~ h @6  
INFO: Process has 2 diagrams 
INFO: Trying process: g u~ > ta- vt~ s~ WEIGHTED<=5 $$ t t~ h @6  
INFO: Process has 2 diagrams 
INFO: Trying process: g u~ > ta- vt~ b~ WEIGHTED<=5 $$ t t~ h @6  
INFO: Process has 2 diagrams 
INFO: Trying process: g c~ > e- ve~ d~ WEIGHTED<=5 $$ t t~ h @6  
INFO: Process has 2 diagrams 
INFO: Trying process: g c~ > e- ve~ s~ WEIGHTED<=5 $$ t t~ h @6  
INFO: Process has 2 diagrams 
INFO: Trying process: g c~ > e- ve~ b~ WEIGHTED<=5 $$ t t~ h @6  
INFO: Process has 2 diagrams 
INFO: Trying process: g c~ > e- vm~ b~ WEIGHTED<=5 $$ t t~ h @6  
INFO: Trying process: g c~ > e- vt~ b~ WEIGHTED<=5 $$ t t~ h @6  
INFO: Trying process: g c~ > mu- ve~ b~ WEIGHTED<=5 $$ t t~ h @6  
INFO: Trying process: g c~ > mu- vm~ d~ WEIGHTED<=5 $$ t t~ h @6  
INFO: Process has 2 diagrams 
INFO: Trying process: g c~ > mu- vm~ s~ WEIGHTED<=5 $$ t t~ h @6  
INFO: Process has 2 diagrams 
INFO: Trying process: g c~ > mu- vm~ b~ WEIGHTED<=5 $$ t t~ h @6  
INFO: Process has 2 diagrams 
INFO: Trying process: g c~ > mu- vt~ b~ WEIGHTED<=5 $$ t t~ h @6  
INFO: Trying process: g c~ > ta- ve~ b~ WEIGHTED<=5 $$ t t~ h @6  
INFO: Trying process: g c~ > ta- vm~ b~ WEIGHTED<=5 $$ t t~ h @6  
INFO: Trying process: g c~ > ta- vt~ d~ WEIGHTED<=5 $$ t t~ h @6  
INFO: Process has 2 diagrams 
INFO: Trying process: g c~ > ta- vt~ s~ WEIGHTED<=5 $$ t t~ h @6  
INFO: Process has 2 diagrams 
INFO: Trying process: g c~ > ta- vt~ b~ WEIGHTED<=5 $$ t t~ h @6  
INFO: Process has 2 diagrams 
INFO: Trying process: g b > e- ve~ u WEIGHTED<=5 $$ t t~ h @6  
INFO: Process has 2 diagrams 
INFO: Trying process: g b > e- ve~ c WEIGHTED<=5 $$ t t~ h @6  
INFO: Process has 2 diagrams 
INFO: Trying process: g b > mu- vm~ u WEIGHTED<=5 $$ t t~ h @6  
INFO: Process has 2 diagrams 
INFO: Trying process: g b > mu- vm~ c WEIGHTED<=5 $$ t t~ h @6  
INFO: Process has 2 diagrams 
INFO: Trying process: g b > ta- vt~ u WEIGHTED<=5 $$ t t~ h @6  
INFO: Process has 2 diagrams 
INFO: Trying process: g b > ta- vt~ c WEIGHTED<=5 $$ t t~ h @6  
INFO: Process has 2 diagrams 
INFO: Process d g > e- ve~ u added to mirror process g d > e- ve~ u 
INFO: Process d g > e- ve~ c added to mirror process g d > e- ve~ c 
INFO: Process d g > mu- vm~ u added to mirror process g d > mu- vm~ u 
INFO: Process d g > mu- vm~ c added to mirror process g d > mu- vm~ c 
INFO: Process d g > ta- vt~ u added to mirror process g d > ta- vt~ u 
INFO: Process d g > ta- vt~ c added to mirror process g d > ta- vt~ c 
INFO: Trying process: d u~ > e- ve~ g WEIGHTED<=5 $$ t t~ h @6  
INFO: Process has 2 diagrams 
INFO: Trying process: d u~ > mu- vm~ g WEIGHTED<=5 $$ t t~ h @6  
INFO: Process has 2 diagrams 
INFO: Trying process: d u~ > ta- vt~ g WEIGHTED<=5 $$ t t~ h @6  
INFO: Process has 2 diagrams 
INFO: Trying process: d c~ > e- ve~ g WEIGHTED<=5 $$ t t~ h @6  
INFO: Process has 2 diagrams 
INFO: Trying process: d c~ > mu- vm~ g WEIGHTED<=5 $$ t t~ h @6  
INFO: Process has 2 diagrams 
INFO: Trying process: d c~ > ta- vt~ g WEIGHTED<=5 $$ t t~ h @6  
INFO: Process has 2 diagrams 
INFO: Process s g > e- ve~ u added to mirror process g s > e- ve~ u 
INFO: Process s g > e- ve~ c added to mirror process g s > e- ve~ c 
INFO: Process s g > mu- vm~ u added to mirror process g s > mu- vm~ u 
INFO: Process s g > mu- vm~ c added to mirror process g s > mu- vm~ c 
INFO: Process s g > ta- vt~ u added to mirror process g s > ta- vt~ u 
INFO: Process s g > ta- vt~ c added to mirror process g s > ta- vt~ c 
INFO: Trying process: s u~ > e- ve~ g WEIGHTED<=5 $$ t t~ h @6  
INFO: Process has 2 diagrams 
INFO: Trying process: s u~ > mu- vm~ g WEIGHTED<=5 $$ t t~ h @6  
INFO: Process has 2 diagrams 
INFO: Trying process: s u~ > ta- vt~ g WEIGHTED<=5 $$ t t~ h @6  
INFO: Process has 2 diagrams 
INFO: Trying process: s c~ > e- ve~ g WEIGHTED<=5 $$ t t~ h @6  
INFO: Process has 2 diagrams 
INFO: Trying process: s c~ > mu- vm~ g WEIGHTED<=5 $$ t t~ h @6  
INFO: Process has 2 diagrams 
INFO: Trying process: s c~ > ta- vt~ g WEIGHTED<=5 $$ t t~ h @6  
INFO: Process has 2 diagrams 
INFO: Process u~ g > e- ve~ d~ added to mirror process g u~ > e- ve~ d~ 
INFO: Process u~ g > e- ve~ s~ added to mirror process g u~ > e- ve~ s~ 
INFO: Process u~ g > e- ve~ b~ added to mirror process g u~ > e- ve~ b~ 
INFO: Process u~ g > mu- vm~ d~ added to mirror process g u~ > mu- vm~ d~ 
INFO: Process u~ g > mu- vm~ s~ added to mirror process g u~ > mu- vm~ s~ 
INFO: Process u~ g > mu- vm~ b~ added to mirror process g u~ > mu- vm~ b~ 
INFO: Process u~ g > ta- vt~ d~ added to mirror process g u~ > ta- vt~ d~ 
INFO: Process u~ g > ta- vt~ s~ added to mirror process g u~ > ta- vt~ s~ 
INFO: Process u~ g > ta- vt~ b~ added to mirror process g u~ > ta- vt~ b~ 
INFO: Process u~ d > e- ve~ g added to mirror process d u~ > e- ve~ g 
INFO: Process u~ d > mu- vm~ g added to mirror process d u~ > mu- vm~ g 
INFO: Process u~ d > ta- vt~ g added to mirror process d u~ > ta- vt~ g 
INFO: Process u~ s > e- ve~ g added to mirror process s u~ > e- ve~ g 
INFO: Process u~ s > mu- vm~ g added to mirror process s u~ > mu- vm~ g 
INFO: Process u~ s > ta- vt~ g added to mirror process s u~ > ta- vt~ g 
INFO: Trying process: u~ b > e- ve~ g WEIGHTED<=5 $$ t t~ h @6  
INFO: Process has 2 diagrams 
INFO: Trying process: u~ b > mu- vm~ g WEIGHTED<=5 $$ t t~ h @6  
INFO: Process has 2 diagrams 
INFO: Trying process: u~ b > ta- vt~ g WEIGHTED<=5 $$ t t~ h @6  
INFO: Process has 2 diagrams 
INFO: Process c~ g > e- ve~ d~ added to mirror process g c~ > e- ve~ d~ 
INFO: Process c~ g > e- ve~ s~ added to mirror process g c~ > e- ve~ s~ 
INFO: Process c~ g > e- ve~ b~ added to mirror process g c~ > e- ve~ b~ 
INFO: Process c~ g > mu- vm~ d~ added to mirror process g c~ > mu- vm~ d~ 
INFO: Process c~ g > mu- vm~ s~ added to mirror process g c~ > mu- vm~ s~ 
INFO: Process c~ g > mu- vm~ b~ added to mirror process g c~ > mu- vm~ b~ 
INFO: Process c~ g > ta- vt~ d~ added to mirror process g c~ > ta- vt~ d~ 
INFO: Process c~ g > ta- vt~ s~ added to mirror process g c~ > ta- vt~ s~ 
INFO: Process c~ g > ta- vt~ b~ added to mirror process g c~ > ta- vt~ b~ 
INFO: Process c~ d > e- ve~ g added to mirror process d c~ > e- ve~ g 
INFO: Process c~ d > mu- vm~ g added to mirror process d c~ > mu- vm~ g 
INFO: Process c~ d > ta- vt~ g added to mirror process d c~ > ta- vt~ g 
INFO: Process c~ s > e- ve~ g added to mirror process s c~ > e- ve~ g 
INFO: Process c~ s > mu- vm~ g added to mirror process s c~ > mu- vm~ g 
INFO: Process c~ s > ta- vt~ g added to mirror process s c~ > ta- vt~ g 
INFO: Trying process: c~ b > e- ve~ g WEIGHTED<=5 $$ t t~ h @6  
INFO: Process has 2 diagrams 
INFO: Trying process: c~ b > mu- vm~ g WEIGHTED<=5 $$ t t~ h @6  
INFO: Process has 2 diagrams 
INFO: Trying process: c~ b > ta- vt~ g WEIGHTED<=5 $$ t t~ h @6  
INFO: Process has 2 diagrams 
INFO: Process b g > e- ve~ u added to mirror process g b > e- ve~ u 
INFO: Process b g > e- ve~ c added to mirror process g b > e- ve~ c 
INFO: Process b g > mu- vm~ u added to mirror process g b > mu- vm~ u 
INFO: Process b g > mu- vm~ c added to mirror process g b > mu- vm~ c 
INFO: Process b g > ta- vt~ u added to mirror process g b > ta- vt~ u 
INFO: Process b g > ta- vt~ c added to mirror process g b > ta- vt~ c 
INFO: Process b u~ > e- ve~ g added to mirror process u~ b > e- ve~ g 
INFO: Process b u~ > mu- vm~ g added to mirror process u~ b > mu- vm~ g 
INFO: Process b u~ > ta- vt~ g added to mirror process u~ b > ta- vt~ g 
INFO: Process b c~ > e- ve~ g added to mirror process c~ b > e- ve~ g 
INFO: Process b c~ > mu- vm~ g added to mirror process c~ b > mu- vm~ g 
INFO: Process b c~ > ta- vt~ g added to mirror process c~ b > ta- vt~ g 
54 processes with 108 diagrams generated in 1.957 s
Total: 684 processes with 2052 diagrams
add process p p > l- vl~ j j $$ t t~ h @7
INFO: Checking for minimal orders which gives processes. 
INFO: Please specify coupling orders to bypass this step. 
INFO: Trying coupling order WEIGHTED<=6: WEIGTHED IS QCD+2*QED 
INFO: Trying process: g g > e- ve~ u d~ WEIGHTED<=6 $$ t t~ h @7  
INFO: Process has 8 diagrams 
INFO: Trying process: g g > e- ve~ u s~ WEIGHTED<=6 $$ t t~ h @7  
INFO: Process has 8 diagrams 
INFO: Trying process: g g > e- ve~ u b~ WEIGHTED<=6 $$ t t~ h @7  
INFO: Process has 8 diagrams 
INFO: Trying process: g g > e- ve~ c d~ WEIGHTED<=6 $$ t t~ h @7  
INFO: Process has 8 diagrams 
INFO: Trying process: g g > e- ve~ c s~ WEIGHTED<=6 $$ t t~ h @7  
INFO: Process has 8 diagrams 
INFO: Trying process: g g > e- ve~ c b~ WEIGHTED<=6 $$ t t~ h @7  
INFO: Process has 8 diagrams 
INFO: Trying process: g g > e- vm~ u d~ WEIGHTED<=6 $$ t t~ h @7  
INFO: Trying process: g g > e- vm~ u s~ WEIGHTED<=6 $$ t t~ h @7  
INFO: Trying process: g g > e- vm~ u b~ WEIGHTED<=6 $$ t t~ h @7  
INFO: Trying process: g g > e- vm~ c d~ WEIGHTED<=6 $$ t t~ h @7  
INFO: Trying process: g g > e- vm~ c s~ WEIGHTED<=6 $$ t t~ h @7  
INFO: Trying process: g g > e- vm~ c b~ WEIGHTED<=6 $$ t t~ h @7  
INFO: Trying process: g g > e- vt~ u d~ WEIGHTED<=6 $$ t t~ h @7  
INFO: Trying process: g g > e- vt~ u s~ WEIGHTED<=6 $$ t t~ h @7  
INFO: Trying process: g g > e- vt~ u b~ WEIGHTED<=6 $$ t t~ h @7  
INFO: Trying process: g g > e- vt~ c d~ WEIGHTED<=6 $$ t t~ h @7  
INFO: Trying process: g g > e- vt~ c s~ WEIGHTED<=6 $$ t t~ h @7  
INFO: Trying process: g g > e- vt~ c b~ WEIGHTED<=6 $$ t t~ h @7  
INFO: Trying process: g g > mu- ve~ u d~ WEIGHTED<=6 $$ t t~ h @7  
INFO: Trying process: g g > mu- ve~ u s~ WEIGHTED<=6 $$ t t~ h @7  
INFO: Trying process: g g > mu- ve~ u b~ WEIGHTED<=6 $$ t t~ h @7  
INFO: Trying process: g g > mu- ve~ c d~ WEIGHTED<=6 $$ t t~ h @7  
INFO: Trying process: g g > mu- ve~ c s~ WEIGHTED<=6 $$ t t~ h @7  
INFO: Trying process: g g > mu- ve~ c b~ WEIGHTED<=6 $$ t t~ h @7  
INFO: Trying process: g g > mu- vm~ u d~ WEIGHTED<=6 $$ t t~ h @7  
INFO: Process has 8 diagrams 
INFO: Trying process: g g > mu- vm~ u s~ WEIGHTED<=6 $$ t t~ h @7  
INFO: Process has 8 diagrams 
INFO: Trying process: g g > mu- vm~ u b~ WEIGHTED<=6 $$ t t~ h @7  
INFO: Process has 8 diagrams 
INFO: Trying process: g g > mu- vm~ c d~ WEIGHTED<=6 $$ t t~ h @7  
INFO: Process has 8 diagrams 
INFO: Trying process: g g > mu- vm~ c s~ WEIGHTED<=6 $$ t t~ h @7  
INFO: Process has 8 diagrams 
INFO: Trying process: g g > mu- vm~ c b~ WEIGHTED<=6 $$ t t~ h @7  
INFO: Process has 8 diagrams 
INFO: Trying process: g g > mu- vt~ u d~ WEIGHTED<=6 $$ t t~ h @7  
INFO: Trying process: g g > mu- vt~ u s~ WEIGHTED<=6 $$ t t~ h @7  
INFO: Trying process: g g > mu- vt~ u b~ WEIGHTED<=6 $$ t t~ h @7  
INFO: Trying process: g g > mu- vt~ c d~ WEIGHTED<=6 $$ t t~ h @7  
INFO: Trying process: g g > mu- vt~ c s~ WEIGHTED<=6 $$ t t~ h @7  
INFO: Trying process: g g > mu- vt~ c b~ WEIGHTED<=6 $$ t t~ h @7  
INFO: Trying process: g g > ta- ve~ u d~ WEIGHTED<=6 $$ t t~ h @7  
INFO: Trying process: g g > ta- ve~ u s~ WEIGHTED<=6 $$ t t~ h @7  
INFO: Trying process: g g > ta- ve~ u b~ WEIGHTED<=6 $$ t t~ h @7  
INFO: Trying process: g g > ta- ve~ c d~ WEIGHTED<=6 $$ t t~ h @7  
INFO: Trying process: g g > ta- ve~ c s~ WEIGHTED<=6 $$ t t~ h @7  
INFO: Trying process: g g > ta- ve~ c b~ WEIGHTED<=6 $$ t t~ h @7  
INFO: Trying process: g g > ta- vm~ u d~ WEIGHTED<=6 $$ t t~ h @7  
INFO: Trying process: g g > ta- vm~ u s~ WEIGHTED<=6 $$ t t~ h @7  
INFO: Trying process: g g > ta- vm~ u b~ WEIGHTED<=6 $$ t t~ h @7  
INFO: Trying process: g g > ta- vm~ c d~ WEIGHTED<=6 $$ t t~ h @7  
INFO: Trying process: g g > ta- vm~ c s~ WEIGHTED<=6 $$ t t~ h @7  
INFO: Trying process: g g > ta- vm~ c b~ WEIGHTED<=6 $$ t t~ h @7  
INFO: Trying process: g g > ta- vt~ u d~ WEIGHTED<=6 $$ t t~ h @7  
INFO: Process has 8 diagrams 
INFO: Trying process: g g > ta- vt~ u s~ WEIGHTED<=6 $$ t t~ h @7  
INFO: Process has 8 diagrams 
INFO: Trying process: g g > ta- vt~ u b~ WEIGHTED<=6 $$ t t~ h @7  
INFO: Process has 8 diagrams 
INFO: Trying process: g g > ta- vt~ c d~ WEIGHTED<=6 $$ t t~ h @7  
INFO: Process has 8 diagrams 
INFO: Trying process: g g > ta- vt~ c s~ WEIGHTED<=6 $$ t t~ h @7  
INFO: Process has 8 diagrams 
INFO: Trying process: g g > ta- vt~ c b~ WEIGHTED<=6 $$ t t~ h @7  
INFO: Process has 8 diagrams 
INFO: Trying process: g d > e- ve~ g u WEIGHTED<=6 $$ t t~ h @7  
INFO: Process has 8 diagrams 
INFO: Trying process: g d > e- ve~ g c WEIGHTED<=6 $$ t t~ h @7  
INFO: Process has 8 diagrams 
INFO: Trying process: g d > mu- vm~ g u WEIGHTED<=6 $$ t t~ h @7  
INFO: Process has 8 diagrams 
INFO: Trying process: g d > mu- vm~ g c WEIGHTED<=6 $$ t t~ h @7  
INFO: Process has 8 diagrams 
INFO: Trying process: g d > ta- vt~ g u WEIGHTED<=6 $$ t t~ h @7  
INFO: Process has 8 diagrams 
INFO: Trying process: g d > ta- vt~ g c WEIGHTED<=6 $$ t t~ h @7  
INFO: Process has 8 diagrams 
INFO: Trying process: g s > e- ve~ g u WEIGHTED<=6 $$ t t~ h @7  
INFO: Process has 8 diagrams 
INFO: Trying process: g s > e- ve~ g c WEIGHTED<=6 $$ t t~ h @7  
INFO: Process has 8 diagrams 
INFO: Trying process: g s > mu- vm~ g u WEIGHTED<=6 $$ t t~ h @7  
INFO: Process has 8 diagrams 
INFO: Trying process: g s > mu- vm~ g c WEIGHTED<=6 $$ t t~ h @7  
INFO: Process has 8 diagrams 
INFO: Trying process: g s > ta- vt~ g u WEIGHTED<=6 $$ t t~ h @7  
INFO: Process has 8 diagrams 
INFO: Trying process: g s > ta- vt~ g c WEIGHTED<=6 $$ t t~ h @7  
INFO: Process has 8 diagrams 
INFO: Trying process: g u~ > e- ve~ g d~ WEIGHTED<=6 $$ t t~ h @7  
INFO: Process has 8 diagrams 
INFO: Trying process: g u~ > e- ve~ g s~ WEIGHTED<=6 $$ t t~ h @7  
INFO: Process has 8 diagrams 
INFO: Trying process: g u~ > e- ve~ g b~ WEIGHTED<=6 $$ t t~ h @7  
INFO: Process has 8 diagrams 
INFO: Trying process: g u~ > mu- vm~ g d~ WEIGHTED<=6 $$ t t~ h @7  
INFO: Process has 8 diagrams 
INFO: Trying process: g u~ > mu- vm~ g s~ WEIGHTED<=6 $$ t t~ h @7  
INFO: Process has 8 diagrams 
INFO: Trying process: g u~ > mu- vm~ g b~ WEIGHTED<=6 $$ t t~ h @7  
INFO: Process has 8 diagrams 
INFO: Trying process: g u~ > ta- vt~ g d~ WEIGHTED<=6 $$ t t~ h @7  
INFO: Process has 8 diagrams 
INFO: Trying process: g u~ > ta- vt~ g s~ WEIGHTED<=6 $$ t t~ h @7  
INFO: Process has 8 diagrams 
INFO: Trying process: g u~ > ta- vt~ g b~ WEIGHTED<=6 $$ t t~ h @7  
INFO: Process has 8 diagrams 
INFO: Trying process: g c~ > e- ve~ g d~ WEIGHTED<=6 $$ t t~ h @7  
INFO: Process has 8 diagrams 
INFO: Trying process: g c~ > e- ve~ g s~ WEIGHTED<=6 $$ t t~ h @7  
INFO: Process has 8 diagrams 
INFO: Trying process: g c~ > e- ve~ g b~ WEIGHTED<=6 $$ t t~ h @7  
INFO: Process has 8 diagrams 
INFO: Trying process: g c~ > mu- vm~ g d~ WEIGHTED<=6 $$ t t~ h @7  
INFO: Process has 8 diagrams 
INFO: Trying process: g c~ > mu- vm~ g s~ WEIGHTED<=6 $$ t t~ h @7  
INFO: Process has 8 diagrams 
INFO: Trying process: g c~ > mu- vm~ g b~ WEIGHTED<=6 $$ t t~ h @7  
INFO: Process has 8 diagrams 
INFO: Trying process: g c~ > ta- vt~ g d~ WEIGHTED<=6 $$ t t~ h @7  
INFO: Process has 8 diagrams 
INFO: Trying process: g c~ > ta- vt~ g s~ WEIGHTED<=6 $$ t t~ h @7  
INFO: Process has 8 diagrams 
INFO: Trying process: g c~ > ta- vt~ g b~ WEIGHTED<=6 $$ t t~ h @7  
INFO: Process has 8 diagrams 
INFO: Trying process: g b > e- ve~ g u WEIGHTED<=6 $$ t t~ h @7  
INFO: Process has 8 diagrams 
INFO: Trying process: g b > e- ve~ g c WEIGHTED<=6 $$ t t~ h @7  
INFO: Process has 8 diagrams 
INFO: Trying process: g b > mu- vm~ g u WEIGHTED<=6 $$ t t~ h @7  
INFO: Process has 8 diagrams 
INFO: Trying process: g b > mu- vm~ g c WEIGHTED<=6 $$ t t~ h @7  
INFO: Process has 8 diagrams 
INFO: Trying process: g b > ta- vt~ g u WEIGHTED<=6 $$ t t~ h @7  
INFO: Process has 8 diagrams 
INFO: Trying process: g b > ta- vt~ g c WEIGHTED<=6 $$ t t~ h @7  
INFO: Process has 8 diagrams 
INFO: Trying process: u d > e- ve~ u u WEIGHTED<=6 $$ t t~ h @7  
INFO: Process has 4 diagrams 
INFO: Trying process: u d > e- ve~ u c WEIGHTED<=6 $$ t t~ h @7  
INFO: Process has 2 diagrams 
INFO: Trying process: u d > e- ve~ c c WEIGHTED<=6 $$ t t~ h @7  
INFO: Trying process: u d > e- vm~ u u WEIGHTED<=6 $$ t t~ h @7  
INFO: Trying process: u d > e- vm~ u c WEIGHTED<=6 $$ t t~ h @7  
INFO: Trying process: u d > e- vm~ c c WEIGHTED<=6 $$ t t~ h @7  
INFO: Trying process: u d > e- vt~ u u WEIGHTED<=6 $$ t t~ h @7  
INFO: Trying process: u d > e- vt~ u c WEIGHTED<=6 $$ t t~ h @7  
INFO: Trying process: u d > e- vt~ c c WEIGHTED<=6 $$ t t~ h @7  
INFO: Trying process: u d > mu- ve~ u u WEIGHTED<=6 $$ t t~ h @7  
INFO: Trying process: u d > mu- ve~ u c WEIGHTED<=6 $$ t t~ h @7  
INFO: Trying process: u d > mu- ve~ c c WEIGHTED<=6 $$ t t~ h @7  
INFO: Trying process: u d > mu- vm~ u u WEIGHTED<=6 $$ t t~ h @7  
INFO: Process has 4 diagrams 
INFO: Trying process: u d > mu- vm~ u c WEIGHTED<=6 $$ t t~ h @7  
INFO: Process has 2 diagrams 
INFO: Trying process: u d > mu- vm~ c c WEIGHTED<=6 $$ t t~ h @7  
INFO: Trying process: u d > mu- vt~ u u WEIGHTED<=6 $$ t t~ h @7  
INFO: Trying process: u d > mu- vt~ u c WEIGHTED<=6 $$ t t~ h @7  
INFO: Trying process: u d > mu- vt~ c c WEIGHTED<=6 $$ t t~ h @7  
INFO: Trying process: u d > ta- ve~ u u WEIGHTED<=6 $$ t t~ h @7  
INFO: Trying process: u d > ta- ve~ u c WEIGHTED<=6 $$ t t~ h @7  
INFO: Trying process: u d > ta- ve~ c c WEIGHTED<=6 $$ t t~ h @7  
INFO: Trying process: u d > ta- vm~ u u WEIGHTED<=6 $$ t t~ h @7  
INFO: Trying process: u d > ta- vm~ u c WEIGHTED<=6 $$ t t~ h @7  
INFO: Trying process: u d > ta- vm~ c c WEIGHTED<=6 $$ t t~ h @7  
INFO: Trying process: u d > ta- vt~ u u WEIGHTED<=6 $$ t t~ h @7  
INFO: Process has 4 diagrams 
INFO: Trying process: u d > ta- vt~ u c WEIGHTED<=6 $$ t t~ h @7  
INFO: Process has 2 diagrams 
INFO: Trying process: u d > ta- vt~ c c WEIGHTED<=6 $$ t t~ h @7  
INFO: Trying process: u s > e- ve~ u u WEIGHTED<=6 $$ t t~ h @7  
INFO: Process has 4 diagrams 
INFO: Trying process: u s > e- ve~ u c WEIGHTED<=6 $$ t t~ h @7  
INFO: Process has 2 diagrams 
INFO: Trying process: u s > e- ve~ c c WEIGHTED<=6 $$ t t~ h @7  
INFO: Trying process: u s > e- vm~ u u WEIGHTED<=6 $$ t t~ h @7  
INFO: Trying process: u s > e- vm~ u c WEIGHTED<=6 $$ t t~ h @7  
INFO: Trying process: u s > e- vm~ c c WEIGHTED<=6 $$ t t~ h @7  
INFO: Trying process: u s > e- vt~ u u WEIGHTED<=6 $$ t t~ h @7  
INFO: Trying process: u s > e- vt~ u c WEIGHTED<=6 $$ t t~ h @7  
INFO: Trying process: u s > e- vt~ c c WEIGHTED<=6 $$ t t~ h @7  
INFO: Trying process: u s > mu- ve~ u u WEIGHTED<=6 $$ t t~ h @7  
INFO: Trying process: u s > mu- ve~ u c WEIGHTED<=6 $$ t t~ h @7  
INFO: Trying process: u s > mu- ve~ c c WEIGHTED<=6 $$ t t~ h @7  
INFO: Trying process: u s > mu- vm~ u u WEIGHTED<=6 $$ t t~ h @7  
INFO: Process has 4 diagrams 
INFO: Trying process: u s > mu- vm~ u c WEIGHTED<=6 $$ t t~ h @7  
INFO: Process has 2 diagrams 
INFO: Trying process: u s > mu- vm~ c c WEIGHTED<=6 $$ t t~ h @7  
INFO: Trying process: u s > mu- vt~ u u WEIGHTED<=6 $$ t t~ h @7  
INFO: Trying process: u s > mu- vt~ u c WEIGHTED<=6 $$ t t~ h @7  
INFO: Trying process: u s > mu- vt~ c c WEIGHTED<=6 $$ t t~ h @7  
INFO: Trying process: u s > ta- ve~ u u WEIGHTED<=6 $$ t t~ h @7  
INFO: Trying process: u s > ta- ve~ u c WEIGHTED<=6 $$ t t~ h @7  
INFO: Trying process: u s > ta- ve~ c c WEIGHTED<=6 $$ t t~ h @7  
INFO: Trying process: u s > ta- vm~ u u WEIGHTED<=6 $$ t t~ h @7  
INFO: Trying process: u s > ta- vm~ u c WEIGHTED<=6 $$ t t~ h @7  
INFO: Trying process: u s > ta- vm~ c c WEIGHTED<=6 $$ t t~ h @7  
INFO: Trying process: u s > ta- vt~ u u WEIGHTED<=6 $$ t t~ h @7  
INFO: Process has 4 diagrams 
INFO: Trying process: u s > ta- vt~ u c WEIGHTED<=6 $$ t t~ h @7  
INFO: Process has 2 diagrams 
INFO: Trying process: u s > ta- vt~ c c WEIGHTED<=6 $$ t t~ h @7  
INFO: Trying process: u u~ > e- ve~ u d~ WEIGHTED<=6 $$ t t~ h @7  
INFO: Process has 4 diagrams 
INFO: Trying process: u u~ > e- ve~ u s~ WEIGHTED<=6 $$ t t~ h @7  
INFO: Process has 4 diagrams 
INFO: Trying process: u u~ > e- ve~ u b~ WEIGHTED<=6 $$ t t~ h @7  
INFO: Process has 4 diagrams 
INFO: Trying process: u u~ > e- ve~ c d~ WEIGHTED<=6 $$ t t~ h @7  
INFO: Process has 2 diagrams 
INFO: Trying process: u u~ > e- ve~ c s~ WEIGHTED<=6 $$ t t~ h @7  
INFO: Process has 2 diagrams 
INFO: Trying process: u u~ > e- ve~ c b~ WEIGHTED<=6 $$ t t~ h @7  
INFO: Process has 2 diagrams 
INFO: Trying process: u u~ > e- vm~ u b~ WEIGHTED<=6 $$ t t~ h @7  
INFO: Trying process: u u~ > e- vm~ c b~ WEIGHTED<=6 $$ t t~ h @7  
INFO: Trying process: u u~ > e- vt~ u b~ WEIGHTED<=6 $$ t t~ h @7  
INFO: Trying process: u u~ > e- vt~ c b~ WEIGHTED<=6 $$ t t~ h @7  
INFO: Trying process: u u~ > mu- ve~ u b~ WEIGHTED<=6 $$ t t~ h @7  
INFO: Trying process: u u~ > mu- ve~ c b~ WEIGHTED<=6 $$ t t~ h @7  
INFO: Trying process: u u~ > mu- vm~ u d~ WEIGHTED<=6 $$ t t~ h @7  
INFO: Process has 4 diagrams 
INFO: Trying process: u u~ > mu- vm~ u s~ WEIGHTED<=6 $$ t t~ h @7  
INFO: Process has 4 diagrams 
INFO: Trying process: u u~ > mu- vm~ u b~ WEIGHTED<=6 $$ t t~ h @7  
INFO: Process has 4 diagrams 
INFO: Trying process: u u~ > mu- vm~ c d~ WEIGHTED<=6 $$ t t~ h @7  
INFO: Process has 2 diagrams 
INFO: Trying process: u u~ > mu- vm~ c s~ WEIGHTED<=6 $$ t t~ h @7  
INFO: Process has 2 diagrams 
INFO: Trying process: u u~ > mu- vm~ c b~ WEIGHTED<=6 $$ t t~ h @7  
INFO: Process has 2 diagrams 
INFO: Trying process: u u~ > mu- vt~ u b~ WEIGHTED<=6 $$ t t~ h @7  
INFO: Trying process: u u~ > mu- vt~ c b~ WEIGHTED<=6 $$ t t~ h @7  
INFO: Trying process: u u~ > ta- ve~ u b~ WEIGHTED<=6 $$ t t~ h @7  
INFO: Trying process: u u~ > ta- ve~ c b~ WEIGHTED<=6 $$ t t~ h @7  
INFO: Trying process: u u~ > ta- vm~ u b~ WEIGHTED<=6 $$ t t~ h @7  
INFO: Trying process: u u~ > ta- vm~ c b~ WEIGHTED<=6 $$ t t~ h @7  
INFO: Trying process: u u~ > ta- vt~ u d~ WEIGHTED<=6 $$ t t~ h @7  
INFO: Process has 4 diagrams 
INFO: Trying process: u u~ > ta- vt~ u s~ WEIGHTED<=6 $$ t t~ h @7  
INFO: Process has 4 diagrams 
INFO: Trying process: u u~ > ta- vt~ u b~ WEIGHTED<=6 $$ t t~ h @7  
INFO: Process has 4 diagrams 
INFO: Trying process: u u~ > ta- vt~ c d~ WEIGHTED<=6 $$ t t~ h @7  
INFO: Process has 2 diagrams 
INFO: Trying process: u u~ > ta- vt~ c s~ WEIGHTED<=6 $$ t t~ h @7  
INFO: Process has 2 diagrams 
INFO: Trying process: u u~ > ta- vt~ c b~ WEIGHTED<=6 $$ t t~ h @7  
INFO: Process has 2 diagrams 
INFO: Trying process: u c~ > e- ve~ u d~ WEIGHTED<=6 $$ t t~ h @7  
INFO: Process has 2 diagrams 
INFO: Trying process: u c~ > e- ve~ u s~ WEIGHTED<=6 $$ t t~ h @7  
INFO: Process has 2 diagrams 
INFO: Trying process: u c~ > e- ve~ u b~ WEIGHTED<=6 $$ t t~ h @7  
INFO: Process has 2 diagrams 
INFO: Trying process: u c~ > e- ve~ c b~ WEIGHTED<=6 $$ t t~ h @7  
INFO: Trying process: u c~ > e- vm~ c b~ WEIGHTED<=6 $$ t t~ h @7  
INFO: Trying process: u c~ > e- vt~ c b~ WEIGHTED<=6 $$ t t~ h @7  
INFO: Trying process: u c~ > mu- ve~ c b~ WEIGHTED<=6 $$ t t~ h @7  
INFO: Trying process: u c~ > mu- vm~ u d~ WEIGHTED<=6 $$ t t~ h @7  
INFO: Process has 2 diagrams 
INFO: Trying process: u c~ > mu- vm~ u s~ WEIGHTED<=6 $$ t t~ h @7  
INFO: Process has 2 diagrams 
INFO: Trying process: u c~ > mu- vm~ u b~ WEIGHTED<=6 $$ t t~ h @7  
INFO: Process has 2 diagrams 
INFO: Trying process: u c~ > mu- vm~ c b~ WEIGHTED<=6 $$ t t~ h @7  
INFO: Trying process: u c~ > mu- vt~ c b~ WEIGHTED<=6 $$ t t~ h @7  
INFO: Trying process: u c~ > ta- ve~ c b~ WEIGHTED<=6 $$ t t~ h @7  
INFO: Trying process: u c~ > ta- vm~ c b~ WEIGHTED<=6 $$ t t~ h @7  
INFO: Trying process: u c~ > ta- vt~ u d~ WEIGHTED<=6 $$ t t~ h @7  
INFO: Process has 2 diagrams 
INFO: Trying process: u c~ > ta- vt~ u s~ WEIGHTED<=6 $$ t t~ h @7  
INFO: Process has 2 diagrams 
INFO: Trying process: u c~ > ta- vt~ u b~ WEIGHTED<=6 $$ t t~ h @7  
INFO: Process has 2 diagrams 
INFO: Trying process: u c~ > ta- vt~ c b~ WEIGHTED<=6 $$ t t~ h @7  
INFO: Trying process: u b > e- ve~ u u WEIGHTED<=6 $$ t t~ h @7  
INFO: Process has 4 diagrams 
INFO: Trying process: u b > e- ve~ u c WEIGHTED<=6 $$ t t~ h @7  
INFO: Process has 2 diagrams 
INFO: Trying process: u b > mu- vm~ u u WEIGHTED<=6 $$ t t~ h @7  
INFO: Process has 4 diagrams 
INFO: Trying process: u b > mu- vm~ u c WEIGHTED<=6 $$ t t~ h @7  
INFO: Process has 2 diagrams 
INFO: Trying process: u b > ta- vt~ u u WEIGHTED<=6 $$ t t~ h @7  
INFO: Process has 4 diagrams 
INFO: Trying process: u b > ta- vt~ u c WEIGHTED<=6 $$ t t~ h @7  
INFO: Process has 2 diagrams 
INFO: Trying process: c d > e- ve~ u u WEIGHTED<=6 $$ t t~ h @7  
INFO: Trying process: c d > e- ve~ u c WEIGHTED<=6 $$ t t~ h @7  
INFO: Process has 2 diagrams 
INFO: Trying process: c d > e- ve~ c c WEIGHTED<=6 $$ t t~ h @7  
INFO: Process has 4 diagrams 
INFO: Trying process: c d > e- vm~ u u WEIGHTED<=6 $$ t t~ h @7  
INFO: Trying process: c d > e- vm~ u c WEIGHTED<=6 $$ t t~ h @7  
INFO: Trying process: c d > e- vm~ c c WEIGHTED<=6 $$ t t~ h @7  
INFO: Trying process: c d > e- vt~ u u WEIGHTED<=6 $$ t t~ h @7  
INFO: Trying process: c d > e- vt~ u c WEIGHTED<=6 $$ t t~ h @7  
INFO: Trying process: c d > e- vt~ c c WEIGHTED<=6 $$ t t~ h @7  
INFO: Trying process: c d > mu- ve~ u u WEIGHTED<=6 $$ t t~ h @7  
INFO: Trying process: c d > mu- ve~ u c WEIGHTED<=6 $$ t t~ h @7  
INFO: Trying process: c d > mu- ve~ c c WEIGHTED<=6 $$ t t~ h @7  
INFO: Trying process: c d > mu- vm~ u u WEIGHTED<=6 $$ t t~ h @7  
INFO: Trying process: c d > mu- vm~ u c WEIGHTED<=6 $$ t t~ h @7  
INFO: Process has 2 diagrams 
INFO: Trying process: c d > mu- vm~ c c WEIGHTED<=6 $$ t t~ h @7  
INFO: Process has 4 diagrams 
INFO: Trying process: c d > mu- vt~ u u WEIGHTED<=6 $$ t t~ h @7  
INFO: Trying process: c d > mu- vt~ u c WEIGHTED<=6 $$ t t~ h @7  
INFO: Trying process: c d > mu- vt~ c c WEIGHTED<=6 $$ t t~ h @7  
INFO: Trying process: c d > ta- ve~ u u WEIGHTED<=6 $$ t t~ h @7  
INFO: Trying process: c d > ta- ve~ u c WEIGHTED<=6 $$ t t~ h @7  
INFO: Trying process: c d > ta- ve~ c c WEIGHTED<=6 $$ t t~ h @7  
INFO: Trying process: c d > ta- vm~ u u WEIGHTED<=6 $$ t t~ h @7  
INFO: Trying process: c d > ta- vm~ u c WEIGHTED<=6 $$ t t~ h @7  
INFO: Trying process: c d > ta- vm~ c c WEIGHTED<=6 $$ t t~ h @7  
INFO: Trying process: c d > ta- vt~ u u WEIGHTED<=6 $$ t t~ h @7  
INFO: Trying process: c d > ta- vt~ u c WEIGHTED<=6 $$ t t~ h @7  
INFO: Process has 2 diagrams 
INFO: Trying process: c d > ta- vt~ c c WEIGHTED<=6 $$ t t~ h @7  
INFO: Process has 4 diagrams 
INFO: Trying process: c s > e- ve~ u u WEIGHTED<=6 $$ t t~ h @7  
INFO: Trying process: c s > e- ve~ u c WEIGHTED<=6 $$ t t~ h @7  
INFO: Process has 2 diagrams 
INFO: Trying process: c s > e- ve~ c c WEIGHTED<=6 $$ t t~ h @7  
INFO: Process has 4 diagrams 
INFO: Trying process: c s > e- vm~ u u WEIGHTED<=6 $$ t t~ h @7  
INFO: Trying process: c s > e- vm~ u c WEIGHTED<=6 $$ t t~ h @7  
INFO: Trying process: c s > e- vm~ c c WEIGHTED<=6 $$ t t~ h @7  
INFO: Trying process: c s > e- vt~ u u WEIGHTED<=6 $$ t t~ h @7  
INFO: Trying process: c s > e- vt~ u c WEIGHTED<=6 $$ t t~ h @7  
INFO: Trying process: c s > e- vt~ c c WEIGHTED<=6 $$ t t~ h @7  
INFO: Trying process: c s > mu- ve~ u u WEIGHTED<=6 $$ t t~ h @7  
INFO: Trying process: c s > mu- ve~ u c WEIGHTED<=6 $$ t t~ h @7  
INFO: Trying process: c s > mu- ve~ c c WEIGHTED<=6 $$ t t~ h @7  
INFO: Trying process: c s > mu- vm~ u u WEIGHTED<=6 $$ t t~ h @7  
INFO: Trying process: c s > mu- vm~ u c WEIGHTED<=6 $$ t t~ h @7  
INFO: Process has 2 diagrams 
INFO: Trying process: c s > mu- vm~ c c WEIGHTED<=6 $$ t t~ h @7  
INFO: Process has 4 diagrams 
INFO: Trying process: c s > mu- vt~ u u WEIGHTED<=6 $$ t t~ h @7  
INFO: Trying process: c s > mu- vt~ u c WEIGHTED<=6 $$ t t~ h @7  
INFO: Trying process: c s > mu- vt~ c c WEIGHTED<=6 $$ t t~ h @7  
INFO: Trying process: c s > ta- ve~ u u WEIGHTED<=6 $$ t t~ h @7  
INFO: Trying process: c s > ta- ve~ u c WEIGHTED<=6 $$ t t~ h @7  
INFO: Trying process: c s > ta- ve~ c c WEIGHTED<=6 $$ t t~ h @7  
INFO: Trying process: c s > ta- vm~ u u WEIGHTED<=6 $$ t t~ h @7  
INFO: Trying process: c s > ta- vm~ u c WEIGHTED<=6 $$ t t~ h @7  
INFO: Trying process: c s > ta- vm~ c c WEIGHTED<=6 $$ t t~ h @7  
INFO: Trying process: c s > ta- vt~ u u WEIGHTED<=6 $$ t t~ h @7  
INFO: Trying process: c s > ta- vt~ u c WEIGHTED<=6 $$ t t~ h @7  
INFO: Process has 2 diagrams 
INFO: Trying process: c s > ta- vt~ c c WEIGHTED<=6 $$ t t~ h @7  
INFO: Process has 4 diagrams 
INFO: Trying process: c u~ > e- ve~ u b~ WEIGHTED<=6 $$ t t~ h @7  
INFO: Trying process: c u~ > e- ve~ c d~ WEIGHTED<=6 $$ t t~ h @7  
INFO: Process has 2 diagrams 
INFO: Trying process: c u~ > e- ve~ c s~ WEIGHTED<=6 $$ t t~ h @7  
INFO: Process has 2 diagrams 
INFO: Trying process: c u~ > e- ve~ c b~ WEIGHTED<=6 $$ t t~ h @7  
INFO: Process has 2 diagrams 
INFO: Trying process: c u~ > e- vm~ u b~ WEIGHTED<=6 $$ t t~ h @7  
INFO: Trying process: c u~ > e- vm~ c b~ WEIGHTED<=6 $$ t t~ h @7  
INFO: Trying process: c u~ > e- vt~ u b~ WEIGHTED<=6 $$ t t~ h @7  
INFO: Trying process: c u~ > e- vt~ c b~ WEIGHTED<=6 $$ t t~ h @7  
INFO: Trying process: c u~ > mu- ve~ u b~ WEIGHTED<=6 $$ t t~ h @7  
INFO: Trying process: c u~ > mu- ve~ c b~ WEIGHTED<=6 $$ t t~ h @7  
INFO: Trying process: c u~ > mu- vm~ u b~ WEIGHTED<=6 $$ t t~ h @7  
INFO: Trying process: c u~ > mu- vm~ c d~ WEIGHTED<=6 $$ t t~ h @7  
INFO: Process has 2 diagrams 
INFO: Trying process: c u~ > mu- vm~ c s~ WEIGHTED<=6 $$ t t~ h @7  
INFO: Process has 2 diagrams 
INFO: Trying process: c u~ > mu- vm~ c b~ WEIGHTED<=6 $$ t t~ h @7  
INFO: Process has 2 diagrams 
INFO: Trying process: c u~ > mu- vt~ u b~ WEIGHTED<=6 $$ t t~ h @7  
INFO: Trying process: c u~ > mu- vt~ c b~ WEIGHTED<=6 $$ t t~ h @7  
INFO: Trying process: c u~ > ta- ve~ u b~ WEIGHTED<=6 $$ t t~ h @7  
INFO: Trying process: c u~ > ta- ve~ c b~ WEIGHTED<=6 $$ t t~ h @7  
INFO: Trying process: c u~ > ta- vm~ u b~ WEIGHTED<=6 $$ t t~ h @7  
INFO: Trying process: c u~ > ta- vm~ c b~ WEIGHTED<=6 $$ t t~ h @7  
INFO: Trying process: c u~ > ta- vt~ u b~ WEIGHTED<=6 $$ t t~ h @7  
INFO: Trying process: c u~ > ta- vt~ c d~ WEIGHTED<=6 $$ t t~ h @7  
INFO: Process has 2 diagrams 
INFO: Trying process: c u~ > ta- vt~ c s~ WEIGHTED<=6 $$ t t~ h @7  
INFO: Process has 2 diagrams 
INFO: Trying process: c u~ > ta- vt~ c b~ WEIGHTED<=6 $$ t t~ h @7  
INFO: Process has 2 diagrams 
INFO: Trying process: c c~ > e- ve~ u d~ WEIGHTED<=6 $$ t t~ h @7  
INFO: Process has 2 diagrams 
INFO: Trying process: c c~ > e- ve~ u s~ WEIGHTED<=6 $$ t t~ h @7  
INFO: Process has 2 diagrams 
INFO: Trying process: c c~ > e- ve~ u b~ WEIGHTED<=6 $$ t t~ h @7  
INFO: Process has 2 diagrams 
INFO: Trying process: c c~ > e- ve~ c d~ WEIGHTED<=6 $$ t t~ h @7  
INFO: Process has 4 diagrams 
INFO: Trying process: c c~ > e- ve~ c s~ WEIGHTED<=6 $$ t t~ h @7  
INFO: Process has 4 diagrams 
INFO: Trying process: c c~ > e- ve~ c b~ WEIGHTED<=6 $$ t t~ h @7  
INFO: Process has 4 diagrams 
INFO: Trying process: c c~ > e- vm~ c b~ WEIGHTED<=6 $$ t t~ h @7  
INFO: Trying process: c c~ > e- vt~ c b~ WEIGHTED<=6 $$ t t~ h @7  
INFO: Trying process: c c~ > mu- ve~ c b~ WEIGHTED<=6 $$ t t~ h @7  
INFO: Trying process: c c~ > mu- vm~ u d~ WEIGHTED<=6 $$ t t~ h @7  
INFO: Process has 2 diagrams 
INFO: Trying process: c c~ > mu- vm~ u s~ WEIGHTED<=6 $$ t t~ h @7  
INFO: Process has 2 diagrams 
INFO: Trying process: c c~ > mu- vm~ u b~ WEIGHTED<=6 $$ t t~ h @7  
INFO: Process has 2 diagrams 
INFO: Trying process: c c~ > mu- vm~ c d~ WEIGHTED<=6 $$ t t~ h @7  
INFO: Process has 4 diagrams 
INFO: Trying process: c c~ > mu- vm~ c s~ WEIGHTED<=6 $$ t t~ h @7  
INFO: Process has 4 diagrams 
INFO: Trying process: c c~ > mu- vm~ c b~ WEIGHTED<=6 $$ t t~ h @7  
INFO: Process has 4 diagrams 
INFO: Trying process: c c~ > mu- vt~ c b~ WEIGHTED<=6 $$ t t~ h @7  
INFO: Trying process: c c~ > ta- ve~ c b~ WEIGHTED<=6 $$ t t~ h @7  
INFO: Trying process: c c~ > ta- vm~ c b~ WEIGHTED<=6 $$ t t~ h @7  
INFO: Trying process: c c~ > ta- vt~ u d~ WEIGHTED<=6 $$ t t~ h @7  
INFO: Process has 2 diagrams 
INFO: Trying process: c c~ > ta- vt~ u s~ WEIGHTED<=6 $$ t t~ h @7  
INFO: Process has 2 diagrams 
INFO: Trying process: c c~ > ta- vt~ u b~ WEIGHTED<=6 $$ t t~ h @7  
INFO: Process has 2 diagrams 
INFO: Trying process: c c~ > ta- vt~ c d~ WEIGHTED<=6 $$ t t~ h @7  
INFO: Process has 4 diagrams 
INFO: Trying process: c c~ > ta- vt~ c s~ WEIGHTED<=6 $$ t t~ h @7  
INFO: Process has 4 diagrams 
INFO: Trying process: c c~ > ta- vt~ c b~ WEIGHTED<=6 $$ t t~ h @7  
INFO: Process has 4 diagrams 
INFO: Trying process: c b > e- ve~ u c WEIGHTED<=6 $$ t t~ h @7  
INFO: Process has 2 diagrams 
INFO: Trying process: c b > e- ve~ c c WEIGHTED<=6 $$ t t~ h @7  
INFO: Process has 4 diagrams 
INFO: Trying process: c b > mu- vm~ u c WEIGHTED<=6 $$ t t~ h @7  
INFO: Process has 2 diagrams 
INFO: Trying process: c b > mu- vm~ c c WEIGHTED<=6 $$ t t~ h @7  
INFO: Process has 4 diagrams 
INFO: Trying process: c b > ta- vt~ u c WEIGHTED<=6 $$ t t~ h @7  
INFO: Process has 2 diagrams 
INFO: Trying process: c b > ta- vt~ c c WEIGHTED<=6 $$ t t~ h @7  
INFO: Process has 4 diagrams 
INFO: Process d g > e- ve~ g u added to mirror process g d > e- ve~ g u 
INFO: Process d g > e- ve~ g c added to mirror process g d > e- ve~ g c 
INFO: Process d g > mu- vm~ g u added to mirror process g d > mu- vm~ g u 
INFO: Process d g > mu- vm~ g c added to mirror process g d > mu- vm~ g c 
INFO: Process d g > ta- vt~ g u added to mirror process g d > ta- vt~ g u 
INFO: Process d g > ta- vt~ g c added to mirror process g d > ta- vt~ g c 
INFO: Process d u > e- ve~ u u added to mirror process u d > e- ve~ u u 
INFO: Process d u > e- ve~ u c added to mirror process u d > e- ve~ u c 
INFO: Process d u > mu- vm~ u u added to mirror process u d > mu- vm~ u u 
INFO: Process d u > mu- vm~ u c added to mirror process u d > mu- vm~ u c 
INFO: Process d u > ta- vt~ u u added to mirror process u d > ta- vt~ u u 
INFO: Process d u > ta- vt~ u c added to mirror process u d > ta- vt~ u c 
INFO: Process d c > e- ve~ u c added to mirror process c d > e- ve~ u c 
INFO: Process d c > e- ve~ c c added to mirror process c d > e- ve~ c c 
INFO: Process d c > mu- vm~ u c added to mirror process c d > mu- vm~ u c 
INFO: Process d c > mu- vm~ c c added to mirror process c d > mu- vm~ c c 
INFO: Process d c > ta- vt~ u c added to mirror process c d > ta- vt~ u c 
INFO: Process d c > ta- vt~ c c added to mirror process c d > ta- vt~ c c 
INFO: Trying process: d d > e- ve~ u d WEIGHTED<=6 $$ t t~ h @7  
INFO: Process has 4 diagrams 
INFO: Trying process: d d > e- ve~ u s WEIGHTED<=6 $$ t t~ h @7  
INFO: Trying process: d d > e- ve~ u b WEIGHTED<=6 $$ t t~ h @7  
INFO: Trying process: d d > e- ve~ c d WEIGHTED<=6 $$ t t~ h @7  
INFO: Process has 4 diagrams 
INFO: Trying process: d d > e- ve~ c s WEIGHTED<=6 $$ t t~ h @7  
INFO: Trying process: d d > e- ve~ c b WEIGHTED<=6 $$ t t~ h @7  
INFO: Trying process: d d > e- vm~ u d WEIGHTED<=6 $$ t t~ h @7  
INFO: Trying process: d d > e- vm~ u s WEIGHTED<=6 $$ t t~ h @7  
INFO: Trying process: d d > e- vm~ u b WEIGHTED<=6 $$ t t~ h @7  
INFO: Trying process: d d > e- vm~ c d WEIGHTED<=6 $$ t t~ h @7  
INFO: Trying process: d d > e- vm~ c s WEIGHTED<=6 $$ t t~ h @7  
INFO: Trying process: d d > e- vm~ c b WEIGHTED<=6 $$ t t~ h @7  
INFO: Trying process: d d > e- vt~ u d WEIGHTED<=6 $$ t t~ h @7  
INFO: Trying process: d d > e- vt~ u s WEIGHTED<=6 $$ t t~ h @7  
INFO: Trying process: d d > e- vt~ u b WEIGHTED<=6 $$ t t~ h @7  
INFO: Trying process: d d > e- vt~ c d WEIGHTED<=6 $$ t t~ h @7  
INFO: Trying process: d d > e- vt~ c s WEIGHTED<=6 $$ t t~ h @7  
INFO: Trying process: d d > e- vt~ c b WEIGHTED<=6 $$ t t~ h @7  
INFO: Trying process: d d > mu- ve~ u d WEIGHTED<=6 $$ t t~ h @7  
INFO: Trying process: d d > mu- ve~ u s WEIGHTED<=6 $$ t t~ h @7  
INFO: Trying process: d d > mu- ve~ u b WEIGHTED<=6 $$ t t~ h @7  
INFO: Trying process: d d > mu- ve~ c d WEIGHTED<=6 $$ t t~ h @7  
INFO: Trying process: d d > mu- ve~ c s WEIGHTED<=6 $$ t t~ h @7  
INFO: Trying process: d d > mu- ve~ c b WEIGHTED<=6 $$ t t~ h @7  
INFO: Trying process: d d > mu- vm~ u d WEIGHTED<=6 $$ t t~ h @7  
INFO: Process has 4 diagrams 
INFO: Trying process: d d > mu- vm~ u s WEIGHTED<=6 $$ t t~ h @7  
INFO: Trying process: d d > mu- vm~ u b WEIGHTED<=6 $$ t t~ h @7  
INFO: Trying process: d d > mu- vm~ c d WEIGHTED<=6 $$ t t~ h @7  
INFO: Process has 4 diagrams 
INFO: Trying process: d d > mu- vm~ c s WEIGHTED<=6 $$ t t~ h @7  
INFO: Trying process: d d > mu- vm~ c b WEIGHTED<=6 $$ t t~ h @7  
INFO: Trying process: d d > mu- vt~ u d WEIGHTED<=6 $$ t t~ h @7  
INFO: Trying process: d d > mu- vt~ u s WEIGHTED<=6 $$ t t~ h @7  
INFO: Trying process: d d > mu- vt~ u b WEIGHTED<=6 $$ t t~ h @7  
INFO: Trying process: d d > mu- vt~ c d WEIGHTED<=6 $$ t t~ h @7  
INFO: Trying process: d d > mu- vt~ c s WEIGHTED<=6 $$ t t~ h @7  
INFO: Trying process: d d > mu- vt~ c b WEIGHTED<=6 $$ t t~ h @7  
INFO: Trying process: d d > ta- ve~ u d WEIGHTED<=6 $$ t t~ h @7  
INFO: Trying process: d d > ta- ve~ u s WEIGHTED<=6 $$ t t~ h @7  
INFO: Trying process: d d > ta- ve~ u b WEIGHTED<=6 $$ t t~ h @7  
INFO: Trying process: d d > ta- ve~ c d WEIGHTED<=6 $$ t t~ h @7  
INFO: Trying process: d d > ta- ve~ c s WEIGHTED<=6 $$ t t~ h @7  
INFO: Trying process: d d > ta- ve~ c b WEIGHTED<=6 $$ t t~ h @7  
INFO: Trying process: d d > ta- vm~ u d WEIGHTED<=6 $$ t t~ h @7  
INFO: Trying process: d d > ta- vm~ u s WEIGHTED<=6 $$ t t~ h @7  
INFO: Trying process: d d > ta- vm~ u b WEIGHTED<=6 $$ t t~ h @7  
INFO: Trying process: d d > ta- vm~ c d WEIGHTED<=6 $$ t t~ h @7  
INFO: Trying process: d d > ta- vm~ c s WEIGHTED<=6 $$ t t~ h @7  
INFO: Trying process: d d > ta- vm~ c b WEIGHTED<=6 $$ t t~ h @7  
INFO: Trying process: d d > ta- vt~ u d WEIGHTED<=6 $$ t t~ h @7  
INFO: Process has 4 diagrams 
INFO: Trying process: d d > ta- vt~ u s WEIGHTED<=6 $$ t t~ h @7  
INFO: Trying process: d d > ta- vt~ u b WEIGHTED<=6 $$ t t~ h @7  
INFO: Trying process: d d > ta- vt~ c d WEIGHTED<=6 $$ t t~ h @7  
INFO: Process has 4 diagrams 
INFO: Trying process: d d > ta- vt~ c s WEIGHTED<=6 $$ t t~ h @7  
INFO: Trying process: d d > ta- vt~ c b WEIGHTED<=6 $$ t t~ h @7  
INFO: Trying process: d s > e- ve~ u d WEIGHTED<=6 $$ t t~ h @7  
INFO: Process has 2 diagrams 
INFO: Trying process: d s > e- ve~ u s WEIGHTED<=6 $$ t t~ h @7  
INFO: Process has 2 diagrams 
INFO: Trying process: d s > e- ve~ u b WEIGHTED<=6 $$ t t~ h @7  
INFO: Trying process: d s > e- ve~ c d WEIGHTED<=6 $$ t t~ h @7  
INFO: Process has 2 diagrams 
INFO: Trying process: d s > e- ve~ c s WEIGHTED<=6 $$ t t~ h @7  
INFO: Process has 2 diagrams 
INFO: Trying process: d s > e- ve~ c b WEIGHTED<=6 $$ t t~ h @7  
INFO: Trying process: d s > e- vm~ u d WEIGHTED<=6 $$ t t~ h @7  
INFO: Trying process: d s > e- vm~ u s WEIGHTED<=6 $$ t t~ h @7  
INFO: Trying process: d s > e- vm~ u b WEIGHTED<=6 $$ t t~ h @7  
INFO: Trying process: d s > e- vm~ c d WEIGHTED<=6 $$ t t~ h @7  
INFO: Trying process: d s > e- vm~ c s WEIGHTED<=6 $$ t t~ h @7  
INFO: Trying process: d s > e- vm~ c b WEIGHTED<=6 $$ t t~ h @7  
INFO: Trying process: d s > e- vt~ u d WEIGHTED<=6 $$ t t~ h @7  
INFO: Trying process: d s > e- vt~ u s WEIGHTED<=6 $$ t t~ h @7  
INFO: Trying process: d s > e- vt~ u b WEIGHTED<=6 $$ t t~ h @7  
INFO: Trying process: d s > e- vt~ c d WEIGHTED<=6 $$ t t~ h @7  
INFO: Trying process: d s > e- vt~ c s WEIGHTED<=6 $$ t t~ h @7  
INFO: Trying process: d s > e- vt~ c b WEIGHTED<=6 $$ t t~ h @7  
INFO: Trying process: d s > mu- ve~ u d WEIGHTED<=6 $$ t t~ h @7  
INFO: Trying process: d s > mu- ve~ u s WEIGHTED<=6 $$ t t~ h @7  
INFO: Trying process: d s > mu- ve~ u b WEIGHTED<=6 $$ t t~ h @7  
INFO: Trying process: d s > mu- ve~ c d WEIGHTED<=6 $$ t t~ h @7  
INFO: Trying process: d s > mu- ve~ c s WEIGHTED<=6 $$ t t~ h @7  
INFO: Trying process: d s > mu- ve~ c b WEIGHTED<=6 $$ t t~ h @7  
INFO: Trying process: d s > mu- vm~ u d WEIGHTED<=6 $$ t t~ h @7  
INFO: Process has 2 diagrams 
INFO: Trying process: d s > mu- vm~ u s WEIGHTED<=6 $$ t t~ h @7  
INFO: Process has 2 diagrams 
INFO: Trying process: d s > mu- vm~ u b WEIGHTED<=6 $$ t t~ h @7  
INFO: Trying process: d s > mu- vm~ c d WEIGHTED<=6 $$ t t~ h @7  
INFO: Process has 2 diagrams 
INFO: Trying process: d s > mu- vm~ c s WEIGHTED<=6 $$ t t~ h @7  
INFO: Process has 2 diagrams 
INFO: Trying process: d s > mu- vm~ c b WEIGHTED<=6 $$ t t~ h @7  
INFO: Trying process: d s > mu- vt~ u d WEIGHTED<=6 $$ t t~ h @7  
INFO: Trying process: d s > mu- vt~ u s WEIGHTED<=6 $$ t t~ h @7  
INFO: Trying process: d s > mu- vt~ u b WEIGHTED<=6 $$ t t~ h @7  
INFO: Trying process: d s > mu- vt~ c d WEIGHTED<=6 $$ t t~ h @7  
INFO: Trying process: d s > mu- vt~ c s WEIGHTED<=6 $$ t t~ h @7  
INFO: Trying process: d s > mu- vt~ c b WEIGHTED<=6 $$ t t~ h @7  
INFO: Trying process: d s > ta- ve~ u d WEIGHTED<=6 $$ t t~ h @7  
INFO: Trying process: d s > ta- ve~ u s WEIGHTED<=6 $$ t t~ h @7  
INFO: Trying process: d s > ta- ve~ u b WEIGHTED<=6 $$ t t~ h @7  
INFO: Trying process: d s > ta- ve~ c d WEIGHTED<=6 $$ t t~ h @7  
INFO: Trying process: d s > ta- ve~ c s WEIGHTED<=6 $$ t t~ h @7  
INFO: Trying process: d s > ta- ve~ c b WEIGHTED<=6 $$ t t~ h @7  
INFO: Trying process: d s > ta- vm~ u d WEIGHTED<=6 $$ t t~ h @7  
INFO: Trying process: d s > ta- vm~ u s WEIGHTED<=6 $$ t t~ h @7  
INFO: Trying process: d s > ta- vm~ u b WEIGHTED<=6 $$ t t~ h @7  
INFO: Trying process: d s > ta- vm~ c d WEIGHTED<=6 $$ t t~ h @7  
INFO: Trying process: d s > ta- vm~ c s WEIGHTED<=6 $$ t t~ h @7  
INFO: Trying process: d s > ta- vm~ c b WEIGHTED<=6 $$ t t~ h @7  
INFO: Trying process: d s > ta- vt~ u d WEIGHTED<=6 $$ t t~ h @7  
INFO: Process has 2 diagrams 
INFO: Trying process: d s > ta- vt~ u s WEIGHTED<=6 $$ t t~ h @7  
INFO: Process has 2 diagrams 
INFO: Trying process: d s > ta- vt~ u b WEIGHTED<=6 $$ t t~ h @7  
INFO: Trying process: d s > ta- vt~ c d WEIGHTED<=6 $$ t t~ h @7  
INFO: Process has 2 diagrams 
INFO: Trying process: d s > ta- vt~ c s WEIGHTED<=6 $$ t t~ h @7  
INFO: Process has 2 diagrams 
INFO: Trying process: d s > ta- vt~ c b WEIGHTED<=6 $$ t t~ h @7  
INFO: Trying process: d u~ > e- ve~ g g WEIGHTED<=6 $$ t t~ h @7  
INFO: Process has 8 diagrams 
INFO: Trying process: d u~ > e- ve~ u u~ WEIGHTED<=6 $$ t t~ h @7  
INFO: Process has 4 diagrams 
INFO: Trying process: d u~ > e- ve~ c u~ WEIGHTED<=6 $$ t t~ h @7  
INFO: Process has 2 diagrams 
INFO: Trying process: d u~ > e- ve~ c c~ WEIGHTED<=6 $$ t t~ h @7  
INFO: Process has 2 diagrams 
INFO: Trying process: d u~ > e- ve~ d d~ WEIGHTED<=6 $$ t t~ h @7  
INFO: Process has 4 diagrams 
INFO: Trying process: d u~ > e- ve~ d s~ WEIGHTED<=6 $$ t t~ h @7  
INFO: Process has 2 diagrams 
INFO: Trying process: d u~ > e- ve~ d b~ WEIGHTED<=6 $$ t t~ h @7  
INFO: Process has 2 diagrams 
INFO: Trying process: d u~ > e- ve~ s s~ WEIGHTED<=6 $$ t t~ h @7  
INFO: Process has 2 diagrams 
INFO: Trying process: d u~ > e- ve~ s b~ WEIGHTED<=6 $$ t t~ h @7  
INFO: Trying process: d u~ > e- ve~ b b~ WEIGHTED<=6 $$ t t~ h @7  
INFO: Process has 2 diagrams 
INFO: Trying process: d u~ > e- vm~ d b~ WEIGHTED<=6 $$ t t~ h @7  
INFO: Trying process: d u~ > e- vm~ s b~ WEIGHTED<=6 $$ t t~ h @7  
INFO: Trying process: d u~ > e- vm~ b b~ WEIGHTED<=6 $$ t t~ h @7  
INFO: Trying process: d u~ > e- vt~ d b~ WEIGHTED<=6 $$ t t~ h @7  
INFO: Trying process: d u~ > e- vt~ s b~ WEIGHTED<=6 $$ t t~ h @7  
INFO: Trying process: d u~ > e- vt~ b b~ WEIGHTED<=6 $$ t t~ h @7  
INFO: Trying process: d u~ > mu- ve~ d b~ WEIGHTED<=6 $$ t t~ h @7  
INFO: Trying process: d u~ > mu- ve~ s b~ WEIGHTED<=6 $$ t t~ h @7  
INFO: Trying process: d u~ > mu- ve~ b b~ WEIGHTED<=6 $$ t t~ h @7  
INFO: Trying process: d u~ > mu- vm~ g g WEIGHTED<=6 $$ t t~ h @7  
INFO: Process has 8 diagrams 
INFO: Trying process: d u~ > mu- vm~ u u~ WEIGHTED<=6 $$ t t~ h @7  
INFO: Process has 4 diagrams 
INFO: Trying process: d u~ > mu- vm~ c u~ WEIGHTED<=6 $$ t t~ h @7  
INFO: Process has 2 diagrams 
INFO: Trying process: d u~ > mu- vm~ c c~ WEIGHTED<=6 $$ t t~ h @7  
INFO: Process has 2 diagrams 
INFO: Trying process: d u~ > mu- vm~ d d~ WEIGHTED<=6 $$ t t~ h @7  
INFO: Process has 4 diagrams 
INFO: Trying process: d u~ > mu- vm~ d s~ WEIGHTED<=6 $$ t t~ h @7  
INFO: Process has 2 diagrams 
INFO: Trying process: d u~ > mu- vm~ d b~ WEIGHTED<=6 $$ t t~ h @7  
INFO: Process has 2 diagrams 
INFO: Trying process: d u~ > mu- vm~ s s~ WEIGHTED<=6 $$ t t~ h @7  
INFO: Process has 2 diagrams 
INFO: Trying process: d u~ > mu- vm~ s b~ WEIGHTED<=6 $$ t t~ h @7  
INFO: Trying process: d u~ > mu- vm~ b b~ WEIGHTED<=6 $$ t t~ h @7  
INFO: Process has 2 diagrams 
INFO: Trying process: d u~ > mu- vt~ d b~ WEIGHTED<=6 $$ t t~ h @7  
INFO: Trying process: d u~ > mu- vt~ s b~ WEIGHTED<=6 $$ t t~ h @7  
INFO: Trying process: d u~ > mu- vt~ b b~ WEIGHTED<=6 $$ t t~ h @7  
INFO: Trying process: d u~ > ta- ve~ d b~ WEIGHTED<=6 $$ t t~ h @7  
INFO: Trying process: d u~ > ta- ve~ s b~ WEIGHTED<=6 $$ t t~ h @7  
INFO: Trying process: d u~ > ta- ve~ b b~ WEIGHTED<=6 $$ t t~ h @7  
INFO: Trying process: d u~ > ta- vm~ d b~ WEIGHTED<=6 $$ t t~ h @7  
INFO: Trying process: d u~ > ta- vm~ s b~ WEIGHTED<=6 $$ t t~ h @7  
INFO: Trying process: d u~ > ta- vm~ b b~ WEIGHTED<=6 $$ t t~ h @7  
INFO: Trying process: d u~ > ta- vt~ g g WEIGHTED<=6 $$ t t~ h @7  
INFO: Process has 8 diagrams 
INFO: Trying process: d u~ > ta- vt~ u u~ WEIGHTED<=6 $$ t t~ h @7  
INFO: Process has 4 diagrams 
INFO: Trying process: d u~ > ta- vt~ c u~ WEIGHTED<=6 $$ t t~ h @7  
INFO: Process has 2 diagrams 
INFO: Trying process: d u~ > ta- vt~ c c~ WEIGHTED<=6 $$ t t~ h @7  
INFO: Process has 2 diagrams 
INFO: Trying process: d u~ > ta- vt~ d d~ WEIGHTED<=6 $$ t t~ h @7  
INFO: Process has 4 diagrams 
INFO: Trying process: d u~ > ta- vt~ d s~ WEIGHTED<=6 $$ t t~ h @7  
INFO: Process has 2 diagrams 
INFO: Trying process: d u~ > ta- vt~ d b~ WEIGHTED<=6 $$ t t~ h @7  
INFO: Process has 2 diagrams 
INFO: Trying process: d u~ > ta- vt~ s s~ WEIGHTED<=6 $$ t t~ h @7  
INFO: Process has 2 diagrams 
INFO: Trying process: d u~ > ta- vt~ s b~ WEIGHTED<=6 $$ t t~ h @7  
INFO: Trying process: d u~ > ta- vt~ b b~ WEIGHTED<=6 $$ t t~ h @7  
INFO: Process has 2 diagrams 
INFO: Trying process: d c~ > e- ve~ g g WEIGHTED<=6 $$ t t~ h @7  
INFO: Process has 8 diagrams 
INFO: Trying process: d c~ > e- ve~ u u~ WEIGHTED<=6 $$ t t~ h @7  
INFO: Process has 2 diagrams 
INFO: Trying process: d c~ > e- ve~ u c~ WEIGHTED<=6 $$ t t~ h @7  
INFO: Process has 2 diagrams 
INFO: Trying process: d c~ > e- ve~ c c~ WEIGHTED<=6 $$ t t~ h @7  
INFO: Process has 4 diagrams 
INFO: Trying process: d c~ > e- ve~ d d~ WEIGHTED<=6 $$ t t~ h @7  
INFO: Process has 4 diagrams 
INFO: Trying process: d c~ > e- ve~ d s~ WEIGHTED<=6 $$ t t~ h @7  
INFO: Process has 2 diagrams 
INFO: Trying process: d c~ > e- ve~ d b~ WEIGHTED<=6 $$ t t~ h @7  
INFO: Process has 2 diagrams 
INFO: Trying process: d c~ > e- ve~ s s~ WEIGHTED<=6 $$ t t~ h @7  
INFO: Process has 2 diagrams 
INFO: Trying process: d c~ > e- ve~ s b~ WEIGHTED<=6 $$ t t~ h @7  
INFO: Trying process: d c~ > e- ve~ b b~ WEIGHTED<=6 $$ t t~ h @7  
INFO: Process has 2 diagrams 
INFO: Trying process: d c~ > e- vm~ d b~ WEIGHTED<=6 $$ t t~ h @7  
INFO: Trying process: d c~ > e- vm~ s b~ WEIGHTED<=6 $$ t t~ h @7  
INFO: Trying process: d c~ > e- vm~ b b~ WEIGHTED<=6 $$ t t~ h @7  
INFO: Trying process: d c~ > e- vt~ d b~ WEIGHTED<=6 $$ t t~ h @7  
INFO: Trying process: d c~ > e- vt~ s b~ WEIGHTED<=6 $$ t t~ h @7  
INFO: Trying process: d c~ > e- vt~ b b~ WEIGHTED<=6 $$ t t~ h @7  
INFO: Trying process: d c~ > mu- ve~ d b~ WEIGHTED<=6 $$ t t~ h @7  
INFO: Trying process: d c~ > mu- ve~ s b~ WEIGHTED<=6 $$ t t~ h @7  
INFO: Trying process: d c~ > mu- ve~ b b~ WEIGHTED<=6 $$ t t~ h @7  
INFO: Trying process: d c~ > mu- vm~ g g WEIGHTED<=6 $$ t t~ h @7  
INFO: Process has 8 diagrams 
INFO: Trying process: d c~ > mu- vm~ u u~ WEIGHTED<=6 $$ t t~ h @7  
INFO: Process has 2 diagrams 
INFO: Trying process: d c~ > mu- vm~ u c~ WEIGHTED<=6 $$ t t~ h @7  
INFO: Process has 2 diagrams 
INFO: Trying process: d c~ > mu- vm~ c c~ WEIGHTED<=6 $$ t t~ h @7  
INFO: Process has 4 diagrams 
INFO: Trying process: d c~ > mu- vm~ d d~ WEIGHTED<=6 $$ t t~ h @7  
INFO: Process has 4 diagrams 
INFO: Trying process: d c~ > mu- vm~ d s~ WEIGHTED<=6 $$ t t~ h @7  
INFO: Process has 2 diagrams 
INFO: Trying process: d c~ > mu- vm~ d b~ WEIGHTED<=6 $$ t t~ h @7  
INFO: Process has 2 diagrams 
INFO: Trying process: d c~ > mu- vm~ s s~ WEIGHTED<=6 $$ t t~ h @7  
INFO: Process has 2 diagrams 
INFO: Trying process: d c~ > mu- vm~ s b~ WEIGHTED<=6 $$ t t~ h @7  
INFO: Trying process: d c~ > mu- vm~ b b~ WEIGHTED<=6 $$ t t~ h @7  
INFO: Process has 2 diagrams 
INFO: Trying process: d c~ > mu- vt~ d b~ WEIGHTED<=6 $$ t t~ h @7  
INFO: Trying process: d c~ > mu- vt~ s b~ WEIGHTED<=6 $$ t t~ h @7  
INFO: Trying process: d c~ > mu- vt~ b b~ WEIGHTED<=6 $$ t t~ h @7  
INFO: Trying process: d c~ > ta- ve~ d b~ WEIGHTED<=6 $$ t t~ h @7  
INFO: Trying process: d c~ > ta- ve~ s b~ WEIGHTED<=6 $$ t t~ h @7  
INFO: Trying process: d c~ > ta- ve~ b b~ WEIGHTED<=6 $$ t t~ h @7  
INFO: Trying process: d c~ > ta- vm~ d b~ WEIGHTED<=6 $$ t t~ h @7  
INFO: Trying process: d c~ > ta- vm~ s b~ WEIGHTED<=6 $$ t t~ h @7  
INFO: Trying process: d c~ > ta- vm~ b b~ WEIGHTED<=6 $$ t t~ h @7  
INFO: Trying process: d c~ > ta- vt~ g g WEIGHTED<=6 $$ t t~ h @7  
INFO: Process has 8 diagrams 
INFO: Trying process: d c~ > ta- vt~ u u~ WEIGHTED<=6 $$ t t~ h @7  
INFO: Process has 2 diagrams 
INFO: Trying process: d c~ > ta- vt~ u c~ WEIGHTED<=6 $$ t t~ h @7  
INFO: Process has 2 diagrams 
INFO: Trying process: d c~ > ta- vt~ c c~ WEIGHTED<=6 $$ t t~ h @7  
INFO: Process has 4 diagrams 
INFO: Trying process: d c~ > ta- vt~ d d~ WEIGHTED<=6 $$ t t~ h @7  
INFO: Process has 4 diagrams 
INFO: Trying process: d c~ > ta- vt~ d s~ WEIGHTED<=6 $$ t t~ h @7  
INFO: Process has 2 diagrams 
INFO: Trying process: d c~ > ta- vt~ d b~ WEIGHTED<=6 $$ t t~ h @7  
INFO: Process has 2 diagrams 
INFO: Trying process: d c~ > ta- vt~ s s~ WEIGHTED<=6 $$ t t~ h @7  
INFO: Process has 2 diagrams 
INFO: Trying process: d c~ > ta- vt~ s b~ WEIGHTED<=6 $$ t t~ h @7  
INFO: Trying process: d c~ > ta- vt~ b b~ WEIGHTED<=6 $$ t t~ h @7  
INFO: Process has 2 diagrams 
INFO: Trying process: d d~ > e- ve~ u d~ WEIGHTED<=6 $$ t t~ h @7  
INFO: Process has 4 diagrams 
INFO: Trying process: d d~ > e- ve~ u s~ WEIGHTED<=6 $$ t t~ h @7  
INFO: Process has 2 diagrams 
INFO: Trying process: d d~ > e- ve~ u b~ WEIGHTED<=6 $$ t t~ h @7  
INFO: Process has 2 diagrams 
INFO: Trying process: d d~ > e- ve~ c d~ WEIGHTED<=6 $$ t t~ h @7  
INFO: Process has 4 diagrams 
INFO: Trying process: d d~ > e- ve~ c s~ WEIGHTED<=6 $$ t t~ h @7  
INFO: Process has 2 diagrams 
INFO: Trying process: d d~ > e- ve~ c b~ WEIGHTED<=6 $$ t t~ h @7  
INFO: Process has 2 diagrams 
INFO: Trying process: d d~ > mu- vm~ u d~ WEIGHTED<=6 $$ t t~ h @7  
INFO: Process has 4 diagrams 
INFO: Trying process: d d~ > mu- vm~ u s~ WEIGHTED<=6 $$ t t~ h @7  
INFO: Process has 2 diagrams 
INFO: Trying process: d d~ > mu- vm~ u b~ WEIGHTED<=6 $$ t t~ h @7  
INFO: Process has 2 diagrams 
INFO: Trying process: d d~ > mu- vm~ c d~ WEIGHTED<=6 $$ t t~ h @7  
INFO: Process has 4 diagrams 
INFO: Trying process: d d~ > mu- vm~ c s~ WEIGHTED<=6 $$ t t~ h @7  
INFO: Process has 2 diagrams 
INFO: Trying process: d d~ > mu- vm~ c b~ WEIGHTED<=6 $$ t t~ h @7  
INFO: Process has 2 diagrams 
INFO: Trying process: d d~ > ta- vt~ u d~ WEIGHTED<=6 $$ t t~ h @7  
INFO: Process has 4 diagrams 
INFO: Trying process: d d~ > ta- vt~ u s~ WEIGHTED<=6 $$ t t~ h @7  
INFO: Process has 2 diagrams 
INFO: Trying process: d d~ > ta- vt~ u b~ WEIGHTED<=6 $$ t t~ h @7  
INFO: Process has 2 diagrams 
INFO: Trying process: d d~ > ta- vt~ c d~ WEIGHTED<=6 $$ t t~ h @7  
INFO: Process has 4 diagrams 
INFO: Trying process: d d~ > ta- vt~ c s~ WEIGHTED<=6 $$ t t~ h @7  
INFO: Process has 2 diagrams 
INFO: Trying process: d d~ > ta- vt~ c b~ WEIGHTED<=6 $$ t t~ h @7  
INFO: Process has 2 diagrams 
INFO: Trying process: d s~ > e- ve~ u s~ WEIGHTED<=6 $$ t t~ h @7  
INFO: Process has 2 diagrams 
INFO: Trying process: d s~ > e- ve~ c s~ WEIGHTED<=6 $$ t t~ h @7  
INFO: Process has 2 diagrams 
INFO: Trying process: d s~ > mu- vm~ u s~ WEIGHTED<=6 $$ t t~ h @7  
INFO: Process has 2 diagrams 
INFO: Trying process: d s~ > mu- vm~ c s~ WEIGHTED<=6 $$ t t~ h @7  
INFO: Process has 2 diagrams 
INFO: Trying process: d s~ > ta- vt~ u s~ WEIGHTED<=6 $$ t t~ h @7  
INFO: Process has 2 diagrams 
INFO: Trying process: d s~ > ta- vt~ c s~ WEIGHTED<=6 $$ t t~ h @7  
INFO: Process has 2 diagrams 
INFO: Trying process: d b > e- ve~ u d WEIGHTED<=6 $$ t t~ h @7  
INFO: Process has 2 diagrams 
INFO: Trying process: d b > e- ve~ u b WEIGHTED<=6 $$ t t~ h @7  
INFO: Process has 2 diagrams 
INFO: Trying process: d b > e- ve~ c d WEIGHTED<=6 $$ t t~ h @7  
INFO: Process has 2 diagrams 
INFO: Trying process: d b > e- ve~ c b WEIGHTED<=6 $$ t t~ h @7  
INFO: Process has 2 diagrams 
INFO: Trying process: d b > mu- vm~ u d WEIGHTED<=6 $$ t t~ h @7  
INFO: Process has 2 diagrams 
INFO: Trying process: d b > mu- vm~ u b WEIGHTED<=6 $$ t t~ h @7  
INFO: Process has 2 diagrams 
INFO: Trying process: d b > mu- vm~ c d WEIGHTED<=6 $$ t t~ h @7  
INFO: Process has 2 diagrams 
INFO: Trying process: d b > mu- vm~ c b WEIGHTED<=6 $$ t t~ h @7  
INFO: Process has 2 diagrams 
INFO: Trying process: d b > ta- vt~ u d WEIGHTED<=6 $$ t t~ h @7  
INFO: Process has 2 diagrams 
INFO: Trying process: d b > ta- vt~ u b WEIGHTED<=6 $$ t t~ h @7  
INFO: Process has 2 diagrams 
INFO: Trying process: d b > ta- vt~ c d WEIGHTED<=6 $$ t t~ h @7  
INFO: Process has 2 diagrams 
INFO: Trying process: d b > ta- vt~ c b WEIGHTED<=6 $$ t t~ h @7  
INFO: Process has 2 diagrams 
INFO: Trying process: d b~ > e- ve~ u b~ WEIGHTED<=6 $$ t t~ h @7  
INFO: Process has 2 diagrams 
INFO: Trying process: d b~ > e- ve~ c b~ WEIGHTED<=6 $$ t t~ h @7  
INFO: Process has 2 diagrams 
INFO: Trying process: d b~ > mu- vm~ u b~ WEIGHTED<=6 $$ t t~ h @7  
INFO: Process has 2 diagrams 
INFO: Trying process: d b~ > mu- vm~ c b~ WEIGHTED<=6 $$ t t~ h @7  
INFO: Process has 2 diagrams 
INFO: Trying process: d b~ > ta- vt~ u b~ WEIGHTED<=6 $$ t t~ h @7  
INFO: Process has 2 diagrams 
INFO: Trying process: d b~ > ta- vt~ c b~ WEIGHTED<=6 $$ t t~ h @7  
INFO: Process has 2 diagrams 
INFO: Process s g > e- ve~ g u added to mirror process g s > e- ve~ g u 
INFO: Process s g > e- ve~ g c added to mirror process g s > e- ve~ g c 
INFO: Process s g > mu- vm~ g u added to mirror process g s > mu- vm~ g u 
INFO: Process s g > mu- vm~ g c added to mirror process g s > mu- vm~ g c 
INFO: Process s g > ta- vt~ g u added to mirror process g s > ta- vt~ g u 
INFO: Process s g > ta- vt~ g c added to mirror process g s > ta- vt~ g c 
INFO: Process s u > e- ve~ u u added to mirror process u s > e- ve~ u u 
INFO: Process s u > e- ve~ u c added to mirror process u s > e- ve~ u c 
INFO: Process s u > mu- vm~ u u added to mirror process u s > mu- vm~ u u 
INFO: Process s u > mu- vm~ u c added to mirror process u s > mu- vm~ u c 
INFO: Process s u > ta- vt~ u u added to mirror process u s > ta- vt~ u u 
INFO: Process s u > ta- vt~ u c added to mirror process u s > ta- vt~ u c 
INFO: Process s c > e- ve~ u c added to mirror process c s > e- ve~ u c 
INFO: Process s c > e- ve~ c c added to mirror process c s > e- ve~ c c 
INFO: Process s c > mu- vm~ u c added to mirror process c s > mu- vm~ u c 
INFO: Process s c > mu- vm~ c c added to mirror process c s > mu- vm~ c c 
INFO: Process s c > ta- vt~ u c added to mirror process c s > ta- vt~ u c 
INFO: Process s c > ta- vt~ c c added to mirror process c s > ta- vt~ c c 
INFO: Process s d > e- ve~ u d added to mirror process d s > e- ve~ u d 
INFO: Process s d > e- ve~ u s added to mirror process d s > e- ve~ u s 
INFO: Process s d > e- ve~ c d added to mirror process d s > e- ve~ c d 
INFO: Process s d > e- ve~ c s added to mirror process d s > e- ve~ c s 
INFO: Process s d > mu- vm~ u d added to mirror process d s > mu- vm~ u d 
INFO: Process s d > mu- vm~ u s added to mirror process d s > mu- vm~ u s 
INFO: Process s d > mu- vm~ c d added to mirror process d s > mu- vm~ c d 
INFO: Process s d > mu- vm~ c s added to mirror process d s > mu- vm~ c s 
INFO: Process s d > ta- vt~ u d added to mirror process d s > ta- vt~ u d 
INFO: Process s d > ta- vt~ u s added to mirror process d s > ta- vt~ u s 
INFO: Process s d > ta- vt~ c d added to mirror process d s > ta- vt~ c d 
INFO: Process s d > ta- vt~ c s added to mirror process d s > ta- vt~ c s 
INFO: Trying process: s s > e- ve~ u d WEIGHTED<=6 $$ t t~ h @7  
INFO: Trying process: s s > e- ve~ u s WEIGHTED<=6 $$ t t~ h @7  
INFO: Process has 4 diagrams 
INFO: Trying process: s s > e- ve~ u b WEIGHTED<=6 $$ t t~ h @7  
INFO: Trying process: s s > e- ve~ c d WEIGHTED<=6 $$ t t~ h @7  
INFO: Trying process: s s > e- ve~ c s WEIGHTED<=6 $$ t t~ h @7  
INFO: Process has 4 diagrams 
INFO: Trying process: s s > e- ve~ c b WEIGHTED<=6 $$ t t~ h @7  
INFO: Trying process: s s > e- vm~ u d WEIGHTED<=6 $$ t t~ h @7  
INFO: Trying process: s s > e- vm~ u s WEIGHTED<=6 $$ t t~ h @7  
INFO: Trying process: s s > e- vm~ u b WEIGHTED<=6 $$ t t~ h @7  
INFO: Trying process: s s > e- vm~ c d WEIGHTED<=6 $$ t t~ h @7  
INFO: Trying process: s s > e- vm~ c s WEIGHTED<=6 $$ t t~ h @7  
INFO: Trying process: s s > e- vm~ c b WEIGHTED<=6 $$ t t~ h @7  
INFO: Trying process: s s > e- vt~ u d WEIGHTED<=6 $$ t t~ h @7  
INFO: Trying process: s s > e- vt~ u s WEIGHTED<=6 $$ t t~ h @7  
INFO: Trying process: s s > e- vt~ u b WEIGHTED<=6 $$ t t~ h @7  
INFO: Trying process: s s > e- vt~ c d WEIGHTED<=6 $$ t t~ h @7  
INFO: Trying process: s s > e- vt~ c s WEIGHTED<=6 $$ t t~ h @7  
INFO: Trying process: s s > e- vt~ c b WEIGHTED<=6 $$ t t~ h @7  
INFO: Trying process: s s > mu- ve~ u d WEIGHTED<=6 $$ t t~ h @7  
INFO: Trying process: s s > mu- ve~ u s WEIGHTED<=6 $$ t t~ h @7  
INFO: Trying process: s s > mu- ve~ u b WEIGHTED<=6 $$ t t~ h @7  
INFO: Trying process: s s > mu- ve~ c d WEIGHTED<=6 $$ t t~ h @7  
INFO: Trying process: s s > mu- ve~ c s WEIGHTED<=6 $$ t t~ h @7  
INFO: Trying process: s s > mu- ve~ c b WEIGHTED<=6 $$ t t~ h @7  
INFO: Trying process: s s > mu- vm~ u d WEIGHTED<=6 $$ t t~ h @7  
INFO: Trying process: s s > mu- vm~ u s WEIGHTED<=6 $$ t t~ h @7  
INFO: Process has 4 diagrams 
INFO: Trying process: s s > mu- vm~ u b WEIGHTED<=6 $$ t t~ h @7  
INFO: Trying process: s s > mu- vm~ c d WEIGHTED<=6 $$ t t~ h @7  
INFO: Trying process: s s > mu- vm~ c s WEIGHTED<=6 $$ t t~ h @7  
INFO: Process has 4 diagrams 
INFO: Trying process: s s > mu- vm~ c b WEIGHTED<=6 $$ t t~ h @7  
INFO: Trying process: s s > mu- vt~ u d WEIGHTED<=6 $$ t t~ h @7  
INFO: Trying process: s s > mu- vt~ u s WEIGHTED<=6 $$ t t~ h @7  
INFO: Trying process: s s > mu- vt~ u b WEIGHTED<=6 $$ t t~ h @7  
INFO: Trying process: s s > mu- vt~ c d WEIGHTED<=6 $$ t t~ h @7  
INFO: Trying process: s s > mu- vt~ c s WEIGHTED<=6 $$ t t~ h @7  
INFO: Trying process: s s > mu- vt~ c b WEIGHTED<=6 $$ t t~ h @7  
INFO: Trying process: s s > ta- ve~ u d WEIGHTED<=6 $$ t t~ h @7  
INFO: Trying process: s s > ta- ve~ u s WEIGHTED<=6 $$ t t~ h @7  
INFO: Trying process: s s > ta- ve~ u b WEIGHTED<=6 $$ t t~ h @7  
INFO: Trying process: s s > ta- ve~ c d WEIGHTED<=6 $$ t t~ h @7  
INFO: Trying process: s s > ta- ve~ c s WEIGHTED<=6 $$ t t~ h @7  
INFO: Trying process: s s > ta- ve~ c b WEIGHTED<=6 $$ t t~ h @7  
INFO: Trying process: s s > ta- vm~ u d WEIGHTED<=6 $$ t t~ h @7  
INFO: Trying process: s s > ta- vm~ u s WEIGHTED<=6 $$ t t~ h @7  
INFO: Trying process: s s > ta- vm~ u b WEIGHTED<=6 $$ t t~ h @7  
INFO: Trying process: s s > ta- vm~ c d WEIGHTED<=6 $$ t t~ h @7  
INFO: Trying process: s s > ta- vm~ c s WEIGHTED<=6 $$ t t~ h @7  
INFO: Trying process: s s > ta- vm~ c b WEIGHTED<=6 $$ t t~ h @7  
INFO: Trying process: s s > ta- vt~ u d WEIGHTED<=6 $$ t t~ h @7  
INFO: Trying process: s s > ta- vt~ u s WEIGHTED<=6 $$ t t~ h @7  
INFO: Process has 4 diagrams 
INFO: Trying process: s s > ta- vt~ u b WEIGHTED<=6 $$ t t~ h @7  
INFO: Trying process: s s > ta- vt~ c d WEIGHTED<=6 $$ t t~ h @7  
INFO: Trying process: s s > ta- vt~ c s WEIGHTED<=6 $$ t t~ h @7  
INFO: Process has 4 diagrams 
INFO: Trying process: s s > ta- vt~ c b WEIGHTED<=6 $$ t t~ h @7  
INFO: Trying process: s u~ > e- ve~ g g WEIGHTED<=6 $$ t t~ h @7  
INFO: Process has 8 diagrams 
INFO: Trying process: s u~ > e- ve~ u u~ WEIGHTED<=6 $$ t t~ h @7  
INFO: Process has 4 diagrams 
INFO: Trying process: s u~ > e- ve~ c u~ WEIGHTED<=6 $$ t t~ h @7  
INFO: Process has 2 diagrams 
INFO: Trying process: s u~ > e- ve~ c c~ WEIGHTED<=6 $$ t t~ h @7  
INFO: Process has 2 diagrams 
INFO: Trying process: s u~ > e- ve~ d d~ WEIGHTED<=6 $$ t t~ h @7  
INFO: Process has 2 diagrams 
INFO: Trying process: s u~ > e- ve~ d b~ WEIGHTED<=6 $$ t t~ h @7  
INFO: Trying process: s u~ > e- ve~ s d~ WEIGHTED<=6 $$ t t~ h @7  
INFO: Process has 2 diagrams 
INFO: Trying process: s u~ > e- ve~ s s~ WEIGHTED<=6 $$ t t~ h @7  
INFO: Process has 4 diagrams 
INFO: Trying process: s u~ > e- ve~ s b~ WEIGHTED<=6 $$ t t~ h @7  
INFO: Process has 2 diagrams 
INFO: Trying process: s u~ > e- ve~ b b~ WEIGHTED<=6 $$ t t~ h @7  
INFO: Process has 2 diagrams 
INFO: Trying process: s u~ > e- vm~ d b~ WEIGHTED<=6 $$ t t~ h @7  
INFO: Trying process: s u~ > e- vm~ s b~ WEIGHTED<=6 $$ t t~ h @7  
INFO: Trying process: s u~ > e- vm~ b b~ WEIGHTED<=6 $$ t t~ h @7  
INFO: Trying process: s u~ > e- vt~ d b~ WEIGHTED<=6 $$ t t~ h @7  
INFO: Trying process: s u~ > e- vt~ s b~ WEIGHTED<=6 $$ t t~ h @7  
INFO: Trying process: s u~ > e- vt~ b b~ WEIGHTED<=6 $$ t t~ h @7  
INFO: Trying process: s u~ > mu- ve~ d b~ WEIGHTED<=6 $$ t t~ h @7  
INFO: Trying process: s u~ > mu- ve~ s b~ WEIGHTED<=6 $$ t t~ h @7  
INFO: Trying process: s u~ > mu- ve~ b b~ WEIGHTED<=6 $$ t t~ h @7  
INFO: Trying process: s u~ > mu- vm~ g g WEIGHTED<=6 $$ t t~ h @7  
INFO: Process has 8 diagrams 
INFO: Trying process: s u~ > mu- vm~ u u~ WEIGHTED<=6 $$ t t~ h @7  
INFO: Process has 4 diagrams 
INFO: Trying process: s u~ > mu- vm~ c u~ WEIGHTED<=6 $$ t t~ h @7  
INFO: Process has 2 diagrams 
INFO: Trying process: s u~ > mu- vm~ c c~ WEIGHTED<=6 $$ t t~ h @7  
INFO: Process has 2 diagrams 
INFO: Trying process: s u~ > mu- vm~ d d~ WEIGHTED<=6 $$ t t~ h @7  
INFO: Process has 2 diagrams 
INFO: Trying process: s u~ > mu- vm~ d b~ WEIGHTED<=6 $$ t t~ h @7  
INFO: Trying process: s u~ > mu- vm~ s d~ WEIGHTED<=6 $$ t t~ h @7  
INFO: Process has 2 diagrams 
INFO: Trying process: s u~ > mu- vm~ s s~ WEIGHTED<=6 $$ t t~ h @7  
INFO: Process has 4 diagrams 
INFO: Trying process: s u~ > mu- vm~ s b~ WEIGHTED<=6 $$ t t~ h @7  
INFO: Process has 2 diagrams 
INFO: Trying process: s u~ > mu- vm~ b b~ WEIGHTED<=6 $$ t t~ h @7  
INFO: Process has 2 diagrams 
INFO: Trying process: s u~ > mu- vt~ d b~ WEIGHTED<=6 $$ t t~ h @7  
INFO: Trying process: s u~ > mu- vt~ s b~ WEIGHTED<=6 $$ t t~ h @7  
INFO: Trying process: s u~ > mu- vt~ b b~ WEIGHTED<=6 $$ t t~ h @7  
INFO: Trying process: s u~ > ta- ve~ d b~ WEIGHTED<=6 $$ t t~ h @7  
INFO: Trying process: s u~ > ta- ve~ s b~ WEIGHTED<=6 $$ t t~ h @7  
INFO: Trying process: s u~ > ta- ve~ b b~ WEIGHTED<=6 $$ t t~ h @7  
INFO: Trying process: s u~ > ta- vm~ d b~ WEIGHTED<=6 $$ t t~ h @7  
INFO: Trying process: s u~ > ta- vm~ s b~ WEIGHTED<=6 $$ t t~ h @7  
INFO: Trying process: s u~ > ta- vm~ b b~ WEIGHTED<=6 $$ t t~ h @7  
INFO: Trying process: s u~ > ta- vt~ g g WEIGHTED<=6 $$ t t~ h @7  
INFO: Process has 8 diagrams 
INFO: Trying process: s u~ > ta- vt~ u u~ WEIGHTED<=6 $$ t t~ h @7  
INFO: Process has 4 diagrams 
INFO: Trying process: s u~ > ta- vt~ c u~ WEIGHTED<=6 $$ t t~ h @7  
INFO: Process has 2 diagrams 
INFO: Trying process: s u~ > ta- vt~ c c~ WEIGHTED<=6 $$ t t~ h @7  
INFO: Process has 2 diagrams 
INFO: Trying process: s u~ > ta- vt~ d d~ WEIGHTED<=6 $$ t t~ h @7  
INFO: Process has 2 diagrams 
INFO: Trying process: s u~ > ta- vt~ d b~ WEIGHTED<=6 $$ t t~ h @7  
INFO: Trying process: s u~ > ta- vt~ s d~ WEIGHTED<=6 $$ t t~ h @7  
INFO: Process has 2 diagrams 
INFO: Trying process: s u~ > ta- vt~ s s~ WEIGHTED<=6 $$ t t~ h @7  
INFO: Process has 4 diagrams 
INFO: Trying process: s u~ > ta- vt~ s b~ WEIGHTED<=6 $$ t t~ h @7  
INFO: Process has 2 diagrams 
INFO: Trying process: s u~ > ta- vt~ b b~ WEIGHTED<=6 $$ t t~ h @7  
INFO: Process has 2 diagrams 
INFO: Trying process: s c~ > e- ve~ g g WEIGHTED<=6 $$ t t~ h @7  
INFO: Process has 8 diagrams 
INFO: Trying process: s c~ > e- ve~ u u~ WEIGHTED<=6 $$ t t~ h @7  
INFO: Process has 2 diagrams 
INFO: Trying process: s c~ > e- ve~ u c~ WEIGHTED<=6 $$ t t~ h @7  
INFO: Process has 2 diagrams 
INFO: Trying process: s c~ > e- ve~ c c~ WEIGHTED<=6 $$ t t~ h @7  
INFO: Process has 4 diagrams 
INFO: Trying process: s c~ > e- ve~ d d~ WEIGHTED<=6 $$ t t~ h @7  
INFO: Process has 2 diagrams 
INFO: Trying process: s c~ > e- ve~ d b~ WEIGHTED<=6 $$ t t~ h @7  
INFO: Trying process: s c~ > e- ve~ s d~ WEIGHTED<=6 $$ t t~ h @7  
INFO: Process has 2 diagrams 
INFO: Trying process: s c~ > e- ve~ s s~ WEIGHTED<=6 $$ t t~ h @7  
INFO: Process has 4 diagrams 
INFO: Trying process: s c~ > e- ve~ s b~ WEIGHTED<=6 $$ t t~ h @7  
INFO: Process has 2 diagrams 
INFO: Trying process: s c~ > e- ve~ b b~ WEIGHTED<=6 $$ t t~ h @7  
INFO: Process has 2 diagrams 
INFO: Trying process: s c~ > e- vm~ d b~ WEIGHTED<=6 $$ t t~ h @7  
INFO: Trying process: s c~ > e- vm~ s b~ WEIGHTED<=6 $$ t t~ h @7  
INFO: Trying process: s c~ > e- vm~ b b~ WEIGHTED<=6 $$ t t~ h @7  
INFO: Trying process: s c~ > e- vt~ d b~ WEIGHTED<=6 $$ t t~ h @7  
INFO: Trying process: s c~ > e- vt~ s b~ WEIGHTED<=6 $$ t t~ h @7  
INFO: Trying process: s c~ > e- vt~ b b~ WEIGHTED<=6 $$ t t~ h @7  
INFO: Trying process: s c~ > mu- ve~ d b~ WEIGHTED<=6 $$ t t~ h @7  
INFO: Trying process: s c~ > mu- ve~ s b~ WEIGHTED<=6 $$ t t~ h @7  
INFO: Trying process: s c~ > mu- ve~ b b~ WEIGHTED<=6 $$ t t~ h @7  
INFO: Trying process: s c~ > mu- vm~ g g WEIGHTED<=6 $$ t t~ h @7  
INFO: Process has 8 diagrams 
INFO: Trying process: s c~ > mu- vm~ u u~ WEIGHTED<=6 $$ t t~ h @7  
INFO: Process has 2 diagrams 
INFO: Trying process: s c~ > mu- vm~ u c~ WEIGHTED<=6 $$ t t~ h @7  
INFO: Process has 2 diagrams 
INFO: Trying process: s c~ > mu- vm~ c c~ WEIGHTED<=6 $$ t t~ h @7  
INFO: Process has 4 diagrams 
INFO: Trying process: s c~ > mu- vm~ d d~ WEIGHTED<=6 $$ t t~ h @7  
INFO: Process has 2 diagrams 
INFO: Trying process: s c~ > mu- vm~ d b~ WEIGHTED<=6 $$ t t~ h @7  
INFO: Trying process: s c~ > mu- vm~ s d~ WEIGHTED<=6 $$ t t~ h @7  
INFO: Process has 2 diagrams 
INFO: Trying process: s c~ > mu- vm~ s s~ WEIGHTED<=6 $$ t t~ h @7  
INFO: Process has 4 diagrams 
INFO: Trying process: s c~ > mu- vm~ s b~ WEIGHTED<=6 $$ t t~ h @7  
INFO: Process has 2 diagrams 
INFO: Trying process: s c~ > mu- vm~ b b~ WEIGHTED<=6 $$ t t~ h @7  
INFO: Process has 2 diagrams 
INFO: Trying process: s c~ > mu- vt~ d b~ WEIGHTED<=6 $$ t t~ h @7  
INFO: Trying process: s c~ > mu- vt~ s b~ WEIGHTED<=6 $$ t t~ h @7  
INFO: Trying process: s c~ > mu- vt~ b b~ WEIGHTED<=6 $$ t t~ h @7  
INFO: Trying process: s c~ > ta- ve~ d b~ WEIGHTED<=6 $$ t t~ h @7  
INFO: Trying process: s c~ > ta- ve~ s b~ WEIGHTED<=6 $$ t t~ h @7  
INFO: Trying process: s c~ > ta- ve~ b b~ WEIGHTED<=6 $$ t t~ h @7  
INFO: Trying process: s c~ > ta- vm~ d b~ WEIGHTED<=6 $$ t t~ h @7  
INFO: Trying process: s c~ > ta- vm~ s b~ WEIGHTED<=6 $$ t t~ h @7  
INFO: Trying process: s c~ > ta- vm~ b b~ WEIGHTED<=6 $$ t t~ h @7  
INFO: Trying process: s c~ > ta- vt~ g g WEIGHTED<=6 $$ t t~ h @7  
INFO: Process has 8 diagrams 
INFO: Trying process: s c~ > ta- vt~ u u~ WEIGHTED<=6 $$ t t~ h @7  
INFO: Process has 2 diagrams 
INFO: Trying process: s c~ > ta- vt~ u c~ WEIGHTED<=6 $$ t t~ h @7  
INFO: Process has 2 diagrams 
INFO: Trying process: s c~ > ta- vt~ c c~ WEIGHTED<=6 $$ t t~ h @7  
INFO: Process has 4 diagrams 
INFO: Trying process: s c~ > ta- vt~ d d~ WEIGHTED<=6 $$ t t~ h @7  
INFO: Process has 2 diagrams 
INFO: Trying process: s c~ > ta- vt~ d b~ WEIGHTED<=6 $$ t t~ h @7  
INFO: Trying process: s c~ > ta- vt~ s d~ WEIGHTED<=6 $$ t t~ h @7  
INFO: Process has 2 diagrams 
INFO: Trying process: s c~ > ta- vt~ s s~ WEIGHTED<=6 $$ t t~ h @7  
INFO: Process has 4 diagrams 
INFO: Trying process: s c~ > ta- vt~ s b~ WEIGHTED<=6 $$ t t~ h @7  
INFO: Process has 2 diagrams 
INFO: Trying process: s c~ > ta- vt~ b b~ WEIGHTED<=6 $$ t t~ h @7  
INFO: Process has 2 diagrams 
INFO: Trying process: s d~ > e- ve~ u d~ WEIGHTED<=6 $$ t t~ h @7  
INFO: Process has 2 diagrams 
INFO: Trying process: s d~ > e- ve~ c d~ WEIGHTED<=6 $$ t t~ h @7  
INFO: Process has 2 diagrams 
INFO: Trying process: s d~ > mu- vm~ u d~ WEIGHTED<=6 $$ t t~ h @7  
INFO: Process has 2 diagrams 
INFO: Trying process: s d~ > mu- vm~ c d~ WEIGHTED<=6 $$ t t~ h @7  
INFO: Process has 2 diagrams 
INFO: Trying process: s d~ > ta- vt~ u d~ WEIGHTED<=6 $$ t t~ h @7  
INFO: Process has 2 diagrams 
INFO: Trying process: s d~ > ta- vt~ c d~ WEIGHTED<=6 $$ t t~ h @7  
INFO: Process has 2 diagrams 
INFO: Trying process: s s~ > e- ve~ u d~ WEIGHTED<=6 $$ t t~ h @7  
INFO: Process has 2 diagrams 
INFO: Trying process: s s~ > e- ve~ u s~ WEIGHTED<=6 $$ t t~ h @7  
INFO: Process has 4 diagrams 
INFO: Trying process: s s~ > e- ve~ u b~ WEIGHTED<=6 $$ t t~ h @7  
INFO: Process has 2 diagrams 
INFO: Trying process: s s~ > e- ve~ c d~ WEIGHTED<=6 $$ t t~ h @7  
INFO: Process has 2 diagrams 
INFO: Trying process: s s~ > e- ve~ c s~ WEIGHTED<=6 $$ t t~ h @7  
INFO: Process has 4 diagrams 
INFO: Trying process: s s~ > e- ve~ c b~ WEIGHTED<=6 $$ t t~ h @7  
INFO: Process has 2 diagrams 
INFO: Trying process: s s~ > mu- vm~ u d~ WEIGHTED<=6 $$ t t~ h @7  
INFO: Process has 2 diagrams 
INFO: Trying process: s s~ > mu- vm~ u s~ WEIGHTED<=6 $$ t t~ h @7  
INFO: Process has 4 diagrams 
INFO: Trying process: s s~ > mu- vm~ u b~ WEIGHTED<=6 $$ t t~ h @7  
INFO: Process has 2 diagrams 
INFO: Trying process: s s~ > mu- vm~ c d~ WEIGHTED<=6 $$ t t~ h @7  
INFO: Process has 2 diagrams 
INFO: Trying process: s s~ > mu- vm~ c s~ WEIGHTED<=6 $$ t t~ h @7  
INFO: Process has 4 diagrams 
INFO: Trying process: s s~ > mu- vm~ c b~ WEIGHTED<=6 $$ t t~ h @7  
INFO: Process has 2 diagrams 
INFO: Trying process: s s~ > ta- vt~ u d~ WEIGHTED<=6 $$ t t~ h @7  
INFO: Process has 2 diagrams 
INFO: Trying process: s s~ > ta- vt~ u s~ WEIGHTED<=6 $$ t t~ h @7  
INFO: Process has 4 diagrams 
INFO: Trying process: s s~ > ta- vt~ u b~ WEIGHTED<=6 $$ t t~ h @7  
INFO: Process has 2 diagrams 
INFO: Trying process: s s~ > ta- vt~ c d~ WEIGHTED<=6 $$ t t~ h @7  
INFO: Process has 2 diagrams 
INFO: Trying process: s s~ > ta- vt~ c s~ WEIGHTED<=6 $$ t t~ h @7  
INFO: Process has 4 diagrams 
INFO: Trying process: s s~ > ta- vt~ c b~ WEIGHTED<=6 $$ t t~ h @7  
INFO: Process has 2 diagrams 
INFO: Trying process: s b > e- ve~ u s WEIGHTED<=6 $$ t t~ h @7  
INFO: Process has 2 diagrams 
INFO: Trying process: s b > e- ve~ u b WEIGHTED<=6 $$ t t~ h @7  
INFO: Process has 2 diagrams 
INFO: Trying process: s b > e- ve~ c s WEIGHTED<=6 $$ t t~ h @7  
INFO: Process has 2 diagrams 
INFO: Trying process: s b > e- ve~ c b WEIGHTED<=6 $$ t t~ h @7  
INFO: Process has 2 diagrams 
INFO: Trying process: s b > mu- vm~ u s WEIGHTED<=6 $$ t t~ h @7  
INFO: Process has 2 diagrams 
INFO: Trying process: s b > mu- vm~ u b WEIGHTED<=6 $$ t t~ h @7  
INFO: Process has 2 diagrams 
INFO: Trying process: s b > mu- vm~ c s WEIGHTED<=6 $$ t t~ h @7  
INFO: Process has 2 diagrams 
INFO: Trying process: s b > mu- vm~ c b WEIGHTED<=6 $$ t t~ h @7  
INFO: Process has 2 diagrams 
INFO: Trying process: s b > ta- vt~ u s WEIGHTED<=6 $$ t t~ h @7  
INFO: Process has 2 diagrams 
INFO: Trying process: s b > ta- vt~ u b WEIGHTED<=6 $$ t t~ h @7  
INFO: Process has 2 diagrams 
INFO: Trying process: s b > ta- vt~ c s WEIGHTED<=6 $$ t t~ h @7  
INFO: Process has 2 diagrams 
INFO: Trying process: s b > ta- vt~ c b WEIGHTED<=6 $$ t t~ h @7  
INFO: Process has 2 diagrams 
INFO: Trying process: s b~ > e- ve~ u b~ WEIGHTED<=6 $$ t t~ h @7  
INFO: Process has 2 diagrams 
INFO: Trying process: s b~ > e- ve~ c b~ WEIGHTED<=6 $$ t t~ h @7  
INFO: Process has 2 diagrams 
INFO: Trying process: s b~ > mu- vm~ u b~ WEIGHTED<=6 $$ t t~ h @7  
INFO: Process has 2 diagrams 
INFO: Trying process: s b~ > mu- vm~ c b~ WEIGHTED<=6 $$ t t~ h @7  
INFO: Process has 2 diagrams 
INFO: Trying process: s b~ > ta- vt~ u b~ WEIGHTED<=6 $$ t t~ h @7  
INFO: Process has 2 diagrams 
INFO: Trying process: s b~ > ta- vt~ c b~ WEIGHTED<=6 $$ t t~ h @7  
INFO: Process has 2 diagrams 
INFO: Process u~ g > e- ve~ g d~ added to mirror process g u~ > e- ve~ g d~ 
INFO: Process u~ g > e- ve~ g s~ added to mirror process g u~ > e- ve~ g s~ 
INFO: Process u~ g > e- ve~ g b~ added to mirror process g u~ > e- ve~ g b~ 
INFO: Process u~ g > mu- vm~ g d~ added to mirror process g u~ > mu- vm~ g d~ 
INFO: Process u~ g > mu- vm~ g s~ added to mirror process g u~ > mu- vm~ g s~ 
INFO: Process u~ g > mu- vm~ g b~ added to mirror process g u~ > mu- vm~ g b~ 
INFO: Process u~ g > ta- vt~ g d~ added to mirror process g u~ > ta- vt~ g d~ 
INFO: Process u~ g > ta- vt~ g s~ added to mirror process g u~ > ta- vt~ g s~ 
INFO: Process u~ g > ta- vt~ g b~ added to mirror process g u~ > ta- vt~ g b~ 
INFO: Process u~ u > e- ve~ u d~ added to mirror process u u~ > e- ve~ u d~ 
INFO: Process u~ u > e- ve~ u s~ added to mirror process u u~ > e- ve~ u s~ 
INFO: Process u~ u > e- ve~ u b~ added to mirror process u u~ > e- ve~ u b~ 
INFO: Process u~ u > e- ve~ c d~ added to mirror process u u~ > e- ve~ c d~ 
INFO: Process u~ u > e- ve~ c s~ added to mirror process u u~ > e- ve~ c s~ 
INFO: Process u~ u > e- ve~ c b~ added to mirror process u u~ > e- ve~ c b~ 
INFO: Process u~ u > mu- vm~ u d~ added to mirror process u u~ > mu- vm~ u d~ 
INFO: Process u~ u > mu- vm~ u s~ added to mirror process u u~ > mu- vm~ u s~ 
INFO: Process u~ u > mu- vm~ u b~ added to mirror process u u~ > mu- vm~ u b~ 
INFO: Process u~ u > mu- vm~ c d~ added to mirror process u u~ > mu- vm~ c d~ 
INFO: Process u~ u > mu- vm~ c s~ added to mirror process u u~ > mu- vm~ c s~ 
INFO: Process u~ u > mu- vm~ c b~ added to mirror process u u~ > mu- vm~ c b~ 
INFO: Process u~ u > ta- vt~ u d~ added to mirror process u u~ > ta- vt~ u d~ 
INFO: Process u~ u > ta- vt~ u s~ added to mirror process u u~ > ta- vt~ u s~ 
INFO: Process u~ u > ta- vt~ u b~ added to mirror process u u~ > ta- vt~ u b~ 
INFO: Process u~ u > ta- vt~ c d~ added to mirror process u u~ > ta- vt~ c d~ 
INFO: Process u~ u > ta- vt~ c s~ added to mirror process u u~ > ta- vt~ c s~ 
INFO: Process u~ u > ta- vt~ c b~ added to mirror process u u~ > ta- vt~ c b~ 
INFO: Process u~ c > e- ve~ c d~ added to mirror process c u~ > e- ve~ c d~ 
INFO: Process u~ c > e- ve~ c s~ added to mirror process c u~ > e- ve~ c s~ 
INFO: Process u~ c > e- ve~ c b~ added to mirror process c u~ > e- ve~ c b~ 
INFO: Process u~ c > mu- vm~ c d~ added to mirror process c u~ > mu- vm~ c d~ 
INFO: Process u~ c > mu- vm~ c s~ added to mirror process c u~ > mu- vm~ c s~ 
INFO: Process u~ c > mu- vm~ c b~ added to mirror process c u~ > mu- vm~ c b~ 
INFO: Process u~ c > ta- vt~ c d~ added to mirror process c u~ > ta- vt~ c d~ 
INFO: Process u~ c > ta- vt~ c s~ added to mirror process c u~ > ta- vt~ c s~ 
INFO: Process u~ c > ta- vt~ c b~ added to mirror process c u~ > ta- vt~ c b~ 
INFO: Process u~ d > e- ve~ g g added to mirror process d u~ > e- ve~ g g 
INFO: Process u~ d > e- ve~ u u~ added to mirror process d u~ > e- ve~ u u~ 
INFO: Process u~ d > e- ve~ c u~ added to mirror process d u~ > e- ve~ c u~ 
INFO: Process u~ d > e- ve~ c c~ added to mirror process d u~ > e- ve~ c c~ 
INFO: Process u~ d > e- ve~ d d~ added to mirror process d u~ > e- ve~ d d~ 
INFO: Process u~ d > e- ve~ d s~ added to mirror process d u~ > e- ve~ d s~ 
INFO: Process u~ d > e- ve~ d b~ added to mirror process d u~ > e- ve~ d b~ 
INFO: Process u~ d > e- ve~ s s~ added to mirror process d u~ > e- ve~ s s~ 
INFO: Process u~ d > e- ve~ b b~ added to mirror process d u~ > e- ve~ b b~ 
INFO: Process u~ d > mu- vm~ g g added to mirror process d u~ > mu- vm~ g g 
INFO: Process u~ d > mu- vm~ u u~ added to mirror process d u~ > mu- vm~ u u~ 
INFO: Process u~ d > mu- vm~ c u~ added to mirror process d u~ > mu- vm~ c u~ 
INFO: Process u~ d > mu- vm~ c c~ added to mirror process d u~ > mu- vm~ c c~ 
INFO: Process u~ d > mu- vm~ d d~ added to mirror process d u~ > mu- vm~ d d~ 
INFO: Process u~ d > mu- vm~ d s~ added to mirror process d u~ > mu- vm~ d s~ 
INFO: Process u~ d > mu- vm~ d b~ added to mirror process d u~ > mu- vm~ d b~ 
INFO: Process u~ d > mu- vm~ s s~ added to mirror process d u~ > mu- vm~ s s~ 
INFO: Process u~ d > mu- vm~ b b~ added to mirror process d u~ > mu- vm~ b b~ 
INFO: Process u~ d > ta- vt~ g g added to mirror process d u~ > ta- vt~ g g 
INFO: Process u~ d > ta- vt~ u u~ added to mirror process d u~ > ta- vt~ u u~ 
INFO: Process u~ d > ta- vt~ c u~ added to mirror process d u~ > ta- vt~ c u~ 
INFO: Process u~ d > ta- vt~ c c~ added to mirror process d u~ > ta- vt~ c c~ 
INFO: Process u~ d > ta- vt~ d d~ added to mirror process d u~ > ta- vt~ d d~ 
INFO: Process u~ d > ta- vt~ d s~ added to mirror process d u~ > ta- vt~ d s~ 
INFO: Process u~ d > ta- vt~ d b~ added to mirror process d u~ > ta- vt~ d b~ 
INFO: Process u~ d > ta- vt~ s s~ added to mirror process d u~ > ta- vt~ s s~ 
INFO: Process u~ d > ta- vt~ b b~ added to mirror process d u~ > ta- vt~ b b~ 
INFO: Process u~ s > e- ve~ g g added to mirror process s u~ > e- ve~ g g 
INFO: Process u~ s > e- ve~ u u~ added to mirror process s u~ > e- ve~ u u~ 
INFO: Process u~ s > e- ve~ c u~ added to mirror process s u~ > e- ve~ c u~ 
INFO: Process u~ s > e- ve~ c c~ added to mirror process s u~ > e- ve~ c c~ 
INFO: Process u~ s > e- ve~ d d~ added to mirror process s u~ > e- ve~ d d~ 
INFO: Process u~ s > e- ve~ s d~ added to mirror process s u~ > e- ve~ s d~ 
INFO: Process u~ s > e- ve~ s s~ added to mirror process s u~ > e- ve~ s s~ 
INFO: Process u~ s > e- ve~ s b~ added to mirror process s u~ > e- ve~ s b~ 
INFO: Process u~ s > e- ve~ b b~ added to mirror process s u~ > e- ve~ b b~ 
INFO: Process u~ s > mu- vm~ g g added to mirror process s u~ > mu- vm~ g g 
INFO: Process u~ s > mu- vm~ u u~ added to mirror process s u~ > mu- vm~ u u~ 
INFO: Process u~ s > mu- vm~ c u~ added to mirror process s u~ > mu- vm~ c u~ 
INFO: Process u~ s > mu- vm~ c c~ added to mirror process s u~ > mu- vm~ c c~ 
INFO: Process u~ s > mu- vm~ d d~ added to mirror process s u~ > mu- vm~ d d~ 
INFO: Process u~ s > mu- vm~ s d~ added to mirror process s u~ > mu- vm~ s d~ 
INFO: Process u~ s > mu- vm~ s s~ added to mirror process s u~ > mu- vm~ s s~ 
INFO: Process u~ s > mu- vm~ s b~ added to mirror process s u~ > mu- vm~ s b~ 
INFO: Process u~ s > mu- vm~ b b~ added to mirror process s u~ > mu- vm~ b b~ 
INFO: Process u~ s > ta- vt~ g g added to mirror process s u~ > ta- vt~ g g 
INFO: Process u~ s > ta- vt~ u u~ added to mirror process s u~ > ta- vt~ u u~ 
INFO: Process u~ s > ta- vt~ c u~ added to mirror process s u~ > ta- vt~ c u~ 
INFO: Process u~ s > ta- vt~ c c~ added to mirror process s u~ > ta- vt~ c c~ 
INFO: Process u~ s > ta- vt~ d d~ added to mirror process s u~ > ta- vt~ d d~ 
INFO: Process u~ s > ta- vt~ s d~ added to mirror process s u~ > ta- vt~ s d~ 
INFO: Process u~ s > ta- vt~ s s~ added to mirror process s u~ > ta- vt~ s s~ 
INFO: Process u~ s > ta- vt~ s b~ added to mirror process s u~ > ta- vt~ s b~ 
INFO: Process u~ s > ta- vt~ b b~ added to mirror process s u~ > ta- vt~ b b~ 
INFO: Trying process: u~ u~ > e- ve~ u~ d~ WEIGHTED<=6 $$ t t~ h @7  
INFO: Process has 4 diagrams 
INFO: Trying process: u~ u~ > e- ve~ u~ s~ WEIGHTED<=6 $$ t t~ h @7  
INFO: Process has 4 diagrams 
INFO: Trying process: u~ u~ > e- ve~ u~ b~ WEIGHTED<=6 $$ t t~ h @7  
INFO: Process has 4 diagrams 
INFO: Trying process: u~ u~ > mu- vm~ u~ d~ WEIGHTED<=6 $$ t t~ h @7  
INFO: Process has 4 diagrams 
INFO: Trying process: u~ u~ > mu- vm~ u~ s~ WEIGHTED<=6 $$ t t~ h @7  
INFO: Process has 4 diagrams 
INFO: Trying process: u~ u~ > mu- vm~ u~ b~ WEIGHTED<=6 $$ t t~ h @7  
INFO: Process has 4 diagrams 
INFO: Trying process: u~ u~ > ta- vt~ u~ d~ WEIGHTED<=6 $$ t t~ h @7  
INFO: Process has 4 diagrams 
INFO: Trying process: u~ u~ > ta- vt~ u~ s~ WEIGHTED<=6 $$ t t~ h @7  
INFO: Process has 4 diagrams 
INFO: Trying process: u~ u~ > ta- vt~ u~ b~ WEIGHTED<=6 $$ t t~ h @7  
INFO: Process has 4 diagrams 
INFO: Trying process: u~ c~ > e- ve~ u~ d~ WEIGHTED<=6 $$ t t~ h @7  
INFO: Process has 2 diagrams 
INFO: Trying process: u~ c~ > e- ve~ u~ s~ WEIGHTED<=6 $$ t t~ h @7  
INFO: Process has 2 diagrams 
INFO: Trying process: u~ c~ > e- ve~ u~ b~ WEIGHTED<=6 $$ t t~ h @7  
INFO: Process has 2 diagrams 
INFO: Trying process: u~ c~ > e- ve~ c~ d~ WEIGHTED<=6 $$ t t~ h @7  
INFO: Process has 2 diagrams 
INFO: Trying process: u~ c~ > e- ve~ c~ s~ WEIGHTED<=6 $$ t t~ h @7  
INFO: Process has 2 diagrams 
INFO: Trying process: u~ c~ > e- ve~ c~ b~ WEIGHTED<=6 $$ t t~ h @7  
INFO: Process has 2 diagrams 
INFO: Trying process: u~ c~ > mu- vm~ u~ d~ WEIGHTED<=6 $$ t t~ h @7  
INFO: Process has 2 diagrams 
INFO: Trying process: u~ c~ > mu- vm~ u~ s~ WEIGHTED<=6 $$ t t~ h @7  
INFO: Process has 2 diagrams 
INFO: Trying process: u~ c~ > mu- vm~ u~ b~ WEIGHTED<=6 $$ t t~ h @7  
INFO: Process has 2 diagrams 
INFO: Trying process: u~ c~ > mu- vm~ c~ d~ WEIGHTED<=6 $$ t t~ h @7  
INFO: Process has 2 diagrams 
INFO: Trying process: u~ c~ > mu- vm~ c~ s~ WEIGHTED<=6 $$ t t~ h @7  
INFO: Process has 2 diagrams 
INFO: Trying process: u~ c~ > mu- vm~ c~ b~ WEIGHTED<=6 $$ t t~ h @7  
INFO: Process has 2 diagrams 
INFO: Trying process: u~ c~ > ta- vt~ u~ d~ WEIGHTED<=6 $$ t t~ h @7  
INFO: Process has 2 diagrams 
INFO: Trying process: u~ c~ > ta- vt~ u~ s~ WEIGHTED<=6 $$ t t~ h @7  
INFO: Process has 2 diagrams 
INFO: Trying process: u~ c~ > ta- vt~ u~ b~ WEIGHTED<=6 $$ t t~ h @7  
INFO: Process has 2 diagrams 
INFO: Trying process: u~ c~ > ta- vt~ c~ d~ WEIGHTED<=6 $$ t t~ h @7  
INFO: Process has 2 diagrams 
INFO: Trying process: u~ c~ > ta- vt~ c~ s~ WEIGHTED<=6 $$ t t~ h @7  
INFO: Process has 2 diagrams 
INFO: Trying process: u~ c~ > ta- vt~ c~ b~ WEIGHTED<=6 $$ t t~ h @7  
INFO: Process has 2 diagrams 
INFO: Trying process: u~ d~ > e- ve~ d~ d~ WEIGHTED<=6 $$ t t~ h @7  
INFO: Process has 4 diagrams 
INFO: Trying process: u~ d~ > e- ve~ d~ s~ WEIGHTED<=6 $$ t t~ h @7  
INFO: Process has 2 diagrams 
INFO: Trying process: u~ d~ > e- ve~ d~ b~ WEIGHTED<=6 $$ t t~ h @7  
INFO: Process has 2 diagrams 
INFO: Trying process: u~ d~ > e- ve~ b~ b~ WEIGHTED<=6 $$ t t~ h @7  
INFO: Trying process: u~ d~ > e- vm~ b~ b~ WEIGHTED<=6 $$ t t~ h @7  
INFO: Trying process: u~ d~ > e- vt~ b~ b~ WEIGHTED<=6 $$ t t~ h @7  
INFO: Trying process: u~ d~ > mu- ve~ b~ b~ WEIGHTED<=6 $$ t t~ h @7  
INFO: Trying process: u~ d~ > mu- vm~ d~ d~ WEIGHTED<=6 $$ t t~ h @7  
INFO: Process has 4 diagrams 
INFO: Trying process: u~ d~ > mu- vm~ d~ s~ WEIGHTED<=6 $$ t t~ h @7  
INFO: Process has 2 diagrams 
INFO: Trying process: u~ d~ > mu- vm~ d~ b~ WEIGHTED<=6 $$ t t~ h @7  
INFO: Process has 2 diagrams 
INFO: Trying process: u~ d~ > mu- vm~ b~ b~ WEIGHTED<=6 $$ t t~ h @7  
INFO: Trying process: u~ d~ > mu- vt~ b~ b~ WEIGHTED<=6 $$ t t~ h @7  
INFO: Trying process: u~ d~ > ta- ve~ b~ b~ WEIGHTED<=6 $$ t t~ h @7  
INFO: Trying process: u~ d~ > ta- vm~ b~ b~ WEIGHTED<=6 $$ t t~ h @7  
INFO: Trying process: u~ d~ > ta- vt~ d~ d~ WEIGHTED<=6 $$ t t~ h @7  
INFO: Process has 4 diagrams 
INFO: Trying process: u~ d~ > ta- vt~ d~ s~ WEIGHTED<=6 $$ t t~ h @7  
INFO: Process has 2 diagrams 
INFO: Trying process: u~ d~ > ta- vt~ d~ b~ WEIGHTED<=6 $$ t t~ h @7  
INFO: Process has 2 diagrams 
INFO: Trying process: u~ d~ > ta- vt~ b~ b~ WEIGHTED<=6 $$ t t~ h @7  
INFO: Trying process: u~ s~ > e- ve~ d~ s~ WEIGHTED<=6 $$ t t~ h @7  
INFO: Process has 2 diagrams 
INFO: Trying process: u~ s~ > e- ve~ s~ s~ WEIGHTED<=6 $$ t t~ h @7  
INFO: Process has 4 diagrams 
INFO: Trying process: u~ s~ > e- ve~ s~ b~ WEIGHTED<=6 $$ t t~ h @7  
INFO: Process has 2 diagrams 
INFO: Trying process: u~ s~ > e- ve~ b~ b~ WEIGHTED<=6 $$ t t~ h @7  
INFO: Trying process: u~ s~ > e- vm~ b~ b~ WEIGHTED<=6 $$ t t~ h @7  
INFO: Trying process: u~ s~ > e- vt~ b~ b~ WEIGHTED<=6 $$ t t~ h @7  
INFO: Trying process: u~ s~ > mu- ve~ b~ b~ WEIGHTED<=6 $$ t t~ h @7  
INFO: Trying process: u~ s~ > mu- vm~ d~ s~ WEIGHTED<=6 $$ t t~ h @7  
INFO: Process has 2 diagrams 
INFO: Trying process: u~ s~ > mu- vm~ s~ s~ WEIGHTED<=6 $$ t t~ h @7  
INFO: Process has 4 diagrams 
INFO: Trying process: u~ s~ > mu- vm~ s~ b~ WEIGHTED<=6 $$ t t~ h @7  
INFO: Process has 2 diagrams 
INFO: Trying process: u~ s~ > mu- vm~ b~ b~ WEIGHTED<=6 $$ t t~ h @7  
INFO: Trying process: u~ s~ > mu- vt~ b~ b~ WEIGHTED<=6 $$ t t~ h @7  
INFO: Trying process: u~ s~ > ta- ve~ b~ b~ WEIGHTED<=6 $$ t t~ h @7  
INFO: Trying process: u~ s~ > ta- vm~ b~ b~ WEIGHTED<=6 $$ t t~ h @7  
INFO: Trying process: u~ s~ > ta- vt~ d~ s~ WEIGHTED<=6 $$ t t~ h @7  
INFO: Process has 2 diagrams 
INFO: Trying process: u~ s~ > ta- vt~ s~ s~ WEIGHTED<=6 $$ t t~ h @7  
INFO: Process has 4 diagrams 
INFO: Trying process: u~ s~ > ta- vt~ s~ b~ WEIGHTED<=6 $$ t t~ h @7  
INFO: Process has 2 diagrams 
INFO: Trying process: u~ s~ > ta- vt~ b~ b~ WEIGHTED<=6 $$ t t~ h @7  
INFO: Trying process: u~ b > e- ve~ g g WEIGHTED<=6 $$ t t~ h @7  
INFO: Process has 8 diagrams 
INFO: Trying process: u~ b > e- ve~ u u~ WEIGHTED<=6 $$ t t~ h @7  
INFO: Process has 4 diagrams 
INFO: Trying process: u~ b > e- ve~ c u~ WEIGHTED<=6 $$ t t~ h @7  
INFO: Process has 2 diagrams 
INFO: Trying process: u~ b > e- ve~ c c~ WEIGHTED<=6 $$ t t~ h @7  
INFO: Process has 2 diagrams 
INFO: Trying process: u~ b > e- ve~ d d~ WEIGHTED<=6 $$ t t~ h @7  
INFO: Process has 2 diagrams 
INFO: Trying process: u~ b > e- ve~ s s~ WEIGHTED<=6 $$ t t~ h @7  
INFO: Process has 2 diagrams 
INFO: Trying process: u~ b > e- ve~ b d~ WEIGHTED<=6 $$ t t~ h @7  
INFO: Process has 2 diagrams 
INFO: Trying process: u~ b > e- ve~ b s~ WEIGHTED<=6 $$ t t~ h @7  
INFO: Process has 2 diagrams 
INFO: Trying process: u~ b > e- ve~ b b~ WEIGHTED<=6 $$ t t~ h @7  
INFO: Process has 4 diagrams 
INFO: Trying process: u~ b > e- vm~ b b~ WEIGHTED<=6 $$ t t~ h @7  
INFO: Trying process: u~ b > e- vt~ b b~ WEIGHTED<=6 $$ t t~ h @7  
INFO: Trying process: u~ b > mu- ve~ b b~ WEIGHTED<=6 $$ t t~ h @7  
INFO: Trying process: u~ b > mu- vm~ g g WEIGHTED<=6 $$ t t~ h @7  
INFO: Process has 8 diagrams 
INFO: Trying process: u~ b > mu- vm~ u u~ WEIGHTED<=6 $$ t t~ h @7  
INFO: Process has 4 diagrams 
INFO: Trying process: u~ b > mu- vm~ c u~ WEIGHTED<=6 $$ t t~ h @7  
INFO: Process has 2 diagrams 
INFO: Trying process: u~ b > mu- vm~ c c~ WEIGHTED<=6 $$ t t~ h @7  
INFO: Process has 2 diagrams 
INFO: Trying process: u~ b > mu- vm~ d d~ WEIGHTED<=6 $$ t t~ h @7  
INFO: Process has 2 diagrams 
INFO: Trying process: u~ b > mu- vm~ s s~ WEIGHTED<=6 $$ t t~ h @7  
INFO: Process has 2 diagrams 
INFO: Trying process: u~ b > mu- vm~ b d~ WEIGHTED<=6 $$ t t~ h @7  
INFO: Process has 2 diagrams 
INFO: Trying process: u~ b > mu- vm~ b s~ WEIGHTED<=6 $$ t t~ h @7  
INFO: Process has 2 diagrams 
INFO: Trying process: u~ b > mu- vm~ b b~ WEIGHTED<=6 $$ t t~ h @7  
INFO: Process has 4 diagrams 
INFO: Trying process: u~ b > mu- vt~ b b~ WEIGHTED<=6 $$ t t~ h @7  
INFO: Trying process: u~ b > ta- ve~ b b~ WEIGHTED<=6 $$ t t~ h @7  
INFO: Trying process: u~ b > ta- vm~ b b~ WEIGHTED<=6 $$ t t~ h @7  
INFO: Trying process: u~ b > ta- vt~ g g WEIGHTED<=6 $$ t t~ h @7  
INFO: Process has 8 diagrams 
INFO: Trying process: u~ b > ta- vt~ u u~ WEIGHTED<=6 $$ t t~ h @7  
INFO: Process has 4 diagrams 
INFO: Trying process: u~ b > ta- vt~ c u~ WEIGHTED<=6 $$ t t~ h @7  
INFO: Process has 2 diagrams 
INFO: Trying process: u~ b > ta- vt~ c c~ WEIGHTED<=6 $$ t t~ h @7  
INFO: Process has 2 diagrams 
INFO: Trying process: u~ b > ta- vt~ d d~ WEIGHTED<=6 $$ t t~ h @7  
INFO: Process has 2 diagrams 
INFO: Trying process: u~ b > ta- vt~ s s~ WEIGHTED<=6 $$ t t~ h @7  
INFO: Process has 2 diagrams 
INFO: Trying process: u~ b > ta- vt~ b d~ WEIGHTED<=6 $$ t t~ h @7  
INFO: Process has 2 diagrams 
INFO: Trying process: u~ b > ta- vt~ b s~ WEIGHTED<=6 $$ t t~ h @7  
INFO: Process has 2 diagrams 
INFO: Trying process: u~ b > ta- vt~ b b~ WEIGHTED<=6 $$ t t~ h @7  
INFO: Process has 4 diagrams 
INFO: Trying process: u~ b~ > e- ve~ d~ b~ WEIGHTED<=6 $$ t t~ h @7  
INFO: Process has 2 diagrams 
INFO: Trying process: u~ b~ > e- ve~ s~ b~ WEIGHTED<=6 $$ t t~ h @7  
INFO: Process has 2 diagrams 
INFO: Trying process: u~ b~ > e- ve~ b~ b~ WEIGHTED<=6 $$ t t~ h @7  
INFO: Process has 4 diagrams 
INFO: Trying process: u~ b~ > mu- vm~ d~ b~ WEIGHTED<=6 $$ t t~ h @7  
INFO: Process has 2 diagrams 
INFO: Trying process: u~ b~ > mu- vm~ s~ b~ WEIGHTED<=6 $$ t t~ h @7  
INFO: Process has 2 diagrams 
INFO: Trying process: u~ b~ > mu- vm~ b~ b~ WEIGHTED<=6 $$ t t~ h @7  
INFO: Process has 4 diagrams 
INFO: Trying process: u~ b~ > ta- vt~ d~ b~ WEIGHTED<=6 $$ t t~ h @7  
INFO: Process has 2 diagrams 
INFO: Trying process: u~ b~ > ta- vt~ s~ b~ WEIGHTED<=6 $$ t t~ h @7  
INFO: Process has 2 diagrams 
INFO: Trying process: u~ b~ > ta- vt~ b~ b~ WEIGHTED<=6 $$ t t~ h @7  
INFO: Process has 4 diagrams 
INFO: Process c~ g > e- ve~ g d~ added to mirror process g c~ > e- ve~ g d~ 
INFO: Process c~ g > e- ve~ g s~ added to mirror process g c~ > e- ve~ g s~ 
INFO: Process c~ g > e- ve~ g b~ added to mirror process g c~ > e- ve~ g b~ 
INFO: Process c~ g > mu- vm~ g d~ added to mirror process g c~ > mu- vm~ g d~ 
INFO: Process c~ g > mu- vm~ g s~ added to mirror process g c~ > mu- vm~ g s~ 
INFO: Process c~ g > mu- vm~ g b~ added to mirror process g c~ > mu- vm~ g b~ 
INFO: Process c~ g > ta- vt~ g d~ added to mirror process g c~ > ta- vt~ g d~ 
INFO: Process c~ g > ta- vt~ g s~ added to mirror process g c~ > ta- vt~ g s~ 
INFO: Process c~ g > ta- vt~ g b~ added to mirror process g c~ > ta- vt~ g b~ 
INFO: Process c~ u > e- ve~ u d~ added to mirror process u c~ > e- ve~ u d~ 
INFO: Process c~ u > e- ve~ u s~ added to mirror process u c~ > e- ve~ u s~ 
INFO: Process c~ u > e- ve~ u b~ added to mirror process u c~ > e- ve~ u b~ 
INFO: Process c~ u > mu- vm~ u d~ added to mirror process u c~ > mu- vm~ u d~ 
INFO: Process c~ u > mu- vm~ u s~ added to mirror process u c~ > mu- vm~ u s~ 
INFO: Process c~ u > mu- vm~ u b~ added to mirror process u c~ > mu- vm~ u b~ 
INFO: Process c~ u > ta- vt~ u d~ added to mirror process u c~ > ta- vt~ u d~ 
INFO: Process c~ u > ta- vt~ u s~ added to mirror process u c~ > ta- vt~ u s~ 
INFO: Process c~ u > ta- vt~ u b~ added to mirror process u c~ > ta- vt~ u b~ 
INFO: Process c~ c > e- ve~ u d~ added to mirror process c c~ > e- ve~ u d~ 
INFO: Process c~ c > e- ve~ u s~ added to mirror process c c~ > e- ve~ u s~ 
INFO: Process c~ c > e- ve~ u b~ added to mirror process c c~ > e- ve~ u b~ 
INFO: Process c~ c > e- ve~ c d~ added to mirror process c c~ > e- ve~ c d~ 
INFO: Process c~ c > e- ve~ c s~ added to mirror process c c~ > e- ve~ c s~ 
INFO: Process c~ c > e- ve~ c b~ added to mirror process c c~ > e- ve~ c b~ 
INFO: Process c~ c > mu- vm~ u d~ added to mirror process c c~ > mu- vm~ u d~ 
INFO: Process c~ c > mu- vm~ u s~ added to mirror process c c~ > mu- vm~ u s~ 
INFO: Process c~ c > mu- vm~ u b~ added to mirror process c c~ > mu- vm~ u b~ 
INFO: Process c~ c > mu- vm~ c d~ added to mirror process c c~ > mu- vm~ c d~ 
INFO: Process c~ c > mu- vm~ c s~ added to mirror process c c~ > mu- vm~ c s~ 
INFO: Process c~ c > mu- vm~ c b~ added to mirror process c c~ > mu- vm~ c b~ 
INFO: Process c~ c > ta- vt~ u d~ added to mirror process c c~ > ta- vt~ u d~ 
INFO: Process c~ c > ta- vt~ u s~ added to mirror process c c~ > ta- vt~ u s~ 
INFO: Process c~ c > ta- vt~ u b~ added to mirror process c c~ > ta- vt~ u b~ 
INFO: Process c~ c > ta- vt~ c d~ added to mirror process c c~ > ta- vt~ c d~ 
INFO: Process c~ c > ta- vt~ c s~ added to mirror process c c~ > ta- vt~ c s~ 
INFO: Process c~ c > ta- vt~ c b~ added to mirror process c c~ > ta- vt~ c b~ 
INFO: Process c~ d > e- ve~ g g added to mirror process d c~ > e- ve~ g g 
INFO: Process c~ d > e- ve~ u u~ added to mirror process d c~ > e- ve~ u u~ 
INFO: Process c~ d > e- ve~ u c~ added to mirror process d c~ > e- ve~ u c~ 
INFO: Process c~ d > e- ve~ c c~ added to mirror process d c~ > e- ve~ c c~ 
INFO: Process c~ d > e- ve~ d d~ added to mirror process d c~ > e- ve~ d d~ 
INFO: Process c~ d > e- ve~ d s~ added to mirror process d c~ > e- ve~ d s~ 
INFO: Process c~ d > e- ve~ d b~ added to mirror process d c~ > e- ve~ d b~ 
INFO: Process c~ d > e- ve~ s s~ added to mirror process d c~ > e- ve~ s s~ 
INFO: Process c~ d > e- ve~ b b~ added to mirror process d c~ > e- ve~ b b~ 
INFO: Process c~ d > mu- vm~ g g added to mirror process d c~ > mu- vm~ g g 
INFO: Process c~ d > mu- vm~ u u~ added to mirror process d c~ > mu- vm~ u u~ 
INFO: Process c~ d > mu- vm~ u c~ added to mirror process d c~ > mu- vm~ u c~ 
INFO: Process c~ d > mu- vm~ c c~ added to mirror process d c~ > mu- vm~ c c~ 
INFO: Process c~ d > mu- vm~ d d~ added to mirror process d c~ > mu- vm~ d d~ 
INFO: Process c~ d > mu- vm~ d s~ added to mirror process d c~ > mu- vm~ d s~ 
INFO: Process c~ d > mu- vm~ d b~ added to mirror process d c~ > mu- vm~ d b~ 
INFO: Process c~ d > mu- vm~ s s~ added to mirror process d c~ > mu- vm~ s s~ 
INFO: Process c~ d > mu- vm~ b b~ added to mirror process d c~ > mu- vm~ b b~ 
INFO: Process c~ d > ta- vt~ g g added to mirror process d c~ > ta- vt~ g g 
INFO: Process c~ d > ta- vt~ u u~ added to mirror process d c~ > ta- vt~ u u~ 
INFO: Process c~ d > ta- vt~ u c~ added to mirror process d c~ > ta- vt~ u c~ 
INFO: Process c~ d > ta- vt~ c c~ added to mirror process d c~ > ta- vt~ c c~ 
INFO: Process c~ d > ta- vt~ d d~ added to mirror process d c~ > ta- vt~ d d~ 
INFO: Process c~ d > ta- vt~ d s~ added to mirror process d c~ > ta- vt~ d s~ 
INFO: Process c~ d > ta- vt~ d b~ added to mirror process d c~ > ta- vt~ d b~ 
INFO: Process c~ d > ta- vt~ s s~ added to mirror process d c~ > ta- vt~ s s~ 
INFO: Process c~ d > ta- vt~ b b~ added to mirror process d c~ > ta- vt~ b b~ 
INFO: Process c~ s > e- ve~ g g added to mirror process s c~ > e- ve~ g g 
INFO: Process c~ s > e- ve~ u u~ added to mirror process s c~ > e- ve~ u u~ 
INFO: Process c~ s > e- ve~ u c~ added to mirror process s c~ > e- ve~ u c~ 
INFO: Process c~ s > e- ve~ c c~ added to mirror process s c~ > e- ve~ c c~ 
INFO: Process c~ s > e- ve~ d d~ added to mirror process s c~ > e- ve~ d d~ 
INFO: Process c~ s > e- ve~ s d~ added to mirror process s c~ > e- ve~ s d~ 
INFO: Process c~ s > e- ve~ s s~ added to mirror process s c~ > e- ve~ s s~ 
INFO: Process c~ s > e- ve~ s b~ added to mirror process s c~ > e- ve~ s b~ 
INFO: Process c~ s > e- ve~ b b~ added to mirror process s c~ > e- ve~ b b~ 
INFO: Process c~ s > mu- vm~ g g added to mirror process s c~ > mu- vm~ g g 
INFO: Process c~ s > mu- vm~ u u~ added to mirror process s c~ > mu- vm~ u u~ 
INFO: Process c~ s > mu- vm~ u c~ added to mirror process s c~ > mu- vm~ u c~ 
INFO: Process c~ s > mu- vm~ c c~ added to mirror process s c~ > mu- vm~ c c~ 
INFO: Process c~ s > mu- vm~ d d~ added to mirror process s c~ > mu- vm~ d d~ 
INFO: Process c~ s > mu- vm~ s d~ added to mirror process s c~ > mu- vm~ s d~ 
INFO: Process c~ s > mu- vm~ s s~ added to mirror process s c~ > mu- vm~ s s~ 
INFO: Process c~ s > mu- vm~ s b~ added to mirror process s c~ > mu- vm~ s b~ 
INFO: Process c~ s > mu- vm~ b b~ added to mirror process s c~ > mu- vm~ b b~ 
INFO: Process c~ s > ta- vt~ g g added to mirror process s c~ > ta- vt~ g g 
INFO: Process c~ s > ta- vt~ u u~ added to mirror process s c~ > ta- vt~ u u~ 
INFO: Process c~ s > ta- vt~ u c~ added to mirror process s c~ > ta- vt~ u c~ 
INFO: Process c~ s > ta- vt~ c c~ added to mirror process s c~ > ta- vt~ c c~ 
INFO: Process c~ s > ta- vt~ d d~ added to mirror process s c~ > ta- vt~ d d~ 
INFO: Process c~ s > ta- vt~ s d~ added to mirror process s c~ > ta- vt~ s d~ 
INFO: Process c~ s > ta- vt~ s s~ added to mirror process s c~ > ta- vt~ s s~ 
INFO: Process c~ s > ta- vt~ s b~ added to mirror process s c~ > ta- vt~ s b~ 
INFO: Process c~ s > ta- vt~ b b~ added to mirror process s c~ > ta- vt~ b b~ 
INFO: Process c~ u~ > e- ve~ u~ d~ added to mirror process u~ c~ > e- ve~ u~ d~ 
INFO: Process c~ u~ > e- ve~ u~ s~ added to mirror process u~ c~ > e- ve~ u~ s~ 
INFO: Process c~ u~ > e- ve~ u~ b~ added to mirror process u~ c~ > e- ve~ u~ b~ 
INFO: Process c~ u~ > e- ve~ c~ d~ added to mirror process u~ c~ > e- ve~ c~ d~ 
INFO: Process c~ u~ > e- ve~ c~ s~ added to mirror process u~ c~ > e- ve~ c~ s~ 
INFO: Process c~ u~ > e- ve~ c~ b~ added to mirror process u~ c~ > e- ve~ c~ b~ 
INFO: Process c~ u~ > mu- vm~ u~ d~ added to mirror process u~ c~ > mu- vm~ u~ d~ 
INFO: Process c~ u~ > mu- vm~ u~ s~ added to mirror process u~ c~ > mu- vm~ u~ s~ 
INFO: Process c~ u~ > mu- vm~ u~ b~ added to mirror process u~ c~ > mu- vm~ u~ b~ 
INFO: Process c~ u~ > mu- vm~ c~ d~ added to mirror process u~ c~ > mu- vm~ c~ d~ 
INFO: Process c~ u~ > mu- vm~ c~ s~ added to mirror process u~ c~ > mu- vm~ c~ s~ 
INFO: Process c~ u~ > mu- vm~ c~ b~ added to mirror process u~ c~ > mu- vm~ c~ b~ 
INFO: Process c~ u~ > ta- vt~ u~ d~ added to mirror process u~ c~ > ta- vt~ u~ d~ 
INFO: Process c~ u~ > ta- vt~ u~ s~ added to mirror process u~ c~ > ta- vt~ u~ s~ 
INFO: Process c~ u~ > ta- vt~ u~ b~ added to mirror process u~ c~ > ta- vt~ u~ b~ 
INFO: Process c~ u~ > ta- vt~ c~ d~ added to mirror process u~ c~ > ta- vt~ c~ d~ 
INFO: Process c~ u~ > ta- vt~ c~ s~ added to mirror process u~ c~ > ta- vt~ c~ s~ 
INFO: Process c~ u~ > ta- vt~ c~ b~ added to mirror process u~ c~ > ta- vt~ c~ b~ 
INFO: Trying process: c~ c~ > e- ve~ c~ d~ WEIGHTED<=6 $$ t t~ h @7  
INFO: Process has 4 diagrams 
INFO: Trying process: c~ c~ > e- ve~ c~ s~ WEIGHTED<=6 $$ t t~ h @7  
INFO: Process has 4 diagrams 
INFO: Trying process: c~ c~ > e- ve~ c~ b~ WEIGHTED<=6 $$ t t~ h @7  
INFO: Process has 4 diagrams 
INFO: Trying process: c~ c~ > mu- vm~ c~ d~ WEIGHTED<=6 $$ t t~ h @7  
INFO: Process has 4 diagrams 
INFO: Trying process: c~ c~ > mu- vm~ c~ s~ WEIGHTED<=6 $$ t t~ h @7  
INFO: Process has 4 diagrams 
INFO: Trying process: c~ c~ > mu- vm~ c~ b~ WEIGHTED<=6 $$ t t~ h @7  
INFO: Process has 4 diagrams 
INFO: Trying process: c~ c~ > ta- vt~ c~ d~ WEIGHTED<=6 $$ t t~ h @7  
INFO: Process has 4 diagrams 
INFO: Trying process: c~ c~ > ta- vt~ c~ s~ WEIGHTED<=6 $$ t t~ h @7  
INFO: Process has 4 diagrams 
INFO: Trying process: c~ c~ > ta- vt~ c~ b~ WEIGHTED<=6 $$ t t~ h @7  
INFO: Process has 4 diagrams 
INFO: Trying process: c~ d~ > e- ve~ d~ d~ WEIGHTED<=6 $$ t t~ h @7  
INFO: Process has 4 diagrams 
INFO: Trying process: c~ d~ > e- ve~ d~ s~ WEIGHTED<=6 $$ t t~ h @7  
INFO: Process has 2 diagrams 
INFO: Trying process: c~ d~ > e- ve~ d~ b~ WEIGHTED<=6 $$ t t~ h @7  
INFO: Process has 2 diagrams 
INFO: Trying process: c~ d~ > e- ve~ b~ b~ WEIGHTED<=6 $$ t t~ h @7  
INFO: Trying process: c~ d~ > e- vm~ b~ b~ WEIGHTED<=6 $$ t t~ h @7  
INFO: Trying process: c~ d~ > e- vt~ b~ b~ WEIGHTED<=6 $$ t t~ h @7  
INFO: Trying process: c~ d~ > mu- ve~ b~ b~ WEIGHTED<=6 $$ t t~ h @7  
INFO: Trying process: c~ d~ > mu- vm~ d~ d~ WEIGHTED<=6 $$ t t~ h @7  
INFO: Process has 4 diagrams 
INFO: Trying process: c~ d~ > mu- vm~ d~ s~ WEIGHTED<=6 $$ t t~ h @7  
INFO: Process has 2 diagrams 
INFO: Trying process: c~ d~ > mu- vm~ d~ b~ WEIGHTED<=6 $$ t t~ h @7  
INFO: Process has 2 diagrams 
INFO: Trying process: c~ d~ > mu- vm~ b~ b~ WEIGHTED<=6 $$ t t~ h @7  
INFO: Trying process: c~ d~ > mu- vt~ b~ b~ WEIGHTED<=6 $$ t t~ h @7  
INFO: Trying process: c~ d~ > ta- ve~ b~ b~ WEIGHTED<=6 $$ t t~ h @7  
INFO: Trying process: c~ d~ > ta- vm~ b~ b~ WEIGHTED<=6 $$ t t~ h @7  
INFO: Trying process: c~ d~ > ta- vt~ d~ d~ WEIGHTED<=6 $$ t t~ h @7  
INFO: Process has 4 diagrams 
INFO: Trying process: c~ d~ > ta- vt~ d~ s~ WEIGHTED<=6 $$ t t~ h @7  
INFO: Process has 2 diagrams 
INFO: Trying process: c~ d~ > ta- vt~ d~ b~ WEIGHTED<=6 $$ t t~ h @7  
INFO: Process has 2 diagrams 
INFO: Trying process: c~ d~ > ta- vt~ b~ b~ WEIGHTED<=6 $$ t t~ h @7  
INFO: Trying process: c~ s~ > e- ve~ d~ s~ WEIGHTED<=6 $$ t t~ h @7  
INFO: Process has 2 diagrams 
INFO: Trying process: c~ s~ > e- ve~ s~ s~ WEIGHTED<=6 $$ t t~ h @7  
INFO: Process has 4 diagrams 
INFO: Trying process: c~ s~ > e- ve~ s~ b~ WEIGHTED<=6 $$ t t~ h @7  
INFO: Process has 2 diagrams 
INFO: Trying process: c~ s~ > e- ve~ b~ b~ WEIGHTED<=6 $$ t t~ h @7  
INFO: Trying process: c~ s~ > e- vm~ b~ b~ WEIGHTED<=6 $$ t t~ h @7  
INFO: Trying process: c~ s~ > e- vt~ b~ b~ WEIGHTED<=6 $$ t t~ h @7  
INFO: Trying process: c~ s~ > mu- ve~ b~ b~ WEIGHTED<=6 $$ t t~ h @7  
INFO: Trying process: c~ s~ > mu- vm~ d~ s~ WEIGHTED<=6 $$ t t~ h @7  
INFO: Process has 2 diagrams 
INFO: Trying process: c~ s~ > mu- vm~ s~ s~ WEIGHTED<=6 $$ t t~ h @7  
INFO: Process has 4 diagrams 
INFO: Trying process: c~ s~ > mu- vm~ s~ b~ WEIGHTED<=6 $$ t t~ h @7  
INFO: Process has 2 diagrams 
INFO: Trying process: c~ s~ > mu- vm~ b~ b~ WEIGHTED<=6 $$ t t~ h @7  
INFO: Trying process: c~ s~ > mu- vt~ b~ b~ WEIGHTED<=6 $$ t t~ h @7  
INFO: Trying process: c~ s~ > ta- ve~ b~ b~ WEIGHTED<=6 $$ t t~ h @7  
INFO: Trying process: c~ s~ > ta- vm~ b~ b~ WEIGHTED<=6 $$ t t~ h @7  
INFO: Trying process: c~ s~ > ta- vt~ d~ s~ WEIGHTED<=6 $$ t t~ h @7  
INFO: Process has 2 diagrams 
INFO: Trying process: c~ s~ > ta- vt~ s~ s~ WEIGHTED<=6 $$ t t~ h @7  
INFO: Process has 4 diagrams 
INFO: Trying process: c~ s~ > ta- vt~ s~ b~ WEIGHTED<=6 $$ t t~ h @7  
INFO: Process has 2 diagrams 
INFO: Trying process: c~ s~ > ta- vt~ b~ b~ WEIGHTED<=6 $$ t t~ h @7  
INFO: Trying process: c~ b > e- ve~ g g WEIGHTED<=6 $$ t t~ h @7  
INFO: Process has 8 diagrams 
INFO: Trying process: c~ b > e- ve~ u u~ WEIGHTED<=6 $$ t t~ h @7  
INFO: Process has 2 diagrams 
INFO: Trying process: c~ b > e- ve~ u c~ WEIGHTED<=6 $$ t t~ h @7  
INFO: Process has 2 diagrams 
INFO: Trying process: c~ b > e- ve~ c c~ WEIGHTED<=6 $$ t t~ h @7  
INFO: Process has 4 diagrams 
INFO: Trying process: c~ b > e- ve~ d d~ WEIGHTED<=6 $$ t t~ h @7  
INFO: Process has 2 diagrams 
INFO: Trying process: c~ b > e- ve~ s s~ WEIGHTED<=6 $$ t t~ h @7  
INFO: Process has 2 diagrams 
INFO: Trying process: c~ b > e- ve~ b d~ WEIGHTED<=6 $$ t t~ h @7  
INFO: Process has 2 diagrams 
INFO: Trying process: c~ b > e- ve~ b s~ WEIGHTED<=6 $$ t t~ h @7  
INFO: Process has 2 diagrams 
INFO: Trying process: c~ b > e- ve~ b b~ WEIGHTED<=6 $$ t t~ h @7  
INFO: Process has 4 diagrams 
INFO: Trying process: c~ b > e- vm~ b b~ WEIGHTED<=6 $$ t t~ h @7  
INFO: Trying process: c~ b > e- vt~ b b~ WEIGHTED<=6 $$ t t~ h @7  
INFO: Trying process: c~ b > mu- ve~ b b~ WEIGHTED<=6 $$ t t~ h @7  
INFO: Trying process: c~ b > mu- vm~ g g WEIGHTED<=6 $$ t t~ h @7  
INFO: Process has 8 diagrams 
INFO: Trying process: c~ b > mu- vm~ u u~ WEIGHTED<=6 $$ t t~ h @7  
INFO: Process has 2 diagrams 
INFO: Trying process: c~ b > mu- vm~ u c~ WEIGHTED<=6 $$ t t~ h @7  
INFO: Process has 2 diagrams 
INFO: Trying process: c~ b > mu- vm~ c c~ WEIGHTED<=6 $$ t t~ h @7  
INFO: Process has 4 diagrams 
INFO: Trying process: c~ b > mu- vm~ d d~ WEIGHTED<=6 $$ t t~ h @7  
INFO: Process has 2 diagrams 
INFO: Trying process: c~ b > mu- vm~ s s~ WEIGHTED<=6 $$ t t~ h @7  
INFO: Process has 2 diagrams 
INFO: Trying process: c~ b > mu- vm~ b d~ WEIGHTED<=6 $$ t t~ h @7  
INFO: Process has 2 diagrams 
INFO: Trying process: c~ b > mu- vm~ b s~ WEIGHTED<=6 $$ t t~ h @7  
INFO: Process has 2 diagrams 
INFO: Trying process: c~ b > mu- vm~ b b~ WEIGHTED<=6 $$ t t~ h @7  
INFO: Process has 4 diagrams 
INFO: Trying process: c~ b > mu- vt~ b b~ WEIGHTED<=6 $$ t t~ h @7  
INFO: Trying process: c~ b > ta- ve~ b b~ WEIGHTED<=6 $$ t t~ h @7  
INFO: Trying process: c~ b > ta- vm~ b b~ WEIGHTED<=6 $$ t t~ h @7  
INFO: Trying process: c~ b > ta- vt~ g g WEIGHTED<=6 $$ t t~ h @7  
INFO: Process has 8 diagrams 
INFO: Trying process: c~ b > ta- vt~ u u~ WEIGHTED<=6 $$ t t~ h @7  
INFO: Process has 2 diagrams 
INFO: Trying process: c~ b > ta- vt~ u c~ WEIGHTED<=6 $$ t t~ h @7  
INFO: Process has 2 diagrams 
INFO: Trying process: c~ b > ta- vt~ c c~ WEIGHTED<=6 $$ t t~ h @7  
INFO: Process has 4 diagrams 
INFO: Trying process: c~ b > ta- vt~ d d~ WEIGHTED<=6 $$ t t~ h @7  
INFO: Process has 2 diagrams 
INFO: Trying process: c~ b > ta- vt~ s s~ WEIGHTED<=6 $$ t t~ h @7  
INFO: Process has 2 diagrams 
INFO: Trying process: c~ b > ta- vt~ b d~ WEIGHTED<=6 $$ t t~ h @7  
INFO: Process has 2 diagrams 
INFO: Trying process: c~ b > ta- vt~ b s~ WEIGHTED<=6 $$ t t~ h @7  
INFO: Process has 2 diagrams 
INFO: Trying process: c~ b > ta- vt~ b b~ WEIGHTED<=6 $$ t t~ h @7  
INFO: Process has 4 diagrams 
INFO: Trying process: c~ b~ > e- ve~ d~ b~ WEIGHTED<=6 $$ t t~ h @7  
INFO: Process has 2 diagrams 
INFO: Trying process: c~ b~ > e- ve~ s~ b~ WEIGHTED<=6 $$ t t~ h @7  
INFO: Process has 2 diagrams 
INFO: Trying process: c~ b~ > e- ve~ b~ b~ WEIGHTED<=6 $$ t t~ h @7  
INFO: Process has 4 diagrams 
INFO: Trying process: c~ b~ > mu- vm~ d~ b~ WEIGHTED<=6 $$ t t~ h @7  
INFO: Process has 2 diagrams 
INFO: Trying process: c~ b~ > mu- vm~ s~ b~ WEIGHTED<=6 $$ t t~ h @7  
INFO: Process has 2 diagrams 
INFO: Trying process: c~ b~ > mu- vm~ b~ b~ WEIGHTED<=6 $$ t t~ h @7  
INFO: Process has 4 diagrams 
INFO: Trying process: c~ b~ > ta- vt~ d~ b~ WEIGHTED<=6 $$ t t~ h @7  
INFO: Process has 2 diagrams 
INFO: Trying process: c~ b~ > ta- vt~ s~ b~ WEIGHTED<=6 $$ t t~ h @7  
INFO: Process has 2 diagrams 
INFO: Trying process: c~ b~ > ta- vt~ b~ b~ WEIGHTED<=6 $$ t t~ h @7  
INFO: Process has 4 diagrams 
INFO: Process d~ d > e- ve~ u d~ added to mirror process d d~ > e- ve~ u d~ 
INFO: Process d~ d > e- ve~ u s~ added to mirror process d d~ > e- ve~ u s~ 
INFO: Process d~ d > e- ve~ u b~ added to mirror process d d~ > e- ve~ u b~ 
INFO: Process d~ d > e- ve~ c d~ added to mirror process d d~ > e- ve~ c d~ 
INFO: Process d~ d > e- ve~ c s~ added to mirror process d d~ > e- ve~ c s~ 
INFO: Process d~ d > e- ve~ c b~ added to mirror process d d~ > e- ve~ c b~ 
INFO: Process d~ d > mu- vm~ u d~ added to mirror process d d~ > mu- vm~ u d~ 
INFO: Process d~ d > mu- vm~ u s~ added to mirror process d d~ > mu- vm~ u s~ 
INFO: Process d~ d > mu- vm~ u b~ added to mirror process d d~ > mu- vm~ u b~ 
INFO: Process d~ d > mu- vm~ c d~ added to mirror process d d~ > mu- vm~ c d~ 
INFO: Process d~ d > mu- vm~ c s~ added to mirror process d d~ > mu- vm~ c s~ 
INFO: Process d~ d > mu- vm~ c b~ added to mirror process d d~ > mu- vm~ c b~ 
INFO: Process d~ d > ta- vt~ u d~ added to mirror process d d~ > ta- vt~ u d~ 
INFO: Process d~ d > ta- vt~ u s~ added to mirror process d d~ > ta- vt~ u s~ 
INFO: Process d~ d > ta- vt~ u b~ added to mirror process d d~ > ta- vt~ u b~ 
INFO: Process d~ d > ta- vt~ c d~ added to mirror process d d~ > ta- vt~ c d~ 
INFO: Process d~ d > ta- vt~ c s~ added to mirror process d d~ > ta- vt~ c s~ 
INFO: Process d~ d > ta- vt~ c b~ added to mirror process d d~ > ta- vt~ c b~ 
INFO: Process d~ s > e- ve~ u d~ added to mirror process s d~ > e- ve~ u d~ 
INFO: Process d~ s > e- ve~ c d~ added to mirror process s d~ > e- ve~ c d~ 
INFO: Process d~ s > mu- vm~ u d~ added to mirror process s d~ > mu- vm~ u d~ 
INFO: Process d~ s > mu- vm~ c d~ added to mirror process s d~ > mu- vm~ c d~ 
INFO: Process d~ s > ta- vt~ u d~ added to mirror process s d~ > ta- vt~ u d~ 
INFO: Process d~ s > ta- vt~ c d~ added to mirror process s d~ > ta- vt~ c d~ 
INFO: Process d~ u~ > e- ve~ d~ d~ added to mirror process u~ d~ > e- ve~ d~ d~ 
INFO: Process d~ u~ > e- ve~ d~ s~ added to mirror process u~ d~ > e- ve~ d~ s~ 
INFO: Process d~ u~ > e- ve~ d~ b~ added to mirror process u~ d~ > e- ve~ d~ b~ 
INFO: Process d~ u~ > mu- vm~ d~ d~ added to mirror process u~ d~ > mu- vm~ d~ d~ 
INFO: Process d~ u~ > mu- vm~ d~ s~ added to mirror process u~ d~ > mu- vm~ d~ s~ 
INFO: Process d~ u~ > mu- vm~ d~ b~ added to mirror process u~ d~ > mu- vm~ d~ b~ 
INFO: Process d~ u~ > ta- vt~ d~ d~ added to mirror process u~ d~ > ta- vt~ d~ d~ 
INFO: Process d~ u~ > ta- vt~ d~ s~ added to mirror process u~ d~ > ta- vt~ d~ s~ 
INFO: Process d~ u~ > ta- vt~ d~ b~ added to mirror process u~ d~ > ta- vt~ d~ b~ 
INFO: Process d~ c~ > e- ve~ d~ d~ added to mirror process c~ d~ > e- ve~ d~ d~ 
INFO: Process d~ c~ > e- ve~ d~ s~ added to mirror process c~ d~ > e- ve~ d~ s~ 
INFO: Process d~ c~ > e- ve~ d~ b~ added to mirror process c~ d~ > e- ve~ d~ b~ 
INFO: Process d~ c~ > mu- vm~ d~ d~ added to mirror process c~ d~ > mu- vm~ d~ d~ 
INFO: Process d~ c~ > mu- vm~ d~ s~ added to mirror process c~ d~ > mu- vm~ d~ s~ 
INFO: Process d~ c~ > mu- vm~ d~ b~ added to mirror process c~ d~ > mu- vm~ d~ b~ 
INFO: Process d~ c~ > ta- vt~ d~ d~ added to mirror process c~ d~ > ta- vt~ d~ d~ 
INFO: Process d~ c~ > ta- vt~ d~ s~ added to mirror process c~ d~ > ta- vt~ d~ s~ 
INFO: Process d~ c~ > ta- vt~ d~ b~ added to mirror process c~ d~ > ta- vt~ d~ b~ 
INFO: Trying process: d~ b > e- ve~ u d~ WEIGHTED<=6 $$ t t~ h @7  
INFO: Process has 2 diagrams 
INFO: Trying process: d~ b > e- ve~ c d~ WEIGHTED<=6 $$ t t~ h @7  
INFO: Process has 2 diagrams 
INFO: Trying process: d~ b > mu- vm~ u d~ WEIGHTED<=6 $$ t t~ h @7  
INFO: Process has 2 diagrams 
INFO: Trying process: d~ b > mu- vm~ c d~ WEIGHTED<=6 $$ t t~ h @7  
INFO: Process has 2 diagrams 
INFO: Trying process: d~ b > ta- vt~ u d~ WEIGHTED<=6 $$ t t~ h @7  
INFO: Process has 2 diagrams 
INFO: Trying process: d~ b > ta- vt~ c d~ WEIGHTED<=6 $$ t t~ h @7  
INFO: Process has 2 diagrams 
INFO: Process s~ d > e- ve~ u s~ added to mirror process d s~ > e- ve~ u s~ 
INFO: Process s~ d > e- ve~ c s~ added to mirror process d s~ > e- ve~ c s~ 
INFO: Process s~ d > mu- vm~ u s~ added to mirror process d s~ > mu- vm~ u s~ 
INFO: Process s~ d > mu- vm~ c s~ added to mirror process d s~ > mu- vm~ c s~ 
INFO: Process s~ d > ta- vt~ u s~ added to mirror process d s~ > ta- vt~ u s~ 
INFO: Process s~ d > ta- vt~ c s~ added to mirror process d s~ > ta- vt~ c s~ 
INFO: Process s~ s > e- ve~ u d~ added to mirror process s s~ > e- ve~ u d~ 
INFO: Process s~ s > e- ve~ u s~ added to mirror process s s~ > e- ve~ u s~ 
INFO: Process s~ s > e- ve~ u b~ added to mirror process s s~ > e- ve~ u b~ 
INFO: Process s~ s > e- ve~ c d~ added to mirror process s s~ > e- ve~ c d~ 
INFO: Process s~ s > e- ve~ c s~ added to mirror process s s~ > e- ve~ c s~ 
INFO: Process s~ s > e- ve~ c b~ added to mirror process s s~ > e- ve~ c b~ 
INFO: Process s~ s > mu- vm~ u d~ added to mirror process s s~ > mu- vm~ u d~ 
INFO: Process s~ s > mu- vm~ u s~ added to mirror process s s~ > mu- vm~ u s~ 
INFO: Process s~ s > mu- vm~ u b~ added to mirror process s s~ > mu- vm~ u b~ 
INFO: Process s~ s > mu- vm~ c d~ added to mirror process s s~ > mu- vm~ c d~ 
INFO: Process s~ s > mu- vm~ c s~ added to mirror process s s~ > mu- vm~ c s~ 
INFO: Process s~ s > mu- vm~ c b~ added to mirror process s s~ > mu- vm~ c b~ 
INFO: Process s~ s > ta- vt~ u d~ added to mirror process s s~ > ta- vt~ u d~ 
INFO: Process s~ s > ta- vt~ u s~ added to mirror process s s~ > ta- vt~ u s~ 
INFO: Process s~ s > ta- vt~ u b~ added to mirror process s s~ > ta- vt~ u b~ 
INFO: Process s~ s > ta- vt~ c d~ added to mirror process s s~ > ta- vt~ c d~ 
INFO: Process s~ s > ta- vt~ c s~ added to mirror process s s~ > ta- vt~ c s~ 
INFO: Process s~ s > ta- vt~ c b~ added to mirror process s s~ > ta- vt~ c b~ 
INFO: Process s~ u~ > e- ve~ d~ s~ added to mirror process u~ s~ > e- ve~ d~ s~ 
INFO: Process s~ u~ > e- ve~ s~ s~ added to mirror process u~ s~ > e- ve~ s~ s~ 
INFO: Process s~ u~ > e- ve~ s~ b~ added to mirror process u~ s~ > e- ve~ s~ b~ 
INFO: Process s~ u~ > mu- vm~ d~ s~ added to mirror process u~ s~ > mu- vm~ d~ s~ 
INFO: Process s~ u~ > mu- vm~ s~ s~ added to mirror process u~ s~ > mu- vm~ s~ s~ 
INFO: Process s~ u~ > mu- vm~ s~ b~ added to mirror process u~ s~ > mu- vm~ s~ b~ 
INFO: Process s~ u~ > ta- vt~ d~ s~ added to mirror process u~ s~ > ta- vt~ d~ s~ 
INFO: Process s~ u~ > ta- vt~ s~ s~ added to mirror process u~ s~ > ta- vt~ s~ s~ 
INFO: Process s~ u~ > ta- vt~ s~ b~ added to mirror process u~ s~ > ta- vt~ s~ b~ 
INFO: Process s~ c~ > e- ve~ d~ s~ added to mirror process c~ s~ > e- ve~ d~ s~ 
INFO: Process s~ c~ > e- ve~ s~ s~ added to mirror process c~ s~ > e- ve~ s~ s~ 
INFO: Process s~ c~ > e- ve~ s~ b~ added to mirror process c~ s~ > e- ve~ s~ b~ 
INFO: Process s~ c~ > mu- vm~ d~ s~ added to mirror process c~ s~ > mu- vm~ d~ s~ 
INFO: Process s~ c~ > mu- vm~ s~ s~ added to mirror process c~ s~ > mu- vm~ s~ s~ 
INFO: Process s~ c~ > mu- vm~ s~ b~ added to mirror process c~ s~ > mu- vm~ s~ b~ 
INFO: Process s~ c~ > ta- vt~ d~ s~ added to mirror process c~ s~ > ta- vt~ d~ s~ 
INFO: Process s~ c~ > ta- vt~ s~ s~ added to mirror process c~ s~ > ta- vt~ s~ s~ 
INFO: Process s~ c~ > ta- vt~ s~ b~ added to mirror process c~ s~ > ta- vt~ s~ b~ 
INFO: Trying process: s~ b > e- ve~ u s~ WEIGHTED<=6 $$ t t~ h @7  
INFO: Process has 2 diagrams 
INFO: Trying process: s~ b > e- ve~ c s~ WEIGHTED<=6 $$ t t~ h @7  
INFO: Process has 2 diagrams 
INFO: Trying process: s~ b > mu- vm~ u s~ WEIGHTED<=6 $$ t t~ h @7  
INFO: Process has 2 diagrams 
INFO: Trying process: s~ b > mu- vm~ c s~ WEIGHTED<=6 $$ t t~ h @7  
INFO: Process has 2 diagrams 
INFO: Trying process: s~ b > ta- vt~ u s~ WEIGHTED<=6 $$ t t~ h @7  
INFO: Process has 2 diagrams 
INFO: Trying process: s~ b > ta- vt~ c s~ WEIGHTED<=6 $$ t t~ h @7  
INFO: Process has 2 diagrams 
INFO: Process b g > e- ve~ g u added to mirror process g b > e- ve~ g u 
INFO: Process b g > e- ve~ g c added to mirror process g b > e- ve~ g c 
INFO: Process b g > mu- vm~ g u added to mirror process g b > mu- vm~ g u 
INFO: Process b g > mu- vm~ g c added to mirror process g b > mu- vm~ g c 
INFO: Process b g > ta- vt~ g u added to mirror process g b > ta- vt~ g u 
INFO: Process b g > ta- vt~ g c added to mirror process g b > ta- vt~ g c 
INFO: Process b u > e- ve~ u u added to mirror process u b > e- ve~ u u 
INFO: Process b u > e- ve~ u c added to mirror process u b > e- ve~ u c 
INFO: Process b u > mu- vm~ u u added to mirror process u b > mu- vm~ u u 
INFO: Process b u > mu- vm~ u c added to mirror process u b > mu- vm~ u c 
INFO: Process b u > ta- vt~ u u added to mirror process u b > ta- vt~ u u 
INFO: Process b u > ta- vt~ u c added to mirror process u b > ta- vt~ u c 
INFO: Process b c > e- ve~ u c added to mirror process c b > e- ve~ u c 
INFO: Process b c > e- ve~ c c added to mirror process c b > e- ve~ c c 
INFO: Process b c > mu- vm~ u c added to mirror process c b > mu- vm~ u c 
INFO: Process b c > mu- vm~ c c added to mirror process c b > mu- vm~ c c 
INFO: Process b c > ta- vt~ u c added to mirror process c b > ta- vt~ u c 
INFO: Process b c > ta- vt~ c c added to mirror process c b > ta- vt~ c c 
INFO: Process b d > e- ve~ u d added to mirror process d b > e- ve~ u d 
INFO: Process b d > e- ve~ u b added to mirror process d b > e- ve~ u b 
INFO: Process b d > e- ve~ c d added to mirror process d b > e- ve~ c d 
INFO: Process b d > e- ve~ c b added to mirror process d b > e- ve~ c b 
INFO: Process b d > mu- vm~ u d added to mirror process d b > mu- vm~ u d 
INFO: Process b d > mu- vm~ u b added to mirror process d b > mu- vm~ u b 
INFO: Process b d > mu- vm~ c d added to mirror process d b > mu- vm~ c d 
INFO: Process b d > mu- vm~ c b added to mirror process d b > mu- vm~ c b 
INFO: Process b d > ta- vt~ u d added to mirror process d b > ta- vt~ u d 
INFO: Process b d > ta- vt~ u b added to mirror process d b > ta- vt~ u b 
INFO: Process b d > ta- vt~ c d added to mirror process d b > ta- vt~ c d 
INFO: Process b d > ta- vt~ c b added to mirror process d b > ta- vt~ c b 
INFO: Process b s > e- ve~ u s added to mirror process s b > e- ve~ u s 
INFO: Process b s > e- ve~ u b added to mirror process s b > e- ve~ u b 
INFO: Process b s > e- ve~ c s added to mirror process s b > e- ve~ c s 
INFO: Process b s > e- ve~ c b added to mirror process s b > e- ve~ c b 
INFO: Process b s > mu- vm~ u s added to mirror process s b > mu- vm~ u s 
INFO: Process b s > mu- vm~ u b added to mirror process s b > mu- vm~ u b 
INFO: Process b s > mu- vm~ c s added to mirror process s b > mu- vm~ c s 
INFO: Process b s > mu- vm~ c b added to mirror process s b > mu- vm~ c b 
INFO: Process b s > ta- vt~ u s added to mirror process s b > ta- vt~ u s 
INFO: Process b s > ta- vt~ u b added to mirror process s b > ta- vt~ u b 
INFO: Process b s > ta- vt~ c s added to mirror process s b > ta- vt~ c s 
INFO: Process b s > ta- vt~ c b added to mirror process s b > ta- vt~ c b 
INFO: Process b u~ > e- ve~ g g added to mirror process u~ b > e- ve~ g g 
INFO: Process b u~ > e- ve~ u u~ added to mirror process u~ b > e- ve~ u u~ 
INFO: Process b u~ > e- ve~ c u~ added to mirror process u~ b > e- ve~ c u~ 
INFO: Process b u~ > e- ve~ c c~ added to mirror process u~ b > e- ve~ c c~ 
INFO: Process b u~ > e- ve~ d d~ added to mirror process u~ b > e- ve~ d d~ 
INFO: Process b u~ > e- ve~ s s~ added to mirror process u~ b > e- ve~ s s~ 
INFO: Process b u~ > e- ve~ b d~ added to mirror process u~ b > e- ve~ b d~ 
INFO: Process b u~ > e- ve~ b s~ added to mirror process u~ b > e- ve~ b s~ 
INFO: Process b u~ > e- ve~ b b~ added to mirror process u~ b > e- ve~ b b~ 
INFO: Process b u~ > mu- vm~ g g added to mirror process u~ b > mu- vm~ g g 
INFO: Process b u~ > mu- vm~ u u~ added to mirror process u~ b > mu- vm~ u u~ 
INFO: Process b u~ > mu- vm~ c u~ added to mirror process u~ b > mu- vm~ c u~ 
INFO: Process b u~ > mu- vm~ c c~ added to mirror process u~ b > mu- vm~ c c~ 
INFO: Process b u~ > mu- vm~ d d~ added to mirror process u~ b > mu- vm~ d d~ 
INFO: Process b u~ > mu- vm~ s s~ added to mirror process u~ b > mu- vm~ s s~ 
INFO: Process b u~ > mu- vm~ b d~ added to mirror process u~ b > mu- vm~ b d~ 
INFO: Process b u~ > mu- vm~ b s~ added to mirror process u~ b > mu- vm~ b s~ 
INFO: Process b u~ > mu- vm~ b b~ added to mirror process u~ b > mu- vm~ b b~ 
INFO: Process b u~ > ta- vt~ g g added to mirror process u~ b > ta- vt~ g g 
INFO: Process b u~ > ta- vt~ u u~ added to mirror process u~ b > ta- vt~ u u~ 
INFO: Process b u~ > ta- vt~ c u~ added to mirror process u~ b > ta- vt~ c u~ 
INFO: Process b u~ > ta- vt~ c c~ added to mirror process u~ b > ta- vt~ c c~ 
INFO: Process b u~ > ta- vt~ d d~ added to mirror process u~ b > ta- vt~ d d~ 
INFO: Process b u~ > ta- vt~ s s~ added to mirror process u~ b > ta- vt~ s s~ 
INFO: Process b u~ > ta- vt~ b d~ added to mirror process u~ b > ta- vt~ b d~ 
INFO: Process b u~ > ta- vt~ b s~ added to mirror process u~ b > ta- vt~ b s~ 
INFO: Process b u~ > ta- vt~ b b~ added to mirror process u~ b > ta- vt~ b b~ 
INFO: Process b c~ > e- ve~ g g added to mirror process c~ b > e- ve~ g g 
INFO: Process b c~ > e- ve~ u u~ added to mirror process c~ b > e- ve~ u u~ 
INFO: Process b c~ > e- ve~ u c~ added to mirror process c~ b > e- ve~ u c~ 
INFO: Process b c~ > e- ve~ c c~ added to mirror process c~ b > e- ve~ c c~ 
INFO: Process b c~ > e- ve~ d d~ added to mirror process c~ b > e- ve~ d d~ 
INFO: Process b c~ > e- ve~ s s~ added to mirror process c~ b > e- ve~ s s~ 
INFO: Process b c~ > e- ve~ b d~ added to mirror process c~ b > e- ve~ b d~ 
INFO: Process b c~ > e- ve~ b s~ added to mirror process c~ b > e- ve~ b s~ 
INFO: Process b c~ > e- ve~ b b~ added to mirror process c~ b > e- ve~ b b~ 
INFO: Process b c~ > mu- vm~ g g added to mirror process c~ b > mu- vm~ g g 
INFO: Process b c~ > mu- vm~ u u~ added to mirror process c~ b > mu- vm~ u u~ 
INFO: Process b c~ > mu- vm~ u c~ added to mirror process c~ b > mu- vm~ u c~ 
INFO: Process b c~ > mu- vm~ c c~ added to mirror process c~ b > mu- vm~ c c~ 
INFO: Process b c~ > mu- vm~ d d~ added to mirror process c~ b > mu- vm~ d d~ 
INFO: Process b c~ > mu- vm~ s s~ added to mirror process c~ b > mu- vm~ s s~ 
INFO: Process b c~ > mu- vm~ b d~ added to mirror process c~ b > mu- vm~ b d~ 
INFO: Process b c~ > mu- vm~ b s~ added to mirror process c~ b > mu- vm~ b s~ 
INFO: Process b c~ > mu- vm~ b b~ added to mirror process c~ b > mu- vm~ b b~ 
INFO: Process b c~ > ta- vt~ g g added to mirror process c~ b > ta- vt~ g g 
INFO: Process b c~ > ta- vt~ u u~ added to mirror process c~ b > ta- vt~ u u~ 
INFO: Process b c~ > ta- vt~ u c~ added to mirror process c~ b > ta- vt~ u c~ 
INFO: Process b c~ > ta- vt~ c c~ added to mirror process c~ b > ta- vt~ c c~ 
INFO: Process b c~ > ta- vt~ d d~ added to mirror process c~ b > ta- vt~ d d~ 
INFO: Process b c~ > ta- vt~ s s~ added to mirror process c~ b > ta- vt~ s s~ 
INFO: Process b c~ > ta- vt~ b d~ added to mirror process c~ b > ta- vt~ b d~ 
INFO: Process b c~ > ta- vt~ b s~ added to mirror process c~ b > ta- vt~ b s~ 
INFO: Process b c~ > ta- vt~ b b~ added to mirror process c~ b > ta- vt~ b b~ 
INFO: Process b d~ > e- ve~ u d~ added to mirror process d~ b > e- ve~ u d~ 
INFO: Process b d~ > e- ve~ c d~ added to mirror process d~ b > e- ve~ c d~ 
INFO: Process b d~ > mu- vm~ u d~ added to mirror process d~ b > mu- vm~ u d~ 
INFO: Process b d~ > mu- vm~ c d~ added to mirror process d~ b > mu- vm~ c d~ 
INFO: Process b d~ > ta- vt~ u d~ added to mirror process d~ b > ta- vt~ u d~ 
INFO: Process b d~ > ta- vt~ c d~ added to mirror process d~ b > ta- vt~ c d~ 
INFO: Process b s~ > e- ve~ u s~ added to mirror process s~ b > e- ve~ u s~ 
INFO: Process b s~ > e- ve~ c s~ added to mirror process s~ b > e- ve~ c s~ 
INFO: Process b s~ > mu- vm~ u s~ added to mirror process s~ b > mu- vm~ u s~ 
INFO: Process b s~ > mu- vm~ c s~ added to mirror process s~ b > mu- vm~ c s~ 
INFO: Process b s~ > ta- vt~ u s~ added to mirror process s~ b > ta- vt~ u s~ 
INFO: Process b s~ > ta- vt~ c s~ added to mirror process s~ b > ta- vt~ c s~ 
INFO: Trying process: b b > e- ve~ u b WEIGHTED<=6 $$ t t~ h @7  
INFO: Process has 4 diagrams 
INFO: Trying process: b b > e- ve~ c b WEIGHTED<=6 $$ t t~ h @7  
INFO: Process has 4 diagrams 
INFO: Trying process: b b > mu- vm~ u b WEIGHTED<=6 $$ t t~ h @7  
INFO: Process has 4 diagrams 
INFO: Trying process: b b > mu- vm~ c b WEIGHTED<=6 $$ t t~ h @7  
INFO: Process has 4 diagrams 
INFO: Trying process: b b > ta- vt~ u b WEIGHTED<=6 $$ t t~ h @7  
INFO: Process has 4 diagrams 
INFO: Trying process: b b > ta- vt~ c b WEIGHTED<=6 $$ t t~ h @7  
INFO: Process has 4 diagrams 
INFO: Trying process: b b~ > e- ve~ u d~ WEIGHTED<=6 $$ t t~ h @7  
INFO: Process has 2 diagrams 
INFO: Trying process: b b~ > e- ve~ u s~ WEIGHTED<=6 $$ t t~ h @7  
INFO: Process has 2 diagrams 
INFO: Trying process: b b~ > e- ve~ u b~ WEIGHTED<=6 $$ t t~ h @7  
INFO: Process has 4 diagrams 
INFO: Trying process: b b~ > e- ve~ c d~ WEIGHTED<=6 $$ t t~ h @7  
INFO: Process has 2 diagrams 
INFO: Trying process: b b~ > e- ve~ c s~ WEIGHTED<=6 $$ t t~ h @7  
INFO: Process has 2 diagrams 
INFO: Trying process: b b~ > e- ve~ c b~ WEIGHTED<=6 $$ t t~ h @7  
INFO: Process has 4 diagrams 
INFO: Trying process: b b~ > mu- vm~ u d~ WEIGHTED<=6 $$ t t~ h @7  
INFO: Process has 2 diagrams 
INFO: Trying process: b b~ > mu- vm~ u s~ WEIGHTED<=6 $$ t t~ h @7  
INFO: Process has 2 diagrams 
INFO: Trying process: b b~ > mu- vm~ u b~ WEIGHTED<=6 $$ t t~ h @7  
INFO: Process has 4 diagrams 
INFO: Trying process: b b~ > mu- vm~ c d~ WEIGHTED<=6 $$ t t~ h @7  
INFO: Process has 2 diagrams 
INFO: Trying process: b b~ > mu- vm~ c s~ WEIGHTED<=6 $$ t t~ h @7  
INFO: Process has 2 diagrams 
INFO: Trying process: b b~ > mu- vm~ c b~ WEIGHTED<=6 $$ t t~ h @7  
INFO: Process has 4 diagrams 
INFO: Trying process: b b~ > ta- vt~ u d~ WEIGHTED<=6 $$ t t~ h @7  
INFO: Process has 2 diagrams 
INFO: Trying process: b b~ > ta- vt~ u s~ WEIGHTED<=6 $$ t t~ h @7  
INFO: Process has 2 diagrams 
INFO: Trying process: b b~ > ta- vt~ u b~ WEIGHTED<=6 $$ t t~ h @7  
INFO: Process has 4 diagrams 
INFO: Trying process: b b~ > ta- vt~ c d~ WEIGHTED<=6 $$ t t~ h @7  
INFO: Process has 2 diagrams 
INFO: Trying process: b b~ > ta- vt~ c s~ WEIGHTED<=6 $$ t t~ h @7  
INFO: Process has 2 diagrams 
INFO: Trying process: b b~ > ta- vt~ c b~ WEIGHTED<=6 $$ t t~ h @7  
INFO: Process has 4 diagrams 
INFO: Process b~ d > e- ve~ u b~ added to mirror process d b~ > e- ve~ u b~ 
INFO: Process b~ d > e- ve~ c b~ added to mirror process d b~ > e- ve~ c b~ 
INFO: Process b~ d > mu- vm~ u b~ added to mirror process d b~ > mu- vm~ u b~ 
INFO: Process b~ d > mu- vm~ c b~ added to mirror process d b~ > mu- vm~ c b~ 
INFO: Process b~ d > ta- vt~ u b~ added to mirror process d b~ > ta- vt~ u b~ 
INFO: Process b~ d > ta- vt~ c b~ added to mirror process d b~ > ta- vt~ c b~ 
INFO: Process b~ s > e- ve~ u b~ added to mirror process s b~ > e- ve~ u b~ 
INFO: Process b~ s > e- ve~ c b~ added to mirror process s b~ > e- ve~ c b~ 
INFO: Process b~ s > mu- vm~ u b~ added to mirror process s b~ > mu- vm~ u b~ 
INFO: Process b~ s > mu- vm~ c b~ added to mirror process s b~ > mu- vm~ c b~ 
INFO: Process b~ s > ta- vt~ u b~ added to mirror process s b~ > ta- vt~ u b~ 
INFO: Process b~ s > ta- vt~ c b~ added to mirror process s b~ > ta- vt~ c b~ 
INFO: Process b~ u~ > e- ve~ d~ b~ added to mirror process u~ b~ > e- ve~ d~ b~ 
INFO: Process b~ u~ > e- ve~ s~ b~ added to mirror process u~ b~ > e- ve~ s~ b~ 
INFO: Process b~ u~ > e- ve~ b~ b~ added to mirror process u~ b~ > e- ve~ b~ b~ 
INFO: Process b~ u~ > mu- vm~ d~ b~ added to mirror process u~ b~ > mu- vm~ d~ b~ 
INFO: Process b~ u~ > mu- vm~ s~ b~ added to mirror process u~ b~ > mu- vm~ s~ b~ 
INFO: Process b~ u~ > mu- vm~ b~ b~ added to mirror process u~ b~ > mu- vm~ b~ b~ 
INFO: Process b~ u~ > ta- vt~ d~ b~ added to mirror process u~ b~ > ta- vt~ d~ b~ 
INFO: Process b~ u~ > ta- vt~ s~ b~ added to mirror process u~ b~ > ta- vt~ s~ b~ 
INFO: Process b~ u~ > ta- vt~ b~ b~ added to mirror process u~ b~ > ta- vt~ b~ b~ 
INFO: Process b~ c~ > e- ve~ d~ b~ added to mirror process c~ b~ > e- ve~ d~ b~ 
INFO: Process b~ c~ > e- ve~ s~ b~ added to mirror process c~ b~ > e- ve~ s~ b~ 
INFO: Process b~ c~ > e- ve~ b~ b~ added to mirror process c~ b~ > e- ve~ b~ b~ 
INFO: Process b~ c~ > mu- vm~ d~ b~ added to mirror process c~ b~ > mu- vm~ d~ b~ 
INFO: Process b~ c~ > mu- vm~ s~ b~ added to mirror process c~ b~ > mu- vm~ s~ b~ 
INFO: Process b~ c~ > mu- vm~ b~ b~ added to mirror process c~ b~ > mu- vm~ b~ b~ 
INFO: Process b~ c~ > ta- vt~ d~ b~ added to mirror process c~ b~ > ta- vt~ d~ b~ 
INFO: Process b~ c~ > ta- vt~ s~ b~ added to mirror process c~ b~ > ta- vt~ s~ b~ 
INFO: Process b~ c~ > ta- vt~ b~ b~ added to mirror process c~ b~ > ta- vt~ b~ b~ 
INFO: Process b~ b > e- ve~ u d~ added to mirror process b b~ > e- ve~ u d~ 
INFO: Process b~ b > e- ve~ u s~ added to mirror process b b~ > e- ve~ u s~ 
INFO: Process b~ b > e- ve~ u b~ added to mirror process b b~ > e- ve~ u b~ 
INFO: Process b~ b > e- ve~ c d~ added to mirror process b b~ > e- ve~ c d~ 
INFO: Process b~ b > e- ve~ c s~ added to mirror process b b~ > e- ve~ c s~ 
INFO: Process b~ b > e- ve~ c b~ added to mirror process b b~ > e- ve~ c b~ 
INFO: Process b~ b > mu- vm~ u d~ added to mirror process b b~ > mu- vm~ u d~ 
INFO: Process b~ b > mu- vm~ u s~ added to mirror process b b~ > mu- vm~ u s~ 
INFO: Process b~ b > mu- vm~ u b~ added to mirror process b b~ > mu- vm~ u b~ 
INFO: Process b~ b > mu- vm~ c d~ added to mirror process b b~ > mu- vm~ c d~ 
INFO: Process b~ b > mu- vm~ c s~ added to mirror process b b~ > mu- vm~ c s~ 
INFO: Process b~ b > mu- vm~ c b~ added to mirror process b b~ > mu- vm~ c b~ 
INFO: Process b~ b > ta- vt~ u d~ added to mirror process b b~ > ta- vt~ u d~ 
INFO: Process b~ b > ta- vt~ u s~ added to mirror process b b~ > ta- vt~ u s~ 
INFO: Process b~ b > ta- vt~ u b~ added to mirror process b b~ > ta- vt~ u b~ 
INFO: Process b~ b > ta- vt~ c d~ added to mirror process b b~ > ta- vt~ c d~ 
INFO: Process b~ b > ta- vt~ c s~ added to mirror process b b~ > ta- vt~ c s~ 
INFO: Process b~ b > ta- vt~ c b~ added to mirror process b b~ > ta- vt~ c b~ 
540 processes with 1800 diagrams generated in 28.133 s
Total: 1224 processes with 3852 diagrams
output /eos/project/f/foundational-model-dataset/samples/pu200_ryliu/WJetsToLNu_13TeV-madgraphMLM-pythia8-2000-50004
INFO: directory /eos/project/f/foundational-model-dataset/samples/pu200_ryliu/WJetsToLNu_13TeV-madgraphMLM-pythia8-2000-50004 already exists.
If you continue this directory will be deleted and replaced.
Do you want to continue? [[4my[0m, n]
[1mThe answer to the previous question is not set in your input file[0m
[1mUse y value[0m
INFO: initialize a new directory: WJetsToLNu_13TeV-madgraphMLM-pythia8-2000-50004 
INFO: remove old information in WJetsToLNu_13TeV-madgraphMLM-pythia8-2000-50004 
INFO: Organizing processes into subprocess groups 
INFO: Generating Helas calls for process: g g > e+ ve d u~ WEIGHTED<=6 $$ t t~ h @2 
INFO: Processing color information for process: g g > e+ ve d u~ $$ t t~ h @2 
INFO: Generating Helas calls for process: g g > e+ ve d c~ WEIGHTED<=6 $$ t t~ h @2 
INFO: Reusing existing color information for process: g g > e+ ve d c~ $$ t t~ h @2 
INFO: Generating Helas calls for process: g g > e+ ve s u~ WEIGHTED<=6 $$ t t~ h @2 
INFO: Reusing existing color information for process: g g > e+ ve s u~ $$ t t~ h @2 
INFO: Combined process g g > e+ ve s c~ WEIGHTED<=6 $$ t t~ h @2 with process g g > e+ ve d u~ WEIGHTED<=6 $$ t t~ h @2 
INFO: Generating Helas calls for process: g g > e+ ve b u~ WEIGHTED<=6 $$ t t~ h @2 
INFO: Reusing existing color information for process: g g > e+ ve b u~ $$ t t~ h @2 
INFO: Generating Helas calls for process: g g > e+ ve b c~ WEIGHTED<=6 $$ t t~ h @2 
INFO: Reusing existing color information for process: g g > e+ ve b c~ $$ t t~ h @2 
INFO: Combined process g g > mu+ vm d u~ WEIGHTED<=6 $$ t t~ h @2 with process g g > e+ ve d u~ WEIGHTED<=6 $$ t t~ h @2 
INFO: Combined process g g > mu+ vm d c~ WEIGHTED<=6 $$ t t~ h @2 with process g g > e+ ve d c~ WEIGHTED<=6 $$ t t~ h @2 
INFO: Combined process g g > mu+ vm s u~ WEIGHTED<=6 $$ t t~ h @2 with process g g > e+ ve s u~ WEIGHTED<=6 $$ t t~ h @2 
INFO: Combined process g g > mu+ vm s c~ WEIGHTED<=6 $$ t t~ h @2 with process g g > e+ ve d u~ WEIGHTED<=6 $$ t t~ h @2 
INFO: Combined process g g > mu+ vm b u~ WEIGHTED<=6 $$ t t~ h @2 with process g g > e+ ve b u~ WEIGHTED<=6 $$ t t~ h @2 
INFO: Combined process g g > mu+ vm b c~ WEIGHTED<=6 $$ t t~ h @2 with process g g > e+ ve b c~ WEIGHTED<=6 $$ t t~ h @2 
INFO: Generating Helas calls for process: g g > ta+ vt d u~ WEIGHTED<=6 $$ t t~ h @2 
INFO: Processing color information for process: g g > ta+ vt d u~ $$ t t~ h @2 
INFO: Generating Helas calls for process: g g > ta+ vt d c~ WEIGHTED<=6 $$ t t~ h @2 
INFO: Reusing existing color information for process: g g > ta+ vt d c~ $$ t t~ h @2 
INFO: Generating Helas calls for process: g g > ta+ vt s u~ WEIGHTED<=6 $$ t t~ h @2 
INFO: Reusing existing color information for process: g g > ta+ vt s u~ $$ t t~ h @2 
INFO: Combined process g g > ta+ vt s c~ WEIGHTED<=6 $$ t t~ h @2 with process g g > ta+ vt d u~ WEIGHTED<=6 $$ t t~ h @2 
INFO: Generating Helas calls for process: g g > ta+ vt b u~ WEIGHTED<=6 $$ t t~ h @2 
INFO: Reusing existing color information for process: g g > ta+ vt b u~ $$ t t~ h @2 
INFO: Generating Helas calls for process: g g > ta+ vt b c~ WEIGHTED<=6 $$ t t~ h @2 
INFO: Reusing existing color information for process: g g > ta+ vt b c~ $$ t t~ h @2 
INFO: Generating Helas calls for process: g u > e+ ve g d WEIGHTED<=6 $$ t t~ h @2 
INFO: Processing color information for process: g u > e+ ve g d $$ t t~ h @2 
INFO: Generating Helas calls for process: g u > e+ ve g s WEIGHTED<=6 $$ t t~ h @2 
INFO: Reusing existing color information for process: g u > e+ ve g s $$ t t~ h @2 
INFO: Generating Helas calls for process: g u > e+ ve g b WEIGHTED<=6 $$ t t~ h @2 
INFO: Reusing existing color information for process: g u > e+ ve g b $$ t t~ h @2 
INFO: Combined process g u > mu+ vm g d WEIGHTED<=6 $$ t t~ h @2 with process g u > e+ ve g d WEIGHTED<=6 $$ t t~ h @2 
INFO: Combined process g u > mu+ vm g s WEIGHTED<=6 $$ t t~ h @2 with process g u > e+ ve g s WEIGHTED<=6 $$ t t~ h @2 
INFO: Combined process g u > mu+ vm g b WEIGHTED<=6 $$ t t~ h @2 with process g u > e+ ve g b WEIGHTED<=6 $$ t t~ h @2 
INFO: Generating Helas calls for process: g c > e+ ve g d WEIGHTED<=6 $$ t t~ h @2 
INFO: Reusing existing color information for process: g c > e+ ve g d $$ t t~ h @2 
INFO: Combined process g c > e+ ve g s WEIGHTED<=6 $$ t t~ h @2 with process g u > e+ ve g d WEIGHTED<=6 $$ t t~ h @2 
INFO: Generating Helas calls for process: g c > e+ ve g b WEIGHTED<=6 $$ t t~ h @2 
INFO: Reusing existing color information for process: g c > e+ ve g b $$ t t~ h @2 
INFO: Combined process g c > mu+ vm g d WEIGHTED<=6 $$ t t~ h @2 with process g c > e+ ve g d WEIGHTED<=6 $$ t t~ h @2 
INFO: Combined process g c > mu+ vm g s WEIGHTED<=6 $$ t t~ h @2 with process g u > e+ ve g d WEIGHTED<=6 $$ t t~ h @2 
INFO: Combined process g c > mu+ vm g b WEIGHTED<=6 $$ t t~ h @2 with process g c > e+ ve g b WEIGHTED<=6 $$ t t~ h @2 
INFO: Generating Helas calls for process: g d~ > e+ ve g u~ WEIGHTED<=6 $$ t t~ h @2 
INFO: Processing color information for process: g d~ > e+ ve g u~ $$ t t~ h @2 
INFO: Generating Helas calls for process: g d~ > e+ ve g c~ WEIGHTED<=6 $$ t t~ h @2 
INFO: Reusing existing color information for process: g d~ > e+ ve g c~ $$ t t~ h @2 
INFO: Combined process g d~ > mu+ vm g u~ WEIGHTED<=6 $$ t t~ h @2 with process g d~ > e+ ve g u~ WEIGHTED<=6 $$ t t~ h @2 
INFO: Combined process g d~ > mu+ vm g c~ WEIGHTED<=6 $$ t t~ h @2 with process g d~ > e+ ve g c~ WEIGHTED<=6 $$ t t~ h @2 
INFO: Generating Helas calls for process: g s~ > e+ ve g u~ WEIGHTED<=6 $$ t t~ h @2 
INFO: Reusing existing color information for process: g s~ > e+ ve g u~ $$ t t~ h @2 
INFO: Combined process g s~ > e+ ve g c~ WEIGHTED<=6 $$ t t~ h @2 with process g d~ > e+ ve g u~ WEIGHTED<=6 $$ t t~ h @2 
INFO: Combined process g s~ > mu+ vm g u~ WEIGHTED<=6 $$ t t~ h @2 with process g s~ > e+ ve g u~ WEIGHTED<=6 $$ t t~ h @2 
INFO: Combined process g s~ > mu+ vm g c~ WEIGHTED<=6 $$ t t~ h @2 with process g d~ > e+ ve g u~ WEIGHTED<=6 $$ t t~ h @2 
INFO: Generating Helas calls for process: g b~ > e+ ve g u~ WEIGHTED<=6 $$ t t~ h @2 
INFO: Reusing existing color information for process: g b~ > e+ ve g u~ $$ t t~ h @2 
INFO: Generating Helas calls for process: g b~ > e+ ve g c~ WEIGHTED<=6 $$ t t~ h @2 
INFO: Reusing existing color information for process: g b~ > e+ ve g c~ $$ t t~ h @2 
INFO: Combined process g b~ > mu+ vm g u~ WEIGHTED<=6 $$ t t~ h @2 with process g b~ > e+ ve g u~ WEIGHTED<=6 $$ t t~ h @2 
INFO: Combined process g b~ > mu+ vm g c~ WEIGHTED<=6 $$ t t~ h @2 with process g b~ > e+ ve g c~ WEIGHTED<=6 $$ t t~ h @2 
INFO: Generating Helas calls for process: g u > ta+ vt g d WEIGHTED<=6 $$ t t~ h @2 
INFO: Processing color information for process: g u > ta+ vt g d $$ t t~ h @2 
INFO: Generating Helas calls for process: g u > ta+ vt g s WEIGHTED<=6 $$ t t~ h @2 
INFO: Reusing existing color information for process: g u > ta+ vt g s $$ t t~ h @2 
INFO: Generating Helas calls for process: g u > ta+ vt g b WEIGHTED<=6 $$ t t~ h @2 
INFO: Reusing existing color information for process: g u > ta+ vt g b $$ t t~ h @2 
INFO: Generating Helas calls for process: g c > ta+ vt g d WEIGHTED<=6 $$ t t~ h @2 
INFO: Reusing existing color information for process: g c > ta+ vt g d $$ t t~ h @2 
INFO: Combined process g c > ta+ vt g s WEIGHTED<=6 $$ t t~ h @2 with process g u > ta+ vt g d WEIGHTED<=6 $$ t t~ h @2 
INFO: Generating Helas calls for process: g c > ta+ vt g b WEIGHTED<=6 $$ t t~ h @2 
INFO: Reusing existing color information for process: g c > ta+ vt g b $$ t t~ h @2 
INFO: Generating Helas calls for process: g d~ > ta+ vt g u~ WEIGHTED<=6 $$ t t~ h @2 
INFO: Processing color information for process: g d~ > ta+ vt g u~ $$ t t~ h @2 
INFO: Generating Helas calls for process: g d~ > ta+ vt g c~ WEIGHTED<=6 $$ t t~ h @2 
INFO: Reusing existing color information for process: g d~ > ta+ vt g c~ $$ t t~ h @2 
INFO: Generating Helas calls for process: g s~ > ta+ vt g u~ WEIGHTED<=6 $$ t t~ h @2 
INFO: Reusing existing color information for process: g s~ > ta+ vt g u~ $$ t t~ h @2 
INFO: Combined process g s~ > ta+ vt g c~ WEIGHTED<=6 $$ t t~ h @2 with process g d~ > ta+ vt g u~ WEIGHTED<=6 $$ t t~ h @2 
INFO: Generating Helas calls for process: g b~ > ta+ vt g u~ WEIGHTED<=6 $$ t t~ h @2 
INFO: Reusing existing color information for process: g b~ > ta+ vt g u~ $$ t t~ h @2 
INFO: Generating Helas calls for process: g b~ > ta+ vt g c~ WEIGHTED<=6 $$ t t~ h @2 
INFO: Reusing existing color information for process: g b~ > ta+ vt g c~ $$ t t~ h @2 
INFO: Generating Helas calls for process: u d~ > e+ ve g g WEIGHTED<=6 $$ t t~ h @2 
INFO: Processing color information for process: u d~ > e+ ve g g $$ t t~ h @2 
INFO: Combined process u d~ > mu+ vm g g WEIGHTED<=6 $$ t t~ h @2 with process u d~ > e+ ve g g WEIGHTED<=6 $$ t t~ h @2 
INFO: Generating Helas calls for process: u s~ > e+ ve g g WEIGHTED<=6 $$ t t~ h @2 
INFO: Reusing existing color information for process: u s~ > e+ ve g g $$ t t~ h @2 
INFO: Combined process u s~ > mu+ vm g g WEIGHTED<=6 $$ t t~ h @2 with process u s~ > e+ ve g g WEIGHTED<=6 $$ t t~ h @2 
INFO: Generating Helas calls for process: u b~ > e+ ve g g WEIGHTED<=6 $$ t t~ h @2 
INFO: Reusing existing color information for process: u b~ > e+ ve g g $$ t t~ h @2 
INFO: Combined process u b~ > mu+ vm g g WEIGHTED<=6 $$ t t~ h @2 with process u b~ > e+ ve g g WEIGHTED<=6 $$ t t~ h @2 
INFO: Generating Helas calls for process: c d~ > e+ ve g g WEIGHTED<=6 $$ t t~ h @2 
INFO: Reusing existing color information for process: c d~ > e+ ve g g $$ t t~ h @2 
INFO: Combined process c d~ > mu+ vm g g WEIGHTED<=6 $$ t t~ h @2 with process c d~ > e+ ve g g WEIGHTED<=6 $$ t t~ h @2 
INFO: Combined process c s~ > e+ ve g g WEIGHTED<=6 $$ t t~ h @2 with process u d~ > e+ ve g g WEIGHTED<=6 $$ t t~ h @2 
INFO: Combined process c s~ > mu+ vm g g WEIGHTED<=6 $$ t t~ h @2 with process u d~ > e+ ve g g WEIGHTED<=6 $$ t t~ h @2 
INFO: Generating Helas calls for process: c b~ > e+ ve g g WEIGHTED<=6 $$ t t~ h @2 
INFO: Reusing existing color information for process: c b~ > e+ ve g g $$ t t~ h @2 
INFO: Combined process c b~ > mu+ vm g g WEIGHTED<=6 $$ t t~ h @2 with process c b~ > e+ ve g g WEIGHTED<=6 $$ t t~ h @2 
INFO: Generating Helas calls for process: u d~ > ta+ vt g g WEIGHTED<=6 $$ t t~ h @2 
INFO: Processing color information for process: u d~ > ta+ vt g g $$ t t~ h @2 
INFO: Generating Helas calls for process: u s~ > ta+ vt g g WEIGHTED<=6 $$ t t~ h @2 
INFO: Reusing existing color information for process: u s~ > ta+ vt g g $$ t t~ h @2 
INFO: Generating Helas calls for process: u b~ > ta+ vt g g WEIGHTED<=6 $$ t t~ h @2 
INFO: Reusing existing color information for process: u b~ > ta+ vt g g $$ t t~ h @2 
INFO: Generating Helas calls for process: c d~ > ta+ vt g g WEIGHTED<=6 $$ t t~ h @2 
INFO: Reusing existing color information for process: c d~ > ta+ vt g g $$ t t~ h @2 
INFO: Combined process c s~ > ta+ vt g g WEIGHTED<=6 $$ t t~ h @2 with process u d~ > ta+ vt g g WEIGHTED<=6 $$ t t~ h @2 
INFO: Generating Helas calls for process: c b~ > ta+ vt g g WEIGHTED<=6 $$ t t~ h @2 
INFO: Reusing existing color information for process: c b~ > ta+ vt g g $$ t t~ h @2 
INFO: Generating Helas calls for process: g g > e- ve~ u d~ WEIGHTED<=6 $$ t t~ h @7 
INFO: Processing color information for process: g g > e- ve~ u d~ $$ t t~ h @7 
INFO: Generating Helas calls for process: g g > e- ve~ u s~ WEIGHTED<=6 $$ t t~ h @7 
INFO: Reusing existing color information for process: g g > e- ve~ u s~ $$ t t~ h @7 
INFO: Generating Helas calls for process: g g > e- ve~ u b~ WEIGHTED<=6 $$ t t~ h @7 
INFO: Reusing existing color information for process: g g > e- ve~ u b~ $$ t t~ h @7 
INFO: Generating Helas calls for process: g g > e- ve~ c d~ WEIGHTED<=6 $$ t t~ h @7 
INFO: Reusing existing color information for process: g g > e- ve~ c d~ $$ t t~ h @7 
INFO: Combined process g g > e- ve~ c s~ WEIGHTED<=6 $$ t t~ h @7 with process g g > e- ve~ u d~ WEIGHTED<=6 $$ t t~ h @7 
INFO: Generating Helas calls for process: g g > e- ve~ c b~ WEIGHTED<=6 $$ t t~ h @7 
INFO: Reusing existing color information for process: g g > e- ve~ c b~ $$ t t~ h @7 
INFO: Combined process g g > mu- vm~ u d~ WEIGHTED<=6 $$ t t~ h @7 with process g g > e- ve~ u d~ WEIGHTED<=6 $$ t t~ h @7 
INFO: Combined process g g > mu- vm~ u s~ WEIGHTED<=6 $$ t t~ h @7 with process g g > e- ve~ u s~ WEIGHTED<=6 $$ t t~ h @7 
INFO: Combined process g g > mu- vm~ u b~ WEIGHTED<=6 $$ t t~ h @7 with process g g > e- ve~ u b~ WEIGHTED<=6 $$ t t~ h @7 
INFO: Combined process g g > mu- vm~ c d~ WEIGHTED<=6 $$ t t~ h @7 with process g g > e- ve~ c d~ WEIGHTED<=6 $$ t t~ h @7 
INFO: Combined process g g > mu- vm~ c s~ WEIGHTED<=6 $$ t t~ h @7 with process g g > e- ve~ u d~ WEIGHTED<=6 $$ t t~ h @7 
INFO: Combined process g g > mu- vm~ c b~ WEIGHTED<=6 $$ t t~ h @7 with process g g > e- ve~ c b~ WEIGHTED<=6 $$ t t~ h @7 
INFO: Generating Helas calls for process: g g > ta- vt~ u d~ WEIGHTED<=6 $$ t t~ h @7 
INFO: Processing color information for process: g g > ta- vt~ u d~ $$ t t~ h @7 
INFO: Generating Helas calls for process: g g > ta- vt~ u s~ WEIGHTED<=6 $$ t t~ h @7 
INFO: Reusing existing color information for process: g g > ta- vt~ u s~ $$ t t~ h @7 
INFO: Generating Helas calls for process: g g > ta- vt~ u b~ WEIGHTED<=6 $$ t t~ h @7 
INFO: Reusing existing color information for process: g g > ta- vt~ u b~ $$ t t~ h @7 
INFO: Generating Helas calls for process: g g > ta- vt~ c d~ WEIGHTED<=6 $$ t t~ h @7 
INFO: Reusing existing color information for process: g g > ta- vt~ c d~ $$ t t~ h @7 
INFO: Combined process g g > ta- vt~ c s~ WEIGHTED<=6 $$ t t~ h @7 with process g g > ta- vt~ u d~ WEIGHTED<=6 $$ t t~ h @7 
INFO: Generating Helas calls for process: g g > ta- vt~ c b~ WEIGHTED<=6 $$ t t~ h @7 
INFO: Reusing existing color information for process: g g > ta- vt~ c b~ $$ t t~ h @7 
INFO: Generating Helas calls for process: g d > e- ve~ g u WEIGHTED<=6 $$ t t~ h @7 
INFO: Processing color information for process: g d > e- ve~ g u $$ t t~ h @7 
INFO: Generating Helas calls for process: g d > e- ve~ g c WEIGHTED<=6 $$ t t~ h @7 
INFO: Reusing existing color information for process: g d > e- ve~ g c $$ t t~ h @7 
INFO: Combined process g d > mu- vm~ g u WEIGHTED<=6 $$ t t~ h @7 with process g d > e- ve~ g u WEIGHTED<=6 $$ t t~ h @7 
INFO: Combined process g d > mu- vm~ g c WEIGHTED<=6 $$ t t~ h @7 with process g d > e- ve~ g c WEIGHTED<=6 $$ t t~ h @7 
INFO: Generating Helas calls for process: g s > e- ve~ g u WEIGHTED<=6 $$ t t~ h @7 
INFO: Reusing existing color information for process: g s > e- ve~ g u $$ t t~ h @7 
INFO: Combined process g s > e- ve~ g c WEIGHTED<=6 $$ t t~ h @7 with process g d > e- ve~ g u WEIGHTED<=6 $$ t t~ h @7 
INFO: Combined process g s > mu- vm~ g u WEIGHTED<=6 $$ t t~ h @7 with process g s > e- ve~ g u WEIGHTED<=6 $$ t t~ h @7 
INFO: Combined process g s > mu- vm~ g c WEIGHTED<=6 $$ t t~ h @7 with process g d > e- ve~ g u WEIGHTED<=6 $$ t t~ h @7 
INFO: Generating Helas calls for process: g u~ > e- ve~ g d~ WEIGHTED<=6 $$ t t~ h @7 
INFO: Processing color information for process: g u~ > e- ve~ g d~ $$ t t~ h @7 
INFO: Generating Helas calls for process: g u~ > e- ve~ g s~ WEIGHTED<=6 $$ t t~ h @7 
INFO: Reusing existing color information for process: g u~ > e- ve~ g s~ $$ t t~ h @7 
INFO: Generating Helas calls for process: g u~ > e- ve~ g b~ WEIGHTED<=6 $$ t t~ h @7 
INFO: Reusing existing color information for process: g u~ > e- ve~ g b~ $$ t t~ h @7 
INFO: Combined process g u~ > mu- vm~ g d~ WEIGHTED<=6 $$ t t~ h @7 with process g u~ > e- ve~ g d~ WEIGHTED<=6 $$ t t~ h @7 
INFO: Combined process g u~ > mu- vm~ g s~ WEIGHTED<=6 $$ t t~ h @7 with process g u~ > e- ve~ g s~ WEIGHTED<=6 $$ t t~ h @7 
INFO: Combined process g u~ > mu- vm~ g b~ WEIGHTED<=6 $$ t t~ h @7 with process g u~ > e- ve~ g b~ WEIGHTED<=6 $$ t t~ h @7 
INFO: Generating Helas calls for process: g c~ > e- ve~ g d~ WEIGHTED<=6 $$ t t~ h @7 
INFO: Reusing existing color information for process: g c~ > e- ve~ g d~ $$ t t~ h @7 
INFO: Combined process g c~ > e- ve~ g s~ WEIGHTED<=6 $$ t t~ h @7 with process g u~ > e- ve~ g d~ WEIGHTED<=6 $$ t t~ h @7 
INFO: Generating Helas calls for process: g c~ > e- ve~ g b~ WEIGHTED<=6 $$ t t~ h @7 
INFO: Reusing existing color information for process: g c~ > e- ve~ g b~ $$ t t~ h @7 
INFO: Combined process g c~ > mu- vm~ g d~ WEIGHTED<=6 $$ t t~ h @7 with process g c~ > e- ve~ g d~ WEIGHTED<=6 $$ t t~ h @7 
INFO: Combined process g c~ > mu- vm~ g s~ WEIGHTED<=6 $$ t t~ h @7 with process g u~ > e- ve~ g d~ WEIGHTED<=6 $$ t t~ h @7 
INFO: Combined process g c~ > mu- vm~ g b~ WEIGHTED<=6 $$ t t~ h @7 with process g c~ > e- ve~ g b~ WEIGHTED<=6 $$ t t~ h @7 
INFO: Generating Helas calls for process: g b > e- ve~ g u WEIGHTED<=6 $$ t t~ h @7 
INFO: Reusing existing color information for process: g b > e- ve~ g u $$ t t~ h @7 
INFO: Generating Helas calls for process: g b > e- ve~ g c WEIGHTED<=6 $$ t t~ h @7 
INFO: Reusing existing color information for process: g b > e- ve~ g c $$ t t~ h @7 
INFO: Combined process g b > mu- vm~ g u WEIGHTED<=6 $$ t t~ h @7 with process g b > e- ve~ g u WEIGHTED<=6 $$ t t~ h @7 
INFO: Combined process g b > mu- vm~ g c WEIGHTED<=6 $$ t t~ h @7 with process g b > e- ve~ g c WEIGHTED<=6 $$ t t~ h @7 
INFO: Generating Helas calls for process: g d > ta- vt~ g u WEIGHTED<=6 $$ t t~ h @7 
INFO: Processing color information for process: g d > ta- vt~ g u $$ t t~ h @7 
INFO: Generating Helas calls for process: g d > ta- vt~ g c WEIGHTED<=6 $$ t t~ h @7 
INFO: Reusing existing color information for process: g d > ta- vt~ g c $$ t t~ h @7 
INFO: Generating Helas calls for process: g s > ta- vt~ g u WEIGHTED<=6 $$ t t~ h @7 
INFO: Reusing existing color information for process: g s > ta- vt~ g u $$ t t~ h @7 
INFO: Combined process g s > ta- vt~ g c WEIGHTED<=6 $$ t t~ h @7 with process g d > ta- vt~ g u WEIGHTED<=6 $$ t t~ h @7 
INFO: Generating Helas calls for process: g u~ > ta- vt~ g d~ WEIGHTED<=6 $$ t t~ h @7 
INFO: Processing color information for process: g u~ > ta- vt~ g d~ $$ t t~ h @7 
INFO: Generating Helas calls for process: g u~ > ta- vt~ g s~ WEIGHTED<=6 $$ t t~ h @7 
INFO: Reusing existing color information for process: g u~ > ta- vt~ g s~ $$ t t~ h @7 
INFO: Generating Helas calls for process: g u~ > ta- vt~ g b~ WEIGHTED<=6 $$ t t~ h @7 
INFO: Reusing existing color information for process: g u~ > ta- vt~ g b~ $$ t t~ h @7 
INFO: Generating Helas calls for process: g c~ > ta- vt~ g d~ WEIGHTED<=6 $$ t t~ h @7 
INFO: Reusing existing color information for process: g c~ > ta- vt~ g d~ $$ t t~ h @7 
INFO: Combined process g c~ > ta- vt~ g s~ WEIGHTED<=6 $$ t t~ h @7 with process g u~ > ta- vt~ g d~ WEIGHTED<=6 $$ t t~ h @7 
INFO: Generating Helas calls for process: g c~ > ta- vt~ g b~ WEIGHTED<=6 $$ t t~ h @7 
INFO: Reusing existing color information for process: g c~ > ta- vt~ g b~ $$ t t~ h @7 
INFO: Generating Helas calls for process: g b > ta- vt~ g u WEIGHTED<=6 $$ t t~ h @7 
INFO: Reusing existing color information for process: g b > ta- vt~ g u $$ t t~ h @7 
INFO: Generating Helas calls for process: g b > ta- vt~ g c WEIGHTED<=6 $$ t t~ h @7 
INFO: Reusing existing color information for process: g b > ta- vt~ g c $$ t t~ h @7 
INFO: Generating Helas calls for process: d u~ > e- ve~ g g WEIGHTED<=6 $$ t t~ h @7 
INFO: Processing color information for process: d u~ > e- ve~ g g $$ t t~ h @7 
INFO: Combined process d u~ > mu- vm~ g g WEIGHTED<=6 $$ t t~ h @7 with process d u~ > e- ve~ g g WEIGHTED<=6 $$ t t~ h @7 
INFO: Generating Helas calls for process: d c~ > e- ve~ g g WEIGHTED<=6 $$ t t~ h @7 
INFO: Reusing existing color information for process: d c~ > e- ve~ g g $$ t t~ h @7 
INFO: Combined process d c~ > mu- vm~ g g WEIGHTED<=6 $$ t t~ h @7 with process d c~ > e- ve~ g g WEIGHTED<=6 $$ t t~ h @7 
INFO: Generating Helas calls for process: s u~ > e- ve~ g g WEIGHTED<=6 $$ t t~ h @7 
INFO: Reusing existing color information for process: s u~ > e- ve~ g g $$ t t~ h @7 
INFO: Combined process s u~ > mu- vm~ g g WEIGHTED<=6 $$ t t~ h @7 with process s u~ > e- ve~ g g WEIGHTED<=6 $$ t t~ h @7 
INFO: Combined process s c~ > e- ve~ g g WEIGHTED<=6 $$ t t~ h @7 with process d u~ > e- ve~ g g WEIGHTED<=6 $$ t t~ h @7 
INFO: Combined process s c~ > mu- vm~ g g WEIGHTED<=6 $$ t t~ h @7 with process d u~ > e- ve~ g g WEIGHTED<=6 $$ t t~ h @7 
INFO: Generating Helas calls for process: u~ b > e- ve~ g g WEIGHTED<=6 $$ t t~ h @7 
INFO: Processing color information for process: u~ b > e- ve~ g g $$ t t~ h @7 
INFO: Combined process u~ b > mu- vm~ g g WEIGHTED<=6 $$ t t~ h @7 with process u~ b > e- ve~ g g WEIGHTED<=6 $$ t t~ h @7 
INFO: Generating Helas calls for process: c~ b > e- ve~ g g WEIGHTED<=6 $$ t t~ h @7 
INFO: Reusing existing color information for process: c~ b > e- ve~ g g $$ t t~ h @7 
INFO: Combined process c~ b > mu- vm~ g g WEIGHTED<=6 $$ t t~ h @7 with process c~ b > e- ve~ g g WEIGHTED<=6 $$ t t~ h @7 
INFO: Generating Helas calls for process: d u~ > ta- vt~ g g WEIGHTED<=6 $$ t t~ h @7 
INFO: Processing color information for process: d u~ > ta- vt~ g g $$ t t~ h @7 
INFO: Generating Helas calls for process: d c~ > ta- vt~ g g WEIGHTED<=6 $$ t t~ h @7 
INFO: Reusing existing color information for process: d c~ > ta- vt~ g g $$ t t~ h @7 
INFO: Generating Helas calls for process: s u~ > ta- vt~ g g WEIGHTED<=6 $$ t t~ h @7 
INFO: Reusing existing color information for process: s u~ > ta- vt~ g g $$ t t~ h @7 
INFO: Combined process s c~ > ta- vt~ g g WEIGHTED<=6 $$ t t~ h @7 with process d u~ > ta- vt~ g g WEIGHTED<=6 $$ t t~ h @7 
INFO: Generating Helas calls for process: u~ b > ta- vt~ g g WEIGHTED<=6 $$ t t~ h @7 
INFO: Processing color information for process: u~ b > ta- vt~ g g $$ t t~ h @7 
INFO: Generating Helas calls for process: c~ b > ta- vt~ g g WEIGHTED<=6 $$ t t~ h @7 
INFO: Reusing existing color information for process: c~ b > ta- vt~ g g $$ t t~ h @7 
INFO: Generating Helas calls for process: u u > e+ ve u d WEIGHTED<=6 $$ t t~ h @2 
INFO: Processing color information for process: u u > e+ ve u d $$ t t~ h @2 
INFO: Generating Helas calls for process: u u > e+ ve u s WEIGHTED<=6 $$ t t~ h @2 
INFO: Reusing existing color information for process: u u > e+ ve u s $$ t t~ h @2 
INFO: Generating Helas calls for process: u u > e+ ve u b WEIGHTED<=6 $$ t t~ h @2 
INFO: Reusing existing color information for process: u u > e+ ve u b $$ t t~ h @2 
INFO: Combined process u u > mu+ vm u d WEIGHTED<=6 $$ t t~ h @2 with process u u > e+ ve u d WEIGHTED<=6 $$ t t~ h @2 
INFO: Combined process u u > mu+ vm u s WEIGHTED<=6 $$ t t~ h @2 with process u u > e+ ve u s WEIGHTED<=6 $$ t t~ h @2 
INFO: Combined process u u > mu+ vm u b WEIGHTED<=6 $$ t t~ h @2 with process u u > e+ ve u b WEIGHTED<=6 $$ t t~ h @2 
INFO: Generating Helas calls for process: u d > e+ ve d d WEIGHTED<=6 $$ t t~ h @2 
INFO: Processing color information for process: u d > e+ ve d d $$ t t~ h @2 
INFO: Combined process u d > mu+ vm d d WEIGHTED<=6 $$ t t~ h @2 with process u d > e+ ve d d WEIGHTED<=6 $$ t t~ h @2 
INFO: Generating Helas calls for process: u s > e+ ve s s WEIGHTED<=6 $$ t t~ h @2 
INFO: Reusing existing color information for process: u s > e+ ve s s $$ t t~ h @2 
INFO: Combined process u s > mu+ vm s s WEIGHTED<=6 $$ t t~ h @2 with process u s > e+ ve s s WEIGHTED<=6 $$ t t~ h @2 
INFO: Generating Helas calls for process: u u~ > e+ ve d u~ WEIGHTED<=6 $$ t t~ h @2 
INFO: Processing color information for process: u u~ > e+ ve d u~ $$ t t~ h @2 
INFO: Generating Helas calls for process: u u~ > e+ ve s u~ WEIGHTED<=6 $$ t t~ h @2 
INFO: Reusing existing color information for process: u u~ > e+ ve s u~ $$ t t~ h @2 
INFO: Generating Helas calls for process: u u~ > e+ ve b u~ WEIGHTED<=6 $$ t t~ h @2 
INFO: Reusing existing color information for process: u u~ > e+ ve b u~ $$ t t~ h @2 
INFO: Combined process u u~ > mu+ vm d u~ WEIGHTED<=6 $$ t t~ h @2 with process u u~ > e+ ve d u~ WEIGHTED<=6 $$ t t~ h @2 
INFO: Combined process u u~ > mu+ vm s u~ WEIGHTED<=6 $$ t t~ h @2 with process u u~ > e+ ve s u~ WEIGHTED<=6 $$ t t~ h @2 
INFO: Combined process u u~ > mu+ vm b u~ WEIGHTED<=6 $$ t t~ h @2 with process u u~ > e+ ve b u~ WEIGHTED<=6 $$ t t~ h @2 
INFO: Generating Helas calls for process: u d~ > e+ ve u u~ WEIGHTED<=6 $$ t t~ h @2 
INFO: Processing color information for process: u d~ > e+ ve u u~ $$ t t~ h @2 
INFO: Generating Helas calls for process: u d~ > e+ ve d d~ WEIGHTED<=6 $$ t t~ h @2 
INFO: Processing color information for process: u d~ > e+ ve d d~ $$ t t~ h @2 
INFO: Combined process u d~ > mu+ vm u u~ WEIGHTED<=6 $$ t t~ h @2 with process u d~ > e+ ve u u~ WEIGHTED<=6 $$ t t~ h @2 
INFO: Combined process u d~ > mu+ vm d d~ WEIGHTED<=6 $$ t t~ h @2 with process u d~ > e+ ve d d~ WEIGHTED<=6 $$ t t~ h @2 
INFO: Generating Helas calls for process: u s~ > e+ ve u u~ WEIGHTED<=6 $$ t t~ h @2 
INFO: Reusing existing color information for process: u s~ > e+ ve u u~ $$ t t~ h @2 
INFO: Generating Helas calls for process: u s~ > e+ ve s s~ WEIGHTED<=6 $$ t t~ h @2 
INFO: Reusing existing color information for process: u s~ > e+ ve s s~ $$ t t~ h @2 
INFO: Combined process u s~ > mu+ vm u u~ WEIGHTED<=6 $$ t t~ h @2 with process u s~ > e+ ve u u~ WEIGHTED<=6 $$ t t~ h @2 
INFO: Combined process u s~ > mu+ vm s s~ WEIGHTED<=6 $$ t t~ h @2 with process u s~ > e+ ve s s~ WEIGHTED<=6 $$ t t~ h @2 
INFO: Generating Helas calls for process: u b > e+ ve b b WEIGHTED<=6 $$ t t~ h @2 
INFO: Reusing existing color information for process: u b > e+ ve b b $$ t t~ h @2 
INFO: Combined process u b > mu+ vm b b WEIGHTED<=6 $$ t t~ h @2 with process u b > e+ ve b b WEIGHTED<=6 $$ t t~ h @2 
INFO: Generating Helas calls for process: u b~ > e+ ve u u~ WEIGHTED<=6 $$ t t~ h @2 
INFO: Reusing existing color information for process: u b~ > e+ ve u u~ $$ t t~ h @2 
INFO: Generating Helas calls for process: u b~ > e+ ve b b~ WEIGHTED<=6 $$ t t~ h @2 
INFO: Reusing existing color information for process: u b~ > e+ ve b b~ $$ t t~ h @2 
INFO: Combined process u b~ > mu+ vm u u~ WEIGHTED<=6 $$ t t~ h @2 with process u b~ > e+ ve u u~ WEIGHTED<=6 $$ t t~ h @2 
INFO: Combined process u b~ > mu+ vm b b~ WEIGHTED<=6 $$ t t~ h @2 with process u b~ > e+ ve b b~ WEIGHTED<=6 $$ t t~ h @2 
INFO: Generating Helas calls for process: c c > e+ ve c d WEIGHTED<=6 $$ t t~ h @2 
INFO: Reusing existing color information for process: c c > e+ ve c d $$ t t~ h @2 
INFO: Combined process c c > e+ ve c s WEIGHTED<=6 $$ t t~ h @2 with process u u > e+ ve u d WEIGHTED<=6 $$ t t~ h @2 
INFO: Generating Helas calls for process: c c > e+ ve c b WEIGHTED<=6 $$ t t~ h @2 
INFO: Reusing existing color information for process: c c > e+ ve c b $$ t t~ h @2 
INFO: Combined process c c > mu+ vm c d WEIGHTED<=6 $$ t t~ h @2 with process c c > e+ ve c d WEIGHTED<=6 $$ t t~ h @2 
INFO: Combined process c c > mu+ vm c s WEIGHTED<=6 $$ t t~ h @2 with process u u > e+ ve u d WEIGHTED<=6 $$ t t~ h @2 
INFO: Combined process c c > mu+ vm c b WEIGHTED<=6 $$ t t~ h @2 with process c c > e+ ve c b WEIGHTED<=6 $$ t t~ h @2 
INFO: Generating Helas calls for process: c d > e+ ve d d WEIGHTED<=6 $$ t t~ h @2 
INFO: Reusing existing color information for process: c d > e+ ve d d $$ t t~ h @2 
INFO: Combined process c d > mu+ vm d d WEIGHTED<=6 $$ t t~ h @2 with process c d > e+ ve d d WEIGHTED<=6 $$ t t~ h @2 
INFO: Combined process c s > e+ ve s s WEIGHTED<=6 $$ t t~ h @2 with process u d > e+ ve d d WEIGHTED<=6 $$ t t~ h @2 
INFO: Combined process c s > mu+ vm s s WEIGHTED<=6 $$ t t~ h @2 with process u d > e+ ve d d WEIGHTED<=6 $$ t t~ h @2 
INFO: Generating Helas calls for process: c c~ > e+ ve d c~ WEIGHTED<=6 $$ t t~ h @2 
INFO: Reusing existing color information for process: c c~ > e+ ve d c~ $$ t t~ h @2 
INFO: Combined process c c~ > e+ ve s c~ WEIGHTED<=6 $$ t t~ h @2 with process u u~ > e+ ve d u~ WEIGHTED<=6 $$ t t~ h @2 
INFO: Generating Helas calls for process: c c~ > e+ ve b c~ WEIGHTED<=6 $$ t t~ h @2 
INFO: Reusing existing color information for process: c c~ > e+ ve b c~ $$ t t~ h @2 
INFO: Combined process c c~ > mu+ vm d c~ WEIGHTED<=6 $$ t t~ h @2 with process c c~ > e+ ve d c~ WEIGHTED<=6 $$ t t~ h @2 
INFO: Combined process c c~ > mu+ vm s c~ WEIGHTED<=6 $$ t t~ h @2 with process u u~ > e+ ve d u~ WEIGHTED<=6 $$ t t~ h @2 
INFO: Combined process c c~ > mu+ vm b c~ WEIGHTED<=6 $$ t t~ h @2 with process c c~ > e+ ve b c~ WEIGHTED<=6 $$ t t~ h @2 
INFO: Generating Helas calls for process: c d~ > e+ ve c c~ WEIGHTED<=6 $$ t t~ h @2 
INFO: Reusing existing color information for process: c d~ > e+ ve c c~ $$ t t~ h @2 
INFO: Generating Helas calls for process: c d~ > e+ ve d d~ WEIGHTED<=6 $$ t t~ h @2 
INFO: Reusing existing color information for process: c d~ > e+ ve d d~ $$ t t~ h @2 
INFO: Combined process c d~ > mu+ vm c c~ WEIGHTED<=6 $$ t t~ h @2 with process c d~ > e+ ve c c~ WEIGHTED<=6 $$ t t~ h @2 
INFO: Combined process c d~ > mu+ vm d d~ WEIGHTED<=6 $$ t t~ h @2 with process c d~ > e+ ve d d~ WEIGHTED<=6 $$ t t~ h @2 
INFO: Combined process c s~ > e+ ve c c~ WEIGHTED<=6 $$ t t~ h @2 with process u d~ > e+ ve u u~ WEIGHTED<=6 $$ t t~ h @2 
INFO: Combined process c s~ > e+ ve s s~ WEIGHTED<=6 $$ t t~ h @2 with process u d~ > e+ ve d d~ WEIGHTED<=6 $$ t t~ h @2 
INFO: Combined process c s~ > mu+ vm c c~ WEIGHTED<=6 $$ t t~ h @2 with process u d~ > e+ ve u u~ WEIGHTED<=6 $$ t t~ h @2 
INFO: Combined process c s~ > mu+ vm s s~ WEIGHTED<=6 $$ t t~ h @2 with process u d~ > e+ ve d d~ WEIGHTED<=6 $$ t t~ h @2 
INFO: Generating Helas calls for process: c b > e+ ve b b WEIGHTED<=6 $$ t t~ h @2 
INFO: Reusing existing color information for process: c b > e+ ve b b $$ t t~ h @2 
INFO: Combined process c b > mu+ vm b b WEIGHTED<=6 $$ t t~ h @2 with process c b > e+ ve b b WEIGHTED<=6 $$ t t~ h @2 
INFO: Generating Helas calls for process: c b~ > e+ ve c c~ WEIGHTED<=6 $$ t t~ h @2 
INFO: Reusing existing color information for process: c b~ > e+ ve c c~ $$ t t~ h @2 
INFO: Generating Helas calls for process: c b~ > e+ ve b b~ WEIGHTED<=6 $$ t t~ h @2 
INFO: Reusing existing color information for process: c b~ > e+ ve b b~ $$ t t~ h @2 
INFO: Combined process c b~ > mu+ vm c c~ WEIGHTED<=6 $$ t t~ h @2 with process c b~ > e+ ve c c~ WEIGHTED<=6 $$ t t~ h @2 
INFO: Combined process c b~ > mu+ vm b b~ WEIGHTED<=6 $$ t t~ h @2 with process c b~ > e+ ve b b~ WEIGHTED<=6 $$ t t~ h @2 
INFO: Generating Helas calls for process: d d~ > e+ ve d u~ WEIGHTED<=6 $$ t t~ h @2 
INFO: Processing color information for process: d d~ > e+ ve d u~ $$ t t~ h @2 
INFO: Generating Helas calls for process: d d~ > e+ ve d c~ WEIGHTED<=6 $$ t t~ h @2 
INFO: Reusing existing color information for process: d d~ > e+ ve d c~ $$ t t~ h @2 
INFO: Combined process d d~ > mu+ vm d u~ WEIGHTED<=6 $$ t t~ h @2 with process d d~ > e+ ve d u~ WEIGHTED<=6 $$ t t~ h @2 
INFO: Combined process d d~ > mu+ vm d c~ WEIGHTED<=6 $$ t t~ h @2 with process d d~ > e+ ve d c~ WEIGHTED<=6 $$ t t~ h @2 
INFO: Generating Helas calls for process: s s~ > e+ ve s u~ WEIGHTED<=6 $$ t t~ h @2 
INFO: Reusing existing color information for process: s s~ > e+ ve s u~ $$ t t~ h @2 
INFO: Combined process s s~ > e+ ve s c~ WEIGHTED<=6 $$ t t~ h @2 with process d d~ > e+ ve d u~ WEIGHTED<=6 $$ t t~ h @2 
INFO: Combined process s s~ > mu+ vm s u~ WEIGHTED<=6 $$ t t~ h @2 with process s s~ > e+ ve s u~ WEIGHTED<=6 $$ t t~ h @2 
INFO: Combined process s s~ > mu+ vm s c~ WEIGHTED<=6 $$ t t~ h @2 with process d d~ > e+ ve d u~ WEIGHTED<=6 $$ t t~ h @2 
INFO: Generating Helas calls for process: u~ d~ > e+ ve u~ u~ WEIGHTED<=6 $$ t t~ h @2 
INFO: Processing color information for process: u~ d~ > e+ ve u~ u~ $$ t t~ h @2 
INFO: Combined process u~ d~ > mu+ vm u~ u~ WEIGHTED<=6 $$ t t~ h @2 with process u~ d~ > e+ ve u~ u~ WEIGHTED<=6 $$ t t~ h @2 
INFO: Generating Helas calls for process: u~ s~ > e+ ve u~ u~ WEIGHTED<=6 $$ t t~ h @2 
INFO: Reusing existing color information for process: u~ s~ > e+ ve u~ u~ $$ t t~ h @2 
INFO: Combined process u~ s~ > mu+ vm u~ u~ WEIGHTED<=6 $$ t t~ h @2 with process u~ s~ > e+ ve u~ u~ WEIGHTED<=6 $$ t t~ h @2 
INFO: Generating Helas calls for process: u~ b~ > e+ ve u~ u~ WEIGHTED<=6 $$ t t~ h @2 
INFO: Reusing existing color information for process: u~ b~ > e+ ve u~ u~ $$ t t~ h @2 
INFO: Combined process u~ b~ > mu+ vm u~ u~ WEIGHTED<=6 $$ t t~ h @2 with process u~ b~ > e+ ve u~ u~ WEIGHTED<=6 $$ t t~ h @2 
INFO: Generating Helas calls for process: c~ d~ > e+ ve c~ c~ WEIGHTED<=6 $$ t t~ h @2 
INFO: Reusing existing color information for process: c~ d~ > e+ ve c~ c~ $$ t t~ h @2 
INFO: Combined process c~ d~ > mu+ vm c~ c~ WEIGHTED<=6 $$ t t~ h @2 with process c~ d~ > e+ ve c~ c~ WEIGHTED<=6 $$ t t~ h @2 
INFO: Combined process c~ s~ > e+ ve c~ c~ WEIGHTED<=6 $$ t t~ h @2 with process u~ d~ > e+ ve u~ u~ WEIGHTED<=6 $$ t t~ h @2 
INFO: Combined process c~ s~ > mu+ vm c~ c~ WEIGHTED<=6 $$ t t~ h @2 with process u~ d~ > e+ ve u~ u~ WEIGHTED<=6 $$ t t~ h @2 
INFO: Generating Helas calls for process: c~ b~ > e+ ve c~ c~ WEIGHTED<=6 $$ t t~ h @2 
INFO: Reusing existing color information for process: c~ b~ > e+ ve c~ c~ $$ t t~ h @2 
INFO: Combined process c~ b~ > mu+ vm c~ c~ WEIGHTED<=6 $$ t t~ h @2 with process c~ b~ > e+ ve c~ c~ WEIGHTED<=6 $$ t t~ h @2 
INFO: Generating Helas calls for process: d~ d~ > e+ ve u~ d~ WEIGHTED<=6 $$ t t~ h @2 
INFO: Processing color information for process: d~ d~ > e+ ve u~ d~ $$ t t~ h @2 
INFO: Generating Helas calls for process: d~ d~ > e+ ve c~ d~ WEIGHTED<=6 $$ t t~ h @2 
INFO: Reusing existing color information for process: d~ d~ > e+ ve c~ d~ $$ t t~ h @2 
INFO: Combined process d~ d~ > mu+ vm u~ d~ WEIGHTED<=6 $$ t t~ h @2 with process d~ d~ > e+ ve u~ d~ WEIGHTED<=6 $$ t t~ h @2 
INFO: Combined process d~ d~ > mu+ vm c~ d~ WEIGHTED<=6 $$ t t~ h @2 with process d~ d~ > e+ ve c~ d~ WEIGHTED<=6 $$ t t~ h @2 
INFO: Generating Helas calls for process: s~ s~ > e+ ve u~ s~ WEIGHTED<=6 $$ t t~ h @2 
INFO: Reusing existing color information for process: s~ s~ > e+ ve u~ s~ $$ t t~ h @2 
INFO: Combined process s~ s~ > e+ ve c~ s~ WEIGHTED<=6 $$ t t~ h @2 with process d~ d~ > e+ ve u~ d~ WEIGHTED<=6 $$ t t~ h @2 
INFO: Combined process s~ s~ > mu+ vm u~ s~ WEIGHTED<=6 $$ t t~ h @2 with process s~ s~ > e+ ve u~ s~ WEIGHTED<=6 $$ t t~ h @2 
INFO: Combined process s~ s~ > mu+ vm c~ s~ WEIGHTED<=6 $$ t t~ h @2 with process d~ d~ > e+ ve u~ d~ WEIGHTED<=6 $$ t t~ h @2 
INFO: Generating Helas calls for process: b b~ > e+ ve b u~ WEIGHTED<=6 $$ t t~ h @2 
INFO: Reusing existing color information for process: b b~ > e+ ve b u~ $$ t t~ h @2 
INFO: Generating Helas calls for process: b b~ > e+ ve b c~ WEIGHTED<=6 $$ t t~ h @2 
INFO: Reusing existing color information for process: b b~ > e+ ve b c~ $$ t t~ h @2 
INFO: Combined process b b~ > mu+ vm b u~ WEIGHTED<=6 $$ t t~ h @2 with process b b~ > e+ ve b u~ WEIGHTED<=6 $$ t t~ h @2 
INFO: Combined process b b~ > mu+ vm b c~ WEIGHTED<=6 $$ t t~ h @2 with process b b~ > e+ ve b c~ WEIGHTED<=6 $$ t t~ h @2 
INFO: Generating Helas calls for process: b~ b~ > e+ ve u~ b~ WEIGHTED<=6 $$ t t~ h @2 
INFO: Reusing existing color information for process: b~ b~ > e+ ve u~ b~ $$ t t~ h @2 
INFO: Generating Helas calls for process: b~ b~ > e+ ve c~ b~ WEIGHTED<=6 $$ t t~ h @2 
INFO: Reusing existing color information for process: b~ b~ > e+ ve c~ b~ $$ t t~ h @2 
INFO: Combined process b~ b~ > mu+ vm u~ b~ WEIGHTED<=6 $$ t t~ h @2 with process b~ b~ > e+ ve u~ b~ WEIGHTED<=6 $$ t t~ h @2 
INFO: Combined process b~ b~ > mu+ vm c~ b~ WEIGHTED<=6 $$ t t~ h @2 with process b~ b~ > e+ ve c~ b~ WEIGHTED<=6 $$ t t~ h @2 
INFO: Generating Helas calls for process: u c > e+ ve u d WEIGHTED<=6 $$ t t~ h @2 
INFO: Processing color information for process: u c > e+ ve u d $$ t t~ h @2 
INFO: Generating Helas calls for process: u c > e+ ve u s WEIGHTED<=6 $$ t t~ h @2 
INFO: Reusing existing color information for process: u c > e+ ve u s $$ t t~ h @2 
INFO: Generating Helas calls for process: u c > e+ ve u b WEIGHTED<=6 $$ t t~ h @2 
INFO: Reusing existing color information for process: u c > e+ ve u b $$ t t~ h @2 
INFO: Generating Helas calls for process: u c > e+ ve c d WEIGHTED<=6 $$ t t~ h @2 
INFO: Processing color information for process: u c > e+ ve c d $$ t t~ h @2 
INFO: Generating Helas calls for process: u c > e+ ve c s WEIGHTED<=6 $$ t t~ h @2 
INFO: Reusing existing color information for process: u c > e+ ve c s $$ t t~ h @2 
INFO: Generating Helas calls for process: u c > e+ ve c b WEIGHTED<=6 $$ t t~ h @2 
INFO: Reusing existing color information for process: u c > e+ ve c b $$ t t~ h @2 
INFO: Combined process u c > mu+ vm u d WEIGHTED<=6 $$ t t~ h @2 with process u c > e+ ve u d WEIGHTED<=6 $$ t t~ h @2 
INFO: Combined process u c > mu+ vm u s WEIGHTED<=6 $$ t t~ h @2 with process u c > e+ ve u s WEIGHTED<=6 $$ t t~ h @2 
INFO: Combined process u c > mu+ vm u b WEIGHTED<=6 $$ t t~ h @2 with process u c > e+ ve u b WEIGHTED<=6 $$ t t~ h @2 
INFO: Combined process u c > mu+ vm c d WEIGHTED<=6 $$ t t~ h @2 with process u c > e+ ve c d WEIGHTED<=6 $$ t t~ h @2 
INFO: Combined process u c > mu+ vm c s WEIGHTED<=6 $$ t t~ h @2 with process u c > e+ ve c s WEIGHTED<=6 $$ t t~ h @2 
INFO: Combined process u c > mu+ vm c b WEIGHTED<=6 $$ t t~ h @2 with process u c > e+ ve c b WEIGHTED<=6 $$ t t~ h @2 
INFO: Combined process u d > e+ ve d s WEIGHTED<=6 $$ t t~ h @2 with process u c > e+ ve c s WEIGHTED<=6 $$ t t~ h @2 
INFO: Combined process u d > e+ ve d b WEIGHTED<=6 $$ t t~ h @2 with process u c > e+ ve c b WEIGHTED<=6 $$ t t~ h @2 
INFO: Combined process u d > mu+ vm d s WEIGHTED<=6 $$ t t~ h @2 with process u c > e+ ve c s WEIGHTED<=6 $$ t t~ h @2 
INFO: Combined process u d > mu+ vm d b WEIGHTED<=6 $$ t t~ h @2 with process u c > e+ ve c b WEIGHTED<=6 $$ t t~ h @2 
INFO: Combined process u s > e+ ve s d WEIGHTED<=6 $$ t t~ h @2 with process u c > e+ ve c d WEIGHTED<=6 $$ t t~ h @2 
INFO: Combined process u s > e+ ve s b WEIGHTED<=6 $$ t t~ h @2 with process u c > e+ ve c b WEIGHTED<=6 $$ t t~ h @2 
INFO: Combined process u s > mu+ vm s d WEIGHTED<=6 $$ t t~ h @2 with process u c > e+ ve c d WEIGHTED<=6 $$ t t~ h @2 
INFO: Combined process u s > mu+ vm s b WEIGHTED<=6 $$ t t~ h @2 with process u c > e+ ve c b WEIGHTED<=6 $$ t t~ h @2 
INFO: Generating Helas calls for process: u u~ > e+ ve d c~ WEIGHTED<=6 $$ t t~ h @2 
INFO: Processing color information for process: u u~ > e+ ve d c~ $$ t t~ h @2 
INFO: Generating Helas calls for process: u u~ > e+ ve s c~ WEIGHTED<=6 $$ t t~ h @2 
INFO: Reusing existing color information for process: u u~ > e+ ve s c~ $$ t t~ h @2 
INFO: Generating Helas calls for process: u u~ > e+ ve b c~ WEIGHTED<=6 $$ t t~ h @2 
INFO: Reusing existing color information for process: u u~ > e+ ve b c~ $$ t t~ h @2 
INFO: Combined process u u~ > mu+ vm d c~ WEIGHTED<=6 $$ t t~ h @2 with process u u~ > e+ ve d c~ WEIGHTED<=6 $$ t t~ h @2 
INFO: Combined process u u~ > mu+ vm s c~ WEIGHTED<=6 $$ t t~ h @2 with process u u~ > e+ ve s c~ WEIGHTED<=6 $$ t t~ h @2 
INFO: Combined process u u~ > mu+ vm b c~ WEIGHTED<=6 $$ t t~ h @2 with process u u~ > e+ ve b c~ WEIGHTED<=6 $$ t t~ h @2 
INFO: Generating Helas calls for process: u c~ > e+ ve d c~ WEIGHTED<=6 $$ t t~ h @2 
INFO: Processing color information for process: u c~ > e+ ve d c~ $$ t t~ h @2 
INFO: Generating Helas calls for process: u c~ > e+ ve s c~ WEIGHTED<=6 $$ t t~ h @2 
INFO: Reusing existing color information for process: u c~ > e+ ve s c~ $$ t t~ h @2 
INFO: Generating Helas calls for process: u c~ > e+ ve b c~ WEIGHTED<=6 $$ t t~ h @2 
INFO: Reusing existing color information for process: u c~ > e+ ve b c~ $$ t t~ h @2 
INFO: Combined process u c~ > mu+ vm d c~ WEIGHTED<=6 $$ t t~ h @2 with process u c~ > e+ ve d c~ WEIGHTED<=6 $$ t t~ h @2 
INFO: Combined process u c~ > mu+ vm s c~ WEIGHTED<=6 $$ t t~ h @2 with process u c~ > e+ ve s c~ WEIGHTED<=6 $$ t t~ h @2 
INFO: Combined process u c~ > mu+ vm b c~ WEIGHTED<=6 $$ t t~ h @2 with process u c~ > e+ ve b c~ WEIGHTED<=6 $$ t t~ h @2 
INFO: Generating Helas calls for process: u d~ > e+ ve u c~ WEIGHTED<=6 $$ t t~ h @2 
INFO: Processing color information for process: u d~ > e+ ve u c~ $$ t t~ h @2 
INFO: Generating Helas calls for process: u d~ > e+ ve c c~ WEIGHTED<=6 $$ t t~ h @2 
INFO: Processing color information for process: u d~ > e+ ve c c~ $$ t t~ h @2 
INFO: Combined process u d~ > e+ ve s d~ WEIGHTED<=6 $$ t t~ h @2 with process u c~ > e+ ve s c~ WEIGHTED<=6 $$ t t~ h @2 
INFO: Combined process u d~ > e+ ve s s~ WEIGHTED<=6 $$ t t~ h @2 with process u d~ > e+ ve c c~ WEIGHTED<=6 $$ t t~ h @2 
INFO: Combined process u d~ > e+ ve b d~ WEIGHTED<=6 $$ t t~ h @2 with process u c~ > e+ ve b c~ WEIGHTED<=6 $$ t t~ h @2 
INFO: Combined process u d~ > e+ ve b b~ WEIGHTED<=6 $$ t t~ h @2 with process u d~ > e+ ve c c~ WEIGHTED<=6 $$ t t~ h @2 
INFO: Combined process u d~ > mu+ vm u c~ WEIGHTED<=6 $$ t t~ h @2 with process u d~ > e+ ve u c~ WEIGHTED<=6 $$ t t~ h @2 
INFO: Combined process u d~ > mu+ vm c c~ WEIGHTED<=6 $$ t t~ h @2 with process u d~ > e+ ve c c~ WEIGHTED<=6 $$ t t~ h @2 
INFO: Combined process u d~ > mu+ vm s d~ WEIGHTED<=6 $$ t t~ h @2 with process u c~ > e+ ve s c~ WEIGHTED<=6 $$ t t~ h @2 
INFO: Combined process u d~ > mu+ vm s s~ WEIGHTED<=6 $$ t t~ h @2 with process u d~ > e+ ve c c~ WEIGHTED<=6 $$ t t~ h @2 
INFO: Combined process u d~ > mu+ vm b d~ WEIGHTED<=6 $$ t t~ h @2 with process u c~ > e+ ve b c~ WEIGHTED<=6 $$ t t~ h @2 
INFO: Combined process u d~ > mu+ vm b b~ WEIGHTED<=6 $$ t t~ h @2 with process u d~ > e+ ve c c~ WEIGHTED<=6 $$ t t~ h @2 
INFO: Generating Helas calls for process: u s~ > e+ ve u c~ WEIGHTED<=6 $$ t t~ h @2 
INFO: Reusing existing color information for process: u s~ > e+ ve u c~ $$ t t~ h @2 
INFO: Generating Helas calls for process: u s~ > e+ ve c c~ WEIGHTED<=6 $$ t t~ h @2 
INFO: Reusing existing color information for process: u s~ > e+ ve c c~ $$ t t~ h @2 
INFO: Combined process u s~ > e+ ve d d~ WEIGHTED<=6 $$ t t~ h @2 with process u s~ > e+ ve c c~ WEIGHTED<=6 $$ t t~ h @2 
INFO: Combined process u s~ > e+ ve d s~ WEIGHTED<=6 $$ t t~ h @2 with process u c~ > e+ ve d c~ WEIGHTED<=6 $$ t t~ h @2 
INFO: Combined process u s~ > e+ ve b s~ WEIGHTED<=6 $$ t t~ h @2 with process u c~ > e+ ve b c~ WEIGHTED<=6 $$ t t~ h @2 
INFO: Combined process u s~ > e+ ve b b~ WEIGHTED<=6 $$ t t~ h @2 with process u s~ > e+ ve c c~ WEIGHTED<=6 $$ t t~ h @2 
INFO: Combined process u s~ > mu+ vm u c~ WEIGHTED<=6 $$ t t~ h @2 with process u s~ > e+ ve u c~ WEIGHTED<=6 $$ t t~ h @2 
INFO: Combined process u s~ > mu+ vm c c~ WEIGHTED<=6 $$ t t~ h @2 with process u s~ > e+ ve c c~ WEIGHTED<=6 $$ t t~ h @2 
INFO: Combined process u s~ > mu+ vm d d~ WEIGHTED<=6 $$ t t~ h @2 with process u s~ > e+ ve c c~ WEIGHTED<=6 $$ t t~ h @2 
INFO: Combined process u s~ > mu+ vm d s~ WEIGHTED<=6 $$ t t~ h @2 with process u c~ > e+ ve d c~ WEIGHTED<=6 $$ t t~ h @2 
INFO: Combined process u s~ > mu+ vm b s~ WEIGHTED<=6 $$ t t~ h @2 with process u c~ > e+ ve b c~ WEIGHTED<=6 $$ t t~ h @2 
INFO: Combined process u s~ > mu+ vm b b~ WEIGHTED<=6 $$ t t~ h @2 with process u s~ > e+ ve c c~ WEIGHTED<=6 $$ t t~ h @2 
INFO: Combined process u b > e+ ve b d WEIGHTED<=6 $$ t t~ h @2 with process u c > e+ ve c d WEIGHTED<=6 $$ t t~ h @2 
INFO: Combined process u b > e+ ve b s WEIGHTED<=6 $$ t t~ h @2 with process u c > e+ ve c s WEIGHTED<=6 $$ t t~ h @2 
INFO: Combined process u b > mu+ vm b d WEIGHTED<=6 $$ t t~ h @2 with process u c > e+ ve c d WEIGHTED<=6 $$ t t~ h @2 
INFO: Combined process u b > mu+ vm b s WEIGHTED<=6 $$ t t~ h @2 with process u c > e+ ve c s WEIGHTED<=6 $$ t t~ h @2 
INFO: Generating Helas calls for process: u b~ > e+ ve u c~ WEIGHTED<=6 $$ t t~ h @2 
INFO: Reusing existing color information for process: u b~ > e+ ve u c~ $$ t t~ h @2 
INFO: Generating Helas calls for process: u b~ > e+ ve c c~ WEIGHTED<=6 $$ t t~ h @2 
INFO: Reusing existing color information for process: u b~ > e+ ve c c~ $$ t t~ h @2 
INFO: Combined process u b~ > e+ ve d d~ WEIGHTED<=6 $$ t t~ h @2 with process u b~ > e+ ve c c~ WEIGHTED<=6 $$ t t~ h @2 
INFO: Combined process u b~ > e+ ve d b~ WEIGHTED<=6 $$ t t~ h @2 with process u c~ > e+ ve d c~ WEIGHTED<=6 $$ t t~ h @2 
INFO: Combined process u b~ > e+ ve s s~ WEIGHTED<=6 $$ t t~ h @2 with process u b~ > e+ ve c c~ WEIGHTED<=6 $$ t t~ h @2 
INFO: Combined process u b~ > e+ ve s b~ WEIGHTED<=6 $$ t t~ h @2 with process u c~ > e+ ve s c~ WEIGHTED<=6 $$ t t~ h @2 
INFO: Combined process u b~ > mu+ vm u c~ WEIGHTED<=6 $$ t t~ h @2 with process u b~ > e+ ve u c~ WEIGHTED<=6 $$ t t~ h @2 
INFO: Combined process u b~ > mu+ vm c c~ WEIGHTED<=6 $$ t t~ h @2 with process u b~ > e+ ve c c~ WEIGHTED<=6 $$ t t~ h @2 
INFO: Combined process u b~ > mu+ vm d d~ WEIGHTED<=6 $$ t t~ h @2 with process u b~ > e+ ve c c~ WEIGHTED<=6 $$ t t~ h @2 
INFO: Combined process u b~ > mu+ vm d b~ WEIGHTED<=6 $$ t t~ h @2 with process u c~ > e+ ve d c~ WEIGHTED<=6 $$ t t~ h @2 
INFO: Combined process u b~ > mu+ vm s s~ WEIGHTED<=6 $$ t t~ h @2 with process u b~ > e+ ve c c~ WEIGHTED<=6 $$ t t~ h @2 
INFO: Combined process u b~ > mu+ vm s b~ WEIGHTED<=6 $$ t t~ h @2 with process u c~ > e+ ve s c~ WEIGHTED<=6 $$ t t~ h @2 
INFO: Combined process c d > e+ ve d s WEIGHTED<=6 $$ t t~ h @2 with process u c > e+ ve c d WEIGHTED<=6 $$ t t~ h @2 
INFO: Generating Helas calls for process: c d > e+ ve d b WEIGHTED<=6 $$ t t~ h @2 
INFO: Reusing existing color information for process: c d > e+ ve d b $$ t t~ h @2 
INFO: Combined process c d > mu+ vm d s WEIGHTED<=6 $$ t t~ h @2 with process u c > e+ ve c d WEIGHTED<=6 $$ t t~ h @2 
INFO: Combined process c d > mu+ vm d b WEIGHTED<=6 $$ t t~ h @2 with process c d > e+ ve d b WEIGHTED<=6 $$ t t~ h @2 
INFO: Generating Helas calls for process: c s > e+ ve d s WEIGHTED<=6 $$ t t~ h @2 
INFO: Processing color information for process: c s > e+ ve d s $$ t t~ h @2 
INFO: Combined process c s > e+ ve s b WEIGHTED<=6 $$ t t~ h @2 with process c d > e+ ve d b WEIGHTED<=6 $$ t t~ h @2 
INFO: Combined process c s > mu+ vm d s WEIGHTED<=6 $$ t t~ h @2 with process c s > e+ ve d s WEIGHTED<=6 $$ t t~ h @2 
INFO: Combined process c s > mu+ vm s b WEIGHTED<=6 $$ t t~ h @2 with process c d > e+ ve d b WEIGHTED<=6 $$ t t~ h @2 
INFO: Generating Helas calls for process: c u~ > e+ ve d u~ WEIGHTED<=6 $$ t t~ h @2 
INFO: Reusing existing color information for process: c u~ > e+ ve d u~ $$ t t~ h @2 
INFO: Combined process c u~ > e+ ve s u~ WEIGHTED<=6 $$ t t~ h @2 with process u c~ > e+ ve d c~ WEIGHTED<=6 $$ t t~ h @2 
INFO: Generating Helas calls for process: c u~ > e+ ve b u~ WEIGHTED<=6 $$ t t~ h @2 
INFO: Reusing existing color information for process: c u~ > e+ ve b u~ $$ t t~ h @2 
INFO: Combined process c u~ > mu+ vm d u~ WEIGHTED<=6 $$ t t~ h @2 with process c u~ > e+ ve d u~ WEIGHTED<=6 $$ t t~ h @2 
INFO: Combined process c u~ > mu+ vm s u~ WEIGHTED<=6 $$ t t~ h @2 with process u c~ > e+ ve d c~ WEIGHTED<=6 $$ t t~ h @2 
INFO: Combined process c u~ > mu+ vm b u~ WEIGHTED<=6 $$ t t~ h @2 with process c u~ > e+ ve b u~ WEIGHTED<=6 $$ t t~ h @2 
INFO: Combined process c c~ > e+ ve d u~ WEIGHTED<=6 $$ t t~ h @2 with process u u~ > e+ ve s c~ WEIGHTED<=6 $$ t t~ h @2 
INFO: Generating Helas calls for process: c c~ > e+ ve s u~ WEIGHTED<=6 $$ t t~ h @2 
INFO: Reusing existing color information for process: c c~ > e+ ve s u~ $$ t t~ h @2 
INFO: Generating Helas calls for process: c c~ > e+ ve b u~ WEIGHTED<=6 $$ t t~ h @2 
INFO: Reusing existing color information for process: c c~ > e+ ve b u~ $$ t t~ h @2 
INFO: Combined process c c~ > mu+ vm d u~ WEIGHTED<=6 $$ t t~ h @2 with process u u~ > e+ ve s c~ WEIGHTED<=6 $$ t t~ h @2 
INFO: Combined process c c~ > mu+ vm s u~ WEIGHTED<=6 $$ t t~ h @2 with process c c~ > e+ ve s u~ WEIGHTED<=6 $$ t t~ h @2 
INFO: Combined process c c~ > mu+ vm b u~ WEIGHTED<=6 $$ t t~ h @2 with process c c~ > e+ ve b u~ WEIGHTED<=6 $$ t t~ h @2 
INFO: Generating Helas calls for process: c d~ > e+ ve u u~ WEIGHTED<=6 $$ t t~ h @2 
INFO: Reusing existing color information for process: c d~ > e+ ve u u~ $$ t t~ h @2 
INFO: Combined process c d~ > e+ ve c u~ WEIGHTED<=6 $$ t t~ h @2 with process u s~ > e+ ve u c~ WEIGHTED<=6 $$ t t~ h @2 
INFO: Combined process c d~ > e+ ve s d~ WEIGHTED<=6 $$ t t~ h @2 with process u c~ > e+ ve d c~ WEIGHTED<=6 $$ t t~ h @2 
INFO: Combined process c d~ > e+ ve s s~ WEIGHTED<=6 $$ t t~ h @2 with process c d~ > e+ ve u u~ WEIGHTED<=6 $$ t t~ h @2 
INFO: Combined process c d~ > e+ ve b d~ WEIGHTED<=6 $$ t t~ h @2 with process c u~ > e+ ve b u~ WEIGHTED<=6 $$ t t~ h @2 
INFO: Combined process c d~ > e+ ve b b~ WEIGHTED<=6 $$ t t~ h @2 with process c d~ > e+ ve u u~ WEIGHTED<=6 $$ t t~ h @2 
INFO: Combined process c d~ > mu+ vm u u~ WEIGHTED<=6 $$ t t~ h @2 with process c d~ > e+ ve u u~ WEIGHTED<=6 $$ t t~ h @2 
INFO: Combined process c d~ > mu+ vm c u~ WEIGHTED<=6 $$ t t~ h @2 with process u s~ > e+ ve u c~ WEIGHTED<=6 $$ t t~ h @2 
INFO: Combined process c d~ > mu+ vm s d~ WEIGHTED<=6 $$ t t~ h @2 with process u c~ > e+ ve d c~ WEIGHTED<=6 $$ t t~ h @2 
INFO: Combined process c d~ > mu+ vm s s~ WEIGHTED<=6 $$ t t~ h @2 with process c d~ > e+ ve u u~ WEIGHTED<=6 $$ t t~ h @2 
INFO: Combined process c d~ > mu+ vm b d~ WEIGHTED<=6 $$ t t~ h @2 with process c u~ > e+ ve b u~ WEIGHTED<=6 $$ t t~ h @2 
INFO: Combined process c d~ > mu+ vm b b~ WEIGHTED<=6 $$ t t~ h @2 with process c d~ > e+ ve u u~ WEIGHTED<=6 $$ t t~ h @2 
INFO: Combined process c s~ > e+ ve u u~ WEIGHTED<=6 $$ t t~ h @2 with process u d~ > e+ ve c c~ WEIGHTED<=6 $$ t t~ h @2 
INFO: Generating Helas calls for process: c s~ > e+ ve c u~ WEIGHTED<=6 $$ t t~ h @2 
INFO: Reusing existing color information for process: c s~ > e+ ve c u~ $$ t t~ h @2 
INFO: Combined process c s~ > e+ ve d d~ WEIGHTED<=6 $$ t t~ h @2 with process u d~ > e+ ve c c~ WEIGHTED<=6 $$ t t~ h @2 
INFO: Combined process c s~ > e+ ve d s~ WEIGHTED<=6 $$ t t~ h @2 with process c u~ > e+ ve d u~ WEIGHTED<=6 $$ t t~ h @2 
INFO: Combined process c s~ > e+ ve b s~ WEIGHTED<=6 $$ t t~ h @2 with process c u~ > e+ ve b u~ WEIGHTED<=6 $$ t t~ h @2 
INFO: Combined process c s~ > e+ ve b b~ WEIGHTED<=6 $$ t t~ h @2 with process u d~ > e+ ve c c~ WEIGHTED<=6 $$ t t~ h @2 
INFO: Combined process c s~ > mu+ vm u u~ WEIGHTED<=6 $$ t t~ h @2 with process u d~ > e+ ve c c~ WEIGHTED<=6 $$ t t~ h @2 
INFO: Combined process c s~ > mu+ vm c u~ WEIGHTED<=6 $$ t t~ h @2 with process c s~ > e+ ve c u~ WEIGHTED<=6 $$ t t~ h @2 
INFO: Combined process c s~ > mu+ vm d d~ WEIGHTED<=6 $$ t t~ h @2 with process u d~ > e+ ve c c~ WEIGHTED<=6 $$ t t~ h @2 
INFO: Combined process c s~ > mu+ vm d s~ WEIGHTED<=6 $$ t t~ h @2 with process c u~ > e+ ve d u~ WEIGHTED<=6 $$ t t~ h @2 
INFO: Combined process c s~ > mu+ vm b s~ WEIGHTED<=6 $$ t t~ h @2 with process c u~ > e+ ve b u~ WEIGHTED<=6 $$ t t~ h @2 
INFO: Combined process c s~ > mu+ vm b b~ WEIGHTED<=6 $$ t t~ h @2 with process u d~ > e+ ve c c~ WEIGHTED<=6 $$ t t~ h @2 
INFO: Combined process c b > e+ ve d b WEIGHTED<=6 $$ t t~ h @2 with process c s > e+ ve d s WEIGHTED<=6 $$ t t~ h @2 
INFO: Combined process c b > e+ ve b s WEIGHTED<=6 $$ t t~ h @2 with process u c > e+ ve c d WEIGHTED<=6 $$ t t~ h @2 
INFO: Combined process c b > mu+ vm d b WEIGHTED<=6 $$ t t~ h @2 with process c s > e+ ve d s WEIGHTED<=6 $$ t t~ h @2 
INFO: Combined process c b > mu+ vm b s WEIGHTED<=6 $$ t t~ h @2 with process u c > e+ ve c d WEIGHTED<=6 $$ t t~ h @2 
INFO: Generating Helas calls for process: c b~ > e+ ve u u~ WEIGHTED<=6 $$ t t~ h @2 
INFO: Reusing existing color information for process: c b~ > e+ ve u u~ $$ t t~ h @2 
INFO: Generating Helas calls for process: c b~ > e+ ve c u~ WEIGHTED<=6 $$ t t~ h @2 
INFO: Reusing existing color information for process: c b~ > e+ ve c u~ $$ t t~ h @2 
INFO: Combined process c b~ > e+ ve d d~ WEIGHTED<=6 $$ t t~ h @2 with process c b~ > e+ ve u u~ WEIGHTED<=6 $$ t t~ h @2 
INFO: Combined process c b~ > e+ ve d b~ WEIGHTED<=6 $$ t t~ h @2 with process c u~ > e+ ve d u~ WEIGHTED<=6 $$ t t~ h @2 
INFO: Combined process c b~ > e+ ve s s~ WEIGHTED<=6 $$ t t~ h @2 with process c b~ > e+ ve u u~ WEIGHTED<=6 $$ t t~ h @2 
INFO: Combined process c b~ > e+ ve s b~ WEIGHTED<=6 $$ t t~ h @2 with process u c~ > e+ ve d c~ WEIGHTED<=6 $$ t t~ h @2 
INFO: Combined process c b~ > mu+ vm u u~ WEIGHTED<=6 $$ t t~ h @2 with process c b~ > e+ ve u u~ WEIGHTED<=6 $$ t t~ h @2 
INFO: Combined process c b~ > mu+ vm c u~ WEIGHTED<=6 $$ t t~ h @2 with process c b~ > e+ ve c u~ WEIGHTED<=6 $$ t t~ h @2 
INFO: Combined process c b~ > mu+ vm d d~ WEIGHTED<=6 $$ t t~ h @2 with process c b~ > e+ ve u u~ WEIGHTED<=6 $$ t t~ h @2 
INFO: Combined process c b~ > mu+ vm d b~ WEIGHTED<=6 $$ t t~ h @2 with process c u~ > e+ ve d u~ WEIGHTED<=6 $$ t t~ h @2 
INFO: Combined process c b~ > mu+ vm s s~ WEIGHTED<=6 $$ t t~ h @2 with process c b~ > e+ ve u u~ WEIGHTED<=6 $$ t t~ h @2 
INFO: Combined process c b~ > mu+ vm s b~ WEIGHTED<=6 $$ t t~ h @2 with process u c~ > e+ ve d c~ WEIGHTED<=6 $$ t t~ h @2 
INFO: Combined process d d~ > e+ ve s u~ WEIGHTED<=6 $$ t t~ h @2 with process c c~ > e+ ve s u~ WEIGHTED<=6 $$ t t~ h @2 
INFO: Combined process d d~ > e+ ve s c~ WEIGHTED<=6 $$ t t~ h @2 with process u u~ > e+ ve s c~ WEIGHTED<=6 $$ t t~ h @2 
INFO: Combined process d d~ > e+ ve b u~ WEIGHTED<=6 $$ t t~ h @2 with process c c~ > e+ ve b u~ WEIGHTED<=6 $$ t t~ h @2 
INFO: Combined process d d~ > e+ ve b c~ WEIGHTED<=6 $$ t t~ h @2 with process u u~ > e+ ve b c~ WEIGHTED<=6 $$ t t~ h @2 
INFO: Combined process d d~ > mu+ vm s u~ WEIGHTED<=6 $$ t t~ h @2 with process c c~ > e+ ve s u~ WEIGHTED<=6 $$ t t~ h @2 
INFO: Combined process d d~ > mu+ vm s c~ WEIGHTED<=6 $$ t t~ h @2 with process u u~ > e+ ve s c~ WEIGHTED<=6 $$ t t~ h @2 
INFO: Combined process d d~ > mu+ vm b u~ WEIGHTED<=6 $$ t t~ h @2 with process c c~ > e+ ve b u~ WEIGHTED<=6 $$ t t~ h @2 
INFO: Combined process d d~ > mu+ vm b c~ WEIGHTED<=6 $$ t t~ h @2 with process u u~ > e+ ve b c~ WEIGHTED<=6 $$ t t~ h @2 
INFO: Combined process d s~ > e+ ve d u~ WEIGHTED<=6 $$ t t~ h @2 with process c s~ > e+ ve c u~ WEIGHTED<=6 $$ t t~ h @2 
INFO: Combined process d s~ > e+ ve d c~ WEIGHTED<=6 $$ t t~ h @2 with process u s~ > e+ ve u c~ WEIGHTED<=6 $$ t t~ h @2 
INFO: Combined process d s~ > mu+ vm d u~ WEIGHTED<=6 $$ t t~ h @2 with process c s~ > e+ ve c u~ WEIGHTED<=6 $$ t t~ h @2 
INFO: Combined process d s~ > mu+ vm d c~ WEIGHTED<=6 $$ t t~ h @2 with process u s~ > e+ ve u c~ WEIGHTED<=6 $$ t t~ h @2 
INFO: Combined process d b~ > e+ ve d u~ WEIGHTED<=6 $$ t t~ h @2 with process c b~ > e+ ve c u~ WEIGHTED<=6 $$ t t~ h @2 
INFO: Combined process d b~ > e+ ve d c~ WEIGHTED<=6 $$ t t~ h @2 with process u b~ > e+ ve u c~ WEIGHTED<=6 $$ t t~ h @2 
INFO: Combined process d b~ > mu+ vm d u~ WEIGHTED<=6 $$ t t~ h @2 with process c b~ > e+ ve c u~ WEIGHTED<=6 $$ t t~ h @2 
INFO: Combined process d b~ > mu+ vm d c~ WEIGHTED<=6 $$ t t~ h @2 with process u b~ > e+ ve u c~ WEIGHTED<=6 $$ t t~ h @2 
INFO: Combined process s d~ > e+ ve s u~ WEIGHTED<=6 $$ t t~ h @2 with process u s~ > e+ ve u c~ WEIGHTED<=6 $$ t t~ h @2 
INFO: Combined process s d~ > e+ ve s c~ WEIGHTED<=6 $$ t t~ h @2 with process u d~ > e+ ve u c~ WEIGHTED<=6 $$ t t~ h @2 
INFO: Combined process s d~ > mu+ vm s u~ WEIGHTED<=6 $$ t t~ h @2 with process u s~ > e+ ve u c~ WEIGHTED<=6 $$ t t~ h @2 
INFO: Combined process s d~ > mu+ vm s c~ WEIGHTED<=6 $$ t t~ h @2 with process u d~ > e+ ve u c~ WEIGHTED<=6 $$ t t~ h @2 
INFO: Combined process s s~ > e+ ve d u~ WEIGHTED<=6 $$ t t~ h @2 with process u u~ > e+ ve s c~ WEIGHTED<=6 $$ t t~ h @2 
INFO: Combined process s s~ > e+ ve d c~ WEIGHTED<=6 $$ t t~ h @2 with process u u~ > e+ ve d c~ WEIGHTED<=6 $$ t t~ h @2 
INFO: Combined process s s~ > e+ ve b u~ WEIGHTED<=6 $$ t t~ h @2 with process c c~ > e+ ve b u~ WEIGHTED<=6 $$ t t~ h @2 
INFO: Combined process s s~ > e+ ve b c~ WEIGHTED<=6 $$ t t~ h @2 with process u u~ > e+ ve b c~ WEIGHTED<=6 $$ t t~ h @2 
INFO: Combined process s s~ > mu+ vm d u~ WEIGHTED<=6 $$ t t~ h @2 with process u u~ > e+ ve s c~ WEIGHTED<=6 $$ t t~ h @2 
INFO: Combined process s s~ > mu+ vm d c~ WEIGHTED<=6 $$ t t~ h @2 with process u u~ > e+ ve d c~ WEIGHTED<=6 $$ t t~ h @2 
INFO: Combined process s s~ > mu+ vm b u~ WEIGHTED<=6 $$ t t~ h @2 with process c c~ > e+ ve b u~ WEIGHTED<=6 $$ t t~ h @2 
INFO: Combined process s s~ > mu+ vm b c~ WEIGHTED<=6 $$ t t~ h @2 with process u u~ > e+ ve b c~ WEIGHTED<=6 $$ t t~ h @2 
INFO: Combined process s b~ > e+ ve s u~ WEIGHTED<=6 $$ t t~ h @2 with process c b~ > e+ ve c u~ WEIGHTED<=6 $$ t t~ h @2 
INFO: Combined process s b~ > e+ ve s c~ WEIGHTED<=6 $$ t t~ h @2 with process u b~ > e+ ve u c~ WEIGHTED<=6 $$ t t~ h @2 
INFO: Combined process s b~ > mu+ vm s u~ WEIGHTED<=6 $$ t t~ h @2 with process c b~ > e+ ve c u~ WEIGHTED<=6 $$ t t~ h @2 
INFO: Combined process s b~ > mu+ vm s c~ WEIGHTED<=6 $$ t t~ h @2 with process u b~ > e+ ve u c~ WEIGHTED<=6 $$ t t~ h @2 
INFO: Generating Helas calls for process: u~ d~ > e+ ve u~ c~ WEIGHTED<=6 $$ t t~ h @2 
INFO: Processing color information for process: u~ d~ > e+ ve u~ c~ $$ t t~ h @2 
INFO: Combined process u~ d~ > mu+ vm u~ c~ WEIGHTED<=6 $$ t t~ h @2 with process u~ d~ > e+ ve u~ c~ WEIGHTED<=6 $$ t t~ h @2 
INFO: Generating Helas calls for process: u~ s~ > e+ ve u~ c~ WEIGHTED<=6 $$ t t~ h @2 
INFO: Reusing existing color information for process: u~ s~ > e+ ve u~ c~ $$ t t~ h @2 
INFO: Combined process u~ s~ > mu+ vm u~ c~ WEIGHTED<=6 $$ t t~ h @2 with process u~ s~ > e+ ve u~ c~ WEIGHTED<=6 $$ t t~ h @2 
INFO: Generating Helas calls for process: u~ b~ > e+ ve u~ c~ WEIGHTED<=6 $$ t t~ h @2 
INFO: Reusing existing color information for process: u~ b~ > e+ ve u~ c~ $$ t t~ h @2 
INFO: Combined process u~ b~ > mu+ vm u~ c~ WEIGHTED<=6 $$ t t~ h @2 with process u~ b~ > e+ ve u~ c~ WEIGHTED<=6 $$ t t~ h @2 
INFO: Combined process c~ d~ > e+ ve c~ u~ WEIGHTED<=6 $$ t t~ h @2 with process u~ s~ > e+ ve u~ c~ WEIGHTED<=6 $$ t t~ h @2 
INFO: Combined process c~ d~ > mu+ vm c~ u~ WEIGHTED<=6 $$ t t~ h @2 with process u~ s~ > e+ ve u~ c~ WEIGHTED<=6 $$ t t~ h @2 
INFO: Generating Helas calls for process: c~ s~ > e+ ve u~ c~ WEIGHTED<=6 $$ t t~ h @2 
INFO: Processing color information for process: c~ s~ > e+ ve u~ c~ $$ t t~ h @2 
INFO: Combined process c~ s~ > mu+ vm u~ c~ WEIGHTED<=6 $$ t t~ h @2 with process c~ s~ > e+ ve u~ c~ WEIGHTED<=6 $$ t t~ h @2 
INFO: Generating Helas calls for process: c~ b~ > e+ ve u~ c~ WEIGHTED<=6 $$ t t~ h @2 
INFO: Reusing existing color information for process: c~ b~ > e+ ve u~ c~ $$ t t~ h @2 
INFO: Combined process c~ b~ > mu+ vm u~ c~ WEIGHTED<=6 $$ t t~ h @2 with process c~ b~ > e+ ve u~ c~ WEIGHTED<=6 $$ t t~ h @2 
INFO: Combined process d~ s~ > e+ ve u~ d~ WEIGHTED<=6 $$ t t~ h @2 with process c~ s~ > e+ ve u~ c~ WEIGHTED<=6 $$ t t~ h @2 
INFO: Generating Helas calls for process: d~ s~ > e+ ve u~ s~ WEIGHTED<=6 $$ t t~ h @2 
INFO: Processing color information for process: d~ s~ > e+ ve u~ s~ $$ t t~ h @2 
INFO: Combined process d~ s~ > e+ ve d~ c~ WEIGHTED<=6 $$ t t~ h @2 with process u~ s~ > e+ ve u~ c~ WEIGHTED<=6 $$ t t~ h @2 
INFO: Generating Helas calls for process: d~ s~ > e+ ve c~ s~ WEIGHTED<=6 $$ t t~ h @2 
INFO: Reusing existing color information for process: d~ s~ > e+ ve c~ s~ $$ t t~ h @2 
INFO: Combined process d~ s~ > mu+ vm u~ d~ WEIGHTED<=6 $$ t t~ h @2 with process c~ s~ > e+ ve u~ c~ WEIGHTED<=6 $$ t t~ h @2 
INFO: Combined process d~ s~ > mu+ vm u~ s~ WEIGHTED<=6 $$ t t~ h @2 with process d~ s~ > e+ ve u~ s~ WEIGHTED<=6 $$ t t~ h @2 
INFO: Combined process d~ s~ > mu+ vm d~ c~ WEIGHTED<=6 $$ t t~ h @2 with process u~ s~ > e+ ve u~ c~ WEIGHTED<=6 $$ t t~ h @2 
INFO: Combined process d~ s~ > mu+ vm c~ s~ WEIGHTED<=6 $$ t t~ h @2 with process d~ s~ > e+ ve c~ s~ WEIGHTED<=6 $$ t t~ h @2 
INFO: Generating Helas calls for process: d~ b > e+ ve b u~ WEIGHTED<=6 $$ t t~ h @2 
INFO: Processing color information for process: d~ b > e+ ve b u~ $$ t t~ h @2 
INFO: Generating Helas calls for process: d~ b > e+ ve b c~ WEIGHTED<=6 $$ t t~ h @2 
INFO: Reusing existing color information for process: d~ b > e+ ve b c~ $$ t t~ h @2 
INFO: Combined process d~ b > mu+ vm b u~ WEIGHTED<=6 $$ t t~ h @2 with process d~ b > e+ ve b u~ WEIGHTED<=6 $$ t t~ h @2 
INFO: Combined process d~ b > mu+ vm b c~ WEIGHTED<=6 $$ t t~ h @2 with process d~ b > e+ ve b c~ WEIGHTED<=6 $$ t t~ h @2 
INFO: Combined process d~ b~ > e+ ve u~ d~ WEIGHTED<=6 $$ t t~ h @2 with process c~ b~ > e+ ve u~ c~ WEIGHTED<=6 $$ t t~ h @2 
INFO: Combined process d~ b~ > e+ ve u~ b~ WEIGHTED<=6 $$ t t~ h @2 with process d~ s~ > e+ ve u~ s~ WEIGHTED<=6 $$ t t~ h @2 
INFO: Combined process d~ b~ > e+ ve d~ c~ WEIGHTED<=6 $$ t t~ h @2 with process u~ b~ > e+ ve u~ c~ WEIGHTED<=6 $$ t t~ h @2 
INFO: Combined process d~ b~ > e+ ve c~ b~ WEIGHTED<=6 $$ t t~ h @2 with process d~ s~ > e+ ve c~ s~ WEIGHTED<=6 $$ t t~ h @2 
INFO: Combined process d~ b~ > mu+ vm u~ d~ WEIGHTED<=6 $$ t t~ h @2 with process c~ b~ > e+ ve u~ c~ WEIGHTED<=6 $$ t t~ h @2 
INFO: Combined process d~ b~ > mu+ vm u~ b~ WEIGHTED<=6 $$ t t~ h @2 with process d~ s~ > e+ ve u~ s~ WEIGHTED<=6 $$ t t~ h @2 
INFO: Combined process d~ b~ > mu+ vm d~ c~ WEIGHTED<=6 $$ t t~ h @2 with process u~ b~ > e+ ve u~ c~ WEIGHTED<=6 $$ t t~ h @2 
INFO: Combined process d~ b~ > mu+ vm c~ b~ WEIGHTED<=6 $$ t t~ h @2 with process d~ s~ > e+ ve c~ s~ WEIGHTED<=6 $$ t t~ h @2 
INFO: Generating Helas calls for process: s~ b > e+ ve b u~ WEIGHTED<=6 $$ t t~ h @2 
INFO: Reusing existing color information for process: s~ b > e+ ve b u~ $$ t t~ h @2 
INFO: Combined process s~ b > e+ ve b c~ WEIGHTED<=6 $$ t t~ h @2 with process d~ b > e+ ve b u~ WEIGHTED<=6 $$ t t~ h @2 
INFO: Combined process s~ b > mu+ vm b u~ WEIGHTED<=6 $$ t t~ h @2 with process s~ b > e+ ve b u~ WEIGHTED<=6 $$ t t~ h @2 
INFO: Combined process s~ b > mu+ vm b c~ WEIGHTED<=6 $$ t t~ h @2 with process d~ b > e+ ve b u~ WEIGHTED<=6 $$ t t~ h @2 
INFO: Combined process s~ b~ > e+ ve u~ s~ WEIGHTED<=6 $$ t t~ h @2 with process c~ b~ > e+ ve u~ c~ WEIGHTED<=6 $$ t t~ h @2 
INFO: Generating Helas calls for process: s~ b~ > e+ ve u~ b~ WEIGHTED<=6 $$ t t~ h @2 
INFO: Reusing existing color information for process: s~ b~ > e+ ve u~ b~ $$ t t~ h @2 
INFO: Combined process s~ b~ > e+ ve s~ c~ WEIGHTED<=6 $$ t t~ h @2 with process u~ b~ > e+ ve u~ c~ WEIGHTED<=6 $$ t t~ h @2 
INFO: Combined process s~ b~ > e+ ve c~ b~ WEIGHTED<=6 $$ t t~ h @2 with process d~ s~ > e+ ve u~ s~ WEIGHTED<=6 $$ t t~ h @2 
INFO: Combined process s~ b~ > mu+ vm u~ s~ WEIGHTED<=6 $$ t t~ h @2 with process c~ b~ > e+ ve u~ c~ WEIGHTED<=6 $$ t t~ h @2 
INFO: Combined process s~ b~ > mu+ vm u~ b~ WEIGHTED<=6 $$ t t~ h @2 with process s~ b~ > e+ ve u~ b~ WEIGHTED<=6 $$ t t~ h @2 
INFO: Combined process s~ b~ > mu+ vm s~ c~ WEIGHTED<=6 $$ t t~ h @2 with process u~ b~ > e+ ve u~ c~ WEIGHTED<=6 $$ t t~ h @2 
INFO: Combined process s~ b~ > mu+ vm c~ b~ WEIGHTED<=6 $$ t t~ h @2 with process d~ s~ > e+ ve u~ s~ WEIGHTED<=6 $$ t t~ h @2 
INFO: Combined process b b~ > e+ ve d u~ WEIGHTED<=6 $$ t t~ h @2 with process u u~ > e+ ve s c~ WEIGHTED<=6 $$ t t~ h @2 
INFO: Combined process b b~ > e+ ve d c~ WEIGHTED<=6 $$ t t~ h @2 with process u u~ > e+ ve d c~ WEIGHTED<=6 $$ t t~ h @2 
INFO: Combined process b b~ > e+ ve s u~ WEIGHTED<=6 $$ t t~ h @2 with process c c~ > e+ ve s u~ WEIGHTED<=6 $$ t t~ h @2 
INFO: Combined process b b~ > e+ ve s c~ WEIGHTED<=6 $$ t t~ h @2 with process u u~ > e+ ve s c~ WEIGHTED<=6 $$ t t~ h @2 
INFO: Combined process b b~ > mu+ vm d u~ WEIGHTED<=6 $$ t t~ h @2 with process u u~ > e+ ve s c~ WEIGHTED<=6 $$ t t~ h @2 
INFO: Combined process b b~ > mu+ vm d c~ WEIGHTED<=6 $$ t t~ h @2 with process u u~ > e+ ve d c~ WEIGHTED<=6 $$ t t~ h @2 
INFO: Combined process b b~ > mu+ vm s u~ WEIGHTED<=6 $$ t t~ h @2 with process c c~ > e+ ve s u~ WEIGHTED<=6 $$ t t~ h @2 
INFO: Combined process b b~ > mu+ vm s c~ WEIGHTED<=6 $$ t t~ h @2 with process u u~ > e+ ve s c~ WEIGHTED<=6 $$ t t~ h @2 
INFO: Generating Helas calls for process: u u > ta+ vt u d WEIGHTED<=6 $$ t t~ h @2 
INFO: Processing color information for process: u u > ta+ vt u d $$ t t~ h @2 
INFO: Generating Helas calls for process: u u > ta+ vt u s WEIGHTED<=6 $$ t t~ h @2 
INFO: Reusing existing color information for process: u u > ta+ vt u s $$ t t~ h @2 
INFO: Generating Helas calls for process: u u > ta+ vt u b WEIGHTED<=6 $$ t t~ h @2 
INFO: Reusing existing color information for process: u u > ta+ vt u b $$ t t~ h @2 
INFO: Generating Helas calls for process: u d > ta+ vt d d WEIGHTED<=6 $$ t t~ h @2 
INFO: Processing color information for process: u d > ta+ vt d d $$ t t~ h @2 
INFO: Generating Helas calls for process: u s > ta+ vt s s WEIGHTED<=6 $$ t t~ h @2 
INFO: Reusing existing color information for process: u s > ta+ vt s s $$ t t~ h @2 
INFO: Generating Helas calls for process: u u~ > ta+ vt d u~ WEIGHTED<=6 $$ t t~ h @2 
INFO: Processing color information for process: u u~ > ta+ vt d u~ $$ t t~ h @2 
INFO: Generating Helas calls for process: u u~ > ta+ vt s u~ WEIGHTED<=6 $$ t t~ h @2 
INFO: Reusing existing color information for process: u u~ > ta+ vt s u~ $$ t t~ h @2 
INFO: Generating Helas calls for process: u u~ > ta+ vt b u~ WEIGHTED<=6 $$ t t~ h @2 
INFO: Reusing existing color information for process: u u~ > ta+ vt b u~ $$ t t~ h @2 
INFO: Generating Helas calls for process: u d~ > ta+ vt u u~ WEIGHTED<=6 $$ t t~ h @2 
INFO: Processing color information for process: u d~ > ta+ vt u u~ $$ t t~ h @2 
INFO: Generating Helas calls for process: u d~ > ta+ vt d d~ WEIGHTED<=6 $$ t t~ h @2 
INFO: Processing color information for process: u d~ > ta+ vt d d~ $$ t t~ h @2 
INFO: Generating Helas calls for process: u s~ > ta+ vt u u~ WEIGHTED<=6 $$ t t~ h @2 
INFO: Reusing existing color information for process: u s~ > ta+ vt u u~ $$ t t~ h @2 
INFO: Generating Helas calls for process: u s~ > ta+ vt s s~ WEIGHTED<=6 $$ t t~ h @2 
INFO: Reusing existing color information for process: u s~ > ta+ vt s s~ $$ t t~ h @2 
INFO: Generating Helas calls for process: u b > ta+ vt b b WEIGHTED<=6 $$ t t~ h @2 
INFO: Reusing existing color information for process: u b > ta+ vt b b $$ t t~ h @2 
INFO: Generating Helas calls for process: u b~ > ta+ vt u u~ WEIGHTED<=6 $$ t t~ h @2 
INFO: Reusing existing color information for process: u b~ > ta+ vt u u~ $$ t t~ h @2 
INFO: Generating Helas calls for process: u b~ > ta+ vt b b~ WEIGHTED<=6 $$ t t~ h @2 
INFO: Reusing existing color information for process: u b~ > ta+ vt b b~ $$ t t~ h @2 
INFO: Generating Helas calls for process: c c > ta+ vt c d WEIGHTED<=6 $$ t t~ h @2 
INFO: Reusing existing color information for process: c c > ta+ vt c d $$ t t~ h @2 
INFO: Combined process c c > ta+ vt c s WEIGHTED<=6 $$ t t~ h @2 with process u u > ta+ vt u d WEIGHTED<=6 $$ t t~ h @2 
INFO: Generating Helas calls for process: c c > ta+ vt c b WEIGHTED<=6 $$ t t~ h @2 
INFO: Reusing existing color information for process: c c > ta+ vt c b $$ t t~ h @2 
INFO: Generating Helas calls for process: c d > ta+ vt d d WEIGHTED<=6 $$ t t~ h @2 
INFO: Reusing existing color information for process: c d > ta+ vt d d $$ t t~ h @2 
INFO: Combined process c s > ta+ vt s s WEIGHTED<=6 $$ t t~ h @2 with process u d > ta+ vt d d WEIGHTED<=6 $$ t t~ h @2 
INFO: Generating Helas calls for process: c c~ > ta+ vt d c~ WEIGHTED<=6 $$ t t~ h @2 
INFO: Reusing existing color information for process: c c~ > ta+ vt d c~ $$ t t~ h @2 
INFO: Combined process c c~ > ta+ vt s c~ WEIGHTED<=6 $$ t t~ h @2 with process u u~ > ta+ vt d u~ WEIGHTED<=6 $$ t t~ h @2 
INFO: Generating Helas calls for process: c c~ > ta+ vt b c~ WEIGHTED<=6 $$ t t~ h @2 
INFO: Reusing existing color information for process: c c~ > ta+ vt b c~ $$ t t~ h @2 
INFO: Generating Helas calls for process: c d~ > ta+ vt c c~ WEIGHTED<=6 $$ t t~ h @2 
INFO: Reusing existing color information for process: c d~ > ta+ vt c c~ $$ t t~ h @2 
INFO: Generating Helas calls for process: c d~ > ta+ vt d d~ WEIGHTED<=6 $$ t t~ h @2 
INFO: Reusing existing color information for process: c d~ > ta+ vt d d~ $$ t t~ h @2 
INFO: Combined process c s~ > ta+ vt c c~ WEIGHTED<=6 $$ t t~ h @2 with process u d~ > ta+ vt u u~ WEIGHTED<=6 $$ t t~ h @2 
INFO: Combined process c s~ > ta+ vt s s~ WEIGHTED<=6 $$ t t~ h @2 with process u d~ > ta+ vt d d~ WEIGHTED<=6 $$ t t~ h @2 
INFO: Generating Helas calls for process: c b > ta+ vt b b WEIGHTED<=6 $$ t t~ h @2 
INFO: Reusing existing color information for process: c b > ta+ vt b b $$ t t~ h @2 
INFO: Generating Helas calls for process: c b~ > ta+ vt c c~ WEIGHTED<=6 $$ t t~ h @2 
INFO: Reusing existing color information for process: c b~ > ta+ vt c c~ $$ t t~ h @2 
INFO: Generating Helas calls for process: c b~ > ta+ vt b b~ WEIGHTED<=6 $$ t t~ h @2 
INFO: Reusing existing color information for process: c b~ > ta+ vt b b~ $$ t t~ h @2 
INFO: Generating Helas calls for process: d d~ > ta+ vt d u~ WEIGHTED<=6 $$ t t~ h @2 
INFO: Processing color information for process: d d~ > ta+ vt d u~ $$ t t~ h @2 
INFO: Generating Helas calls for process: d d~ > ta+ vt d c~ WEIGHTED<=6 $$ t t~ h @2 
INFO: Reusing existing color information for process: d d~ > ta+ vt d c~ $$ t t~ h @2 
INFO: Generating Helas calls for process: s s~ > ta+ vt s u~ WEIGHTED<=6 $$ t t~ h @2 
INFO: Reusing existing color information for process: s s~ > ta+ vt s u~ $$ t t~ h @2 
INFO: Combined process s s~ > ta+ vt s c~ WEIGHTED<=6 $$ t t~ h @2 with process d d~ > ta+ vt d u~ WEIGHTED<=6 $$ t t~ h @2 
INFO: Generating Helas calls for process: u~ d~ > ta+ vt u~ u~ WEIGHTED<=6 $$ t t~ h @2 
INFO: Processing color information for process: u~ d~ > ta+ vt u~ u~ $$ t t~ h @2 
INFO: Generating Helas calls for process: u~ s~ > ta+ vt u~ u~ WEIGHTED<=6 $$ t t~ h @2 
INFO: Reusing existing color information for process: u~ s~ > ta+ vt u~ u~ $$ t t~ h @2 
INFO: Generating Helas calls for process: u~ b~ > ta+ vt u~ u~ WEIGHTED<=6 $$ t t~ h @2 
INFO: Reusing existing color information for process: u~ b~ > ta+ vt u~ u~ $$ t t~ h @2 
INFO: Generating Helas calls for process: c~ d~ > ta+ vt c~ c~ WEIGHTED<=6 $$ t t~ h @2 
INFO: Reusing existing color information for process: c~ d~ > ta+ vt c~ c~ $$ t t~ h @2 
INFO: Combined process c~ s~ > ta+ vt c~ c~ WEIGHTED<=6 $$ t t~ h @2 with process u~ d~ > ta+ vt u~ u~ WEIGHTED<=6 $$ t t~ h @2 
INFO: Generating Helas calls for process: c~ b~ > ta+ vt c~ c~ WEIGHTED<=6 $$ t t~ h @2 
INFO: Reusing existing color information for process: c~ b~ > ta+ vt c~ c~ $$ t t~ h @2 
INFO: Generating Helas calls for process: d~ d~ > ta+ vt u~ d~ WEIGHTED<=6 $$ t t~ h @2 
INFO: Processing color information for process: d~ d~ > ta+ vt u~ d~ $$ t t~ h @2 
INFO: Generating Helas calls for process: d~ d~ > ta+ vt c~ d~ WEIGHTED<=6 $$ t t~ h @2 
INFO: Reusing existing color information for process: d~ d~ > ta+ vt c~ d~ $$ t t~ h @2 
INFO: Generating Helas calls for process: s~ s~ > ta+ vt u~ s~ WEIGHTED<=6 $$ t t~ h @2 
INFO: Reusing existing color information for process: s~ s~ > ta+ vt u~ s~ $$ t t~ h @2 
INFO: Combined process s~ s~ > ta+ vt c~ s~ WEIGHTED<=6 $$ t t~ h @2 with process d~ d~ > ta+ vt u~ d~ WEIGHTED<=6 $$ t t~ h @2 
INFO: Generating Helas calls for process: b b~ > ta+ vt b u~ WEIGHTED<=6 $$ t t~ h @2 
INFO: Reusing existing color information for process: b b~ > ta+ vt b u~ $$ t t~ h @2 
INFO: Generating Helas calls for process: b b~ > ta+ vt b c~ WEIGHTED<=6 $$ t t~ h @2 
INFO: Reusing existing color information for process: b b~ > ta+ vt b c~ $$ t t~ h @2 
INFO: Generating Helas calls for process: b~ b~ > ta+ vt u~ b~ WEIGHTED<=6 $$ t t~ h @2 
INFO: Reusing existing color information for process: b~ b~ > ta+ vt u~ b~ $$ t t~ h @2 
INFO: Generating Helas calls for process: b~ b~ > ta+ vt c~ b~ WEIGHTED<=6 $$ t t~ h @2 
INFO: Reusing existing color information for process: b~ b~ > ta+ vt c~ b~ $$ t t~ h @2 
INFO: Generating Helas calls for process: u c > ta+ vt u d WEIGHTED<=6 $$ t t~ h @2 
INFO: Processing color information for process: u c > ta+ vt u d $$ t t~ h @2 
INFO: Generating Helas calls for process: u c > ta+ vt u s WEIGHTED<=6 $$ t t~ h @2 
INFO: Reusing existing color information for process: u c > ta+ vt u s $$ t t~ h @2 
INFO: Generating Helas calls for process: u c > ta+ vt u b WEIGHTED<=6 $$ t t~ h @2 
INFO: Reusing existing color information for process: u c > ta+ vt u b $$ t t~ h @2 
INFO: Generating Helas calls for process: u c > ta+ vt c d WEIGHTED<=6 $$ t t~ h @2 
INFO: Processing color information for process: u c > ta+ vt c d $$ t t~ h @2 
INFO: Generating Helas calls for process: u c > ta+ vt c s WEIGHTED<=6 $$ t t~ h @2 
INFO: Reusing existing color information for process: u c > ta+ vt c s $$ t t~ h @2 
INFO: Generating Helas calls for process: u c > ta+ vt c b WEIGHTED<=6 $$ t t~ h @2 
INFO: Reusing existing color information for process: u c > ta+ vt c b $$ t t~ h @2 
INFO: Combined process u d > ta+ vt d s WEIGHTED<=6 $$ t t~ h @2 with process u c > ta+ vt c s WEIGHTED<=6 $$ t t~ h @2 
INFO: Combined process u d > ta+ vt d b WEIGHTED<=6 $$ t t~ h @2 with process u c > ta+ vt c b WEIGHTED<=6 $$ t t~ h @2 
INFO: Combined process u s > ta+ vt s d WEIGHTED<=6 $$ t t~ h @2 with process u c > ta+ vt c d WEIGHTED<=6 $$ t t~ h @2 
INFO: Combined process u s > ta+ vt s b WEIGHTED<=6 $$ t t~ h @2 with process u c > ta+ vt c b WEIGHTED<=6 $$ t t~ h @2 
INFO: Generating Helas calls for process: u u~ > ta+ vt d c~ WEIGHTED<=6 $$ t t~ h @2 
INFO: Processing color information for process: u u~ > ta+ vt d c~ $$ t t~ h @2 
INFO: Generating Helas calls for process: u u~ > ta+ vt s c~ WEIGHTED<=6 $$ t t~ h @2 
INFO: Reusing existing color information for process: u u~ > ta+ vt s c~ $$ t t~ h @2 
INFO: Generating Helas calls for process: u u~ > ta+ vt b c~ WEIGHTED<=6 $$ t t~ h @2 
INFO: Reusing existing color information for process: u u~ > ta+ vt b c~ $$ t t~ h @2 
INFO: Generating Helas calls for process: u c~ > ta+ vt d c~ WEIGHTED<=6 $$ t t~ h @2 
INFO: Processing color information for process: u c~ > ta+ vt d c~ $$ t t~ h @2 
INFO: Generating Helas calls for process: u c~ > ta+ vt s c~ WEIGHTED<=6 $$ t t~ h @2 
INFO: Reusing existing color information for process: u c~ > ta+ vt s c~ $$ t t~ h @2 
INFO: Generating Helas calls for process: u c~ > ta+ vt b c~ WEIGHTED<=6 $$ t t~ h @2 
INFO: Reusing existing color information for process: u c~ > ta+ vt b c~ $$ t t~ h @2 
INFO: Generating Helas calls for process: u d~ > ta+ vt u c~ WEIGHTED<=6 $$ t t~ h @2 
INFO: Processing color information for process: u d~ > ta+ vt u c~ $$ t t~ h @2 
INFO: Generating Helas calls for process: u d~ > ta+ vt c c~ WEIGHTED<=6 $$ t t~ h @2 
INFO: Processing color information for process: u d~ > ta+ vt c c~ $$ t t~ h @2 
INFO: Combined process u d~ > ta+ vt s d~ WEIGHTED<=6 $$ t t~ h @2 with process u c~ > ta+ vt s c~ WEIGHTED<=6 $$ t t~ h @2 
INFO: Combined process u d~ > ta+ vt s s~ WEIGHTED<=6 $$ t t~ h @2 with process u d~ > ta+ vt c c~ WEIGHTED<=6 $$ t t~ h @2 
INFO: Combined process u d~ > ta+ vt b d~ WEIGHTED<=6 $$ t t~ h @2 with process u c~ > ta+ vt b c~ WEIGHTED<=6 $$ t t~ h @2 
INFO: Combined process u d~ > ta+ vt b b~ WEIGHTED<=6 $$ t t~ h @2 with process u d~ > ta+ vt c c~ WEIGHTED<=6 $$ t t~ h @2 
INFO: Generating Helas calls for process: u s~ > ta+ vt u c~ WEIGHTED<=6 $$ t t~ h @2 
INFO: Reusing existing color information for process: u s~ > ta+ vt u c~ $$ t t~ h @2 
INFO: Generating Helas calls for process: u s~ > ta+ vt c c~ WEIGHTED<=6 $$ t t~ h @2 
INFO: Reusing existing color information for process: u s~ > ta+ vt c c~ $$ t t~ h @2 
INFO: Combined process u s~ > ta+ vt d d~ WEIGHTED<=6 $$ t t~ h @2 with process u s~ > ta+ vt c c~ WEIGHTED<=6 $$ t t~ h @2 
INFO: Combined process u s~ > ta+ vt d s~ WEIGHTED<=6 $$ t t~ h @2 with process u c~ > ta+ vt d c~ WEIGHTED<=6 $$ t t~ h @2 
INFO: Combined process u s~ > ta+ vt b s~ WEIGHTED<=6 $$ t t~ h @2 with process u c~ > ta+ vt b c~ WEIGHTED<=6 $$ t t~ h @2 
INFO: Combined process u s~ > ta+ vt b b~ WEIGHTED<=6 $$ t t~ h @2 with process u s~ > ta+ vt c c~ WEIGHTED<=6 $$ t t~ h @2 
INFO: Combined process u b > ta+ vt b d WEIGHTED<=6 $$ t t~ h @2 with process u c > ta+ vt c d WEIGHTED<=6 $$ t t~ h @2 
INFO: Combined process u b > ta+ vt b s WEIGHTED<=6 $$ t t~ h @2 with process u c > ta+ vt c s WEIGHTED<=6 $$ t t~ h @2 
INFO: Generating Helas calls for process: u b~ > ta+ vt u c~ WEIGHTED<=6 $$ t t~ h @2 
INFO: Reusing existing color information for process: u b~ > ta+ vt u c~ $$ t t~ h @2 
INFO: Generating Helas calls for process: u b~ > ta+ vt c c~ WEIGHTED<=6 $$ t t~ h @2 
INFO: Reusing existing color information for process: u b~ > ta+ vt c c~ $$ t t~ h @2 
INFO: Combined process u b~ > ta+ vt d d~ WEIGHTED<=6 $$ t t~ h @2 with process u b~ > ta+ vt c c~ WEIGHTED<=6 $$ t t~ h @2 
INFO: Combined process u b~ > ta+ vt d b~ WEIGHTED<=6 $$ t t~ h @2 with process u c~ > ta+ vt d c~ WEIGHTED<=6 $$ t t~ h @2 
INFO: Combined process u b~ > ta+ vt s s~ WEIGHTED<=6 $$ t t~ h @2 with process u b~ > ta+ vt c c~ WEIGHTED<=6 $$ t t~ h @2 
INFO: Combined process u b~ > ta+ vt s b~ WEIGHTED<=6 $$ t t~ h @2 with process u c~ > ta+ vt s c~ WEIGHTED<=6 $$ t t~ h @2 
INFO: Combined process c d > ta+ vt d s WEIGHTED<=6 $$ t t~ h @2 with process u c > ta+ vt c d WEIGHTED<=6 $$ t t~ h @2 
INFO: Generating Helas calls for process: c d > ta+ vt d b WEIGHTED<=6 $$ t t~ h @2 
INFO: Reusing existing color information for process: c d > ta+ vt d b $$ t t~ h @2 
INFO: Generating Helas calls for process: c s > ta+ vt d s WEIGHTED<=6 $$ t t~ h @2 
INFO: Processing color information for process: c s > ta+ vt d s $$ t t~ h @2 
INFO: Combined process c s > ta+ vt s b WEIGHTED<=6 $$ t t~ h @2 with process c d > ta+ vt d b WEIGHTED<=6 $$ t t~ h @2 
INFO: Generating Helas calls for process: c u~ > ta+ vt d u~ WEIGHTED<=6 $$ t t~ h @2 
INFO: Reusing existing color information for process: c u~ > ta+ vt d u~ $$ t t~ h @2 
INFO: Combined process c u~ > ta+ vt s u~ WEIGHTED<=6 $$ t t~ h @2 with process u c~ > ta+ vt d c~ WEIGHTED<=6 $$ t t~ h @2 
INFO: Generating Helas calls for process: c u~ > ta+ vt b u~ WEIGHTED<=6 $$ t t~ h @2 
INFO: Reusing existing color information for process: c u~ > ta+ vt b u~ $$ t t~ h @2 
INFO: Combined process c c~ > ta+ vt d u~ WEIGHTED<=6 $$ t t~ h @2 with process u u~ > ta+ vt s c~ WEIGHTED<=6 $$ t t~ h @2 
INFO: Generating Helas calls for process: c c~ > ta+ vt s u~ WEIGHTED<=6 $$ t t~ h @2 
INFO: Reusing existing color information for process: c c~ > ta+ vt s u~ $$ t t~ h @2 
INFO: Generating Helas calls for process: c c~ > ta+ vt b u~ WEIGHTED<=6 $$ t t~ h @2 
INFO: Reusing existing color information for process: c c~ > ta+ vt b u~ $$ t t~ h @2 
INFO: Generating Helas calls for process: c d~ > ta+ vt u u~ WEIGHTED<=6 $$ t t~ h @2 
INFO: Reusing existing color information for process: c d~ > ta+ vt u u~ $$ t t~ h @2 
INFO: Combined process c d~ > ta+ vt c u~ WEIGHTED<=6 $$ t t~ h @2 with process u s~ > ta+ vt u c~ WEIGHTED<=6 $$ t t~ h @2 
INFO: Combined process c d~ > ta+ vt s d~ WEIGHTED<=6 $$ t t~ h @2 with process u c~ > ta+ vt d c~ WEIGHTED<=6 $$ t t~ h @2 
INFO: Combined process c d~ > ta+ vt s s~ WEIGHTED<=6 $$ t t~ h @2 with process c d~ > ta+ vt u u~ WEIGHTED<=6 $$ t t~ h @2 
INFO: Combined process c d~ > ta+ vt b d~ WEIGHTED<=6 $$ t t~ h @2 with process c u~ > ta+ vt b u~ WEIGHTED<=6 $$ t t~ h @2 
INFO: Combined process c d~ > ta+ vt b b~ WEIGHTED<=6 $$ t t~ h @2 with process c d~ > ta+ vt u u~ WEIGHTED<=6 $$ t t~ h @2 
INFO: Combined process c s~ > ta+ vt u u~ WEIGHTED<=6 $$ t t~ h @2 with process u d~ > ta+ vt c c~ WEIGHTED<=6 $$ t t~ h @2 
INFO: Generating Helas calls for process: c s~ > ta+ vt c u~ WEIGHTED<=6 $$ t t~ h @2 
INFO: Reusing existing color information for process: c s~ > ta+ vt c u~ $$ t t~ h @2 
INFO: Combined process c s~ > ta+ vt d d~ WEIGHTED<=6 $$ t t~ h @2 with process u d~ > ta+ vt c c~ WEIGHTED<=6 $$ t t~ h @2 
INFO: Combined process c s~ > ta+ vt d s~ WEIGHTED<=6 $$ t t~ h @2 with process c u~ > ta+ vt d u~ WEIGHTED<=6 $$ t t~ h @2 
INFO: Combined process c s~ > ta+ vt b s~ WEIGHTED<=6 $$ t t~ h @2 with process c u~ > ta+ vt b u~ WEIGHTED<=6 $$ t t~ h @2 
INFO: Combined process c s~ > ta+ vt b b~ WEIGHTED<=6 $$ t t~ h @2 with process u d~ > ta+ vt c c~ WEIGHTED<=6 $$ t t~ h @2 
INFO: Combined process c b > ta+ vt d b WEIGHTED<=6 $$ t t~ h @2 with process c s > ta+ vt d s WEIGHTED<=6 $$ t t~ h @2 
INFO: Combined process c b > ta+ vt b s WEIGHTED<=6 $$ t t~ h @2 with process u c > ta+ vt c d WEIGHTED<=6 $$ t t~ h @2 
INFO: Generating Helas calls for process: c b~ > ta+ vt u u~ WEIGHTED<=6 $$ t t~ h @2 
INFO: Reusing existing color information for process: c b~ > ta+ vt u u~ $$ t t~ h @2 
INFO: Generating Helas calls for process: c b~ > ta+ vt c u~ WEIGHTED<=6 $$ t t~ h @2 
INFO: Reusing existing color information for process: c b~ > ta+ vt c u~ $$ t t~ h @2 
INFO: Combined process c b~ > ta+ vt d d~ WEIGHTED<=6 $$ t t~ h @2 with process c b~ > ta+ vt u u~ WEIGHTED<=6 $$ t t~ h @2 
INFO: Combined process c b~ > ta+ vt d b~ WEIGHTED<=6 $$ t t~ h @2 with process c u~ > ta+ vt d u~ WEIGHTED<=6 $$ t t~ h @2 
INFO: Combined process c b~ > ta+ vt s s~ WEIGHTED<=6 $$ t t~ h @2 with process c b~ > ta+ vt u u~ WEIGHTED<=6 $$ t t~ h @2 
INFO: Combined process c b~ > ta+ vt s b~ WEIGHTED<=6 $$ t t~ h @2 with process u c~ > ta+ vt d c~ WEIGHTED<=6 $$ t t~ h @2 
INFO: Combined process d d~ > ta+ vt s u~ WEIGHTED<=6 $$ t t~ h @2 with process c c~ > ta+ vt s u~ WEIGHTED<=6 $$ t t~ h @2 
INFO: Combined process d d~ > ta+ vt s c~ WEIGHTED<=6 $$ t t~ h @2 with process u u~ > ta+ vt s c~ WEIGHTED<=6 $$ t t~ h @2 
INFO: Combined process d d~ > ta+ vt b u~ WEIGHTED<=6 $$ t t~ h @2 with process c c~ > ta+ vt b u~ WEIGHTED<=6 $$ t t~ h @2 
INFO: Combined process d d~ > ta+ vt b c~ WEIGHTED<=6 $$ t t~ h @2 with process u u~ > ta+ vt b c~ WEIGHTED<=6 $$ t t~ h @2 
INFO: Combined process d s~ > ta+ vt d u~ WEIGHTED<=6 $$ t t~ h @2 with process c s~ > ta+ vt c u~ WEIGHTED<=6 $$ t t~ h @2 
INFO: Combined process d s~ > ta+ vt d c~ WEIGHTED<=6 $$ t t~ h @2 with process u s~ > ta+ vt u c~ WEIGHTED<=6 $$ t t~ h @2 
INFO: Combined process d b~ > ta+ vt d u~ WEIGHTED<=6 $$ t t~ h @2 with process c b~ > ta+ vt c u~ WEIGHTED<=6 $$ t t~ h @2 
INFO: Combined process d b~ > ta+ vt d c~ WEIGHTED<=6 $$ t t~ h @2 with process u b~ > ta+ vt u c~ WEIGHTED<=6 $$ t t~ h @2 
INFO: Combined process s d~ > ta+ vt s u~ WEIGHTED<=6 $$ t t~ h @2 with process u s~ > ta+ vt u c~ WEIGHTED<=6 $$ t t~ h @2 
INFO: Combined process s d~ > ta+ vt s c~ WEIGHTED<=6 $$ t t~ h @2 with process u d~ > ta+ vt u c~ WEIGHTED<=6 $$ t t~ h @2 
INFO: Combined process s s~ > ta+ vt d u~ WEIGHTED<=6 $$ t t~ h @2 with process u u~ > ta+ vt s c~ WEIGHTED<=6 $$ t t~ h @2 
INFO: Combined process s s~ > ta+ vt d c~ WEIGHTED<=6 $$ t t~ h @2 with process u u~ > ta+ vt d c~ WEIGHTED<=6 $$ t t~ h @2 
INFO: Combined process s s~ > ta+ vt b u~ WEIGHTED<=6 $$ t t~ h @2 with process c c~ > ta+ vt b u~ WEIGHTED<=6 $$ t t~ h @2 
INFO: Combined process s s~ > ta+ vt b c~ WEIGHTED<=6 $$ t t~ h @2 with process u u~ > ta+ vt b c~ WEIGHTED<=6 $$ t t~ h @2 
INFO: Combined process s b~ > ta+ vt s u~ WEIGHTED<=6 $$ t t~ h @2 with process c b~ > ta+ vt c u~ WEIGHTED<=6 $$ t t~ h @2 
INFO: Combined process s b~ > ta+ vt s c~ WEIGHTED<=6 $$ t t~ h @2 with process u b~ > ta+ vt u c~ WEIGHTED<=6 $$ t t~ h @2 
INFO: Generating Helas calls for process: u~ d~ > ta+ vt u~ c~ WEIGHTED<=6 $$ t t~ h @2 
INFO: Processing color information for process: u~ d~ > ta+ vt u~ c~ $$ t t~ h @2 
INFO: Generating Helas calls for process: u~ s~ > ta+ vt u~ c~ WEIGHTED<=6 $$ t t~ h @2 
INFO: Reusing existing color information for process: u~ s~ > ta+ vt u~ c~ $$ t t~ h @2 
INFO: Generating Helas calls for process: u~ b~ > ta+ vt u~ c~ WEIGHTED<=6 $$ t t~ h @2 
INFO: Reusing existing color information for process: u~ b~ > ta+ vt u~ c~ $$ t t~ h @2 
INFO: Combined process c~ d~ > ta+ vt c~ u~ WEIGHTED<=6 $$ t t~ h @2 with process u~ s~ > ta+ vt u~ c~ WEIGHTED<=6 $$ t t~ h @2 
INFO: Generating Helas calls for process: c~ s~ > ta+ vt u~ c~ WEIGHTED<=6 $$ t t~ h @2 
INFO: Processing color information for process: c~ s~ > ta+ vt u~ c~ $$ t t~ h @2 
INFO: Generating Helas calls for process: c~ b~ > ta+ vt u~ c~ WEIGHTED<=6 $$ t t~ h @2 
INFO: Reusing existing color information for process: c~ b~ > ta+ vt u~ c~ $$ t t~ h @2 
INFO: Combined process d~ s~ > ta+ vt u~ d~ WEIGHTED<=6 $$ t t~ h @2 with process c~ s~ > ta+ vt u~ c~ WEIGHTED<=6 $$ t t~ h @2 
INFO: Generating Helas calls for process: d~ s~ > ta+ vt u~ s~ WEIGHTED<=6 $$ t t~ h @2 
INFO: Processing color information for process: d~ s~ > ta+ vt u~ s~ $$ t t~ h @2 
INFO: Combined process d~ s~ > ta+ vt d~ c~ WEIGHTED<=6 $$ t t~ h @2 with process u~ s~ > ta+ vt u~ c~ WEIGHTED<=6 $$ t t~ h @2 
INFO: Generating Helas calls for process: d~ s~ > ta+ vt c~ s~ WEIGHTED<=6 $$ t t~ h @2 
INFO: Reusing existing color information for process: d~ s~ > ta+ vt c~ s~ $$ t t~ h @2 
INFO: Generating Helas calls for process: d~ b > ta+ vt b u~ WEIGHTED<=6 $$ t t~ h @2 
INFO: Processing color information for process: d~ b > ta+ vt b u~ $$ t t~ h @2 
INFO: Generating Helas calls for process: d~ b > ta+ vt b c~ WEIGHTED<=6 $$ t t~ h @2 
INFO: Reusing existing color information for process: d~ b > ta+ vt b c~ $$ t t~ h @2 
INFO: Combined process d~ b~ > ta+ vt u~ d~ WEIGHTED<=6 $$ t t~ h @2 with process c~ b~ > ta+ vt u~ c~ WEIGHTED<=6 $$ t t~ h @2 
INFO: Combined process d~ b~ > ta+ vt u~ b~ WEIGHTED<=6 $$ t t~ h @2 with process d~ s~ > ta+ vt u~ s~ WEIGHTED<=6 $$ t t~ h @2 
INFO: Combined process d~ b~ > ta+ vt d~ c~ WEIGHTED<=6 $$ t t~ h @2 with process u~ b~ > ta+ vt u~ c~ WEIGHTED<=6 $$ t t~ h @2 
INFO: Combined process d~ b~ > ta+ vt c~ b~ WEIGHTED<=6 $$ t t~ h @2 with process d~ s~ > ta+ vt c~ s~ WEIGHTED<=6 $$ t t~ h @2 
INFO: Generating Helas calls for process: s~ b > ta+ vt b u~ WEIGHTED<=6 $$ t t~ h @2 
INFO: Reusing existing color information for process: s~ b > ta+ vt b u~ $$ t t~ h @2 
INFO: Combined process s~ b > ta+ vt b c~ WEIGHTED<=6 $$ t t~ h @2 with process d~ b > ta+ vt b u~ WEIGHTED<=6 $$ t t~ h @2 
INFO: Combined process s~ b~ > ta+ vt u~ s~ WEIGHTED<=6 $$ t t~ h @2 with process c~ b~ > ta+ vt u~ c~ WEIGHTED<=6 $$ t t~ h @2 
INFO: Generating Helas calls for process: s~ b~ > ta+ vt u~ b~ WEIGHTED<=6 $$ t t~ h @2 
INFO: Reusing existing color information for process: s~ b~ > ta+ vt u~ b~ $$ t t~ h @2 
INFO: Combined process s~ b~ > ta+ vt s~ c~ WEIGHTED<=6 $$ t t~ h @2 with process u~ b~ > ta+ vt u~ c~ WEIGHTED<=6 $$ t t~ h @2 
INFO: Combined process s~ b~ > ta+ vt c~ b~ WEIGHTED<=6 $$ t t~ h @2 with process d~ s~ > ta+ vt u~ s~ WEIGHTED<=6 $$ t t~ h @2 
INFO: Combined process b b~ > ta+ vt d u~ WEIGHTED<=6 $$ t t~ h @2 with process u u~ > ta+ vt s c~ WEIGHTED<=6 $$ t t~ h @2 
INFO: Combined process b b~ > ta+ vt d c~ WEIGHTED<=6 $$ t t~ h @2 with process u u~ > ta+ vt d c~ WEIGHTED<=6 $$ t t~ h @2 
INFO: Combined process b b~ > ta+ vt s u~ WEIGHTED<=6 $$ t t~ h @2 with process c c~ > ta+ vt s u~ WEIGHTED<=6 $$ t t~ h @2 
INFO: Combined process b b~ > ta+ vt s c~ WEIGHTED<=6 $$ t t~ h @2 with process u u~ > ta+ vt s c~ WEIGHTED<=6 $$ t t~ h @2 
INFO: Generating Helas calls for process: u d > e- ve~ u u WEIGHTED<=6 $$ t t~ h @7 
INFO: Processing color information for process: u d > e- ve~ u u $$ t t~ h @7 
INFO: Combined process u d > mu- vm~ u u WEIGHTED<=6 $$ t t~ h @7 with process u d > e- ve~ u u WEIGHTED<=6 $$ t t~ h @7 
INFO: Generating Helas calls for process: u s > e- ve~ u u WEIGHTED<=6 $$ t t~ h @7 
INFO: Reusing existing color information for process: u s > e- ve~ u u $$ t t~ h @7 
INFO: Combined process u s > mu- vm~ u u WEIGHTED<=6 $$ t t~ h @7 with process u s > e- ve~ u u WEIGHTED<=6 $$ t t~ h @7 
INFO: Generating Helas calls for process: u u~ > e- ve~ u d~ WEIGHTED<=6 $$ t t~ h @7 
INFO: Processing color information for process: u u~ > e- ve~ u d~ $$ t t~ h @7 
INFO: Generating Helas calls for process: u u~ > e- ve~ u s~ WEIGHTED<=6 $$ t t~ h @7 
INFO: Reusing existing color information for process: u u~ > e- ve~ u s~ $$ t t~ h @7 
INFO: Generating Helas calls for process: u u~ > e- ve~ u b~ WEIGHTED<=6 $$ t t~ h @7 
INFO: Reusing existing color information for process: u u~ > e- ve~ u b~ $$ t t~ h @7 
INFO: Combined process u u~ > mu- vm~ u d~ WEIGHTED<=6 $$ t t~ h @7 with process u u~ > e- ve~ u d~ WEIGHTED<=6 $$ t t~ h @7 
INFO: Combined process u u~ > mu- vm~ u s~ WEIGHTED<=6 $$ t t~ h @7 with process u u~ > e- ve~ u s~ WEIGHTED<=6 $$ t t~ h @7 
INFO: Combined process u u~ > mu- vm~ u b~ WEIGHTED<=6 $$ t t~ h @7 with process u u~ > e- ve~ u b~ WEIGHTED<=6 $$ t t~ h @7 
INFO: Generating Helas calls for process: u b > e- ve~ u u WEIGHTED<=6 $$ t t~ h @7 
INFO: Reusing existing color information for process: u b > e- ve~ u u $$ t t~ h @7 
INFO: Combined process u b > mu- vm~ u u WEIGHTED<=6 $$ t t~ h @7 with process u b > e- ve~ u u WEIGHTED<=6 $$ t t~ h @7 
INFO: Generating Helas calls for process: c d > e- ve~ c c WEIGHTED<=6 $$ t t~ h @7 
INFO: Reusing existing color information for process: c d > e- ve~ c c $$ t t~ h @7 
INFO: Combined process c d > mu- vm~ c c WEIGHTED<=6 $$ t t~ h @7 with process c d > e- ve~ c c WEIGHTED<=6 $$ t t~ h @7 
INFO: Combined process c s > e- ve~ c c WEIGHTED<=6 $$ t t~ h @7 with process u d > e- ve~ u u WEIGHTED<=6 $$ t t~ h @7 
INFO: Combined process c s > mu- vm~ c c WEIGHTED<=6 $$ t t~ h @7 with process u d > e- ve~ u u WEIGHTED<=6 $$ t t~ h @7 
INFO: Generating Helas calls for process: c c~ > e- ve~ c d~ WEIGHTED<=6 $$ t t~ h @7 
INFO: Reusing existing color information for process: c c~ > e- ve~ c d~ $$ t t~ h @7 
INFO: Combined process c c~ > e- ve~ c s~ WEIGHTED<=6 $$ t t~ h @7 with process u u~ > e- ve~ u d~ WEIGHTED<=6 $$ t t~ h @7 
INFO: Generating Helas calls for process: c c~ > e- ve~ c b~ WEIGHTED<=6 $$ t t~ h @7 
INFO: Reusing existing color information for process: c c~ > e- ve~ c b~ $$ t t~ h @7 
INFO: Combined process c c~ > mu- vm~ c d~ WEIGHTED<=6 $$ t t~ h @7 with process c c~ > e- ve~ c d~ WEIGHTED<=6 $$ t t~ h @7 
INFO: Combined process c c~ > mu- vm~ c s~ WEIGHTED<=6 $$ t t~ h @7 with process u u~ > e- ve~ u d~ WEIGHTED<=6 $$ t t~ h @7 
INFO: Combined process c c~ > mu- vm~ c b~ WEIGHTED<=6 $$ t t~ h @7 with process c c~ > e- ve~ c b~ WEIGHTED<=6 $$ t t~ h @7 
INFO: Generating Helas calls for process: c b > e- ve~ c c WEIGHTED<=6 $$ t t~ h @7 
INFO: Reusing existing color information for process: c b > e- ve~ c c $$ t t~ h @7 
INFO: Combined process c b > mu- vm~ c c WEIGHTED<=6 $$ t t~ h @7 with process c b > e- ve~ c c WEIGHTED<=6 $$ t t~ h @7 
INFO: Generating Helas calls for process: d d > e- ve~ u d WEIGHTED<=6 $$ t t~ h @7 
INFO: Processing color information for process: d d > e- ve~ u d $$ t t~ h @7 
INFO: Generating Helas calls for process: d d > e- ve~ c d WEIGHTED<=6 $$ t t~ h @7 
INFO: Reusing existing color information for process: d d > e- ve~ c d $$ t t~ h @7 
INFO: Combined process d d > mu- vm~ u d WEIGHTED<=6 $$ t t~ h @7 with process d d > e- ve~ u d WEIGHTED<=6 $$ t t~ h @7 
INFO: Combined process d d > mu- vm~ c d WEIGHTED<=6 $$ t t~ h @7 with process d d > e- ve~ c d WEIGHTED<=6 $$ t t~ h @7 
INFO: Generating Helas calls for process: d u~ > e- ve~ u u~ WEIGHTED<=6 $$ t t~ h @7 
INFO: Processing color information for process: d u~ > e- ve~ u u~ $$ t t~ h @7 
INFO: Generating Helas calls for process: d u~ > e- ve~ d d~ WEIGHTED<=6 $$ t t~ h @7 
INFO: Processing color information for process: d u~ > e- ve~ d d~ $$ t t~ h @7 
INFO: Combined process d u~ > mu- vm~ u u~ WEIGHTED<=6 $$ t t~ h @7 with process d u~ > e- ve~ u u~ WEIGHTED<=6 $$ t t~ h @7 
INFO: Combined process d u~ > mu- vm~ d d~ WEIGHTED<=6 $$ t t~ h @7 with process d u~ > e- ve~ d d~ WEIGHTED<=6 $$ t t~ h @7 
INFO: Generating Helas calls for process: d c~ > e- ve~ c c~ WEIGHTED<=6 $$ t t~ h @7 
INFO: Reusing existing color information for process: d c~ > e- ve~ c c~ $$ t t~ h @7 
INFO: Generating Helas calls for process: d c~ > e- ve~ d d~ WEIGHTED<=6 $$ t t~ h @7 
INFO: Reusing existing color information for process: d c~ > e- ve~ d d~ $$ t t~ h @7 
INFO: Combined process d c~ > mu- vm~ c c~ WEIGHTED<=6 $$ t t~ h @7 with process d c~ > e- ve~ c c~ WEIGHTED<=6 $$ t t~ h @7 
INFO: Combined process d c~ > mu- vm~ d d~ WEIGHTED<=6 $$ t t~ h @7 with process d c~ > e- ve~ d d~ WEIGHTED<=6 $$ t t~ h @7 
INFO: Generating Helas calls for process: d d~ > e- ve~ u d~ WEIGHTED<=6 $$ t t~ h @7 
INFO: Processing color information for process: d d~ > e- ve~ u d~ $$ t t~ h @7 
INFO: Generating Helas calls for process: d d~ > e- ve~ c d~ WEIGHTED<=6 $$ t t~ h @7 
INFO: Reusing existing color information for process: d d~ > e- ve~ c d~ $$ t t~ h @7 
INFO: Combined process d d~ > mu- vm~ u d~ WEIGHTED<=6 $$ t t~ h @7 with process d d~ > e- ve~ u d~ WEIGHTED<=6 $$ t t~ h @7 
INFO: Combined process d d~ > mu- vm~ c d~ WEIGHTED<=6 $$ t t~ h @7 with process d d~ > e- ve~ c d~ WEIGHTED<=6 $$ t t~ h @7 
INFO: Generating Helas calls for process: s s > e- ve~ u s WEIGHTED<=6 $$ t t~ h @7 
INFO: Reusing existing color information for process: s s > e- ve~ u s $$ t t~ h @7 
INFO: Combined process s s > e- ve~ c s WEIGHTED<=6 $$ t t~ h @7 with process d d > e- ve~ u d WEIGHTED<=6 $$ t t~ h @7 
INFO: Combined process s s > mu- vm~ u s WEIGHTED<=6 $$ t t~ h @7 with process s s > e- ve~ u s WEIGHTED<=6 $$ t t~ h @7 
INFO: Combined process s s > mu- vm~ c s WEIGHTED<=6 $$ t t~ h @7 with process d d > e- ve~ u d WEIGHTED<=6 $$ t t~ h @7 
INFO: Generating Helas calls for process: s u~ > e- ve~ u u~ WEIGHTED<=6 $$ t t~ h @7 
INFO: Reusing existing color information for process: s u~ > e- ve~ u u~ $$ t t~ h @7 
INFO: Generating Helas calls for process: s u~ > e- ve~ s s~ WEIGHTED<=6 $$ t t~ h @7 
INFO: Reusing existing color information for process: s u~ > e- ve~ s s~ $$ t t~ h @7 
INFO: Combined process s u~ > mu- vm~ u u~ WEIGHTED<=6 $$ t t~ h @7 with process s u~ > e- ve~ u u~ WEIGHTED<=6 $$ t t~ h @7 
INFO: Combined process s u~ > mu- vm~ s s~ WEIGHTED<=6 $$ t t~ h @7 with process s u~ > e- ve~ s s~ WEIGHTED<=6 $$ t t~ h @7 
INFO: Combined process s c~ > e- ve~ c c~ WEIGHTED<=6 $$ t t~ h @7 with process d u~ > e- ve~ u u~ WEIGHTED<=6 $$ t t~ h @7 
INFO: Combined process s c~ > e- ve~ s s~ WEIGHTED<=6 $$ t t~ h @7 with process d u~ > e- ve~ d d~ WEIGHTED<=6 $$ t t~ h @7 
INFO: Combined process s c~ > mu- vm~ c c~ WEIGHTED<=6 $$ t t~ h @7 with process d u~ > e- ve~ u u~ WEIGHTED<=6 $$ t t~ h @7 
INFO: Combined process s c~ > mu- vm~ s s~ WEIGHTED<=6 $$ t t~ h @7 with process d u~ > e- ve~ d d~ WEIGHTED<=6 $$ t t~ h @7 
INFO: Generating Helas calls for process: s s~ > e- ve~ u s~ WEIGHTED<=6 $$ t t~ h @7 
INFO: Reusing existing color information for process: s s~ > e- ve~ u s~ $$ t t~ h @7 
INFO: Combined process s s~ > e- ve~ c s~ WEIGHTED<=6 $$ t t~ h @7 with process d d~ > e- ve~ u d~ WEIGHTED<=6 $$ t t~ h @7 
INFO: Combined process s s~ > mu- vm~ u s~ WEIGHTED<=6 $$ t t~ h @7 with process s s~ > e- ve~ u s~ WEIGHTED<=6 $$ t t~ h @7 
INFO: Combined process s s~ > mu- vm~ c s~ WEIGHTED<=6 $$ t t~ h @7 with process d d~ > e- ve~ u d~ WEIGHTED<=6 $$ t t~ h @7 
INFO: Generating Helas calls for process: u~ u~ > e- ve~ u~ d~ WEIGHTED<=6 $$ t t~ h @7 
INFO: Processing color information for process: u~ u~ > e- ve~ u~ d~ $$ t t~ h @7 
INFO: Generating Helas calls for process: u~ u~ > e- ve~ u~ s~ WEIGHTED<=6 $$ t t~ h @7 
INFO: Reusing existing color information for process: u~ u~ > e- ve~ u~ s~ $$ t t~ h @7 
INFO: Generating Helas calls for process: u~ u~ > e- ve~ u~ b~ WEIGHTED<=6 $$ t t~ h @7 
INFO: Reusing existing color information for process: u~ u~ > e- ve~ u~ b~ $$ t t~ h @7 
INFO: Combined process u~ u~ > mu- vm~ u~ d~ WEIGHTED<=6 $$ t t~ h @7 with process u~ u~ > e- ve~ u~ d~ WEIGHTED<=6 $$ t t~ h @7 
INFO: Combined process u~ u~ > mu- vm~ u~ s~ WEIGHTED<=6 $$ t t~ h @7 with process u~ u~ > e- ve~ u~ s~ WEIGHTED<=6 $$ t t~ h @7 
INFO: Combined process u~ u~ > mu- vm~ u~ b~ WEIGHTED<=6 $$ t t~ h @7 with process u~ u~ > e- ve~ u~ b~ WEIGHTED<=6 $$ t t~ h @7 
INFO: Generating Helas calls for process: u~ d~ > e- ve~ d~ d~ WEIGHTED<=6 $$ t t~ h @7 
INFO: Processing color information for process: u~ d~ > e- ve~ d~ d~ $$ t t~ h @7 
INFO: Combined process u~ d~ > mu- vm~ d~ d~ WEIGHTED<=6 $$ t t~ h @7 with process u~ d~ > e- ve~ d~ d~ WEIGHTED<=6 $$ t t~ h @7 
INFO: Generating Helas calls for process: u~ s~ > e- ve~ s~ s~ WEIGHTED<=6 $$ t t~ h @7 
INFO: Reusing existing color information for process: u~ s~ > e- ve~ s~ s~ $$ t t~ h @7 
INFO: Combined process u~ s~ > mu- vm~ s~ s~ WEIGHTED<=6 $$ t t~ h @7 with process u~ s~ > e- ve~ s~ s~ WEIGHTED<=6 $$ t t~ h @7 
INFO: Generating Helas calls for process: u~ b > e- ve~ u u~ WEIGHTED<=6 $$ t t~ h @7 
INFO: Processing color information for process: u~ b > e- ve~ u u~ $$ t t~ h @7 
INFO: Generating Helas calls for process: u~ b > e- ve~ b b~ WEIGHTED<=6 $$ t t~ h @7 
INFO: Processing color information for process: u~ b > e- ve~ b b~ $$ t t~ h @7 
INFO: Combined process u~ b > mu- vm~ u u~ WEIGHTED<=6 $$ t t~ h @7 with process u~ b > e- ve~ u u~ WEIGHTED<=6 $$ t t~ h @7 
INFO: Combined process u~ b > mu- vm~ b b~ WEIGHTED<=6 $$ t t~ h @7 with process u~ b > e- ve~ b b~ WEIGHTED<=6 $$ t t~ h @7 
INFO: Generating Helas calls for process: u~ b~ > e- ve~ b~ b~ WEIGHTED<=6 $$ t t~ h @7 
INFO: Reusing existing color information for process: u~ b~ > e- ve~ b~ b~ $$ t t~ h @7 
INFO: Combined process u~ b~ > mu- vm~ b~ b~ WEIGHTED<=6 $$ t t~ h @7 with process u~ b~ > e- ve~ b~ b~ WEIGHTED<=6 $$ t t~ h @7 
INFO: Generating Helas calls for process: c~ c~ > e- ve~ c~ d~ WEIGHTED<=6 $$ t t~ h @7 
INFO: Reusing existing color information for process: c~ c~ > e- ve~ c~ d~ $$ t t~ h @7 
INFO: Combined process c~ c~ > e- ve~ c~ s~ WEIGHTED<=6 $$ t t~ h @7 with process u~ u~ > e- ve~ u~ d~ WEIGHTED<=6 $$ t t~ h @7 
INFO: Generating Helas calls for process: c~ c~ > e- ve~ c~ b~ WEIGHTED<=6 $$ t t~ h @7 
INFO: Reusing existing color information for process: c~ c~ > e- ve~ c~ b~ $$ t t~ h @7 
INFO: Combined process c~ c~ > mu- vm~ c~ d~ WEIGHTED<=6 $$ t t~ h @7 with process c~ c~ > e- ve~ c~ d~ WEIGHTED<=6 $$ t t~ h @7 
INFO: Combined process c~ c~ > mu- vm~ c~ s~ WEIGHTED<=6 $$ t t~ h @7 with process u~ u~ > e- ve~ u~ d~ WEIGHTED<=6 $$ t t~ h @7 
INFO: Combined process c~ c~ > mu- vm~ c~ b~ WEIGHTED<=6 $$ t t~ h @7 with process c~ c~ > e- ve~ c~ b~ WEIGHTED<=6 $$ t t~ h @7 
INFO: Generating Helas calls for process: c~ d~ > e- ve~ d~ d~ WEIGHTED<=6 $$ t t~ h @7 
INFO: Reusing existing color information for process: c~ d~ > e- ve~ d~ d~ $$ t t~ h @7 
INFO: Combined process c~ d~ > mu- vm~ d~ d~ WEIGHTED<=6 $$ t t~ h @7 with process c~ d~ > e- ve~ d~ d~ WEIGHTED<=6 $$ t t~ h @7 
INFO: Combined process c~ s~ > e- ve~ s~ s~ WEIGHTED<=6 $$ t t~ h @7 with process u~ d~ > e- ve~ d~ d~ WEIGHTED<=6 $$ t t~ h @7 
INFO: Combined process c~ s~ > mu- vm~ s~ s~ WEIGHTED<=6 $$ t t~ h @7 with process u~ d~ > e- ve~ d~ d~ WEIGHTED<=6 $$ t t~ h @7 
INFO: Generating Helas calls for process: c~ b > e- ve~ c c~ WEIGHTED<=6 $$ t t~ h @7 
INFO: Reusing existing color information for process: c~ b > e- ve~ c c~ $$ t t~ h @7 
INFO: Generating Helas calls for process: c~ b > e- ve~ b b~ WEIGHTED<=6 $$ t t~ h @7 
INFO: Reusing existing color information for process: c~ b > e- ve~ b b~ $$ t t~ h @7 
INFO: Combined process c~ b > mu- vm~ c c~ WEIGHTED<=6 $$ t t~ h @7 with process c~ b > e- ve~ c c~ WEIGHTED<=6 $$ t t~ h @7 
INFO: Combined process c~ b > mu- vm~ b b~ WEIGHTED<=6 $$ t t~ h @7 with process c~ b > e- ve~ b b~ WEIGHTED<=6 $$ t t~ h @7 
INFO: Generating Helas calls for process: c~ b~ > e- ve~ b~ b~ WEIGHTED<=6 $$ t t~ h @7 
INFO: Reusing existing color information for process: c~ b~ > e- ve~ b~ b~ $$ t t~ h @7 
INFO: Combined process c~ b~ > mu- vm~ b~ b~ WEIGHTED<=6 $$ t t~ h @7 with process c~ b~ > e- ve~ b~ b~ WEIGHTED<=6 $$ t t~ h @7 
INFO: Generating Helas calls for process: b b > e- ve~ u b WEIGHTED<=6 $$ t t~ h @7 
INFO: Reusing existing color information for process: b b > e- ve~ u b $$ t t~ h @7 
INFO: Generating Helas calls for process: b b > e- ve~ c b WEIGHTED<=6 $$ t t~ h @7 
INFO: Reusing existing color information for process: b b > e- ve~ c b $$ t t~ h @7 
INFO: Combined process b b > mu- vm~ u b WEIGHTED<=6 $$ t t~ h @7 with process b b > e- ve~ u b WEIGHTED<=6 $$ t t~ h @7 
INFO: Combined process b b > mu- vm~ c b WEIGHTED<=6 $$ t t~ h @7 with process b b > e- ve~ c b WEIGHTED<=6 $$ t t~ h @7 
INFO: Generating Helas calls for process: b b~ > e- ve~ u b~ WEIGHTED<=6 $$ t t~ h @7 
INFO: Reusing existing color information for process: b b~ > e- ve~ u b~ $$ t t~ h @7 
INFO: Generating Helas calls for process: b b~ > e- ve~ c b~ WEIGHTED<=6 $$ t t~ h @7 
INFO: Reusing existing color information for process: b b~ > e- ve~ c b~ $$ t t~ h @7 
INFO: Combined process b b~ > mu- vm~ u b~ WEIGHTED<=6 $$ t t~ h @7 with process b b~ > e- ve~ u b~ WEIGHTED<=6 $$ t t~ h @7 
INFO: Combined process b b~ > mu- vm~ c b~ WEIGHTED<=6 $$ t t~ h @7 with process b b~ > e- ve~ c b~ WEIGHTED<=6 $$ t t~ h @7 
INFO: Generating Helas calls for process: u d > e- ve~ u c WEIGHTED<=6 $$ t t~ h @7 
INFO: Processing color information for process: u d > e- ve~ u c $$ t t~ h @7 
INFO: Combined process u d > mu- vm~ u c WEIGHTED<=6 $$ t t~ h @7 with process u d > e- ve~ u c WEIGHTED<=6 $$ t t~ h @7 
INFO: Generating Helas calls for process: u s > e- ve~ u c WEIGHTED<=6 $$ t t~ h @7 
INFO: Reusing existing color information for process: u s > e- ve~ u c $$ t t~ h @7 
INFO: Combined process u s > mu- vm~ u c WEIGHTED<=6 $$ t t~ h @7 with process u s > e- ve~ u c WEIGHTED<=6 $$ t t~ h @7 
INFO: Generating Helas calls for process: u u~ > e- ve~ c d~ WEIGHTED<=6 $$ t t~ h @7 
INFO: Processing color information for process: u u~ > e- ve~ c d~ $$ t t~ h @7 
INFO: Generating Helas calls for process: u u~ > e- ve~ c s~ WEIGHTED<=6 $$ t t~ h @7 
INFO: Reusing existing color information for process: u u~ > e- ve~ c s~ $$ t t~ h @7 
INFO: Generating Helas calls for process: u u~ > e- ve~ c b~ WEIGHTED<=6 $$ t t~ h @7 
INFO: Reusing existing color information for process: u u~ > e- ve~ c b~ $$ t t~ h @7 
INFO: Combined process u u~ > mu- vm~ c d~ WEIGHTED<=6 $$ t t~ h @7 with process u u~ > e- ve~ c d~ WEIGHTED<=6 $$ t t~ h @7 
INFO: Combined process u u~ > mu- vm~ c s~ WEIGHTED<=6 $$ t t~ h @7 with process u u~ > e- ve~ c s~ WEIGHTED<=6 $$ t t~ h @7 
INFO: Combined process u u~ > mu- vm~ c b~ WEIGHTED<=6 $$ t t~ h @7 with process u u~ > e- ve~ c b~ WEIGHTED<=6 $$ t t~ h @7 
INFO: Generating Helas calls for process: u c~ > e- ve~ u d~ WEIGHTED<=6 $$ t t~ h @7 
INFO: Processing color information for process: u c~ > e- ve~ u d~ $$ t t~ h @7 
INFO: Generating Helas calls for process: u c~ > e- ve~ u s~ WEIGHTED<=6 $$ t t~ h @7 
INFO: Reusing existing color information for process: u c~ > e- ve~ u s~ $$ t t~ h @7 
INFO: Generating Helas calls for process: u c~ > e- ve~ u b~ WEIGHTED<=6 $$ t t~ h @7 
INFO: Reusing existing color information for process: u c~ > e- ve~ u b~ $$ t t~ h @7 
INFO: Combined process u c~ > mu- vm~ u d~ WEIGHTED<=6 $$ t t~ h @7 with process u c~ > e- ve~ u d~ WEIGHTED<=6 $$ t t~ h @7 
INFO: Combined process u c~ > mu- vm~ u s~ WEIGHTED<=6 $$ t t~ h @7 with process u c~ > e- ve~ u s~ WEIGHTED<=6 $$ t t~ h @7 
INFO: Combined process u c~ > mu- vm~ u b~ WEIGHTED<=6 $$ t t~ h @7 with process u c~ > e- ve~ u b~ WEIGHTED<=6 $$ t t~ h @7 
INFO: Generating Helas calls for process: u b > e- ve~ u c WEIGHTED<=6 $$ t t~ h @7 
INFO: Reusing existing color information for process: u b > e- ve~ u c $$ t t~ h @7 
INFO: Combined process u b > mu- vm~ u c WEIGHTED<=6 $$ t t~ h @7 with process u b > e- ve~ u c WEIGHTED<=6 $$ t t~ h @7 
INFO: Combined process c d > e- ve~ c u WEIGHTED<=6 $$ t t~ h @7 with process u s > e- ve~ u c WEIGHTED<=6 $$ t t~ h @7 
INFO: Combined process c d > mu- vm~ c u WEIGHTED<=6 $$ t t~ h @7 with process u s > e- ve~ u c WEIGHTED<=6 $$ t t~ h @7 
INFO: Generating Helas calls for process: c s > e- ve~ u c WEIGHTED<=6 $$ t t~ h @7 
INFO: Processing color information for process: c s > e- ve~ u c $$ t t~ h @7 
INFO: Combined process c s > mu- vm~ u c WEIGHTED<=6 $$ t t~ h @7 with process c s > e- ve~ u c WEIGHTED<=6 $$ t t~ h @7 
INFO: Combined process c u~ > e- ve~ c d~ WEIGHTED<=6 $$ t t~ h @7 with process u c~ > e- ve~ u s~ WEIGHTED<=6 $$ t t~ h @7 
INFO: Generating Helas calls for process: c u~ > e- ve~ c s~ WEIGHTED<=6 $$ t t~ h @7 
INFO: Reusing existing color information for process: c u~ > e- ve~ c s~ $$ t t~ h @7 
INFO: Generating Helas calls for process: c u~ > e- ve~ c b~ WEIGHTED<=6 $$ t t~ h @7 
INFO: Reusing existing color information for process: c u~ > e- ve~ c b~ $$ t t~ h @7 
INFO: Combined process c u~ > mu- vm~ c d~ WEIGHTED<=6 $$ t t~ h @7 with process u c~ > e- ve~ u s~ WEIGHTED<=6 $$ t t~ h @7 
INFO: Combined process c u~ > mu- vm~ c s~ WEIGHTED<=6 $$ t t~ h @7 with process c u~ > e- ve~ c s~ WEIGHTED<=6 $$ t t~ h @7 
INFO: Combined process c u~ > mu- vm~ c b~ WEIGHTED<=6 $$ t t~ h @7 with process c u~ > e- ve~ c b~ WEIGHTED<=6 $$ t t~ h @7 
INFO: Combined process c c~ > e- ve~ u d~ WEIGHTED<=6 $$ t t~ h @7 with process u u~ > e- ve~ c s~ WEIGHTED<=6 $$ t t~ h @7 
INFO: Generating Helas calls for process: c c~ > e- ve~ u s~ WEIGHTED<=6 $$ t t~ h @7 
INFO: Reusing existing color information for process: c c~ > e- ve~ u s~ $$ t t~ h @7 
INFO: Generating Helas calls for process: c c~ > e- ve~ u b~ WEIGHTED<=6 $$ t t~ h @7 
INFO: Reusing existing color information for process: c c~ > e- ve~ u b~ $$ t t~ h @7 
INFO: Combined process c c~ > mu- vm~ u d~ WEIGHTED<=6 $$ t t~ h @7 with process u u~ > e- ve~ c s~ WEIGHTED<=6 $$ t t~ h @7 
INFO: Combined process c c~ > mu- vm~ u s~ WEIGHTED<=6 $$ t t~ h @7 with process c c~ > e- ve~ u s~ WEIGHTED<=6 $$ t t~ h @7 
INFO: Combined process c c~ > mu- vm~ u b~ WEIGHTED<=6 $$ t t~ h @7 with process c c~ > e- ve~ u b~ WEIGHTED<=6 $$ t t~ h @7 
INFO: Generating Helas calls for process: c b > e- ve~ u c WEIGHTED<=6 $$ t t~ h @7 
INFO: Reusing existing color information for process: c b > e- ve~ u c $$ t t~ h @7 
INFO: Combined process c b > mu- vm~ u c WEIGHTED<=6 $$ t t~ h @7 with process c b > e- ve~ u c WEIGHTED<=6 $$ t t~ h @7 
INFO: Combined process d s > e- ve~ u d WEIGHTED<=6 $$ t t~ h @7 with process c s > e- ve~ u c WEIGHTED<=6 $$ t t~ h @7 
INFO: Generating Helas calls for process: d s > e- ve~ u s WEIGHTED<=6 $$ t t~ h @7 
INFO: Processing color information for process: d s > e- ve~ u s $$ t t~ h @7 
INFO: Combined process d s > e- ve~ d c WEIGHTED<=6 $$ t t~ h @7 with process u s > e- ve~ u c WEIGHTED<=6 $$ t t~ h @7 
INFO: Generating Helas calls for process: d s > e- ve~ c s WEIGHTED<=6 $$ t t~ h @7 
INFO: Reusing existing color information for process: d s > e- ve~ c s $$ t t~ h @7 
INFO: Combined process d s > mu- vm~ u d WEIGHTED<=6 $$ t t~ h @7 with process c s > e- ve~ u c WEIGHTED<=6 $$ t t~ h @7 
INFO: Combined process d s > mu- vm~ u s WEIGHTED<=6 $$ t t~ h @7 with process d s > e- ve~ u s WEIGHTED<=6 $$ t t~ h @7 
INFO: Combined process d s > mu- vm~ d c WEIGHTED<=6 $$ t t~ h @7 with process u s > e- ve~ u c WEIGHTED<=6 $$ t t~ h @7 
INFO: Combined process d s > mu- vm~ c s WEIGHTED<=6 $$ t t~ h @7 with process d s > e- ve~ c s WEIGHTED<=6 $$ t t~ h @7 
INFO: Generating Helas calls for process: d u~ > e- ve~ c u~ WEIGHTED<=6 $$ t t~ h @7 
INFO: Processing color information for process: d u~ > e- ve~ c u~ $$ t t~ h @7 
INFO: Generating Helas calls for process: d u~ > e- ve~ c c~ WEIGHTED<=6 $$ t t~ h @7 
INFO: Processing color information for process: d u~ > e- ve~ c c~ $$ t t~ h @7 
INFO: Combined process d u~ > e- ve~ d s~ WEIGHTED<=6 $$ t t~ h @7 with process c u~ > e- ve~ c s~ WEIGHTED<=6 $$ t t~ h @7 
INFO: Combined process d u~ > e- ve~ d b~ WEIGHTED<=6 $$ t t~ h @7 with process c u~ > e- ve~ c b~ WEIGHTED<=6 $$ t t~ h @7 
INFO: Combined process d u~ > e- ve~ s s~ WEIGHTED<=6 $$ t t~ h @7 with process d u~ > e- ve~ c c~ WEIGHTED<=6 $$ t t~ h @7 
INFO: Combined process d u~ > e- ve~ b b~ WEIGHTED<=6 $$ t t~ h @7 with process d u~ > e- ve~ c c~ WEIGHTED<=6 $$ t t~ h @7 
INFO: Combined process d u~ > mu- vm~ c u~ WEIGHTED<=6 $$ t t~ h @7 with process d u~ > e- ve~ c u~ WEIGHTED<=6 $$ t t~ h @7 
INFO: Combined process d u~ > mu- vm~ c c~ WEIGHTED<=6 $$ t t~ h @7 with process d u~ > e- ve~ c c~ WEIGHTED<=6 $$ t t~ h @7 
INFO: Combined process d u~ > mu- vm~ d s~ WEIGHTED<=6 $$ t t~ h @7 with process c u~ > e- ve~ c s~ WEIGHTED<=6 $$ t t~ h @7 
INFO: Combined process d u~ > mu- vm~ d b~ WEIGHTED<=6 $$ t t~ h @7 with process c u~ > e- ve~ c b~ WEIGHTED<=6 $$ t t~ h @7 
INFO: Combined process d u~ > mu- vm~ s s~ WEIGHTED<=6 $$ t t~ h @7 with process d u~ > e- ve~ c c~ WEIGHTED<=6 $$ t t~ h @7 
INFO: Combined process d u~ > mu- vm~ b b~ WEIGHTED<=6 $$ t t~ h @7 with process d u~ > e- ve~ c c~ WEIGHTED<=6 $$ t t~ h @7 
INFO: Generating Helas calls for process: d c~ > e- ve~ u u~ WEIGHTED<=6 $$ t t~ h @7 
INFO: Reusing existing color information for process: d c~ > e- ve~ u u~ $$ t t~ h @7 
INFO: Generating Helas calls for process: d c~ > e- ve~ u c~ WEIGHTED<=6 $$ t t~ h @7 
INFO: Reusing existing color information for process: d c~ > e- ve~ u c~ $$ t t~ h @7 
INFO: Combined process d c~ > e- ve~ d s~ WEIGHTED<=6 $$ t t~ h @7 with process u c~ > e- ve~ u s~ WEIGHTED<=6 $$ t t~ h @7 
INFO: Combined process d c~ > e- ve~ d b~ WEIGHTED<=6 $$ t t~ h @7 with process u c~ > e- ve~ u b~ WEIGHTED<=6 $$ t t~ h @7 
INFO: Combined process d c~ > e- ve~ s s~ WEIGHTED<=6 $$ t t~ h @7 with process d c~ > e- ve~ u u~ WEIGHTED<=6 $$ t t~ h @7 
INFO: Combined process d c~ > e- ve~ b b~ WEIGHTED<=6 $$ t t~ h @7 with process d c~ > e- ve~ u u~ WEIGHTED<=6 $$ t t~ h @7 
INFO: Combined process d c~ > mu- vm~ u u~ WEIGHTED<=6 $$ t t~ h @7 with process d c~ > e- ve~ u u~ WEIGHTED<=6 $$ t t~ h @7 
INFO: Combined process d c~ > mu- vm~ u c~ WEIGHTED<=6 $$ t t~ h @7 with process d c~ > e- ve~ u c~ WEIGHTED<=6 $$ t t~ h @7 
INFO: Combined process d c~ > mu- vm~ d s~ WEIGHTED<=6 $$ t t~ h @7 with process u c~ > e- ve~ u s~ WEIGHTED<=6 $$ t t~ h @7 
INFO: Combined process d c~ > mu- vm~ d b~ WEIGHTED<=6 $$ t t~ h @7 with process u c~ > e- ve~ u b~ WEIGHTED<=6 $$ t t~ h @7 
INFO: Combined process d c~ > mu- vm~ s s~ WEIGHTED<=6 $$ t t~ h @7 with process d c~ > e- ve~ u u~ WEIGHTED<=6 $$ t t~ h @7 
INFO: Combined process d c~ > mu- vm~ b b~ WEIGHTED<=6 $$ t t~ h @7 with process d c~ > e- ve~ u u~ WEIGHTED<=6 $$ t t~ h @7 
INFO: Combined process d d~ > e- ve~ u s~ WEIGHTED<=6 $$ t t~ h @7 with process c c~ > e- ve~ u s~ WEIGHTED<=6 $$ t t~ h @7 
INFO: Combined process d d~ > e- ve~ u b~ WEIGHTED<=6 $$ t t~ h @7 with process c c~ > e- ve~ u b~ WEIGHTED<=6 $$ t t~ h @7 
INFO: Combined process d d~ > e- ve~ c s~ WEIGHTED<=6 $$ t t~ h @7 with process u u~ > e- ve~ c s~ WEIGHTED<=6 $$ t t~ h @7 
INFO: Combined process d d~ > e- ve~ c b~ WEIGHTED<=6 $$ t t~ h @7 with process u u~ > e- ve~ c b~ WEIGHTED<=6 $$ t t~ h @7 
INFO: Combined process d d~ > mu- vm~ u s~ WEIGHTED<=6 $$ t t~ h @7 with process c c~ > e- ve~ u s~ WEIGHTED<=6 $$ t t~ h @7 
INFO: Combined process d d~ > mu- vm~ u b~ WEIGHTED<=6 $$ t t~ h @7 with process c c~ > e- ve~ u b~ WEIGHTED<=6 $$ t t~ h @7 
INFO: Combined process d d~ > mu- vm~ c s~ WEIGHTED<=6 $$ t t~ h @7 with process u u~ > e- ve~ c s~ WEIGHTED<=6 $$ t t~ h @7 
INFO: Combined process d d~ > mu- vm~ c b~ WEIGHTED<=6 $$ t t~ h @7 with process u u~ > e- ve~ c b~ WEIGHTED<=6 $$ t t~ h @7 
INFO: Combined process d s~ > e- ve~ u s~ WEIGHTED<=6 $$ t t~ h @7 with process d c~ > e- ve~ u c~ WEIGHTED<=6 $$ t t~ h @7 
INFO: Combined process d s~ > e- ve~ c s~ WEIGHTED<=6 $$ t t~ h @7 with process d u~ > e- ve~ c u~ WEIGHTED<=6 $$ t t~ h @7 
INFO: Combined process d s~ > mu- vm~ u s~ WEIGHTED<=6 $$ t t~ h @7 with process d c~ > e- ve~ u c~ WEIGHTED<=6 $$ t t~ h @7 
INFO: Combined process d s~ > mu- vm~ c s~ WEIGHTED<=6 $$ t t~ h @7 with process d u~ > e- ve~ c u~ WEIGHTED<=6 $$ t t~ h @7 
INFO: Combined process d b > e- ve~ u d WEIGHTED<=6 $$ t t~ h @7 with process c b > e- ve~ u c WEIGHTED<=6 $$ t t~ h @7 
INFO: Combined process d b > e- ve~ u b WEIGHTED<=6 $$ t t~ h @7 with process d s > e- ve~ u s WEIGHTED<=6 $$ t t~ h @7 
INFO: Combined process d b > e- ve~ d c WEIGHTED<=6 $$ t t~ h @7 with process u b > e- ve~ u c WEIGHTED<=6 $$ t t~ h @7 
INFO: Combined process d b > e- ve~ c b WEIGHTED<=6 $$ t t~ h @7 with process d s > e- ve~ c s WEIGHTED<=6 $$ t t~ h @7 
INFO: Combined process d b > mu- vm~ u d WEIGHTED<=6 $$ t t~ h @7 with process c b > e- ve~ u c WEIGHTED<=6 $$ t t~ h @7 
INFO: Combined process d b > mu- vm~ u b WEIGHTED<=6 $$ t t~ h @7 with process d s > e- ve~ u s WEIGHTED<=6 $$ t t~ h @7 
INFO: Combined process d b > mu- vm~ d c WEIGHTED<=6 $$ t t~ h @7 with process u b > e- ve~ u c WEIGHTED<=6 $$ t t~ h @7 
INFO: Combined process d b > mu- vm~ c b WEIGHTED<=6 $$ t t~ h @7 with process d s > e- ve~ c s WEIGHTED<=6 $$ t t~ h @7 
INFO: Combined process d b~ > e- ve~ u b~ WEIGHTED<=6 $$ t t~ h @7 with process d c~ > e- ve~ u c~ WEIGHTED<=6 $$ t t~ h @7 
INFO: Combined process d b~ > e- ve~ c b~ WEIGHTED<=6 $$ t t~ h @7 with process d u~ > e- ve~ c u~ WEIGHTED<=6 $$ t t~ h @7 
INFO: Combined process d b~ > mu- vm~ u b~ WEIGHTED<=6 $$ t t~ h @7 with process d c~ > e- ve~ u c~ WEIGHTED<=6 $$ t t~ h @7 
INFO: Combined process d b~ > mu- vm~ c b~ WEIGHTED<=6 $$ t t~ h @7 with process d u~ > e- ve~ c u~ WEIGHTED<=6 $$ t t~ h @7 
INFO: Combined process s u~ > e- ve~ c u~ WEIGHTED<=6 $$ t t~ h @7 with process d c~ > e- ve~ u c~ WEIGHTED<=6 $$ t t~ h @7 
INFO: Generating Helas calls for process: s u~ > e- ve~ c c~ WEIGHTED<=6 $$ t t~ h @7 
INFO: Reusing existing color information for process: s u~ > e- ve~ c c~ $$ t t~ h @7 
INFO: Combined process s u~ > e- ve~ d d~ WEIGHTED<=6 $$ t t~ h @7 with process s u~ > e- ve~ c c~ WEIGHTED<=6 $$ t t~ h @7 
INFO: Combined process s u~ > e- ve~ s d~ WEIGHTED<=6 $$ t t~ h @7 with process u c~ > e- ve~ u s~ WEIGHTED<=6 $$ t t~ h @7 
INFO: Combined process s u~ > e- ve~ s b~ WEIGHTED<=6 $$ t t~ h @7 with process c u~ > e- ve~ c b~ WEIGHTED<=6 $$ t t~ h @7 
INFO: Combined process s u~ > e- ve~ b b~ WEIGHTED<=6 $$ t t~ h @7 with process s u~ > e- ve~ c c~ WEIGHTED<=6 $$ t t~ h @7 
INFO: Combined process s u~ > mu- vm~ c u~ WEIGHTED<=6 $$ t t~ h @7 with process d c~ > e- ve~ u c~ WEIGHTED<=6 $$ t t~ h @7 
INFO: Combined process s u~ > mu- vm~ c c~ WEIGHTED<=6 $$ t t~ h @7 with process s u~ > e- ve~ c c~ WEIGHTED<=6 $$ t t~ h @7 
INFO: Combined process s u~ > mu- vm~ d d~ WEIGHTED<=6 $$ t t~ h @7 with process s u~ > e- ve~ c c~ WEIGHTED<=6 $$ t t~ h @7 
INFO: Combined process s u~ > mu- vm~ s d~ WEIGHTED<=6 $$ t t~ h @7 with process u c~ > e- ve~ u s~ WEIGHTED<=6 $$ t t~ h @7 
INFO: Combined process s u~ > mu- vm~ s b~ WEIGHTED<=6 $$ t t~ h @7 with process c u~ > e- ve~ c b~ WEIGHTED<=6 $$ t t~ h @7 
INFO: Combined process s u~ > mu- vm~ b b~ WEIGHTED<=6 $$ t t~ h @7 with process s u~ > e- ve~ c c~ WEIGHTED<=6 $$ t t~ h @7 
INFO: Combined process s c~ > e- ve~ u u~ WEIGHTED<=6 $$ t t~ h @7 with process d u~ > e- ve~ c c~ WEIGHTED<=6 $$ t t~ h @7 
INFO: Generating Helas calls for process: s c~ > e- ve~ u c~ WEIGHTED<=6 $$ t t~ h @7 
INFO: Reusing existing color information for process: s c~ > e- ve~ u c~ $$ t t~ h @7 
INFO: Combined process s c~ > e- ve~ d d~ WEIGHTED<=6 $$ t t~ h @7 with process d u~ > e- ve~ c c~ WEIGHTED<=6 $$ t t~ h @7 
INFO: Combined process s c~ > e- ve~ s d~ WEIGHTED<=6 $$ t t~ h @7 with process u c~ > e- ve~ u d~ WEIGHTED<=6 $$ t t~ h @7 
INFO: Combined process s c~ > e- ve~ s b~ WEIGHTED<=6 $$ t t~ h @7 with process u c~ > e- ve~ u b~ WEIGHTED<=6 $$ t t~ h @7 
INFO: Combined process s c~ > e- ve~ b b~ WEIGHTED<=6 $$ t t~ h @7 with process d u~ > e- ve~ c c~ WEIGHTED<=6 $$ t t~ h @7 
INFO: Combined process s c~ > mu- vm~ u u~ WEIGHTED<=6 $$ t t~ h @7 with process d u~ > e- ve~ c c~ WEIGHTED<=6 $$ t t~ h @7 
INFO: Combined process s c~ > mu- vm~ u c~ WEIGHTED<=6 $$ t t~ h @7 with process s c~ > e- ve~ u c~ WEIGHTED<=6 $$ t t~ h @7 
INFO: Combined process s c~ > mu- vm~ d d~ WEIGHTED<=6 $$ t t~ h @7 with process d u~ > e- ve~ c c~ WEIGHTED<=6 $$ t t~ h @7 
INFO: Combined process s c~ > mu- vm~ s d~ WEIGHTED<=6 $$ t t~ h @7 with process u c~ > e- ve~ u d~ WEIGHTED<=6 $$ t t~ h @7 
INFO: Combined process s c~ > mu- vm~ s b~ WEIGHTED<=6 $$ t t~ h @7 with process u c~ > e- ve~ u b~ WEIGHTED<=6 $$ t t~ h @7 
INFO: Combined process s c~ > mu- vm~ b b~ WEIGHTED<=6 $$ t t~ h @7 with process d u~ > e- ve~ c c~ WEIGHTED<=6 $$ t t~ h @7 
INFO: Combined process s d~ > e- ve~ u d~ WEIGHTED<=6 $$ t t~ h @7 with process s c~ > e- ve~ u c~ WEIGHTED<=6 $$ t t~ h @7 
INFO: Combined process s d~ > e- ve~ c d~ WEIGHTED<=6 $$ t t~ h @7 with process d c~ > e- ve~ u c~ WEIGHTED<=6 $$ t t~ h @7 
INFO: Combined process s d~ > mu- vm~ u d~ WEIGHTED<=6 $$ t t~ h @7 with process s c~ > e- ve~ u c~ WEIGHTED<=6 $$ t t~ h @7 
INFO: Combined process s d~ > mu- vm~ c d~ WEIGHTED<=6 $$ t t~ h @7 with process d c~ > e- ve~ u c~ WEIGHTED<=6 $$ t t~ h @7 
INFO: Combined process s s~ > e- ve~ u d~ WEIGHTED<=6 $$ t t~ h @7 with process u u~ > e- ve~ c s~ WEIGHTED<=6 $$ t t~ h @7 
INFO: Combined process s s~ > e- ve~ u b~ WEIGHTED<=6 $$ t t~ h @7 with process c c~ > e- ve~ u b~ WEIGHTED<=6 $$ t t~ h @7 
INFO: Combined process s s~ > e- ve~ c d~ WEIGHTED<=6 $$ t t~ h @7 with process u u~ > e- ve~ c d~ WEIGHTED<=6 $$ t t~ h @7 
INFO: Combined process s s~ > e- ve~ c b~ WEIGHTED<=6 $$ t t~ h @7 with process u u~ > e- ve~ c b~ WEIGHTED<=6 $$ t t~ h @7 
INFO: Combined process s s~ > mu- vm~ u d~ WEIGHTED<=6 $$ t t~ h @7 with process u u~ > e- ve~ c s~ WEIGHTED<=6 $$ t t~ h @7 
INFO: Combined process s s~ > mu- vm~ u b~ WEIGHTED<=6 $$ t t~ h @7 with process c c~ > e- ve~ u b~ WEIGHTED<=6 $$ t t~ h @7 
INFO: Combined process s s~ > mu- vm~ c d~ WEIGHTED<=6 $$ t t~ h @7 with process u u~ > e- ve~ c d~ WEIGHTED<=6 $$ t t~ h @7 
INFO: Combined process s s~ > mu- vm~ c b~ WEIGHTED<=6 $$ t t~ h @7 with process u u~ > e- ve~ c b~ WEIGHTED<=6 $$ t t~ h @7 
INFO: Combined process s b > e- ve~ u s WEIGHTED<=6 $$ t t~ h @7 with process c b > e- ve~ u c WEIGHTED<=6 $$ t t~ h @7 
INFO: Generating Helas calls for process: s b > e- ve~ u b WEIGHTED<=6 $$ t t~ h @7 
INFO: Reusing existing color information for process: s b > e- ve~ u b $$ t t~ h @7 
INFO: Combined process s b > e- ve~ s c WEIGHTED<=6 $$ t t~ h @7 with process u b > e- ve~ u c WEIGHTED<=6 $$ t t~ h @7 
INFO: Combined process s b > e- ve~ c b WEIGHTED<=6 $$ t t~ h @7 with process d s > e- ve~ u s WEIGHTED<=6 $$ t t~ h @7 
INFO: Combined process s b > mu- vm~ u s WEIGHTED<=6 $$ t t~ h @7 with process c b > e- ve~ u c WEIGHTED<=6 $$ t t~ h @7 
INFO: Combined process s b > mu- vm~ u b WEIGHTED<=6 $$ t t~ h @7 with process s b > e- ve~ u b WEIGHTED<=6 $$ t t~ h @7 
INFO: Combined process s b > mu- vm~ s c WEIGHTED<=6 $$ t t~ h @7 with process u b > e- ve~ u c WEIGHTED<=6 $$ t t~ h @7 
INFO: Combined process s b > mu- vm~ c b WEIGHTED<=6 $$ t t~ h @7 with process d s > e- ve~ u s WEIGHTED<=6 $$ t t~ h @7 
INFO: Combined process s b~ > e- ve~ u b~ WEIGHTED<=6 $$ t t~ h @7 with process s c~ > e- ve~ u c~ WEIGHTED<=6 $$ t t~ h @7 
INFO: Combined process s b~ > e- ve~ c b~ WEIGHTED<=6 $$ t t~ h @7 with process d c~ > e- ve~ u c~ WEIGHTED<=6 $$ t t~ h @7 
INFO: Combined process s b~ > mu- vm~ u b~ WEIGHTED<=6 $$ t t~ h @7 with process s c~ > e- ve~ u c~ WEIGHTED<=6 $$ t t~ h @7 
INFO: Combined process s b~ > mu- vm~ c b~ WEIGHTED<=6 $$ t t~ h @7 with process d c~ > e- ve~ u c~ WEIGHTED<=6 $$ t t~ h @7 
INFO: Generating Helas calls for process: u~ c~ > e- ve~ u~ d~ WEIGHTED<=6 $$ t t~ h @7 
INFO: Processing color information for process: u~ c~ > e- ve~ u~ d~ $$ t t~ h @7 
INFO: Generating Helas calls for process: u~ c~ > e- ve~ u~ s~ WEIGHTED<=6 $$ t t~ h @7 
INFO: Reusing existing color information for process: u~ c~ > e- ve~ u~ s~ $$ t t~ h @7 
INFO: Generating Helas calls for process: u~ c~ > e- ve~ u~ b~ WEIGHTED<=6 $$ t t~ h @7 
INFO: Reusing existing color information for process: u~ c~ > e- ve~ u~ b~ $$ t t~ h @7 
INFO: Generating Helas calls for process: u~ c~ > e- ve~ c~ d~ WEIGHTED<=6 $$ t t~ h @7 
INFO: Processing color information for process: u~ c~ > e- ve~ c~ d~ $$ t t~ h @7 
INFO: Generating Helas calls for process: u~ c~ > e- ve~ c~ s~ WEIGHTED<=6 $$ t t~ h @7 
INFO: Reusing existing color information for process: u~ c~ > e- ve~ c~ s~ $$ t t~ h @7 
INFO: Generating Helas calls for process: u~ c~ > e- ve~ c~ b~ WEIGHTED<=6 $$ t t~ h @7 
INFO: Reusing existing color information for process: u~ c~ > e- ve~ c~ b~ $$ t t~ h @7 
INFO: Combined process u~ c~ > mu- vm~ u~ d~ WEIGHTED<=6 $$ t t~ h @7 with process u~ c~ > e- ve~ u~ d~ WEIGHTED<=6 $$ t t~ h @7 
INFO: Combined process u~ c~ > mu- vm~ u~ s~ WEIGHTED<=6 $$ t t~ h @7 with process u~ c~ > e- ve~ u~ s~ WEIGHTED<=6 $$ t t~ h @7 
INFO: Combined process u~ c~ > mu- vm~ u~ b~ WEIGHTED<=6 $$ t t~ h @7 with process u~ c~ > e- ve~ u~ b~ WEIGHTED<=6 $$ t t~ h @7 
INFO: Combined process u~ c~ > mu- vm~ c~ d~ WEIGHTED<=6 $$ t t~ h @7 with process u~ c~ > e- ve~ c~ d~ WEIGHTED<=6 $$ t t~ h @7 
INFO: Combined process u~ c~ > mu- vm~ c~ s~ WEIGHTED<=6 $$ t t~ h @7 with process u~ c~ > e- ve~ c~ s~ WEIGHTED<=6 $$ t t~ h @7 
INFO: Combined process u~ c~ > mu- vm~ c~ b~ WEIGHTED<=6 $$ t t~ h @7 with process u~ c~ > e- ve~ c~ b~ WEIGHTED<=6 $$ t t~ h @7 
INFO: Combined process u~ d~ > e- ve~ d~ s~ WEIGHTED<=6 $$ t t~ h @7 with process u~ c~ > e- ve~ c~ s~ WEIGHTED<=6 $$ t t~ h @7 
INFO: Combined process u~ d~ > e- ve~ d~ b~ WEIGHTED<=6 $$ t t~ h @7 with process u~ c~ > e- ve~ c~ b~ WEIGHTED<=6 $$ t t~ h @7 
INFO: Combined process u~ d~ > mu- vm~ d~ s~ WEIGHTED<=6 $$ t t~ h @7 with process u~ c~ > e- ve~ c~ s~ WEIGHTED<=6 $$ t t~ h @7 
INFO: Combined process u~ d~ > mu- vm~ d~ b~ WEIGHTED<=6 $$ t t~ h @7 with process u~ c~ > e- ve~ c~ b~ WEIGHTED<=6 $$ t t~ h @7 
INFO: Combined process u~ s~ > e- ve~ s~ d~ WEIGHTED<=6 $$ t t~ h @7 with process u~ c~ > e- ve~ c~ d~ WEIGHTED<=6 $$ t t~ h @7 
INFO: Combined process u~ s~ > e- ve~ s~ b~ WEIGHTED<=6 $$ t t~ h @7 with process u~ c~ > e- ve~ c~ b~ WEIGHTED<=6 $$ t t~ h @7 
INFO: Combined process u~ s~ > mu- vm~ s~ d~ WEIGHTED<=6 $$ t t~ h @7 with process u~ c~ > e- ve~ c~ d~ WEIGHTED<=6 $$ t t~ h @7 
INFO: Combined process u~ s~ > mu- vm~ s~ b~ WEIGHTED<=6 $$ t t~ h @7 with process u~ c~ > e- ve~ c~ b~ WEIGHTED<=6 $$ t t~ h @7 
INFO: Generating Helas calls for process: u~ b > e- ve~ c u~ WEIGHTED<=6 $$ t t~ h @7 
INFO: Processing color information for process: u~ b > e- ve~ c u~ $$ t t~ h @7 
INFO: Generating Helas calls for process: u~ b > e- ve~ c c~ WEIGHTED<=6 $$ t t~ h @7 
INFO: Processing color information for process: u~ b > e- ve~ c c~ $$ t t~ h @7 
INFO: Combined process u~ b > e- ve~ d d~ WEIGHTED<=6 $$ t t~ h @7 with process u~ b > e- ve~ c c~ WEIGHTED<=6 $$ t t~ h @7 
INFO: Combined process u~ b > e- ve~ s s~ WEIGHTED<=6 $$ t t~ h @7 with process u~ b > e- ve~ c c~ WEIGHTED<=6 $$ t t~ h @7 
INFO: Generating Helas calls for process: u~ b > e- ve~ b d~ WEIGHTED<=6 $$ t t~ h @7 
INFO: Processing color information for process: u~ b > e- ve~ b d~ $$ t t~ h @7 
INFO: Generating Helas calls for process: u~ b > e- ve~ b s~ WEIGHTED<=6 $$ t t~ h @7 
INFO: Reusing existing color information for process: u~ b > e- ve~ b s~ $$ t t~ h @7 
INFO: Combined process u~ b > mu- vm~ c u~ WEIGHTED<=6 $$ t t~ h @7 with process u~ b > e- ve~ c u~ WEIGHTED<=6 $$ t t~ h @7 
INFO: Combined process u~ b > mu- vm~ c c~ WEIGHTED<=6 $$ t t~ h @7 with process u~ b > e- ve~ c c~ WEIGHTED<=6 $$ t t~ h @7 
INFO: Combined process u~ b > mu- vm~ d d~ WEIGHTED<=6 $$ t t~ h @7 with process u~ b > e- ve~ c c~ WEIGHTED<=6 $$ t t~ h @7 
INFO: Combined process u~ b > mu- vm~ s s~ WEIGHTED<=6 $$ t t~ h @7 with process u~ b > e- ve~ c c~ WEIGHTED<=6 $$ t t~ h @7 
INFO: Combined process u~ b > mu- vm~ b d~ WEIGHTED<=6 $$ t t~ h @7 with process u~ b > e- ve~ b d~ WEIGHTED<=6 $$ t t~ h @7 
INFO: Combined process u~ b > mu- vm~ b s~ WEIGHTED<=6 $$ t t~ h @7 with process u~ b > e- ve~ b s~ WEIGHTED<=6 $$ t t~ h @7 
INFO: Combined process u~ b~ > e- ve~ b~ d~ WEIGHTED<=6 $$ t t~ h @7 with process u~ c~ > e- ve~ c~ d~ WEIGHTED<=6 $$ t t~ h @7 
INFO: Combined process u~ b~ > e- ve~ b~ s~ WEIGHTED<=6 $$ t t~ h @7 with process u~ c~ > e- ve~ c~ s~ WEIGHTED<=6 $$ t t~ h @7 
INFO: Combined process u~ b~ > mu- vm~ b~ d~ WEIGHTED<=6 $$ t t~ h @7 with process u~ c~ > e- ve~ c~ d~ WEIGHTED<=6 $$ t t~ h @7 
INFO: Combined process u~ b~ > mu- vm~ b~ s~ WEIGHTED<=6 $$ t t~ h @7 with process u~ c~ > e- ve~ c~ s~ WEIGHTED<=6 $$ t t~ h @7 
INFO: Combined process c~ d~ > e- ve~ d~ s~ WEIGHTED<=6 $$ t t~ h @7 with process u~ c~ > e- ve~ c~ d~ WEIGHTED<=6 $$ t t~ h @7 
INFO: Generating Helas calls for process: c~ d~ > e- ve~ d~ b~ WEIGHTED<=6 $$ t t~ h @7 
INFO: Reusing existing color information for process: c~ d~ > e- ve~ d~ b~ $$ t t~ h @7 
INFO: Combined process c~ d~ > mu- vm~ d~ s~ WEIGHTED<=6 $$ t t~ h @7 with process u~ c~ > e- ve~ c~ d~ WEIGHTED<=6 $$ t t~ h @7 
INFO: Combined process c~ d~ > mu- vm~ d~ b~ WEIGHTED<=6 $$ t t~ h @7 with process c~ d~ > e- ve~ d~ b~ WEIGHTED<=6 $$ t t~ h @7 
INFO: Generating Helas calls for process: c~ s~ > e- ve~ d~ s~ WEIGHTED<=6 $$ t t~ h @7 
INFO: Processing color information for process: c~ s~ > e- ve~ d~ s~ $$ t t~ h @7 
INFO: Combined process c~ s~ > e- ve~ s~ b~ WEIGHTED<=6 $$ t t~ h @7 with process c~ d~ > e- ve~ d~ b~ WEIGHTED<=6 $$ t t~ h @7 
INFO: Combined process c~ s~ > mu- vm~ d~ s~ WEIGHTED<=6 $$ t t~ h @7 with process c~ s~ > e- ve~ d~ s~ WEIGHTED<=6 $$ t t~ h @7 
INFO: Combined process c~ s~ > mu- vm~ s~ b~ WEIGHTED<=6 $$ t t~ h @7 with process c~ d~ > e- ve~ d~ b~ WEIGHTED<=6 $$ t t~ h @7 
INFO: Generating Helas calls for process: c~ b > e- ve~ u u~ WEIGHTED<=6 $$ t t~ h @7 
INFO: Reusing existing color information for process: c~ b > e- ve~ u u~ $$ t t~ h @7 
INFO: Generating Helas calls for process: c~ b > e- ve~ u c~ WEIGHTED<=6 $$ t t~ h @7 
INFO: Reusing existing color information for process: c~ b > e- ve~ u c~ $$ t t~ h @7 
INFO: Combined process c~ b > e- ve~ d d~ WEIGHTED<=6 $$ t t~ h @7 with process c~ b > e- ve~ u u~ WEIGHTED<=6 $$ t t~ h @7 
INFO: Combined process c~ b > e- ve~ s s~ WEIGHTED<=6 $$ t t~ h @7 with process c~ b > e- ve~ u u~ WEIGHTED<=6 $$ t t~ h @7 
INFO: Generating Helas calls for process: c~ b > e- ve~ b d~ WEIGHTED<=6 $$ t t~ h @7 
INFO: Reusing existing color information for process: c~ b > e- ve~ b d~ $$ t t~ h @7 
INFO: Combined process c~ b > e- ve~ b s~ WEIGHTED<=6 $$ t t~ h @7 with process u~ b > e- ve~ b d~ WEIGHTED<=6 $$ t t~ h @7 
INFO: Combined process c~ b > mu- vm~ u u~ WEIGHTED<=6 $$ t t~ h @7 with process c~ b > e- ve~ u u~ WEIGHTED<=6 $$ t t~ h @7 
INFO: Combined process c~ b > mu- vm~ u c~ WEIGHTED<=6 $$ t t~ h @7 with process c~ b > e- ve~ u c~ WEIGHTED<=6 $$ t t~ h @7 
INFO: Combined process c~ b > mu- vm~ d d~ WEIGHTED<=6 $$ t t~ h @7 with process c~ b > e- ve~ u u~ WEIGHTED<=6 $$ t t~ h @7 
INFO: Combined process c~ b > mu- vm~ s s~ WEIGHTED<=6 $$ t t~ h @7 with process c~ b > e- ve~ u u~ WEIGHTED<=6 $$ t t~ h @7 
INFO: Combined process c~ b > mu- vm~ b d~ WEIGHTED<=6 $$ t t~ h @7 with process c~ b > e- ve~ b d~ WEIGHTED<=6 $$ t t~ h @7 
INFO: Combined process c~ b > mu- vm~ b s~ WEIGHTED<=6 $$ t t~ h @7 with process u~ b > e- ve~ b d~ WEIGHTED<=6 $$ t t~ h @7 
INFO: Combined process c~ b~ > e- ve~ d~ b~ WEIGHTED<=6 $$ t t~ h @7 with process c~ s~ > e- ve~ d~ s~ WEIGHTED<=6 $$ t t~ h @7 
INFO: Combined process c~ b~ > e- ve~ b~ s~ WEIGHTED<=6 $$ t t~ h @7 with process u~ c~ > e- ve~ c~ d~ WEIGHTED<=6 $$ t t~ h @7 
INFO: Combined process c~ b~ > mu- vm~ d~ b~ WEIGHTED<=6 $$ t t~ h @7 with process c~ s~ > e- ve~ d~ s~ WEIGHTED<=6 $$ t t~ h @7 
INFO: Combined process c~ b~ > mu- vm~ b~ s~ WEIGHTED<=6 $$ t t~ h @7 with process u~ c~ > e- ve~ c~ d~ WEIGHTED<=6 $$ t t~ h @7 
INFO: Combined process d~ b > e- ve~ u d~ WEIGHTED<=6 $$ t t~ h @7 with process c~ b > e- ve~ u c~ WEIGHTED<=6 $$ t t~ h @7 
INFO: Combined process d~ b > e- ve~ c d~ WEIGHTED<=6 $$ t t~ h @7 with process u~ b > e- ve~ c u~ WEIGHTED<=6 $$ t t~ h @7 
INFO: Combined process d~ b > mu- vm~ u d~ WEIGHTED<=6 $$ t t~ h @7 with process c~ b > e- ve~ u c~ WEIGHTED<=6 $$ t t~ h @7 
INFO: Combined process d~ b > mu- vm~ c d~ WEIGHTED<=6 $$ t t~ h @7 with process u~ b > e- ve~ c u~ WEIGHTED<=6 $$ t t~ h @7 
INFO: Combined process s~ b > e- ve~ u s~ WEIGHTED<=6 $$ t t~ h @7 with process c~ b > e- ve~ u c~ WEIGHTED<=6 $$ t t~ h @7 
INFO: Combined process s~ b > e- ve~ c s~ WEIGHTED<=6 $$ t t~ h @7 with process u~ b > e- ve~ c u~ WEIGHTED<=6 $$ t t~ h @7 
INFO: Combined process s~ b > mu- vm~ u s~ WEIGHTED<=6 $$ t t~ h @7 with process c~ b > e- ve~ u c~ WEIGHTED<=6 $$ t t~ h @7 
INFO: Combined process s~ b > mu- vm~ c s~ WEIGHTED<=6 $$ t t~ h @7 with process u~ b > e- ve~ c u~ WEIGHTED<=6 $$ t t~ h @7 
INFO: Combined process b b~ > e- ve~ u d~ WEIGHTED<=6 $$ t t~ h @7 with process u u~ > e- ve~ c s~ WEIGHTED<=6 $$ t t~ h @7 
INFO: Combined process b b~ > e- ve~ u s~ WEIGHTED<=6 $$ t t~ h @7 with process c c~ > e- ve~ u s~ WEIGHTED<=6 $$ t t~ h @7 
INFO: Combined process b b~ > e- ve~ c d~ WEIGHTED<=6 $$ t t~ h @7 with process u u~ > e- ve~ c d~ WEIGHTED<=6 $$ t t~ h @7 
INFO: Combined process b b~ > e- ve~ c s~ WEIGHTED<=6 $$ t t~ h @7 with process u u~ > e- ve~ c s~ WEIGHTED<=6 $$ t t~ h @7 
INFO: Combined process b b~ > mu- vm~ u d~ WEIGHTED<=6 $$ t t~ h @7 with process u u~ > e- ve~ c s~ WEIGHTED<=6 $$ t t~ h @7 
INFO: Combined process b b~ > mu- vm~ u s~ WEIGHTED<=6 $$ t t~ h @7 with process c c~ > e- ve~ u s~ WEIGHTED<=6 $$ t t~ h @7 
INFO: Combined process b b~ > mu- vm~ c d~ WEIGHTED<=6 $$ t t~ h @7 with process u u~ > e- ve~ c d~ WEIGHTED<=6 $$ t t~ h @7 
INFO: Combined process b b~ > mu- vm~ c s~ WEIGHTED<=6 $$ t t~ h @7 with process u u~ > e- ve~ c s~ WEIGHTED<=6 $$ t t~ h @7 
INFO: Generating Helas calls for process: u d > ta- vt~ u u WEIGHTED<=6 $$ t t~ h @7 
INFO: Processing color information for process: u d > ta- vt~ u u $$ t t~ h @7 
INFO: Generating Helas calls for process: u s > ta- vt~ u u WEIGHTED<=6 $$ t t~ h @7 
INFO: Reusing existing color information for process: u s > ta- vt~ u u $$ t t~ h @7 
INFO: Generating Helas calls for process: u u~ > ta- vt~ u d~ WEIGHTED<=6 $$ t t~ h @7 
INFO: Processing color information for process: u u~ > ta- vt~ u d~ $$ t t~ h @7 
INFO: Generating Helas calls for process: u u~ > ta- vt~ u s~ WEIGHTED<=6 $$ t t~ h @7 
INFO: Reusing existing color information for process: u u~ > ta- vt~ u s~ $$ t t~ h @7 
INFO: Generating Helas calls for process: u u~ > ta- vt~ u b~ WEIGHTED<=6 $$ t t~ h @7 
INFO: Reusing existing color information for process: u u~ > ta- vt~ u b~ $$ t t~ h @7 
INFO: Generating Helas calls for process: u b > ta- vt~ u u WEIGHTED<=6 $$ t t~ h @7 
INFO: Reusing existing color information for process: u b > ta- vt~ u u $$ t t~ h @7 
INFO: Generating Helas calls for process: c d > ta- vt~ c c WEIGHTED<=6 $$ t t~ h @7 
INFO: Reusing existing color information for process: c d > ta- vt~ c c $$ t t~ h @7 
INFO: Combined process c s > ta- vt~ c c WEIGHTED<=6 $$ t t~ h @7 with process u d > ta- vt~ u u WEIGHTED<=6 $$ t t~ h @7 
INFO: Generating Helas calls for process: c c~ > ta- vt~ c d~ WEIGHTED<=6 $$ t t~ h @7 
INFO: Reusing existing color information for process: c c~ > ta- vt~ c d~ $$ t t~ h @7 
INFO: Combined process c c~ > ta- vt~ c s~ WEIGHTED<=6 $$ t t~ h @7 with process u u~ > ta- vt~ u d~ WEIGHTED<=6 $$ t t~ h @7 
INFO: Generating Helas calls for process: c c~ > ta- vt~ c b~ WEIGHTED<=6 $$ t t~ h @7 
INFO: Reusing existing color information for process: c c~ > ta- vt~ c b~ $$ t t~ h @7 
INFO: Generating Helas calls for process: c b > ta- vt~ c c WEIGHTED<=6 $$ t t~ h @7 
INFO: Reusing existing color information for process: c b > ta- vt~ c c $$ t t~ h @7 
INFO: Generating Helas calls for process: d d > ta- vt~ u d WEIGHTED<=6 $$ t t~ h @7 
INFO: Processing color information for process: d d > ta- vt~ u d $$ t t~ h @7 
INFO: Generating Helas calls for process: d d > ta- vt~ c d WEIGHTED<=6 $$ t t~ h @7 
INFO: Reusing existing color information for process: d d > ta- vt~ c d $$ t t~ h @7 
INFO: Generating Helas calls for process: d u~ > ta- vt~ u u~ WEIGHTED<=6 $$ t t~ h @7 
INFO: Processing color information for process: d u~ > ta- vt~ u u~ $$ t t~ h @7 
INFO: Generating Helas calls for process: d u~ > ta- vt~ d d~ WEIGHTED<=6 $$ t t~ h @7 
INFO: Processing color information for process: d u~ > ta- vt~ d d~ $$ t t~ h @7 
INFO: Generating Helas calls for process: d c~ > ta- vt~ c c~ WEIGHTED<=6 $$ t t~ h @7 
INFO: Reusing existing color information for process: d c~ > ta- vt~ c c~ $$ t t~ h @7 
INFO: Generating Helas calls for process: d c~ > ta- vt~ d d~ WEIGHTED<=6 $$ t t~ h @7 
INFO: Reusing existing color information for process: d c~ > ta- vt~ d d~ $$ t t~ h @7 
INFO: Generating Helas calls for process: d d~ > ta- vt~ u d~ WEIGHTED<=6 $$ t t~ h @7 
INFO: Processing color information for process: d d~ > ta- vt~ u d~ $$ t t~ h @7 
INFO: Generating Helas calls for process: d d~ > ta- vt~ c d~ WEIGHTED<=6 $$ t t~ h @7 
INFO: Reusing existing color information for process: d d~ > ta- vt~ c d~ $$ t t~ h @7 
INFO: Generating Helas calls for process: s s > ta- vt~ u s WEIGHTED<=6 $$ t t~ h @7 
INFO: Reusing existing color information for process: s s > ta- vt~ u s $$ t t~ h @7 
INFO: Combined process s s > ta- vt~ c s WEIGHTED<=6 $$ t t~ h @7 with process d d > ta- vt~ u d WEIGHTED<=6 $$ t t~ h @7 
INFO: Generating Helas calls for process: s u~ > ta- vt~ u u~ WEIGHTED<=6 $$ t t~ h @7 
INFO: Reusing existing color information for process: s u~ > ta- vt~ u u~ $$ t t~ h @7 
INFO: Generating Helas calls for process: s u~ > ta- vt~ s s~ WEIGHTED<=6 $$ t t~ h @7 
INFO: Reusing existing color information for process: s u~ > ta- vt~ s s~ $$ t t~ h @7 
INFO: Combined process s c~ > ta- vt~ c c~ WEIGHTED<=6 $$ t t~ h @7 with process d u~ > ta- vt~ u u~ WEIGHTED<=6 $$ t t~ h @7 
INFO: Combined process s c~ > ta- vt~ s s~ WEIGHTED<=6 $$ t t~ h @7 with process d u~ > ta- vt~ d d~ WEIGHTED<=6 $$ t t~ h @7 
INFO: Generating Helas calls for process: s s~ > ta- vt~ u s~ WEIGHTED<=6 $$ t t~ h @7 
INFO: Reusing existing color information for process: s s~ > ta- vt~ u s~ $$ t t~ h @7 
INFO: Combined process s s~ > ta- vt~ c s~ WEIGHTED<=6 $$ t t~ h @7 with process d d~ > ta- vt~ u d~ WEIGHTED<=6 $$ t t~ h @7 
INFO: Generating Helas calls for process: u~ u~ > ta- vt~ u~ d~ WEIGHTED<=6 $$ t t~ h @7 
INFO: Processing color information for process: u~ u~ > ta- vt~ u~ d~ $$ t t~ h @7 
INFO: Generating Helas calls for process: u~ u~ > ta- vt~ u~ s~ WEIGHTED<=6 $$ t t~ h @7 
INFO: Reusing existing color information for process: u~ u~ > ta- vt~ u~ s~ $$ t t~ h @7 
INFO: Generating Helas calls for process: u~ u~ > ta- vt~ u~ b~ WEIGHTED<=6 $$ t t~ h @7 
INFO: Reusing existing color information for process: u~ u~ > ta- vt~ u~ b~ $$ t t~ h @7 
INFO: Generating Helas calls for process: u~ d~ > ta- vt~ d~ d~ WEIGHTED<=6 $$ t t~ h @7 
INFO: Processing color information for process: u~ d~ > ta- vt~ d~ d~ $$ t t~ h @7 
INFO: Generating Helas calls for process: u~ s~ > ta- vt~ s~ s~ WEIGHTED<=6 $$ t t~ h @7 
INFO: Reusing existing color information for process: u~ s~ > ta- vt~ s~ s~ $$ t t~ h @7 
INFO: Generating Helas calls for process: u~ b > ta- vt~ u u~ WEIGHTED<=6 $$ t t~ h @7 
INFO: Processing color information for process: u~ b > ta- vt~ u u~ $$ t t~ h @7 
INFO: Generating Helas calls for process: u~ b > ta- vt~ b b~ WEIGHTED<=6 $$ t t~ h @7 
INFO: Processing color information for process: u~ b > ta- vt~ b b~ $$ t t~ h @7 
INFO: Generating Helas calls for process: u~ b~ > ta- vt~ b~ b~ WEIGHTED<=6 $$ t t~ h @7 
INFO: Reusing existing color information for process: u~ b~ > ta- vt~ b~ b~ $$ t t~ h @7 
INFO: Generating Helas calls for process: c~ c~ > ta- vt~ c~ d~ WEIGHTED<=6 $$ t t~ h @7 
INFO: Reusing existing color information for process: c~ c~ > ta- vt~ c~ d~ $$ t t~ h @7 
INFO: Combined process c~ c~ > ta- vt~ c~ s~ WEIGHTED<=6 $$ t t~ h @7 with process u~ u~ > ta- vt~ u~ d~ WEIGHTED<=6 $$ t t~ h @7 
INFO: Generating Helas calls for process: c~ c~ > ta- vt~ c~ b~ WEIGHTED<=6 $$ t t~ h @7 
INFO: Reusing existing color information for process: c~ c~ > ta- vt~ c~ b~ $$ t t~ h @7 
INFO: Generating Helas calls for process: c~ d~ > ta- vt~ d~ d~ WEIGHTED<=6 $$ t t~ h @7 
INFO: Reusing existing color information for process: c~ d~ > ta- vt~ d~ d~ $$ t t~ h @7 
INFO: Combined process c~ s~ > ta- vt~ s~ s~ WEIGHTED<=6 $$ t t~ h @7 with process u~ d~ > ta- vt~ d~ d~ WEIGHTED<=6 $$ t t~ h @7 
INFO: Generating Helas calls for process: c~ b > ta- vt~ c c~ WEIGHTED<=6 $$ t t~ h @7 
INFO: Reusing existing color information for process: c~ b > ta- vt~ c c~ $$ t t~ h @7 
INFO: Generating Helas calls for process: c~ b > ta- vt~ b b~ WEIGHTED<=6 $$ t t~ h @7 
INFO: Reusing existing color information for process: c~ b > ta- vt~ b b~ $$ t t~ h @7 
INFO: Generating Helas calls for process: c~ b~ > ta- vt~ b~ b~ WEIGHTED<=6 $$ t t~ h @7 
INFO: Reusing existing color information for process: c~ b~ > ta- vt~ b~ b~ $$ t t~ h @7 
INFO: Generating Helas calls for process: b b > ta- vt~ u b WEIGHTED<=6 $$ t t~ h @7 
INFO: Reusing existing color information for process: b b > ta- vt~ u b $$ t t~ h @7 
INFO: Generating Helas calls for process: b b > ta- vt~ c b WEIGHTED<=6 $$ t t~ h @7 
INFO: Reusing existing color information for process: b b > ta- vt~ c b $$ t t~ h @7 
INFO: Generating Helas calls for process: b b~ > ta- vt~ u b~ WEIGHTED<=6 $$ t t~ h @7 
INFO: Reusing existing color information for process: b b~ > ta- vt~ u b~ $$ t t~ h @7 
INFO: Generating Helas calls for process: b b~ > ta- vt~ c b~ WEIGHTED<=6 $$ t t~ h @7 
INFO: Reusing existing color information for process: b b~ > ta- vt~ c b~ $$ t t~ h @7 
INFO: Generating Helas calls for process: u d > ta- vt~ u c WEIGHTED<=6 $$ t t~ h @7 
INFO: Processing color information for process: u d > ta- vt~ u c $$ t t~ h @7 
INFO: Generating Helas calls for process: u s > ta- vt~ u c WEIGHTED<=6 $$ t t~ h @7 
INFO: Reusing existing color information for process: u s > ta- vt~ u c $$ t t~ h @7 
INFO: Generating Helas calls for process: u u~ > ta- vt~ c d~ WEIGHTED<=6 $$ t t~ h @7 
INFO: Processing color information for process: u u~ > ta- vt~ c d~ $$ t t~ h @7 
INFO: Generating Helas calls for process: u u~ > ta- vt~ c s~ WEIGHTED<=6 $$ t t~ h @7 
INFO: Reusing existing color information for process: u u~ > ta- vt~ c s~ $$ t t~ h @7 
INFO: Generating Helas calls for process: u u~ > ta- vt~ c b~ WEIGHTED<=6 $$ t t~ h @7 
INFO: Reusing existing color information for process: u u~ > ta- vt~ c b~ $$ t t~ h @7 
INFO: Generating Helas calls for process: u c~ > ta- vt~ u d~ WEIGHTED<=6 $$ t t~ h @7 
INFO: Processing color information for process: u c~ > ta- vt~ u d~ $$ t t~ h @7 
INFO: Generating Helas calls for process: u c~ > ta- vt~ u s~ WEIGHTED<=6 $$ t t~ h @7 
INFO: Reusing existing color information for process: u c~ > ta- vt~ u s~ $$ t t~ h @7 
INFO: Generating Helas calls for process: u c~ > ta- vt~ u b~ WEIGHTED<=6 $$ t t~ h @7 
INFO: Reusing existing color information for process: u c~ > ta- vt~ u b~ $$ t t~ h @7 
INFO: Generating Helas calls for process: u b > ta- vt~ u c WEIGHTED<=6 $$ t t~ h @7 
INFO: Reusing existing color information for process: u b > ta- vt~ u c $$ t t~ h @7 
INFO: Combined process c d > ta- vt~ c u WEIGHTED<=6 $$ t t~ h @7 with process u s > ta- vt~ u c WEIGHTED<=6 $$ t t~ h @7 
INFO: Generating Helas calls for process: c s > ta- vt~ u c WEIGHTED<=6 $$ t t~ h @7 
INFO: Processing color information for process: c s > ta- vt~ u c $$ t t~ h @7 
INFO: Combined process c u~ > ta- vt~ c d~ WEIGHTED<=6 $$ t t~ h @7 with process u c~ > ta- vt~ u s~ WEIGHTED<=6 $$ t t~ h @7 
INFO: Generating Helas calls for process: c u~ > ta- vt~ c s~ WEIGHTED<=6 $$ t t~ h @7 
INFO: Reusing existing color information for process: c u~ > ta- vt~ c s~ $$ t t~ h @7 
INFO: Generating Helas calls for process: c u~ > ta- vt~ c b~ WEIGHTED<=6 $$ t t~ h @7 
INFO: Reusing existing color information for process: c u~ > ta- vt~ c b~ $$ t t~ h @7 
INFO: Combined process c c~ > ta- vt~ u d~ WEIGHTED<=6 $$ t t~ h @7 with process u u~ > ta- vt~ c s~ WEIGHTED<=6 $$ t t~ h @7 
INFO: Generating Helas calls for process: c c~ > ta- vt~ u s~ WEIGHTED<=6 $$ t t~ h @7 
INFO: Reusing existing color information for process: c c~ > ta- vt~ u s~ $$ t t~ h @7 
INFO: Generating Helas calls for process: c c~ > ta- vt~ u b~ WEIGHTED<=6 $$ t t~ h @7 
INFO: Reusing existing color information for process: c c~ > ta- vt~ u b~ $$ t t~ h @7 
INFO: Generating Helas calls for process: c b > ta- vt~ u c WEIGHTED<=6 $$ t t~ h @7 
INFO: Reusing existing color information for process: c b > ta- vt~ u c $$ t t~ h @7 
INFO: Combined process d s > ta- vt~ u d WEIGHTED<=6 $$ t t~ h @7 with process c s > ta- vt~ u c WEIGHTED<=6 $$ t t~ h @7 
INFO: Generating Helas calls for process: d s > ta- vt~ u s WEIGHTED<=6 $$ t t~ h @7 
INFO: Processing color information for process: d s > ta- vt~ u s $$ t t~ h @7 
INFO: Combined process d s > ta- vt~ d c WEIGHTED<=6 $$ t t~ h @7 with process u s > ta- vt~ u c WEIGHTED<=6 $$ t t~ h @7 
INFO: Generating Helas calls for process: d s > ta- vt~ c s WEIGHTED<=6 $$ t t~ h @7 
INFO: Reusing existing color information for process: d s > ta- vt~ c s $$ t t~ h @7 
INFO: Generating Helas calls for process: d u~ > ta- vt~ c u~ WEIGHTED<=6 $$ t t~ h @7 
INFO: Processing color information for process: d u~ > ta- vt~ c u~ $$ t t~ h @7 
INFO: Generating Helas calls for process: d u~ > ta- vt~ c c~ WEIGHTED<=6 $$ t t~ h @7 
INFO: Processing color information for process: d u~ > ta- vt~ c c~ $$ t t~ h @7 
INFO: Combined process d u~ > ta- vt~ d s~ WEIGHTED<=6 $$ t t~ h @7 with process c u~ > ta- vt~ c s~ WEIGHTED<=6 $$ t t~ h @7 
INFO: Combined process d u~ > ta- vt~ d b~ WEIGHTED<=6 $$ t t~ h @7 with process c u~ > ta- vt~ c b~ WEIGHTED<=6 $$ t t~ h @7 
INFO: Combined process d u~ > ta- vt~ s s~ WEIGHTED<=6 $$ t t~ h @7 with process d u~ > ta- vt~ c c~ WEIGHTED<=6 $$ t t~ h @7 
INFO: Combined process d u~ > ta- vt~ b b~ WEIGHTED<=6 $$ t t~ h @7 with process d u~ > ta- vt~ c c~ WEIGHTED<=6 $$ t t~ h @7 
INFO: Generating Helas calls for process: d c~ > ta- vt~ u u~ WEIGHTED<=6 $$ t t~ h @7 
INFO: Reusing existing color information for process: d c~ > ta- vt~ u u~ $$ t t~ h @7 
INFO: Generating Helas calls for process: d c~ > ta- vt~ u c~ WEIGHTED<=6 $$ t t~ h @7 
INFO: Reusing existing color information for process: d c~ > ta- vt~ u c~ $$ t t~ h @7 
INFO: Combined process d c~ > ta- vt~ d s~ WEIGHTED<=6 $$ t t~ h @7 with process u c~ > ta- vt~ u s~ WEIGHTED<=6 $$ t t~ h @7 
INFO: Combined process d c~ > ta- vt~ d b~ WEIGHTED<=6 $$ t t~ h @7 with process u c~ > ta- vt~ u b~ WEIGHTED<=6 $$ t t~ h @7 
INFO: Combined process d c~ > ta- vt~ s s~ WEIGHTED<=6 $$ t t~ h @7 with process d c~ > ta- vt~ u u~ WEIGHTED<=6 $$ t t~ h @7 
INFO: Combined process d c~ > ta- vt~ b b~ WEIGHTED<=6 $$ t t~ h @7 with process d c~ > ta- vt~ u u~ WEIGHTED<=6 $$ t t~ h @7 
INFO: Combined process d d~ > ta- vt~ u s~ WEIGHTED<=6 $$ t t~ h @7 with process c c~ > ta- vt~ u s~ WEIGHTED<=6 $$ t t~ h @7 
INFO: Combined process d d~ > ta- vt~ u b~ WEIGHTED<=6 $$ t t~ h @7 with process c c~ > ta- vt~ u b~ WEIGHTED<=6 $$ t t~ h @7 
INFO: Combined process d d~ > ta- vt~ c s~ WEIGHTED<=6 $$ t t~ h @7 with process u u~ > ta- vt~ c s~ WEIGHTED<=6 $$ t t~ h @7 
INFO: Combined process d d~ > ta- vt~ c b~ WEIGHTED<=6 $$ t t~ h @7 with process u u~ > ta- vt~ c b~ WEIGHTED<=6 $$ t t~ h @7 
INFO: Combined process d s~ > ta- vt~ u s~ WEIGHTED<=6 $$ t t~ h @7 with process d c~ > ta- vt~ u c~ WEIGHTED<=6 $$ t t~ h @7 
INFO: Combined process d s~ > ta- vt~ c s~ WEIGHTED<=6 $$ t t~ h @7 with process d u~ > ta- vt~ c u~ WEIGHTED<=6 $$ t t~ h @7 
INFO: Combined process d b > ta- vt~ u d WEIGHTED<=6 $$ t t~ h @7 with process c b > ta- vt~ u c WEIGHTED<=6 $$ t t~ h @7 
INFO: Combined process d b > ta- vt~ u b WEIGHTED<=6 $$ t t~ h @7 with process d s > ta- vt~ u s WEIGHTED<=6 $$ t t~ h @7 
INFO: Combined process d b > ta- vt~ d c WEIGHTED<=6 $$ t t~ h @7 with process u b > ta- vt~ u c WEIGHTED<=6 $$ t t~ h @7 
INFO: Combined process d b > ta- vt~ c b WEIGHTED<=6 $$ t t~ h @7 with process d s > ta- vt~ c s WEIGHTED<=6 $$ t t~ h @7 
INFO: Combined process d b~ > ta- vt~ u b~ WEIGHTED<=6 $$ t t~ h @7 with process d c~ > ta- vt~ u c~ WEIGHTED<=6 $$ t t~ h @7 
INFO: Combined process d b~ > ta- vt~ c b~ WEIGHTED<=6 $$ t t~ h @7 with process d u~ > ta- vt~ c u~ WEIGHTED<=6 $$ t t~ h @7 
INFO: Combined process s u~ > ta- vt~ c u~ WEIGHTED<=6 $$ t t~ h @7 with process d c~ > ta- vt~ u c~ WEIGHTED<=6 $$ t t~ h @7 
INFO: Generating Helas calls for process: s u~ > ta- vt~ c c~ WEIGHTED<=6 $$ t t~ h @7 
INFO: Reusing existing color information for process: s u~ > ta- vt~ c c~ $$ t t~ h @7 
INFO: Combined process s u~ > ta- vt~ d d~ WEIGHTED<=6 $$ t t~ h @7 with process s u~ > ta- vt~ c c~ WEIGHTED<=6 $$ t t~ h @7 
INFO: Combined process s u~ > ta- vt~ s d~ WEIGHTED<=6 $$ t t~ h @7 with process u c~ > ta- vt~ u s~ WEIGHTED<=6 $$ t t~ h @7 
INFO: Combined process s u~ > ta- vt~ s b~ WEIGHTED<=6 $$ t t~ h @7 with process c u~ > ta- vt~ c b~ WEIGHTED<=6 $$ t t~ h @7 
INFO: Combined process s u~ > ta- vt~ b b~ WEIGHTED<=6 $$ t t~ h @7 with process s u~ > ta- vt~ c c~ WEIGHTED<=6 $$ t t~ h @7 
INFO: Combined process s c~ > ta- vt~ u u~ WEIGHTED<=6 $$ t t~ h @7 with process d u~ > ta- vt~ c c~ WEIGHTED<=6 $$ t t~ h @7 
INFO: Generating Helas calls for process: s c~ > ta- vt~ u c~ WEIGHTED<=6 $$ t t~ h @7 
INFO: Reusing existing color information for process: s c~ > ta- vt~ u c~ $$ t t~ h @7 
INFO: Combined process s c~ > ta- vt~ d d~ WEIGHTED<=6 $$ t t~ h @7 with process d u~ > ta- vt~ c c~ WEIGHTED<=6 $$ t t~ h @7 
INFO: Combined process s c~ > ta- vt~ s d~ WEIGHTED<=6 $$ t t~ h @7 with process u c~ > ta- vt~ u d~ WEIGHTED<=6 $$ t t~ h @7 
INFO: Combined process s c~ > ta- vt~ s b~ WEIGHTED<=6 $$ t t~ h @7 with process u c~ > ta- vt~ u b~ WEIGHTED<=6 $$ t t~ h @7 
INFO: Combined process s c~ > ta- vt~ b b~ WEIGHTED<=6 $$ t t~ h @7 with process d u~ > ta- vt~ c c~ WEIGHTED<=6 $$ t t~ h @7 
INFO: Combined process s d~ > ta- vt~ u d~ WEIGHTED<=6 $$ t t~ h @7 with process s c~ > ta- vt~ u c~ WEIGHTED<=6 $$ t t~ h @7 
INFO: Combined process s d~ > ta- vt~ c d~ WEIGHTED<=6 $$ t t~ h @7 with process d c~ > ta- vt~ u c~ WEIGHTED<=6 $$ t t~ h @7 
INFO: Combined process s s~ > ta- vt~ u d~ WEIGHTED<=6 $$ t t~ h @7 with process u u~ > ta- vt~ c s~ WEIGHTED<=6 $$ t t~ h @7 
INFO: Combined process s s~ > ta- vt~ u b~ WEIGHTED<=6 $$ t t~ h @7 with process c c~ > ta- vt~ u b~ WEIGHTED<=6 $$ t t~ h @7 
INFO: Combined process s s~ > ta- vt~ c d~ WEIGHTED<=6 $$ t t~ h @7 with process u u~ > ta- vt~ c d~ WEIGHTED<=6 $$ t t~ h @7 
INFO: Combined process s s~ > ta- vt~ c b~ WEIGHTED<=6 $$ t t~ h @7 with process u u~ > ta- vt~ c b~ WEIGHTED<=6 $$ t t~ h @7 
INFO: Combined process s b > ta- vt~ u s WEIGHTED<=6 $$ t t~ h @7 with process c b > ta- vt~ u c WEIGHTED<=6 $$ t t~ h @7 
INFO: Generating Helas calls for process: s b > ta- vt~ u b WEIGHTED<=6 $$ t t~ h @7 
INFO: Reusing existing color information for process: s b > ta- vt~ u b $$ t t~ h @7 
INFO: Combined process s b > ta- vt~ s c WEIGHTED<=6 $$ t t~ h @7 with process u b > ta- vt~ u c WEIGHTED<=6 $$ t t~ h @7 
INFO: Combined process s b > ta- vt~ c b WEIGHTED<=6 $$ t t~ h @7 with process d s > ta- vt~ u s WEIGHTED<=6 $$ t t~ h @7 
INFO: Combined process s b~ > ta- vt~ u b~ WEIGHTED<=6 $$ t t~ h @7 with process s c~ > ta- vt~ u c~ WEIGHTED<=6 $$ t t~ h @7 
INFO: Combined process s b~ > ta- vt~ c b~ WEIGHTED<=6 $$ t t~ h @7 with process d c~ > ta- vt~ u c~ WEIGHTED<=6 $$ t t~ h @7 
INFO: Generating Helas calls for process: u~ c~ > ta- vt~ u~ d~ WEIGHTED<=6 $$ t t~ h @7 
INFO: Processing color information for process: u~ c~ > ta- vt~ u~ d~ $$ t t~ h @7 
INFO: Generating Helas calls for process: u~ c~ > ta- vt~ u~ s~ WEIGHTED<=6 $$ t t~ h @7 
INFO: Reusing existing color information for process: u~ c~ > ta- vt~ u~ s~ $$ t t~ h @7 
INFO: Generating Helas calls for process: u~ c~ > ta- vt~ u~ b~ WEIGHTED<=6 $$ t t~ h @7 
INFO: Reusing existing color information for process: u~ c~ > ta- vt~ u~ b~ $$ t t~ h @7 
INFO: Generating Helas calls for process: u~ c~ > ta- vt~ c~ d~ WEIGHTED<=6 $$ t t~ h @7 
INFO: Processing color information for process: u~ c~ > ta- vt~ c~ d~ $$ t t~ h @7 
INFO: Generating Helas calls for process: u~ c~ > ta- vt~ c~ s~ WEIGHTED<=6 $$ t t~ h @7 
INFO: Reusing existing color information for process: u~ c~ > ta- vt~ c~ s~ $$ t t~ h @7 
INFO: Generating Helas calls for process: u~ c~ > ta- vt~ c~ b~ WEIGHTED<=6 $$ t t~ h @7 
INFO: Reusing existing color information for process: u~ c~ > ta- vt~ c~ b~ $$ t t~ h @7 
INFO: Combined process u~ d~ > ta- vt~ d~ s~ WEIGHTED<=6 $$ t t~ h @7 with process u~ c~ > ta- vt~ c~ s~ WEIGHTED<=6 $$ t t~ h @7 
INFO: Combined process u~ d~ > ta- vt~ d~ b~ WEIGHTED<=6 $$ t t~ h @7 with process u~ c~ > ta- vt~ c~ b~ WEIGHTED<=6 $$ t t~ h @7 
INFO: Combined process u~ s~ > ta- vt~ s~ d~ WEIGHTED<=6 $$ t t~ h @7 with process u~ c~ > ta- vt~ c~ d~ WEIGHTED<=6 $$ t t~ h @7 
INFO: Combined process u~ s~ > ta- vt~ s~ b~ WEIGHTED<=6 $$ t t~ h @7 with process u~ c~ > ta- vt~ c~ b~ WEIGHTED<=6 $$ t t~ h @7 
INFO: Generating Helas calls for process: u~ b > ta- vt~ c u~ WEIGHTED<=6 $$ t t~ h @7 
INFO: Processing color information for process: u~ b > ta- vt~ c u~ $$ t t~ h @7 
INFO: Generating Helas calls for process: u~ b > ta- vt~ c c~ WEIGHTED<=6 $$ t t~ h @7 
INFO: Processing color information for process: u~ b > ta- vt~ c c~ $$ t t~ h @7 
INFO: Combined process u~ b > ta- vt~ d d~ WEIGHTED<=6 $$ t t~ h @7 with process u~ b > ta- vt~ c c~ WEIGHTED<=6 $$ t t~ h @7 
INFO: Combined process u~ b > ta- vt~ s s~ WEIGHTED<=6 $$ t t~ h @7 with process u~ b > ta- vt~ c c~ WEIGHTED<=6 $$ t t~ h @7 
INFO: Generating Helas calls for process: u~ b > ta- vt~ b d~ WEIGHTED<=6 $$ t t~ h @7 
INFO: Processing color information for process: u~ b > ta- vt~ b d~ $$ t t~ h @7 
INFO: Generating Helas calls for process: u~ b > ta- vt~ b s~ WEIGHTED<=6 $$ t t~ h @7 
INFO: Reusing existing color information for process: u~ b > ta- vt~ b s~ $$ t t~ h @7 
INFO: Combined process u~ b~ > ta- vt~ b~ d~ WEIGHTED<=6 $$ t t~ h @7 with process u~ c~ > ta- vt~ c~ d~ WEIGHTED<=6 $$ t t~ h @7 
INFO: Combined process u~ b~ > ta- vt~ b~ s~ WEIGHTED<=6 $$ t t~ h @7 with process u~ c~ > ta- vt~ c~ s~ WEIGHTED<=6 $$ t t~ h @7 
INFO: Combined process c~ d~ > ta- vt~ d~ s~ WEIGHTED<=6 $$ t t~ h @7 with process u~ c~ > ta- vt~ c~ d~ WEIGHTED<=6 $$ t t~ h @7 
INFO: Generating Helas calls for process: c~ d~ > ta- vt~ d~ b~ WEIGHTED<=6 $$ t t~ h @7 
INFO: Reusing existing color information for process: c~ d~ > ta- vt~ d~ b~ $$ t t~ h @7 
INFO: Generating Helas calls for process: c~ s~ > ta- vt~ d~ s~ WEIGHTED<=6 $$ t t~ h @7 
INFO: Processing color information for process: c~ s~ > ta- vt~ d~ s~ $$ t t~ h @7 
INFO: Combined process c~ s~ > ta- vt~ s~ b~ WEIGHTED<=6 $$ t t~ h @7 with process c~ d~ > ta- vt~ d~ b~ WEIGHTED<=6 $$ t t~ h @7 
INFO: Generating Helas calls for process: c~ b > ta- vt~ u u~ WEIGHTED<=6 $$ t t~ h @7 
INFO: Reusing existing color information for process: c~ b > ta- vt~ u u~ $$ t t~ h @7 
INFO: Generating Helas calls for process: c~ b > ta- vt~ u c~ WEIGHTED<=6 $$ t t~ h @7 
INFO: Reusing existing color information for process: c~ b > ta- vt~ u c~ $$ t t~ h @7 
INFO: Combined process c~ b > ta- vt~ d d~ WEIGHTED<=6 $$ t t~ h @7 with process c~ b > ta- vt~ u u~ WEIGHTED<=6 $$ t t~ h @7 
INFO: Combined process c~ b > ta- vt~ s s~ WEIGHTED<=6 $$ t t~ h @7 with process c~ b > ta- vt~ u u~ WEIGHTED<=6 $$ t t~ h @7 
INFO: Generating Helas calls for process: c~ b > ta- vt~ b d~ WEIGHTED<=6 $$ t t~ h @7 
INFO: Reusing existing color information for process: c~ b > ta- vt~ b d~ $$ t t~ h @7 
INFO: Combined process c~ b > ta- vt~ b s~ WEIGHTED<=6 $$ t t~ h @7 with process u~ b > ta- vt~ b d~ WEIGHTED<=6 $$ t t~ h @7 
INFO: Combined process c~ b~ > ta- vt~ d~ b~ WEIGHTED<=6 $$ t t~ h @7 with process c~ s~ > ta- vt~ d~ s~ WEIGHTED<=6 $$ t t~ h @7 
INFO: Combined process c~ b~ > ta- vt~ b~ s~ WEIGHTED<=6 $$ t t~ h @7 with process u~ c~ > ta- vt~ c~ d~ WEIGHTED<=6 $$ t t~ h @7 
INFO: Combined process d~ b > ta- vt~ u d~ WEIGHTED<=6 $$ t t~ h @7 with process c~ b > ta- vt~ u c~ WEIGHTED<=6 $$ t t~ h @7 
INFO: Combined process d~ b > ta- vt~ c d~ WEIGHTED<=6 $$ t t~ h @7 with process u~ b > ta- vt~ c u~ WEIGHTED<=6 $$ t t~ h @7 
INFO: Combined process s~ b > ta- vt~ u s~ WEIGHTED<=6 $$ t t~ h @7 with process c~ b > ta- vt~ u c~ WEIGHTED<=6 $$ t t~ h @7 
INFO: Combined process s~ b > ta- vt~ c s~ WEIGHTED<=6 $$ t t~ h @7 with process u~ b > ta- vt~ c u~ WEIGHTED<=6 $$ t t~ h @7 
INFO: Combined process b b~ > ta- vt~ u d~ WEIGHTED<=6 $$ t t~ h @7 with process u u~ > ta- vt~ c s~ WEIGHTED<=6 $$ t t~ h @7 
INFO: Combined process b b~ > ta- vt~ u s~ WEIGHTED<=6 $$ t t~ h @7 with process c c~ > ta- vt~ u s~ WEIGHTED<=6 $$ t t~ h @7 
INFO: Combined process b b~ > ta- vt~ c d~ WEIGHTED<=6 $$ t t~ h @7 with process u u~ > ta- vt~ c d~ WEIGHTED<=6 $$ t t~ h @7 
INFO: Combined process b b~ > ta- vt~ c s~ WEIGHTED<=6 $$ t t~ h @7 with process u u~ > ta- vt~ c s~ WEIGHTED<=6 $$ t t~ h @7 
INFO: Generating Helas calls for process: g u > e+ ve d WEIGHTED<=5 $$ t t~ h @1 
INFO: Processing color information for process: g u > e+ ve d $$ t t~ h @1 
INFO: Generating Helas calls for process: g u > e+ ve s WEIGHTED<=5 $$ t t~ h @1 
INFO: Reusing existing color information for process: g u > e+ ve s $$ t t~ h @1 
INFO: Generating Helas calls for process: g u > e+ ve b WEIGHTED<=5 $$ t t~ h @1 
INFO: Reusing existing color information for process: g u > e+ ve b $$ t t~ h @1 
INFO: Combined process g u > mu+ vm d WEIGHTED<=5 $$ t t~ h @1 with process g u > e+ ve d WEIGHTED<=5 $$ t t~ h @1 
INFO: Combined process g u > mu+ vm s WEIGHTED<=5 $$ t t~ h @1 with process g u > e+ ve s WEIGHTED<=5 $$ t t~ h @1 
INFO: Combined process g u > mu+ vm b WEIGHTED<=5 $$ t t~ h @1 with process g u > e+ ve b WEIGHTED<=5 $$ t t~ h @1 
INFO: Generating Helas calls for process: g c > e+ ve d WEIGHTED<=5 $$ t t~ h @1 
INFO: Reusing existing color information for process: g c > e+ ve d $$ t t~ h @1 
INFO: Combined process g c > e+ ve s WEIGHTED<=5 $$ t t~ h @1 with process g u > e+ ve d WEIGHTED<=5 $$ t t~ h @1 
INFO: Generating Helas calls for process: g c > e+ ve b WEIGHTED<=5 $$ t t~ h @1 
INFO: Reusing existing color information for process: g c > e+ ve b $$ t t~ h @1 
INFO: Combined process g c > mu+ vm d WEIGHTED<=5 $$ t t~ h @1 with process g c > e+ ve d WEIGHTED<=5 $$ t t~ h @1 
INFO: Combined process g c > mu+ vm s WEIGHTED<=5 $$ t t~ h @1 with process g u > e+ ve d WEIGHTED<=5 $$ t t~ h @1 
INFO: Combined process g c > mu+ vm b WEIGHTED<=5 $$ t t~ h @1 with process g c > e+ ve b WEIGHTED<=5 $$ t t~ h @1 
INFO: Generating Helas calls for process: g d~ > e+ ve u~ WEIGHTED<=5 $$ t t~ h @1 
INFO: Processing color information for process: g d~ > e+ ve u~ $$ t t~ h @1 
INFO: Generating Helas calls for process: g d~ > e+ ve c~ WEIGHTED<=5 $$ t t~ h @1 
INFO: Reusing existing color information for process: g d~ > e+ ve c~ $$ t t~ h @1 
INFO: Combined process g d~ > mu+ vm u~ WEIGHTED<=5 $$ t t~ h @1 with process g d~ > e+ ve u~ WEIGHTED<=5 $$ t t~ h @1 
INFO: Combined process g d~ > mu+ vm c~ WEIGHTED<=5 $$ t t~ h @1 with process g d~ > e+ ve c~ WEIGHTED<=5 $$ t t~ h @1 
INFO: Generating Helas calls for process: g s~ > e+ ve u~ WEIGHTED<=5 $$ t t~ h @1 
INFO: Reusing existing color information for process: g s~ > e+ ve u~ $$ t t~ h @1 
INFO: Combined process g s~ > e+ ve c~ WEIGHTED<=5 $$ t t~ h @1 with process g d~ > e+ ve u~ WEIGHTED<=5 $$ t t~ h @1 
INFO: Combined process g s~ > mu+ vm u~ WEIGHTED<=5 $$ t t~ h @1 with process g s~ > e+ ve u~ WEIGHTED<=5 $$ t t~ h @1 
INFO: Combined process g s~ > mu+ vm c~ WEIGHTED<=5 $$ t t~ h @1 with process g d~ > e+ ve u~ WEIGHTED<=5 $$ t t~ h @1 
INFO: Generating Helas calls for process: g b~ > e+ ve u~ WEIGHTED<=5 $$ t t~ h @1 
INFO: Reusing existing color information for process: g b~ > e+ ve u~ $$ t t~ h @1 
INFO: Generating Helas calls for process: g b~ > e+ ve c~ WEIGHTED<=5 $$ t t~ h @1 
INFO: Reusing existing color information for process: g b~ > e+ ve c~ $$ t t~ h @1 
INFO: Combined process g b~ > mu+ vm u~ WEIGHTED<=5 $$ t t~ h @1 with process g b~ > e+ ve u~ WEIGHTED<=5 $$ t t~ h @1 
INFO: Combined process g b~ > mu+ vm c~ WEIGHTED<=5 $$ t t~ h @1 with process g b~ > e+ ve c~ WEIGHTED<=5 $$ t t~ h @1 
INFO: Generating Helas calls for process: g u > ta+ vt d WEIGHTED<=5 $$ t t~ h @1 
INFO: Processing color information for process: g u > ta+ vt d $$ t t~ h @1 
INFO: Generating Helas calls for process: g u > ta+ vt s WEIGHTED<=5 $$ t t~ h @1 
INFO: Reusing existing color information for process: g u > ta+ vt s $$ t t~ h @1 
INFO: Generating Helas calls for process: g u > ta+ vt b WEIGHTED<=5 $$ t t~ h @1 
INFO: Reusing existing color information for process: g u > ta+ vt b $$ t t~ h @1 
INFO: Generating Helas calls for process: g c > ta+ vt d WEIGHTED<=5 $$ t t~ h @1 
INFO: Reusing existing color information for process: g c > ta+ vt d $$ t t~ h @1 
INFO: Combined process g c > ta+ vt s WEIGHTED<=5 $$ t t~ h @1 with process g u > ta+ vt d WEIGHTED<=5 $$ t t~ h @1 
INFO: Generating Helas calls for process: g c > ta+ vt b WEIGHTED<=5 $$ t t~ h @1 
INFO: Reusing existing color information for process: g c > ta+ vt b $$ t t~ h @1 
INFO: Generating Helas calls for process: g d~ > ta+ vt u~ WEIGHTED<=5 $$ t t~ h @1 
INFO: Processing color information for process: g d~ > ta+ vt u~ $$ t t~ h @1 
INFO: Generating Helas calls for process: g d~ > ta+ vt c~ WEIGHTED<=5 $$ t t~ h @1 
INFO: Reusing existing color information for process: g d~ > ta+ vt c~ $$ t t~ h @1 
INFO: Generating Helas calls for process: g s~ > ta+ vt u~ WEIGHTED<=5 $$ t t~ h @1 
INFO: Reusing existing color information for process: g s~ > ta+ vt u~ $$ t t~ h @1 
INFO: Combined process g s~ > ta+ vt c~ WEIGHTED<=5 $$ t t~ h @1 with process g d~ > ta+ vt u~ WEIGHTED<=5 $$ t t~ h @1 
INFO: Generating Helas calls for process: g b~ > ta+ vt u~ WEIGHTED<=5 $$ t t~ h @1 
INFO: Reusing existing color information for process: g b~ > ta+ vt u~ $$ t t~ h @1 
INFO: Generating Helas calls for process: g b~ > ta+ vt c~ WEIGHTED<=5 $$ t t~ h @1 
INFO: Reusing existing color information for process: g b~ > ta+ vt c~ $$ t t~ h @1 
INFO: Generating Helas calls for process: u d~ > e+ ve g WEIGHTED<=5 $$ t t~ h @1 
INFO: Processing color information for process: u d~ > e+ ve g $$ t t~ h @1 
INFO: Combined process u d~ > mu+ vm g WEIGHTED<=5 $$ t t~ h @1 with process u d~ > e+ ve g WEIGHTED<=5 $$ t t~ h @1 
INFO: Generating Helas calls for process: u s~ > e+ ve g WEIGHTED<=5 $$ t t~ h @1 
INFO: Reusing existing color information for process: u s~ > e+ ve g $$ t t~ h @1 
INFO: Combined process u s~ > mu+ vm g WEIGHTED<=5 $$ t t~ h @1 with process u s~ > e+ ve g WEIGHTED<=5 $$ t t~ h @1 
INFO: Generating Helas calls for process: u b~ > e+ ve g WEIGHTED<=5 $$ t t~ h @1 
INFO: Reusing existing color information for process: u b~ > e+ ve g $$ t t~ h @1 
INFO: Combined process u b~ > mu+ vm g WEIGHTED<=5 $$ t t~ h @1 with process u b~ > e+ ve g WEIGHTED<=5 $$ t t~ h @1 
INFO: Generating Helas calls for process: c d~ > e+ ve g WEIGHTED<=5 $$ t t~ h @1 
INFO: Reusing existing color information for process: c d~ > e+ ve g $$ t t~ h @1 
INFO: Combined process c d~ > mu+ vm g WEIGHTED<=5 $$ t t~ h @1 with process c d~ > e+ ve g WEIGHTED<=5 $$ t t~ h @1 
INFO: Combined process c s~ > e+ ve g WEIGHTED<=5 $$ t t~ h @1 with process u d~ > e+ ve g WEIGHTED<=5 $$ t t~ h @1 
INFO: Combined process c s~ > mu+ vm g WEIGHTED<=5 $$ t t~ h @1 with process u d~ > e+ ve g WEIGHTED<=5 $$ t t~ h @1 
INFO: Generating Helas calls for process: c b~ > e+ ve g WEIGHTED<=5 $$ t t~ h @1 
INFO: Reusing existing color information for process: c b~ > e+ ve g $$ t t~ h @1 
INFO: Combined process c b~ > mu+ vm g WEIGHTED<=5 $$ t t~ h @1 with process c b~ > e+ ve g WEIGHTED<=5 $$ t t~ h @1 
INFO: Generating Helas calls for process: u d~ > ta+ vt g WEIGHTED<=5 $$ t t~ h @1 
INFO: Processing color information for process: u d~ > ta+ vt g $$ t t~ h @1 
INFO: Generating Helas calls for process: u s~ > ta+ vt g WEIGHTED<=5 $$ t t~ h @1 
INFO: Reusing existing color information for process: u s~ > ta+ vt g $$ t t~ h @1 
INFO: Generating Helas calls for process: u b~ > ta+ vt g WEIGHTED<=5 $$ t t~ h @1 
INFO: Reusing existing color information for process: u b~ > ta+ vt g $$ t t~ h @1 
INFO: Generating Helas calls for process: c d~ > ta+ vt g WEIGHTED<=5 $$ t t~ h @1 
INFO: Reusing existing color information for process: c d~ > ta+ vt g $$ t t~ h @1 
INFO: Combined process c s~ > ta+ vt g WEIGHTED<=5 $$ t t~ h @1 with process u d~ > ta+ vt g WEIGHTED<=5 $$ t t~ h @1 
INFO: Generating Helas calls for process: c b~ > ta+ vt g WEIGHTED<=5 $$ t t~ h @1 
INFO: Reusing existing color information for process: c b~ > ta+ vt g $$ t t~ h @1 
INFO: Generating Helas calls for process: g d > e- ve~ u WEIGHTED<=5 $$ t t~ h @6 
INFO: Processing color information for process: g d > e- ve~ u $$ t t~ h @6 
INFO: Generating Helas calls for process: g d > e- ve~ c WEIGHTED<=5 $$ t t~ h @6 
INFO: Reusing existing color information for process: g d > e- ve~ c $$ t t~ h @6 
INFO: Combined process g d > mu- vm~ u WEIGHTED<=5 $$ t t~ h @6 with process g d > e- ve~ u WEIGHTED<=5 $$ t t~ h @6 
INFO: Combined process g d > mu- vm~ c WEIGHTED<=5 $$ t t~ h @6 with process g d > e- ve~ c WEIGHTED<=5 $$ t t~ h @6 
INFO: Generating Helas calls for process: g s > e- ve~ u WEIGHTED<=5 $$ t t~ h @6 
INFO: Reusing existing color information for process: g s > e- ve~ u $$ t t~ h @6 
INFO: Combined process g s > e- ve~ c WEIGHTED<=5 $$ t t~ h @6 with process g d > e- ve~ u WEIGHTED<=5 $$ t t~ h @6 
INFO: Combined process g s > mu- vm~ u WEIGHTED<=5 $$ t t~ h @6 with process g s > e- ve~ u WEIGHTED<=5 $$ t t~ h @6 
INFO: Combined process g s > mu- vm~ c WEIGHTED<=5 $$ t t~ h @6 with process g d > e- ve~ u WEIGHTED<=5 $$ t t~ h @6 
INFO: Generating Helas calls for process: g u~ > e- ve~ d~ WEIGHTED<=5 $$ t t~ h @6 
INFO: Processing color information for process: g u~ > e- ve~ d~ $$ t t~ h @6 
INFO: Generating Helas calls for process: g u~ > e- ve~ s~ WEIGHTED<=5 $$ t t~ h @6 
INFO: Reusing existing color information for process: g u~ > e- ve~ s~ $$ t t~ h @6 
INFO: Generating Helas calls for process: g u~ > e- ve~ b~ WEIGHTED<=5 $$ t t~ h @6 
INFO: Reusing existing color information for process: g u~ > e- ve~ b~ $$ t t~ h @6 
INFO: Combined process g u~ > mu- vm~ d~ WEIGHTED<=5 $$ t t~ h @6 with process g u~ > e- ve~ d~ WEIGHTED<=5 $$ t t~ h @6 
INFO: Combined process g u~ > mu- vm~ s~ WEIGHTED<=5 $$ t t~ h @6 with process g u~ > e- ve~ s~ WEIGHTED<=5 $$ t t~ h @6 
INFO: Combined process g u~ > mu- vm~ b~ WEIGHTED<=5 $$ t t~ h @6 with process g u~ > e- ve~ b~ WEIGHTED<=5 $$ t t~ h @6 
INFO: Generating Helas calls for process: g c~ > e- ve~ d~ WEIGHTED<=5 $$ t t~ h @6 
INFO: Reusing existing color information for process: g c~ > e- ve~ d~ $$ t t~ h @6 
INFO: Combined process g c~ > e- ve~ s~ WEIGHTED<=5 $$ t t~ h @6 with process g u~ > e- ve~ d~ WEIGHTED<=5 $$ t t~ h @6 
INFO: Generating Helas calls for process: g c~ > e- ve~ b~ WEIGHTED<=5 $$ t t~ h @6 
INFO: Reusing existing color information for process: g c~ > e- ve~ b~ $$ t t~ h @6 
INFO: Combined process g c~ > mu- vm~ d~ WEIGHTED<=5 $$ t t~ h @6 with process g c~ > e- ve~ d~ WEIGHTED<=5 $$ t t~ h @6 
INFO: Combined process g c~ > mu- vm~ s~ WEIGHTED<=5 $$ t t~ h @6 with process g u~ > e- ve~ d~ WEIGHTED<=5 $$ t t~ h @6 
INFO: Combined process g c~ > mu- vm~ b~ WEIGHTED<=5 $$ t t~ h @6 with process g c~ > e- ve~ b~ WEIGHTED<=5 $$ t t~ h @6 
INFO: Generating Helas calls for process: g b > e- ve~ u WEIGHTED<=5 $$ t t~ h @6 
INFO: Reusing existing color information for process: g b > e- ve~ u $$ t t~ h @6 
INFO: Generating Helas calls for process: g b > e- ve~ c WEIGHTED<=5 $$ t t~ h @6 
INFO: Reusing existing color information for process: g b > e- ve~ c $$ t t~ h @6 
INFO: Combined process g b > mu- vm~ u WEIGHTED<=5 $$ t t~ h @6 with process g b > e- ve~ u WEIGHTED<=5 $$ t t~ h @6 
INFO: Combined process g b > mu- vm~ c WEIGHTED<=5 $$ t t~ h @6 with process g b > e- ve~ c WEIGHTED<=5 $$ t t~ h @6 
INFO: Generating Helas calls for process: g d > ta- vt~ u WEIGHTED<=5 $$ t t~ h @6 
INFO: Processing color information for process: g d > ta- vt~ u $$ t t~ h @6 
INFO: Generating Helas calls for process: g d > ta- vt~ c WEIGHTED<=5 $$ t t~ h @6 
INFO: Reusing existing color information for process: g d > ta- vt~ c $$ t t~ h @6 
INFO: Generating Helas calls for process: g s > ta- vt~ u WEIGHTED<=5 $$ t t~ h @6 
INFO: Reusing existing color information for process: g s > ta- vt~ u $$ t t~ h @6 
INFO: Combined process g s > ta- vt~ c WEIGHTED<=5 $$ t t~ h @6 with process g d > ta- vt~ u WEIGHTED<=5 $$ t t~ h @6 
INFO: Generating Helas calls for process: g u~ > ta- vt~ d~ WEIGHTED<=5 $$ t t~ h @6 
INFO: Processing color information for process: g u~ > ta- vt~ d~ $$ t t~ h @6 
INFO: Generating Helas calls for process: g u~ > ta- vt~ s~ WEIGHTED<=5 $$ t t~ h @6 
INFO: Reusing existing color information for process: g u~ > ta- vt~ s~ $$ t t~ h @6 
INFO: Generating Helas calls for process: g u~ > ta- vt~ b~ WEIGHTED<=5 $$ t t~ h @6 
INFO: Reusing existing color information for process: g u~ > ta- vt~ b~ $$ t t~ h @6 
INFO: Generating Helas calls for process: g c~ > ta- vt~ d~ WEIGHTED<=5 $$ t t~ h @6 
INFO: Reusing existing color information for process: g c~ > ta- vt~ d~ $$ t t~ h @6 
INFO: Combined process g c~ > ta- vt~ s~ WEIGHTED<=5 $$ t t~ h @6 with process g u~ > ta- vt~ d~ WEIGHTED<=5 $$ t t~ h @6 
INFO: Generating Helas calls for process: g c~ > ta- vt~ b~ WEIGHTED<=5 $$ t t~ h @6 
INFO: Reusing existing color information for process: g c~ > ta- vt~ b~ $$ t t~ h @6 
INFO: Generating Helas calls for process: g b > ta- vt~ u WEIGHTED<=5 $$ t t~ h @6 
INFO: Reusing existing color information for process: g b > ta- vt~ u $$ t t~ h @6 
INFO: Generating Helas calls for process: g b > ta- vt~ c WEIGHTED<=5 $$ t t~ h @6 
INFO: Reusing existing color information for process: g b > ta- vt~ c $$ t t~ h @6 
INFO: Generating Helas calls for process: d u~ > e- ve~ g WEIGHTED<=5 $$ t t~ h @6 
INFO: Processing color information for process: d u~ > e- ve~ g $$ t t~ h @6 
INFO: Combined process d u~ > mu- vm~ g WEIGHTED<=5 $$ t t~ h @6 with process d u~ > e- ve~ g WEIGHTED<=5 $$ t t~ h @6 
INFO: Generating Helas calls for process: d c~ > e- ve~ g WEIGHTED<=5 $$ t t~ h @6 
INFO: Reusing existing color information for process: d c~ > e- ve~ g $$ t t~ h @6 
INFO: Combined process d c~ > mu- vm~ g WEIGHTED<=5 $$ t t~ h @6 with process d c~ > e- ve~ g WEIGHTED<=5 $$ t t~ h @6 
INFO: Generating Helas calls for process: s u~ > e- ve~ g WEIGHTED<=5 $$ t t~ h @6 
INFO: Reusing existing color information for process: s u~ > e- ve~ g $$ t t~ h @6 
INFO: Combined process s u~ > mu- vm~ g WEIGHTED<=5 $$ t t~ h @6 with process s u~ > e- ve~ g WEIGHTED<=5 $$ t t~ h @6 
INFO: Combined process s c~ > e- ve~ g WEIGHTED<=5 $$ t t~ h @6 with process d u~ > e- ve~ g WEIGHTED<=5 $$ t t~ h @6 
INFO: Combined process s c~ > mu- vm~ g WEIGHTED<=5 $$ t t~ h @6 with process d u~ > e- ve~ g WEIGHTED<=5 $$ t t~ h @6 
INFO: Generating Helas calls for process: u~ b > e- ve~ g WEIGHTED<=5 $$ t t~ h @6 
INFO: Processing color information for process: u~ b > e- ve~ g $$ t t~ h @6 
INFO: Combined process u~ b > mu- vm~ g WEIGHTED<=5 $$ t t~ h @6 with process u~ b > e- ve~ g WEIGHTED<=5 $$ t t~ h @6 
INFO: Generating Helas calls for process: c~ b > e- ve~ g WEIGHTED<=5 $$ t t~ h @6 
INFO: Reusing existing color information for process: c~ b > e- ve~ g $$ t t~ h @6 
INFO: Combined process c~ b > mu- vm~ g WEIGHTED<=5 $$ t t~ h @6 with process c~ b > e- ve~ g WEIGHTED<=5 $$ t t~ h @6 
INFO: Generating Helas calls for process: d u~ > ta- vt~ g WEIGHTED<=5 $$ t t~ h @6 
INFO: Processing color information for process: d u~ > ta- vt~ g $$ t t~ h @6 
INFO: Generating Helas calls for process: d c~ > ta- vt~ g WEIGHTED<=5 $$ t t~ h @6 
INFO: Reusing existing color information for process: d c~ > ta- vt~ g $$ t t~ h @6 
INFO: Generating Helas calls for process: s u~ > ta- vt~ g WEIGHTED<=5 $$ t t~ h @6 
INFO: Reusing existing color information for process: s u~ > ta- vt~ g $$ t t~ h @6 
INFO: Combined process s c~ > ta- vt~ g WEIGHTED<=5 $$ t t~ h @6 with process d u~ > ta- vt~ g WEIGHTED<=5 $$ t t~ h @6 
INFO: Generating Helas calls for process: u~ b > ta- vt~ g WEIGHTED<=5 $$ t t~ h @6 
INFO: Processing color information for process: u~ b > ta- vt~ g $$ t t~ h @6 
INFO: Generating Helas calls for process: c~ b > ta- vt~ g WEIGHTED<=5 $$ t t~ h @6 
INFO: Reusing existing color information for process: c~ b > ta- vt~ g $$ t t~ h @6 
INFO: Generating Helas calls for process: u d~ > e+ ve WEIGHTED<=4 $$ t t~ h 
INFO: Processing color information for process: u d~ > e+ ve $$ t t~ h 
INFO: Combined process u d~ > mu+ vm WEIGHTED<=4 $$ t t~ h with process u d~ > e+ ve WEIGHTED<=4 $$ t t~ h 
INFO: Generating Helas calls for process: u s~ > e+ ve WEIGHTED<=4 $$ t t~ h 
INFO: Reusing existing color information for process: u s~ > e+ ve $$ t t~ h 
INFO: Combined process u s~ > mu+ vm WEIGHTED<=4 $$ t t~ h with process u s~ > e+ ve WEIGHTED<=4 $$ t t~ h 
INFO: Generating Helas calls for process: u b~ > e+ ve WEIGHTED<=4 $$ t t~ h 
INFO: Reusing existing color information for process: u b~ > e+ ve $$ t t~ h 
INFO: Combined process u b~ > mu+ vm WEIGHTED<=4 $$ t t~ h with process u b~ > e+ ve WEIGHTED<=4 $$ t t~ h 
INFO: Generating Helas calls for process: c d~ > e+ ve WEIGHTED<=4 $$ t t~ h 
INFO: Reusing existing color information for process: c d~ > e+ ve $$ t t~ h 
INFO: Combined process c d~ > mu+ vm WEIGHTED<=4 $$ t t~ h with process c d~ > e+ ve WEIGHTED<=4 $$ t t~ h 
INFO: Combined process c s~ > e+ ve WEIGHTED<=4 $$ t t~ h with process u d~ > e+ ve WEIGHTED<=4 $$ t t~ h 
INFO: Combined process c s~ > mu+ vm WEIGHTED<=4 $$ t t~ h with process u d~ > e+ ve WEIGHTED<=4 $$ t t~ h 
INFO: Generating Helas calls for process: c b~ > e+ ve WEIGHTED<=4 $$ t t~ h 
INFO: Reusing existing color information for process: c b~ > e+ ve $$ t t~ h 
INFO: Combined process c b~ > mu+ vm WEIGHTED<=4 $$ t t~ h with process c b~ > e+ ve WEIGHTED<=4 $$ t t~ h 
INFO: Generating Helas calls for process: u d~ > ta+ vt WEIGHTED<=4 $$ t t~ h 
INFO: Processing color information for process: u d~ > ta+ vt $$ t t~ h 
INFO: Generating Helas calls for process: u s~ > ta+ vt WEIGHTED<=4 $$ t t~ h 
INFO: Reusing existing color information for process: u s~ > ta+ vt $$ t t~ h 
INFO: Generating Helas calls for process: u b~ > ta+ vt WEIGHTED<=4 $$ t t~ h 
INFO: Reusing existing color information for process: u b~ > ta+ vt $$ t t~ h 
INFO: Generating Helas calls for process: c d~ > ta+ vt WEIGHTED<=4 $$ t t~ h 
INFO: Reusing existing color information for process: c d~ > ta+ vt $$ t t~ h 
INFO: Combined process c s~ > ta+ vt WEIGHTED<=4 $$ t t~ h with process u d~ > ta+ vt WEIGHTED<=4 $$ t t~ h 
INFO: Generating Helas calls for process: c b~ > ta+ vt WEIGHTED<=4 $$ t t~ h 
INFO: Reusing existing color information for process: c b~ > ta+ vt $$ t t~ h 
INFO: Generating Helas calls for process: d u~ > e- ve~ WEIGHTED<=4 $$ t t~ h @5 
INFO: Processing color information for process: d u~ > e- ve~ $$ t t~ h @5 
INFO: Combined process d u~ > mu- vm~ WEIGHTED<=4 $$ t t~ h @5 with process d u~ > e- ve~ WEIGHTED<=4 $$ t t~ h @5 
INFO: Generating Helas calls for process: d c~ > e- ve~ WEIGHTED<=4 $$ t t~ h @5 
INFO: Reusing existing color information for process: d c~ > e- ve~ $$ t t~ h @5 
INFO: Combined process d c~ > mu- vm~ WEIGHTED<=4 $$ t t~ h @5 with process d c~ > e- ve~ WEIGHTED<=4 $$ t t~ h @5 
INFO: Generating Helas calls for process: s u~ > e- ve~ WEIGHTED<=4 $$ t t~ h @5 
INFO: Reusing existing color information for process: s u~ > e- ve~ $$ t t~ h @5 
INFO: Combined process s u~ > mu- vm~ WEIGHTED<=4 $$ t t~ h @5 with process s u~ > e- ve~ WEIGHTED<=4 $$ t t~ h @5 
INFO: Combined process s c~ > e- ve~ WEIGHTED<=4 $$ t t~ h @5 with process d u~ > e- ve~ WEIGHTED<=4 $$ t t~ h @5 
INFO: Combined process s c~ > mu- vm~ WEIGHTED<=4 $$ t t~ h @5 with process d u~ > e- ve~ WEIGHTED<=4 $$ t t~ h @5 
INFO: Generating Helas calls for process: u~ b > e- ve~ WEIGHTED<=4 $$ t t~ h @5 
INFO: Processing color information for process: u~ b > e- ve~ $$ t t~ h @5 
INFO: Combined process u~ b > mu- vm~ WEIGHTED<=4 $$ t t~ h @5 with process u~ b > e- ve~ WEIGHTED<=4 $$ t t~ h @5 
INFO: Generating Helas calls for process: c~ b > e- ve~ WEIGHTED<=4 $$ t t~ h @5 
INFO: Reusing existing color information for process: c~ b > e- ve~ $$ t t~ h @5 
INFO: Combined process c~ b > mu- vm~ WEIGHTED<=4 $$ t t~ h @5 with process c~ b > e- ve~ WEIGHTED<=4 $$ t t~ h @5 
INFO: Generating Helas calls for process: d u~ > ta- vt~ WEIGHTED<=4 $$ t t~ h @5 
INFO: Processing color information for process: d u~ > ta- vt~ $$ t t~ h @5 
INFO: Generating Helas calls for process: d c~ > ta- vt~ WEIGHTED<=4 $$ t t~ h @5 
INFO: Reusing existing color information for process: d c~ > ta- vt~ $$ t t~ h @5 
INFO: Generating Helas calls for process: s u~ > ta- vt~ WEIGHTED<=4 $$ t t~ h @5 
INFO: Reusing existing color information for process: s u~ > ta- vt~ $$ t t~ h @5 
INFO: Combined process s c~ > ta- vt~ WEIGHTED<=4 $$ t t~ h @5 with process d u~ > ta- vt~ WEIGHTED<=4 $$ t t~ h @5 
INFO: Generating Helas calls for process: u~ b > ta- vt~ WEIGHTED<=4 $$ t t~ h @5 
INFO: Processing color information for process: u~ b > ta- vt~ $$ t t~ h @5 
INFO: Generating Helas calls for process: c~ b > ta- vt~ WEIGHTED<=4 $$ t t~ h @5 
INFO: Reusing existing color information for process: c~ b > ta- vt~ $$ t t~ h @5 
INFO: Creating files in directory P2_gg_lvlqq 
INFO: Generating Feynman diagrams for Process: g g > e+ ve d u~ WEIGHTED<=6 $$ t t~ h @2 
INFO: Generating Feynman diagrams for Process: g g > e+ ve d c~ WEIGHTED<=6 $$ t t~ h @2 
INFO: Generating Feynman diagrams for Process: g g > e+ ve s u~ WEIGHTED<=6 $$ t t~ h @2 
INFO: Generating Feynman diagrams for Process: g g > e+ ve b u~ WEIGHTED<=6 $$ t t~ h @2 
INFO: Generating Feynman diagrams for Process: g g > e+ ve b c~ WEIGHTED<=6 $$ t t~ h @2 
INFO: Finding symmetric diagrams for subprocess group gg_lvlqq 
INFO: Creating files in directory P2_gg_tapvlqq 
INFO: Generating Feynman diagrams for Process: g g > ta+ vt d u~ WEIGHTED<=6 $$ t t~ h @2 
INFO: Generating Feynman diagrams for Process: g g > ta+ vt d c~ WEIGHTED<=6 $$ t t~ h @2 
INFO: Generating Feynman diagrams for Process: g g > ta+ vt s u~ WEIGHTED<=6 $$ t t~ h @2 
INFO: Generating Feynman diagrams for Process: g g > ta+ vt b u~ WEIGHTED<=6 $$ t t~ h @2 
INFO: Generating Feynman diagrams for Process: g g > ta+ vt b c~ WEIGHTED<=6 $$ t t~ h @2 
INFO: Finding symmetric diagrams for subprocess group gg_tapvlqq 
INFO: Creating files in directory P2_gq_lvlgq 
INFO: Generating Feynman diagrams for Process: g u > e+ ve g d WEIGHTED<=6 $$ t t~ h @2 
INFO: Generating Feynman diagrams for Process: g u > e+ ve g s WEIGHTED<=6 $$ t t~ h @2 
INFO: Generating Feynman diagrams for Process: g u > e+ ve g b WEIGHTED<=6 $$ t t~ h @2 
INFO: Generating Feynman diagrams for Process: g c > e+ ve g d WEIGHTED<=6 $$ t t~ h @2 
INFO: Generating Feynman diagrams for Process: g c > e+ ve g b WEIGHTED<=6 $$ t t~ h @2 
INFO: Generating Feynman diagrams for Process: g d~ > e+ ve g u~ WEIGHTED<=6 $$ t t~ h @2 
INFO: Generating Feynman diagrams for Process: g d~ > e+ ve g c~ WEIGHTED<=6 $$ t t~ h @2 
INFO: Generating Feynman diagrams for Process: g s~ > e+ ve g u~ WEIGHTED<=6 $$ t t~ h @2 
INFO: Generating Feynman diagrams for Process: g b~ > e+ ve g u~ WEIGHTED<=6 $$ t t~ h @2 
INFO: Generating Feynman diagrams for Process: g b~ > e+ ve g c~ WEIGHTED<=6 $$ t t~ h @2 
INFO: Finding symmetric diagrams for subprocess group gq_lvlgq 
INFO: Creating files in directory P2_gq_tapvlgq 
INFO: Generating Feynman diagrams for Process: g u > ta+ vt g d WEIGHTED<=6 $$ t t~ h @2 
INFO: Generating Feynman diagrams for Process: g u > ta+ vt g s WEIGHTED<=6 $$ t t~ h @2 
INFO: Generating Feynman diagrams for Process: g u > ta+ vt g b WEIGHTED<=6 $$ t t~ h @2 
INFO: Generating Feynman diagrams for Process: g c > ta+ vt g d WEIGHTED<=6 $$ t t~ h @2 
INFO: Generating Feynman diagrams for Process: g c > ta+ vt g b WEIGHTED<=6 $$ t t~ h @2 
INFO: Generating Feynman diagrams for Process: g d~ > ta+ vt g u~ WEIGHTED<=6 $$ t t~ h @2 
INFO: Generating Feynman diagrams for Process: g d~ > ta+ vt g c~ WEIGHTED<=6 $$ t t~ h @2 
INFO: Generating Feynman diagrams for Process: g s~ > ta+ vt g u~ WEIGHTED<=6 $$ t t~ h @2 
INFO: Generating Feynman diagrams for Process: g b~ > ta+ vt g u~ WEIGHTED<=6 $$ t t~ h @2 
INFO: Generating Feynman diagrams for Process: g b~ > ta+ vt g c~ WEIGHTED<=6 $$ t t~ h @2 
INFO: Finding symmetric diagrams for subprocess group gq_tapvlgq 
INFO: Creating files in directory P2_qq_lvlgg 
INFO: Generating Feynman diagrams for Process: u d~ > e+ ve g g WEIGHTED<=6 $$ t t~ h @2 
INFO: Generating Feynman diagrams for Process: u s~ > e+ ve g g WEIGHTED<=6 $$ t t~ h @2 
INFO: Generating Feynman diagrams for Process: u b~ > e+ ve g g WEIGHTED<=6 $$ t t~ h @2 
INFO: Generating Feynman diagrams for Process: c d~ > e+ ve g g WEIGHTED<=6 $$ t t~ h @2 
INFO: Generating Feynman diagrams for Process: c b~ > e+ ve g g WEIGHTED<=6 $$ t t~ h @2 
INFO: Finding symmetric diagrams for subprocess group qq_lvlgg 
INFO: Creating files in directory P2_qq_tapvlgg 
INFO: Generating Feynman diagrams for Process: u d~ > ta+ vt g g WEIGHTED<=6 $$ t t~ h @2 
INFO: Generating Feynman diagrams for Process: u s~ > ta+ vt g g WEIGHTED<=6 $$ t t~ h @2 
INFO: Generating Feynman diagrams for Process: u b~ > ta+ vt g g WEIGHTED<=6 $$ t t~ h @2 
INFO: Generating Feynman diagrams for Process: c d~ > ta+ vt g g WEIGHTED<=6 $$ t t~ h @2 
INFO: Generating Feynman diagrams for Process: c b~ > ta+ vt g g WEIGHTED<=6 $$ t t~ h @2 
INFO: Finding symmetric diagrams for subprocess group qq_tapvlgg 
INFO: Creating files in directory P7_gg_lvlqq 
INFO: Generating Feynman diagrams for Process: g g > e- ve~ u d~ WEIGHTED<=6 $$ t t~ h @7 
INFO: Generating Feynman diagrams for Process: g g > e- ve~ u s~ WEIGHTED<=6 $$ t t~ h @7 
INFO: Generating Feynman diagrams for Process: g g > e- ve~ u b~ WEIGHTED<=6 $$ t t~ h @7 
INFO: Generating Feynman diagrams for Process: g g > e- ve~ c d~ WEIGHTED<=6 $$ t t~ h @7 
INFO: Generating Feynman diagrams for Process: g g > e- ve~ c b~ WEIGHTED<=6 $$ t t~ h @7 
INFO: Finding symmetric diagrams for subprocess group gg_lvlqq 
INFO: Creating files in directory P7_gg_tamvlqq 
INFO: Generating Feynman diagrams for Process: g g > ta- vt~ u d~ WEIGHTED<=6 $$ t t~ h @7 
INFO: Generating Feynman diagrams for Process: g g > ta- vt~ u s~ WEIGHTED<=6 $$ t t~ h @7 
INFO: Generating Feynman diagrams for Process: g g > ta- vt~ u b~ WEIGHTED<=6 $$ t t~ h @7 
INFO: Generating Feynman diagrams for Process: g g > ta- vt~ c d~ WEIGHTED<=6 $$ t t~ h @7 
INFO: Generating Feynman diagrams for Process: g g > ta- vt~ c b~ WEIGHTED<=6 $$ t t~ h @7 
INFO: Finding symmetric diagrams for subprocess group gg_tamvlqq 
INFO: Creating files in directory P7_gq_lvlgq 
INFO: Generating Feynman diagrams for Process: g d > e- ve~ g u WEIGHTED<=6 $$ t t~ h @7 
INFO: Generating Feynman diagrams for Process: g d > e- ve~ g c WEIGHTED<=6 $$ t t~ h @7 
INFO: Generating Feynman diagrams for Process: g s > e- ve~ g u WEIGHTED<=6 $$ t t~ h @7 
INFO: Generating Feynman diagrams for Process: g u~ > e- ve~ g d~ WEIGHTED<=6 $$ t t~ h @7 
INFO: Generating Feynman diagrams for Process: g u~ > e- ve~ g s~ WEIGHTED<=6 $$ t t~ h @7 
INFO: Generating Feynman diagrams for Process: g u~ > e- ve~ g b~ WEIGHTED<=6 $$ t t~ h @7 
INFO: Generating Feynman diagrams for Process: g c~ > e- ve~ g d~ WEIGHTED<=6 $$ t t~ h @7 
INFO: Generating Feynman diagrams for Process: g c~ > e- ve~ g b~ WEIGHTED<=6 $$ t t~ h @7 
INFO: Generating Feynman diagrams for Process: g b > e- ve~ g u WEIGHTED<=6 $$ t t~ h @7 
INFO: Generating Feynman diagrams for Process: g b > e- ve~ g c WEIGHTED<=6 $$ t t~ h @7 
INFO: Finding symmetric diagrams for subprocess group gq_lvlgq 
INFO: Creating files in directory P7_gq_tamvlgq 
INFO: Generating Feynman diagrams for Process: g d > ta- vt~ g u WEIGHTED<=6 $$ t t~ h @7 
INFO: Generating Feynman diagrams for Process: g d > ta- vt~ g c WEIGHTED<=6 $$ t t~ h @7 
INFO: Generating Feynman diagrams for Process: g s > ta- vt~ g u WEIGHTED<=6 $$ t t~ h @7 
INFO: Generating Feynman diagrams for Process: g u~ > ta- vt~ g d~ WEIGHTED<=6 $$ t t~ h @7 
INFO: Generating Feynman diagrams for Process: g u~ > ta- vt~ g s~ WEIGHTED<=6 $$ t t~ h @7 
INFO: Generating Feynman diagrams for Process: g u~ > ta- vt~ g b~ WEIGHTED<=6 $$ t t~ h @7 
INFO: Generating Feynman diagrams for Process: g c~ > ta- vt~ g d~ WEIGHTED<=6 $$ t t~ h @7 
INFO: Generating Feynman diagrams for Process: g c~ > ta- vt~ g b~ WEIGHTED<=6 $$ t t~ h @7 
INFO: Generating Feynman diagrams for Process: g b > ta- vt~ g u WEIGHTED<=6 $$ t t~ h @7 
INFO: Generating Feynman diagrams for Process: g b > ta- vt~ g c WEIGHTED<=6 $$ t t~ h @7 
INFO: Finding symmetric diagrams for subprocess group gq_tamvlgq 
INFO: Creating files in directory P7_qq_lvlgg 
INFO: Generating Feynman diagrams for Process: d u~ > e- ve~ g g WEIGHTED<=6 $$ t t~ h @7 
INFO: Generating Feynman diagrams for Process: d c~ > e- ve~ g g WEIGHTED<=6 $$ t t~ h @7 
INFO: Generating Feynman diagrams for Process: s u~ > e- ve~ g g WEIGHTED<=6 $$ t t~ h @7 
INFO: Generating Feynman diagrams for Process: u~ b > e- ve~ g g WEIGHTED<=6 $$ t t~ h @7 
INFO: Generating Feynman diagrams for Process: c~ b > e- ve~ g g WEIGHTED<=6 $$ t t~ h @7 
INFO: Finding symmetric diagrams for subprocess group qq_lvlgg 
INFO: Creating files in directory P7_qq_tamvlgg 
INFO: Generating Feynman diagrams for Process: d u~ > ta- vt~ g g WEIGHTED<=6 $$ t t~ h @7 
INFO: Generating Feynman diagrams for Process: d c~ > ta- vt~ g g WEIGHTED<=6 $$ t t~ h @7 
INFO: Generating Feynman diagrams for Process: s u~ > ta- vt~ g g WEIGHTED<=6 $$ t t~ h @7 
INFO: Generating Feynman diagrams for Process: u~ b > ta- vt~ g g WEIGHTED<=6 $$ t t~ h @7 
INFO: Generating Feynman diagrams for Process: c~ b > ta- vt~ g g WEIGHTED<=6 $$ t t~ h @7 
INFO: Finding symmetric diagrams for subprocess group qq_tamvlgg 
INFO: Creating files in directory P2_qq_lvlqq 
INFO: Generating Feynman diagrams for Process: u u > e+ ve u d WEIGHTED<=6 $$ t t~ h @2 
INFO: Generating Feynman diagrams for Process: u u > e+ ve u s WEIGHTED<=6 $$ t t~ h @2 
INFO: Generating Feynman diagrams for Process: u u > e+ ve u b WEIGHTED<=6 $$ t t~ h @2 
INFO: Generating Feynman diagrams for Process: u d > e+ ve d d WEIGHTED<=6 $$ t t~ h @2 
INFO: Generating Feynman diagrams for Process: u s > e+ ve s s WEIGHTED<=6 $$ t t~ h @2 
INFO: Generating Feynman diagrams for Process: u u~ > e+ ve d u~ WEIGHTED<=6 $$ t t~ h @2 
INFO: Generating Feynman diagrams for Process: u u~ > e+ ve s u~ WEIGHTED<=6 $$ t t~ h @2 
INFO: Generating Feynman diagrams for Process: u u~ > e+ ve b u~ WEIGHTED<=6 $$ t t~ h @2 
INFO: Generating Feynman diagrams for Process: u d~ > e+ ve u u~ WEIGHTED<=6 $$ t t~ h @2 
INFO: Generating Feynman diagrams for Process: u d~ > e+ ve d d~ WEIGHTED<=6 $$ t t~ h @2 
INFO: Generating Feynman diagrams for Process: u s~ > e+ ve u u~ WEIGHTED<=6 $$ t t~ h @2 
INFO: Generating Feynman diagrams for Process: u s~ > e+ ve s s~ WEIGHTED<=6 $$ t t~ h @2 
INFO: Generating Feynman diagrams for Process: u b > e+ ve b b WEIGHTED<=6 $$ t t~ h @2 
INFO: Generating Feynman diagrams for Process: u b~ > e+ ve u u~ WEIGHTED<=6 $$ t t~ h @2 
INFO: Generating Feynman diagrams for Process: u b~ > e+ ve b b~ WEIGHTED<=6 $$ t t~ h @2 
INFO: Generating Feynman diagrams for Process: c c > e+ ve c d WEIGHTED<=6 $$ t t~ h @2 
INFO: Generating Feynman diagrams for Process: c c > e+ ve c b WEIGHTED<=6 $$ t t~ h @2 
INFO: Generating Feynman diagrams for Process: c d > e+ ve d d WEIGHTED<=6 $$ t t~ h @2 
INFO: Generating Feynman diagrams for Process: c c~ > e+ ve d c~ WEIGHTED<=6 $$ t t~ h @2 
INFO: Generating Feynman diagrams for Process: c c~ > e+ ve b c~ WEIGHTED<=6 $$ t t~ h @2 
INFO: Generating Feynman diagrams for Process: c d~ > e+ ve c c~ WEIGHTED<=6 $$ t t~ h @2 
INFO: Generating Feynman diagrams for Process: c d~ > e+ ve d d~ WEIGHTED<=6 $$ t t~ h @2 
INFO: Generating Feynman diagrams for Process: c b > e+ ve b b WEIGHTED<=6 $$ t t~ h @2 
INFO: Generating Feynman diagrams for Process: c b~ > e+ ve c c~ WEIGHTED<=6 $$ t t~ h @2 
INFO: Generating Feynman diagrams for Process: c b~ > e+ ve b b~ WEIGHTED<=6 $$ t t~ h @2 
INFO: Generating Feynman diagrams for Process: d d~ > e+ ve d u~ WEIGHTED<=6 $$ t t~ h @2 
INFO: Generating Feynman diagrams for Process: d d~ > e+ ve d c~ WEIGHTED<=6 $$ t t~ h @2 
INFO: Generating Feynman diagrams for Process: s s~ > e+ ve s u~ WEIGHTED<=6 $$ t t~ h @2 
INFO: Generating Feynman diagrams for Process: u~ d~ > e+ ve u~ u~ WEIGHTED<=6 $$ t t~ h @2 
INFO: Generating Feynman diagrams for Process: u~ s~ > e+ ve u~ u~ WEIGHTED<=6 $$ t t~ h @2 
INFO: Generating Feynman diagrams for Process: u~ b~ > e+ ve u~ u~ WEIGHTED<=6 $$ t t~ h @2 
INFO: Generating Feynman diagrams for Process: c~ d~ > e+ ve c~ c~ WEIGHTED<=6 $$ t t~ h @2 
INFO: Generating Feynman diagrams for Process: c~ b~ > e+ ve c~ c~ WEIGHTED<=6 $$ t t~ h @2 
INFO: Generating Feynman diagrams for Process: d~ d~ > e+ ve u~ d~ WEIGHTED<=6 $$ t t~ h @2 
INFO: Generating Feynman diagrams for Process: d~ d~ > e+ ve c~ d~ WEIGHTED<=6 $$ t t~ h @2 
INFO: Generating Feynman diagrams for Process: s~ s~ > e+ ve u~ s~ WEIGHTED<=6 $$ t t~ h @2 
INFO: Generating Feynman diagrams for Process: b b~ > e+ ve b u~ WEIGHTED<=6 $$ t t~ h @2 
INFO: Generating Feynman diagrams for Process: b b~ > e+ ve b c~ WEIGHTED<=6 $$ t t~ h @2 
INFO: Generating Feynman diagrams for Process: b~ b~ > e+ ve u~ b~ WEIGHTED<=6 $$ t t~ h @2 
INFO: Generating Feynman diagrams for Process: b~ b~ > e+ ve c~ b~ WEIGHTED<=6 $$ t t~ h @2 
INFO: Generating Feynman diagrams for Process: u c > e+ ve u d WEIGHTED<=6 $$ t t~ h @2 
INFO: Generating Feynman diagrams for Process: u c > e+ ve u s WEIGHTED<=6 $$ t t~ h @2 
INFO: Generating Feynman diagrams for Process: u c > e+ ve u b WEIGHTED<=6 $$ t t~ h @2 
INFO: Generating Feynman diagrams for Process: u c > e+ ve c d WEIGHTED<=6 $$ t t~ h @2 
INFO: Generating Feynman diagrams for Process: u c > e+ ve c s WEIGHTED<=6 $$ t t~ h @2 
INFO: Generating Feynman diagrams for Process: u c > e+ ve c b WEIGHTED<=6 $$ t t~ h @2 
INFO: Generating Feynman diagrams for Process: u u~ > e+ ve d c~ WEIGHTED<=6 $$ t t~ h @2 
INFO: Generating Feynman diagrams for Process: u u~ > e+ ve s c~ WEIGHTED<=6 $$ t t~ h @2 
INFO: Generating Feynman diagrams for Process: u u~ > e+ ve b c~ WEIGHTED<=6 $$ t t~ h @2 
INFO: Generating Feynman diagrams for Process: u c~ > e+ ve d c~ WEIGHTED<=6 $$ t t~ h @2 
INFO: Generating Feynman diagrams for Process: u c~ > e+ ve s c~ WEIGHTED<=6 $$ t t~ h @2 
INFO: Generating Feynman diagrams for Process: u c~ > e+ ve b c~ WEIGHTED<=6 $$ t t~ h @2 
INFO: Generating Feynman diagrams for Process: u d~ > e+ ve u c~ WEIGHTED<=6 $$ t t~ h @2 
INFO: Generating Feynman diagrams for Process: u d~ > e+ ve c c~ WEIGHTED<=6 $$ t t~ h @2 
INFO: Generating Feynman diagrams for Process: u s~ > e+ ve u c~ WEIGHTED<=6 $$ t t~ h @2 
INFO: Generating Feynman diagrams for Process: u s~ > e+ ve c c~ WEIGHTED<=6 $$ t t~ h @2 
INFO: Generating Feynman diagrams for Process: u b~ > e+ ve u c~ WEIGHTED<=6 $$ t t~ h @2 
INFO: Generating Feynman diagrams for Process: u b~ > e+ ve c c~ WEIGHTED<=6 $$ t t~ h @2 
INFO: Generating Feynman diagrams for Process: c d > e+ ve d b WEIGHTED<=6 $$ t t~ h @2 
INFO: Generating Feynman diagrams for Process: c s > e+ ve d s WEIGHTED<=6 $$ t t~ h @2 
INFO: Generating Feynman diagrams for Process: c u~ > e+ ve d u~ WEIGHTED<=6 $$ t t~ h @2 
INFO: Generating Feynman diagrams for Process: c u~ > e+ ve b u~ WEIGHTED<=6 $$ t t~ h @2 
INFO: Generating Feynman diagrams for Process: c c~ > e+ ve s u~ WEIGHTED<=6 $$ t t~ h @2 
INFO: Generating Feynman diagrams for Process: c c~ > e+ ve b u~ WEIGHTED<=6 $$ t t~ h @2 
INFO: Generating Feynman diagrams for Process: c d~ > e+ ve u u~ WEIGHTED<=6 $$ t t~ h @2 
INFO: Generating Feynman diagrams for Process: c s~ > e+ ve c u~ WEIGHTED<=6 $$ t t~ h @2 
INFO: Generating Feynman diagrams for Process: c b~ > e+ ve u u~ WEIGHTED<=6 $$ t t~ h @2 
INFO: Generating Feynman diagrams for Process: c b~ > e+ ve c u~ WEIGHTED<=6 $$ t t~ h @2 
INFO: Generating Feynman diagrams for Process: u~ d~ > e+ ve u~ c~ WEIGHTED<=6 $$ t t~ h @2 
INFO: Generating Feynman diagrams for Process: u~ s~ > e+ ve u~ c~ WEIGHTED<=6 $$ t t~ h @2 
INFO: Generating Feynman diagrams for Process: u~ b~ > e+ ve u~ c~ WEIGHTED<=6 $$ t t~ h @2 
INFO: Generating Feynman diagrams for Process: c~ s~ > e+ ve u~ c~ WEIGHTED<=6 $$ t t~ h @2 
INFO: Generating Feynman diagrams for Process: c~ b~ > e+ ve u~ c~ WEIGHTED<=6 $$ t t~ h @2 
INFO: Generating Feynman diagrams for Process: d~ s~ > e+ ve u~ s~ WEIGHTED<=6 $$ t t~ h @2 
INFO: Generating Feynman diagrams for Process: d~ s~ > e+ ve c~ s~ WEIGHTED<=6 $$ t t~ h @2 
INFO: Generating Feynman diagrams for Process: d~ b > e+ ve b u~ WEIGHTED<=6 $$ t t~ h @2 
INFO: Generating Feynman diagrams for Process: d~ b > e+ ve b c~ WEIGHTED<=6 $$ t t~ h @2 
INFO: Generating Feynman diagrams for Process: s~ b > e+ ve b u~ WEIGHTED<=6 $$ t t~ h @2 
INFO: Generating Feynman diagrams for Process: s~ b~ > e+ ve u~ b~ WEIGHTED<=6 $$ t t~ h @2 
INFO: Finding symmetric diagrams for subprocess group qq_lvlqq 
INFO: Creating files in directory P2_qq_tapvlqq 
INFO: Generating Feynman diagrams for Process: u u > ta+ vt u d WEIGHTED<=6 $$ t t~ h @2 
INFO: Generating Feynman diagrams for Process: u u > ta+ vt u s WEIGHTED<=6 $$ t t~ h @2 
INFO: Generating Feynman diagrams for Process: u u > ta+ vt u b WEIGHTED<=6 $$ t t~ h @2 
INFO: Generating Feynman diagrams for Process: u d > ta+ vt d d WEIGHTED<=6 $$ t t~ h @2 
INFO: Generating Feynman diagrams for Process: u s > ta+ vt s s WEIGHTED<=6 $$ t t~ h @2 
INFO: Generating Feynman diagrams for Process: u u~ > ta+ vt d u~ WEIGHTED<=6 $$ t t~ h @2 
INFO: Generating Feynman diagrams for Process: u u~ > ta+ vt s u~ WEIGHTED<=6 $$ t t~ h @2 
INFO: Generating Feynman diagrams for Process: u u~ > ta+ vt b u~ WEIGHTED<=6 $$ t t~ h @2 
INFO: Generating Feynman diagrams for Process: u d~ > ta+ vt u u~ WEIGHTED<=6 $$ t t~ h @2 
INFO: Generating Feynman diagrams for Process: u d~ > ta+ vt d d~ WEIGHTED<=6 $$ t t~ h @2 
INFO: Generating Feynman diagrams for Process: u s~ > ta+ vt u u~ WEIGHTED<=6 $$ t t~ h @2 
INFO: Generating Feynman diagrams for Process: u s~ > ta+ vt s s~ WEIGHTED<=6 $$ t t~ h @2 
INFO: Generating Feynman diagrams for Process: u b > ta+ vt b b WEIGHTED<=6 $$ t t~ h @2 
INFO: Generating Feynman diagrams for Process: u b~ > ta+ vt u u~ WEIGHTED<=6 $$ t t~ h @2 
INFO: Generating Feynman diagrams for Process: u b~ > ta+ vt b b~ WEIGHTED<=6 $$ t t~ h @2 
INFO: Generating Feynman diagrams for Process: c c > ta+ vt c d WEIGHTED<=6 $$ t t~ h @2 
INFO: Generating Feynman diagrams for Process: c c > ta+ vt c b WEIGHTED<=6 $$ t t~ h @2 
INFO: Generating Feynman diagrams for Process: c d > ta+ vt d d WEIGHTED<=6 $$ t t~ h @2 
INFO: Generating Feynman diagrams for Process: c c~ > ta+ vt d c~ WEIGHTED<=6 $$ t t~ h @2 
INFO: Generating Feynman diagrams for Process: c c~ > ta+ vt b c~ WEIGHTED<=6 $$ t t~ h @2 
INFO: Generating Feynman diagrams for Process: c d~ > ta+ vt c c~ WEIGHTED<=6 $$ t t~ h @2 
INFO: Generating Feynman diagrams for Process: c d~ > ta+ vt d d~ WEIGHTED<=6 $$ t t~ h @2 
INFO: Generating Feynman diagrams for Process: c b > ta+ vt b b WEIGHTED<=6 $$ t t~ h @2 
INFO: Generating Feynman diagrams for Process: c b~ > ta+ vt c c~ WEIGHTED<=6 $$ t t~ h @2 
INFO: Generating Feynman diagrams for Process: c b~ > ta+ vt b b~ WEIGHTED<=6 $$ t t~ h @2 
INFO: Generating Feynman diagrams for Process: d d~ > ta+ vt d u~ WEIGHTED<=6 $$ t t~ h @2 
INFO: Generating Feynman diagrams for Process: d d~ > ta+ vt d c~ WEIGHTED<=6 $$ t t~ h @2 
INFO: Generating Feynman diagrams for Process: s s~ > ta+ vt s u~ WEIGHTED<=6 $$ t t~ h @2 
INFO: Generating Feynman diagrams for Process: u~ d~ > ta+ vt u~ u~ WEIGHTED<=6 $$ t t~ h @2 
INFO: Generating Feynman diagrams for Process: u~ s~ > ta+ vt u~ u~ WEIGHTED<=6 $$ t t~ h @2 
INFO: Generating Feynman diagrams for Process: u~ b~ > ta+ vt u~ u~ WEIGHTED<=6 $$ t t~ h @2 
INFO: Generating Feynman diagrams for Process: c~ d~ > ta+ vt c~ c~ WEIGHTED<=6 $$ t t~ h @2 
INFO: Generating Feynman diagrams for Process: c~ b~ > ta+ vt c~ c~ WEIGHTED<=6 $$ t t~ h @2 
INFO: Generating Feynman diagrams for Process: d~ d~ > ta+ vt u~ d~ WEIGHTED<=6 $$ t t~ h @2 
INFO: Generating Feynman diagrams for Process: d~ d~ > ta+ vt c~ d~ WEIGHTED<=6 $$ t t~ h @2 
INFO: Generating Feynman diagrams for Process: s~ s~ > ta+ vt u~ s~ WEIGHTED<=6 $$ t t~ h @2 
INFO: Generating Feynman diagrams for Process: b b~ > ta+ vt b u~ WEIGHTED<=6 $$ t t~ h @2 
INFO: Generating Feynman diagrams for Process: b b~ > ta+ vt b c~ WEIGHTED<=6 $$ t t~ h @2 
INFO: Generating Feynman diagrams for Process: b~ b~ > ta+ vt u~ b~ WEIGHTED<=6 $$ t t~ h @2 
INFO: Generating Feynman diagrams for Process: b~ b~ > ta+ vt c~ b~ WEIGHTED<=6 $$ t t~ h @2 
INFO: Generating Feynman diagrams for Process: u c > ta+ vt u d WEIGHTED<=6 $$ t t~ h @2 
INFO: Generating Feynman diagrams for Process: u c > ta+ vt u s WEIGHTED<=6 $$ t t~ h @2 
INFO: Generating Feynman diagrams for Process: u c > ta+ vt u b WEIGHTED<=6 $$ t t~ h @2 
INFO: Generating Feynman diagrams for Process: u c > ta+ vt c d WEIGHTED<=6 $$ t t~ h @2 
INFO: Generating Feynman diagrams for Process: u c > ta+ vt c s WEIGHTED<=6 $$ t t~ h @2 
INFO: Generating Feynman diagrams for Process: u c > ta+ vt c b WEIGHTED<=6 $$ t t~ h @2 
INFO: Generating Feynman diagrams for Process: u u~ > ta+ vt d c~ WEIGHTED<=6 $$ t t~ h @2 
INFO: Generating Feynman diagrams for Process: u u~ > ta+ vt s c~ WEIGHTED<=6 $$ t t~ h @2 
INFO: Generating Feynman diagrams for Process: u u~ > ta+ vt b c~ WEIGHTED<=6 $$ t t~ h @2 
INFO: Generating Feynman diagrams for Process: u c~ > ta+ vt d c~ WEIGHTED<=6 $$ t t~ h @2 
INFO: Generating Feynman diagrams for Process: u c~ > ta+ vt s c~ WEIGHTED<=6 $$ t t~ h @2 
INFO: Generating Feynman diagrams for Process: u c~ > ta+ vt b c~ WEIGHTED<=6 $$ t t~ h @2 
INFO: Generating Feynman diagrams for Process: u d~ > ta+ vt u c~ WEIGHTED<=6 $$ t t~ h @2 
INFO: Generating Feynman diagrams for Process: u d~ > ta+ vt c c~ WEIGHTED<=6 $$ t t~ h @2 
INFO: Generating Feynman diagrams for Process: u s~ > ta+ vt u c~ WEIGHTED<=6 $$ t t~ h @2 
INFO: Generating Feynman diagrams for Process: u s~ > ta+ vt c c~ WEIGHTED<=6 $$ t t~ h @2 
INFO: Generating Feynman diagrams for Process: u b~ > ta+ vt u c~ WEIGHTED<=6 $$ t t~ h @2 
INFO: Generating Feynman diagrams for Process: u b~ > ta+ vt c c~ WEIGHTED<=6 $$ t t~ h @2 
INFO: Generating Feynman diagrams for Process: c d > ta+ vt d b WEIGHTED<=6 $$ t t~ h @2 
INFO: Generating Feynman diagrams for Process: c s > ta+ vt d s WEIGHTED<=6 $$ t t~ h @2 
INFO: Generating Feynman diagrams for Process: c u~ > ta+ vt d u~ WEIGHTED<=6 $$ t t~ h @2 
INFO: Generating Feynman diagrams for Process: c u~ > ta+ vt b u~ WEIGHTED<=6 $$ t t~ h @2 
INFO: Generating Feynman diagrams for Process: c c~ > ta+ vt s u~ WEIGHTED<=6 $$ t t~ h @2 
INFO: Generating Feynman diagrams for Process: c c~ > ta+ vt b u~ WEIGHTED<=6 $$ t t~ h @2 
INFO: Generating Feynman diagrams for Process: c d~ > ta+ vt u u~ WEIGHTED<=6 $$ t t~ h @2 
INFO: Generating Feynman diagrams for Process: c s~ > ta+ vt c u~ WEIGHTED<=6 $$ t t~ h @2 
INFO: Generating Feynman diagrams for Process: c b~ > ta+ vt u u~ WEIGHTED<=6 $$ t t~ h @2 
INFO: Generating Feynman diagrams for Process: c b~ > ta+ vt c u~ WEIGHTED<=6 $$ t t~ h @2 
INFO: Generating Feynman diagrams for Process: u~ d~ > ta+ vt u~ c~ WEIGHTED<=6 $$ t t~ h @2 
INFO: Generating Feynman diagrams for Process: u~ s~ > ta+ vt u~ c~ WEIGHTED<=6 $$ t t~ h @2 
INFO: Generating Feynman diagrams for Process: u~ b~ > ta+ vt u~ c~ WEIGHTED<=6 $$ t t~ h @2 
INFO: Generating Feynman diagrams for Process: c~ s~ > ta+ vt u~ c~ WEIGHTED<=6 $$ t t~ h @2 
INFO: Generating Feynman diagrams for Process: c~ b~ > ta+ vt u~ c~ WEIGHTED<=6 $$ t t~ h @2 
INFO: Generating Feynman diagrams for Process: d~ s~ > ta+ vt u~ s~ WEIGHTED<=6 $$ t t~ h @2 
INFO: Generating Feynman diagrams for Process: d~ s~ > ta+ vt c~ s~ WEIGHTED<=6 $$ t t~ h @2 
INFO: Generating Feynman diagrams for Process: d~ b > ta+ vt b u~ WEIGHTED<=6 $$ t t~ h @2 
INFO: Generating Feynman diagrams for Process: d~ b > ta+ vt b c~ WEIGHTED<=6 $$ t t~ h @2 
INFO: Generating Feynman diagrams for Process: s~ b > ta+ vt b u~ WEIGHTED<=6 $$ t t~ h @2 
INFO: Generating Feynman diagrams for Process: s~ b~ > ta+ vt u~ b~ WEIGHTED<=6 $$ t t~ h @2 
INFO: Finding symmetric diagrams for subprocess group qq_tapvlqq 
INFO: Creating files in directory P7_qq_lvlqq 
INFO: Generating Feynman diagrams for Process: u d > e- ve~ u u WEIGHTED<=6 $$ t t~ h @7 
INFO: Generating Feynman diagrams for Process: u s > e- ve~ u u WEIGHTED<=6 $$ t t~ h @7 
INFO: Generating Feynman diagrams for Process: u u~ > e- ve~ u d~ WEIGHTED<=6 $$ t t~ h @7 
INFO: Generating Feynman diagrams for Process: u u~ > e- ve~ u s~ WEIGHTED<=6 $$ t t~ h @7 
INFO: Generating Feynman diagrams for Process: u u~ > e- ve~ u b~ WEIGHTED<=6 $$ t t~ h @7 
INFO: Generating Feynman diagrams for Process: u b > e- ve~ u u WEIGHTED<=6 $$ t t~ h @7 
INFO: Generating Feynman diagrams for Process: c d > e- ve~ c c WEIGHTED<=6 $$ t t~ h @7 
INFO: Generating Feynman diagrams for Process: c c~ > e- ve~ c d~ WEIGHTED<=6 $$ t t~ h @7 
INFO: Generating Feynman diagrams for Process: c c~ > e- ve~ c b~ WEIGHTED<=6 $$ t t~ h @7 
INFO: Generating Feynman diagrams for Process: c b > e- ve~ c c WEIGHTED<=6 $$ t t~ h @7 
INFO: Generating Feynman diagrams for Process: d d > e- ve~ u d WEIGHTED<=6 $$ t t~ h @7 
INFO: Generating Feynman diagrams for Process: d d > e- ve~ c d WEIGHTED<=6 $$ t t~ h @7 
INFO: Generating Feynman diagrams for Process: d u~ > e- ve~ u u~ WEIGHTED<=6 $$ t t~ h @7 
INFO: Generating Feynman diagrams for Process: d u~ > e- ve~ d d~ WEIGHTED<=6 $$ t t~ h @7 
INFO: Generating Feynman diagrams for Process: d c~ > e- ve~ c c~ WEIGHTED<=6 $$ t t~ h @7 
INFO: Generating Feynman diagrams for Process: d c~ > e- ve~ d d~ WEIGHTED<=6 $$ t t~ h @7 
INFO: Generating Feynman diagrams for Process: d d~ > e- ve~ u d~ WEIGHTED<=6 $$ t t~ h @7 
INFO: Generating Feynman diagrams for Process: d d~ > e- ve~ c d~ WEIGHTED<=6 $$ t t~ h @7 
INFO: Generating Feynman diagrams for Process: s s > e- ve~ u s WEIGHTED<=6 $$ t t~ h @7 
INFO: Generating Feynman diagrams for Process: s u~ > e- ve~ u u~ WEIGHTED<=6 $$ t t~ h @7 
INFO: Generating Feynman diagrams for Process: s u~ > e- ve~ s s~ WEIGHTED<=6 $$ t t~ h @7 
INFO: Generating Feynman diagrams for Process: s s~ > e- ve~ u s~ WEIGHTED<=6 $$ t t~ h @7 
INFO: Generating Feynman diagrams for Process: u~ u~ > e- ve~ u~ d~ WEIGHTED<=6 $$ t t~ h @7 
INFO: Generating Feynman diagrams for Process: u~ u~ > e- ve~ u~ s~ WEIGHTED<=6 $$ t t~ h @7 
INFO: Generating Feynman diagrams for Process: u~ u~ > e- ve~ u~ b~ WEIGHTED<=6 $$ t t~ h @7 
INFO: Generating Feynman diagrams for Process: u~ d~ > e- ve~ d~ d~ WEIGHTED<=6 $$ t t~ h @7 
INFO: Generating Feynman diagrams for Process: u~ s~ > e- ve~ s~ s~ WEIGHTED<=6 $$ t t~ h @7 
INFO: Generating Feynman diagrams for Process: u~ b > e- ve~ u u~ WEIGHTED<=6 $$ t t~ h @7 
INFO: Generating Feynman diagrams for Process: u~ b > e- ve~ b b~ WEIGHTED<=6 $$ t t~ h @7 
INFO: Generating Feynman diagrams for Process: u~ b~ > e- ve~ b~ b~ WEIGHTED<=6 $$ t t~ h @7 
INFO: Generating Feynman diagrams for Process: c~ c~ > e- ve~ c~ d~ WEIGHTED<=6 $$ t t~ h @7 
INFO: Generating Feynman diagrams for Process: c~ c~ > e- ve~ c~ b~ WEIGHTED<=6 $$ t t~ h @7 
INFO: Generating Feynman diagrams for Process: c~ d~ > e- ve~ d~ d~ WEIGHTED<=6 $$ t t~ h @7 
INFO: Generating Feynman diagrams for Process: c~ b > e- ve~ c c~ WEIGHTED<=6 $$ t t~ h @7 
INFO: Generating Feynman diagrams for Process: c~ b > e- ve~ b b~ WEIGHTED<=6 $$ t t~ h @7 
INFO: Generating Feynman diagrams for Process: c~ b~ > e- ve~ b~ b~ WEIGHTED<=6 $$ t t~ h @7 
INFO: Generating Feynman diagrams for Process: b b > e- ve~ u b WEIGHTED<=6 $$ t t~ h @7 
INFO: Generating Feynman diagrams for Process: b b > e- ve~ c b WEIGHTED<=6 $$ t t~ h @7 
INFO: Generating Feynman diagrams for Process: b b~ > e- ve~ u b~ WEIGHTED<=6 $$ t t~ h @7 
INFO: Generating Feynman diagrams for Process: b b~ > e- ve~ c b~ WEIGHTED<=6 $$ t t~ h @7 
INFO: Generating Feynman diagrams for Process: u d > e- ve~ u c WEIGHTED<=6 $$ t t~ h @7 
INFO: Generating Feynman diagrams for Process: u s > e- ve~ u c WEIGHTED<=6 $$ t t~ h @7 
INFO: Generating Feynman diagrams for Process: u u~ > e- ve~ c d~ WEIGHTED<=6 $$ t t~ h @7 
INFO: Generating Feynman diagrams for Process: u u~ > e- ve~ c s~ WEIGHTED<=6 $$ t t~ h @7 
INFO: Generating Feynman diagrams for Process: u u~ > e- ve~ c b~ WEIGHTED<=6 $$ t t~ h @7 
INFO: Generating Feynman diagrams for Process: u c~ > e- ve~ u d~ WEIGHTED<=6 $$ t t~ h @7 
INFO: Generating Feynman diagrams for Process: u c~ > e- ve~ u s~ WEIGHTED<=6 $$ t t~ h @7 
INFO: Generating Feynman diagrams for Process: u c~ > e- ve~ u b~ WEIGHTED<=6 $$ t t~ h @7 
INFO: Generating Feynman diagrams for Process: u b > e- ve~ u c WEIGHTED<=6 $$ t t~ h @7 
INFO: Generating Feynman diagrams for Process: c s > e- ve~ u c WEIGHTED<=6 $$ t t~ h @7 
INFO: Generating Feynman diagrams for Process: c u~ > e- ve~ c s~ WEIGHTED<=6 $$ t t~ h @7 
INFO: Generating Feynman diagrams for Process: c u~ > e- ve~ c b~ WEIGHTED<=6 $$ t t~ h @7 
INFO: Generating Feynman diagrams for Process: c c~ > e- ve~ u s~ WEIGHTED<=6 $$ t t~ h @7 
INFO: Generating Feynman diagrams for Process: c c~ > e- ve~ u b~ WEIGHTED<=6 $$ t t~ h @7 
INFO: Generating Feynman diagrams for Process: c b > e- ve~ u c WEIGHTED<=6 $$ t t~ h @7 
INFO: Generating Feynman diagrams for Process: d s > e- ve~ u s WEIGHTED<=6 $$ t t~ h @7 
INFO: Generating Feynman diagrams for Process: d s > e- ve~ c s WEIGHTED<=6 $$ t t~ h @7 
INFO: Generating Feynman diagrams for Process: d u~ > e- ve~ c u~ WEIGHTED<=6 $$ t t~ h @7 
INFO: Generating Feynman diagrams for Process: d u~ > e- ve~ c c~ WEIGHTED<=6 $$ t t~ h @7 
INFO: Generating Feynman diagrams for Process: d c~ > e- ve~ u u~ WEIGHTED<=6 $$ t t~ h @7 
INFO: Generating Feynman diagrams for Process: d c~ > e- ve~ u c~ WEIGHTED<=6 $$ t t~ h @7 
INFO: Generating Feynman diagrams for Process: s u~ > e- ve~ c c~ WEIGHTED<=6 $$ t t~ h @7 
INFO: Generating Feynman diagrams for Process: s c~ > e- ve~ u c~ WEIGHTED<=6 $$ t t~ h @7 
INFO: Generating Feynman diagrams for Process: s b > e- ve~ u b WEIGHTED<=6 $$ t t~ h @7 
INFO: Generating Feynman diagrams for Process: u~ c~ > e- ve~ u~ d~ WEIGHTED<=6 $$ t t~ h @7 
INFO: Generating Feynman diagrams for Process: u~ c~ > e- ve~ u~ s~ WEIGHTED<=6 $$ t t~ h @7 
INFO: Generating Feynman diagrams for Process: u~ c~ > e- ve~ u~ b~ WEIGHTED<=6 $$ t t~ h @7 
INFO: Generating Feynman diagrams for Process: u~ c~ > e- ve~ c~ d~ WEIGHTED<=6 $$ t t~ h @7 
INFO: Generating Feynman diagrams for Process: u~ c~ > e- ve~ c~ s~ WEIGHTED<=6 $$ t t~ h @7 
INFO: Generating Feynman diagrams for Process: u~ c~ > e- ve~ c~ b~ WEIGHTED<=6 $$ t t~ h @7 
INFO: Generating Feynman diagrams for Process: u~ b > e- ve~ c u~ WEIGHTED<=6 $$ t t~ h @7 
INFO: Generating Feynman diagrams for Process: u~ b > e- ve~ c c~ WEIGHTED<=6 $$ t t~ h @7 
INFO: Generating Feynman diagrams for Process: u~ b > e- ve~ b d~ WEIGHTED<=6 $$ t t~ h @7 
INFO: Generating Feynman diagrams for Process: u~ b > e- ve~ b s~ WEIGHTED<=6 $$ t t~ h @7 
INFO: Generating Feynman diagrams for Process: c~ d~ > e- ve~ d~ b~ WEIGHTED<=6 $$ t t~ h @7 
INFO: Generating Feynman diagrams for Process: c~ s~ > e- ve~ d~ s~ WEIGHTED<=6 $$ t t~ h @7 
INFO: Generating Feynman diagrams for Process: c~ b > e- ve~ u u~ WEIGHTED<=6 $$ t t~ h @7 
INFO: Generating Feynman diagrams for Process: c~ b > e- ve~ u c~ WEIGHTED<=6 $$ t t~ h @7 
INFO: Generating Feynman diagrams for Process: c~ b > e- ve~ b d~ WEIGHTED<=6 $$ t t~ h @7 
INFO: Finding symmetric diagrams for subprocess group qq_lvlqq 
INFO: Creating files in directory P7_qq_tamvlqq 
INFO: Generating Feynman diagrams for Process: u d > ta- vt~ u u WEIGHTED<=6 $$ t t~ h @7 
INFO: Generating Feynman diagrams for Process: u s > ta- vt~ u u WEIGHTED<=6 $$ t t~ h @7 
INFO: Generating Feynman diagrams for Process: u u~ > ta- vt~ u d~ WEIGHTED<=6 $$ t t~ h @7 
INFO: Generating Feynman diagrams for Process: u u~ > ta- vt~ u s~ WEIGHTED<=6 $$ t t~ h @7 
INFO: Generating Feynman diagrams for Process: u u~ > ta- vt~ u b~ WEIGHTED<=6 $$ t t~ h @7 
INFO: Generating Feynman diagrams for Process: u b > ta- vt~ u u WEIGHTED<=6 $$ t t~ h @7 
INFO: Generating Feynman diagrams for Process: c d > ta- vt~ c c WEIGHTED<=6 $$ t t~ h @7 
INFO: Generating Feynman diagrams for Process: c c~ > ta- vt~ c d~ WEIGHTED<=6 $$ t t~ h @7 
INFO: Generating Feynman diagrams for Process: c c~ > ta- vt~ c b~ WEIGHTED<=6 $$ t t~ h @7 
INFO: Generating Feynman diagrams for Process: c b > ta- vt~ c c WEIGHTED<=6 $$ t t~ h @7 
INFO: Generating Feynman diagrams for Process: d d > ta- vt~ u d WEIGHTED<=6 $$ t t~ h @7 
INFO: Generating Feynman diagrams for Process: d d > ta- vt~ c d WEIGHTED<=6 $$ t t~ h @7 
INFO: Generating Feynman diagrams for Process: d u~ > ta- vt~ u u~ WEIGHTED<=6 $$ t t~ h @7 
INFO: Generating Feynman diagrams for Process: d u~ > ta- vt~ d d~ WEIGHTED<=6 $$ t t~ h @7 
INFO: Generating Feynman diagrams for Process: d c~ > ta- vt~ c c~ WEIGHTED<=6 $$ t t~ h @7 
INFO: Generating Feynman diagrams for Process: d c~ > ta- vt~ d d~ WEIGHTED<=6 $$ t t~ h @7 
INFO: Generating Feynman diagrams for Process: d d~ > ta- vt~ u d~ WEIGHTED<=6 $$ t t~ h @7 
INFO: Generating Feynman diagrams for Process: d d~ > ta- vt~ c d~ WEIGHTED<=6 $$ t t~ h @7 
INFO: Generating Feynman diagrams for Process: s s > ta- vt~ u s WEIGHTED<=6 $$ t t~ h @7 
INFO: Generating Feynman diagrams for Process: s u~ > ta- vt~ u u~ WEIGHTED<=6 $$ t t~ h @7 
INFO: Generating Feynman diagrams for Process: s u~ > ta- vt~ s s~ WEIGHTED<=6 $$ t t~ h @7 
INFO: Generating Feynman diagrams for Process: s s~ > ta- vt~ u s~ WEIGHTED<=6 $$ t t~ h @7 
INFO: Generating Feynman diagrams for Process: u~ u~ > ta- vt~ u~ d~ WEIGHTED<=6 $$ t t~ h @7 
INFO: Generating Feynman diagrams for Process: u~ u~ > ta- vt~ u~ s~ WEIGHTED<=6 $$ t t~ h @7 
INFO: Generating Feynman diagrams for Process: u~ u~ > ta- vt~ u~ b~ WEIGHTED<=6 $$ t t~ h @7 
INFO: Generating Feynman diagrams for Process: u~ d~ > ta- vt~ d~ d~ WEIGHTED<=6 $$ t t~ h @7 
INFO: Generating Feynman diagrams for Process: u~ s~ > ta- vt~ s~ s~ WEIGHTED<=6 $$ t t~ h @7 
INFO: Generating Feynman diagrams for Process: u~ b > ta- vt~ u u~ WEIGHTED<=6 $$ t t~ h @7 
INFO: Generating Feynman diagrams for Process: u~ b > ta- vt~ b b~ WEIGHTED<=6 $$ t t~ h @7 
INFO: Generating Feynman diagrams for Process: u~ b~ > ta- vt~ b~ b~ WEIGHTED<=6 $$ t t~ h @7 
INFO: Generating Feynman diagrams for Process: c~ c~ > ta- vt~ c~ d~ WEIGHTED<=6 $$ t t~ h @7 
INFO: Generating Feynman diagrams for Process: c~ c~ > ta- vt~ c~ b~ WEIGHTED<=6 $$ t t~ h @7 
INFO: Generating Feynman diagrams for Process: c~ d~ > ta- vt~ d~ d~ WEIGHTED<=6 $$ t t~ h @7 
INFO: Generating Feynman diagrams for Process: c~ b > ta- vt~ c c~ WEIGHTED<=6 $$ t t~ h @7 
INFO: Generating Feynman diagrams for Process: c~ b > ta- vt~ b b~ WEIGHTED<=6 $$ t t~ h @7 
INFO: Generating Feynman diagrams for Process: c~ b~ > ta- vt~ b~ b~ WEIGHTED<=6 $$ t t~ h @7 
INFO: Generating Feynman diagrams for Process: b b > ta- vt~ u b WEIGHTED<=6 $$ t t~ h @7 
INFO: Generating Feynman diagrams for Process: b b > ta- vt~ c b WEIGHTED<=6 $$ t t~ h @7 
INFO: Generating Feynman diagrams for Process: b b~ > ta- vt~ u b~ WEIGHTED<=6 $$ t t~ h @7 
INFO: Generating Feynman diagrams for Process: b b~ > ta- vt~ c b~ WEIGHTED<=6 $$ t t~ h @7 
INFO: Generating Feynman diagrams for Process: u d > ta- vt~ u c WEIGHTED<=6 $$ t t~ h @7 
INFO: Generating Feynman diagrams for Process: u s > ta- vt~ u c WEIGHTED<=6 $$ t t~ h @7 
INFO: Generating Feynman diagrams for Process: u u~ > ta- vt~ c d~ WEIGHTED<=6 $$ t t~ h @7 
INFO: Generating Feynman diagrams for Process: u u~ > ta- vt~ c s~ WEIGHTED<=6 $$ t t~ h @7 
INFO: Generating Feynman diagrams for Process: u u~ > ta- vt~ c b~ WEIGHTED<=6 $$ t t~ h @7 
INFO: Generating Feynman diagrams for Process: u c~ > ta- vt~ u d~ WEIGHTED<=6 $$ t t~ h @7 
INFO: Generating Feynman diagrams for Process: u c~ > ta- vt~ u s~ WEIGHTED<=6 $$ t t~ h @7 
INFO: Generating Feynman diagrams for Process: u c~ > ta- vt~ u b~ WEIGHTED<=6 $$ t t~ h @7 
INFO: Generating Feynman diagrams for Process: u b > ta- vt~ u c WEIGHTED<=6 $$ t t~ h @7 
INFO: Generating Feynman diagrams for Process: c s > ta- vt~ u c WEIGHTED<=6 $$ t t~ h @7 
INFO: Generating Feynman diagrams for Process: c u~ > ta- vt~ c s~ WEIGHTED<=6 $$ t t~ h @7 
INFO: Generating Feynman diagrams for Process: c u~ > ta- vt~ c b~ WEIGHTED<=6 $$ t t~ h @7 
INFO: Generating Feynman diagrams for Process: c c~ > ta- vt~ u s~ WEIGHTED<=6 $$ t t~ h @7 
INFO: Generating Feynman diagrams for Process: c c~ > ta- vt~ u b~ WEIGHTED<=6 $$ t t~ h @7 
INFO: Generating Feynman diagrams for Process: c b > ta- vt~ u c WEIGHTED<=6 $$ t t~ h @7 
INFO: Generating Feynman diagrams for Process: d s > ta- vt~ u s WEIGHTED<=6 $$ t t~ h @7 
INFO: Generating Feynman diagrams for Process: d s > ta- vt~ c s WEIGHTED<=6 $$ t t~ h @7 
INFO: Generating Feynman diagrams for Process: d u~ > ta- vt~ c u~ WEIGHTED<=6 $$ t t~ h @7 
INFO: Generating Feynman diagrams for Process: d u~ > ta- vt~ c c~ WEIGHTED<=6 $$ t t~ h @7 
INFO: Generating Feynman diagrams for Process: d c~ > ta- vt~ u u~ WEIGHTED<=6 $$ t t~ h @7 
INFO: Generating Feynman diagrams for Process: d c~ > ta- vt~ u c~ WEIGHTED<=6 $$ t t~ h @7 
INFO: Generating Feynman diagrams for Process: s u~ > ta- vt~ c c~ WEIGHTED<=6 $$ t t~ h @7 
INFO: Generating Feynman diagrams for Process: s c~ > ta- vt~ u c~ WEIGHTED<=6 $$ t t~ h @7 
INFO: Generating Feynman diagrams for Process: s b > ta- vt~ u b WEIGHTED<=6 $$ t t~ h @7 
INFO: Generating Feynman diagrams for Process: u~ c~ > ta- vt~ u~ d~ WEIGHTED<=6 $$ t t~ h @7 
INFO: Generating Feynman diagrams for Process: u~ c~ > ta- vt~ u~ s~ WEIGHTED<=6 $$ t t~ h @7 
INFO: Generating Feynman diagrams for Process: u~ c~ > ta- vt~ u~ b~ WEIGHTED<=6 $$ t t~ h @7 
INFO: Generating Feynman diagrams for Process: u~ c~ > ta- vt~ c~ d~ WEIGHTED<=6 $$ t t~ h @7 
INFO: Generating Feynman diagrams for Process: u~ c~ > ta- vt~ c~ s~ WEIGHTED<=6 $$ t t~ h @7 
INFO: Generating Feynman diagrams for Process: u~ c~ > ta- vt~ c~ b~ WEIGHTED<=6 $$ t t~ h @7 
INFO: Generating Feynman diagrams for Process: u~ b > ta- vt~ c u~ WEIGHTED<=6 $$ t t~ h @7 
INFO: Generating Feynman diagrams for Process: u~ b > ta- vt~ c c~ WEIGHTED<=6 $$ t t~ h @7 
INFO: Generating Feynman diagrams for Process: u~ b > ta- vt~ b d~ WEIGHTED<=6 $$ t t~ h @7 
INFO: Generating Feynman diagrams for Process: u~ b > ta- vt~ b s~ WEIGHTED<=6 $$ t t~ h @7 
INFO: Generating Feynman diagrams for Process: c~ d~ > ta- vt~ d~ b~ WEIGHTED<=6 $$ t t~ h @7 
INFO: Generating Feynman diagrams for Process: c~ s~ > ta- vt~ d~ s~ WEIGHTED<=6 $$ t t~ h @7 
INFO: Generating Feynman diagrams for Process: c~ b > ta- vt~ u u~ WEIGHTED<=6 $$ t t~ h @7 
INFO: Generating Feynman diagrams for Process: c~ b > ta- vt~ u c~ WEIGHTED<=6 $$ t t~ h @7 
INFO: Generating Feynman diagrams for Process: c~ b > ta- vt~ b d~ WEIGHTED<=6 $$ t t~ h @7 
INFO: Finding symmetric diagrams for subprocess group qq_tamvlqq 
INFO: Creating files in directory P1_gq_lvlq 
INFO: Generating Feynman diagrams for Process: g u > e+ ve d WEIGHTED<=5 $$ t t~ h @1 
INFO: Generating Feynman diagrams for Process: g u > e+ ve s WEIGHTED<=5 $$ t t~ h @1 
INFO: Generating Feynman diagrams for Process: g u > e+ ve b WEIGHTED<=5 $$ t t~ h @1 
INFO: Generating Feynman diagrams for Process: g c > e+ ve d WEIGHTED<=5 $$ t t~ h @1 
INFO: Generating Feynman diagrams for Process: g c > e+ ve b WEIGHTED<=5 $$ t t~ h @1 
INFO: Generating Feynman diagrams for Process: g d~ > e+ ve u~ WEIGHTED<=5 $$ t t~ h @1 
INFO: Generating Feynman diagrams for Process: g d~ > e+ ve c~ WEIGHTED<=5 $$ t t~ h @1 
INFO: Generating Feynman diagrams for Process: g s~ > e+ ve u~ WEIGHTED<=5 $$ t t~ h @1 
INFO: Generating Feynman diagrams for Process: g b~ > e+ ve u~ WEIGHTED<=5 $$ t t~ h @1 
INFO: Generating Feynman diagrams for Process: g b~ > e+ ve c~ WEIGHTED<=5 $$ t t~ h @1 
INFO: Finding symmetric diagrams for subprocess group gq_lvlq 
INFO: Creating files in directory P1_gq_tapvlq 
INFO: Generating Feynman diagrams for Process: g u > ta+ vt d WEIGHTED<=5 $$ t t~ h @1 
INFO: Generating Feynman diagrams for Process: g u > ta+ vt s WEIGHTED<=5 $$ t t~ h @1 
INFO: Generating Feynman diagrams for Process: g u > ta+ vt b WEIGHTED<=5 $$ t t~ h @1 
INFO: Generating Feynman diagrams for Process: g c > ta+ vt d WEIGHTED<=5 $$ t t~ h @1 
INFO: Generating Feynman diagrams for Process: g c > ta+ vt b WEIGHTED<=5 $$ t t~ h @1 
INFO: Generating Feynman diagrams for Process: g d~ > ta+ vt u~ WEIGHTED<=5 $$ t t~ h @1 
INFO: Generating Feynman diagrams for Process: g d~ > ta+ vt c~ WEIGHTED<=5 $$ t t~ h @1 
INFO: Generating Feynman diagrams for Process: g s~ > ta+ vt u~ WEIGHTED<=5 $$ t t~ h @1 
INFO: Generating Feynman diagrams for Process: g b~ > ta+ vt u~ WEIGHTED<=5 $$ t t~ h @1 
INFO: Generating Feynman diagrams for Process: g b~ > ta+ vt c~ WEIGHTED<=5 $$ t t~ h @1 
INFO: Finding symmetric diagrams for subprocess group gq_tapvlq 
INFO: Creating files in directory P1_qq_lvlg 
INFO: Generating Feynman diagrams for Process: u d~ > e+ ve g WEIGHTED<=5 $$ t t~ h @1 
INFO: Generating Feynman diagrams for Process: u s~ > e+ ve g WEIGHTED<=5 $$ t t~ h @1 
INFO: Generating Feynman diagrams for Process: u b~ > e+ ve g WEIGHTED<=5 $$ t t~ h @1 
INFO: Generating Feynman diagrams for Process: c d~ > e+ ve g WEIGHTED<=5 $$ t t~ h @1 
INFO: Generating Feynman diagrams for Process: c b~ > e+ ve g WEIGHTED<=5 $$ t t~ h @1 
INFO: Finding symmetric diagrams for subprocess group qq_lvlg 
INFO: Creating files in directory P1_qq_tapvlg 
INFO: Generating Feynman diagrams for Process: u d~ > ta+ vt g WEIGHTED<=5 $$ t t~ h @1 
INFO: Generating Feynman diagrams for Process: u s~ > ta+ vt g WEIGHTED<=5 $$ t t~ h @1 
INFO: Generating Feynman diagrams for Process: u b~ > ta+ vt g WEIGHTED<=5 $$ t t~ h @1 
INFO: Generating Feynman diagrams for Process: c d~ > ta+ vt g WEIGHTED<=5 $$ t t~ h @1 
INFO: Generating Feynman diagrams for Process: c b~ > ta+ vt g WEIGHTED<=5 $$ t t~ h @1 
INFO: Finding symmetric diagrams for subprocess group qq_tapvlg 
INFO: Creating files in directory P6_gq_lvlq 
INFO: Generating Feynman diagrams for Process: g d > e- ve~ u WEIGHTED<=5 $$ t t~ h @6 
INFO: Generating Feynman diagrams for Process: g d > e- ve~ c WEIGHTED<=5 $$ t t~ h @6 
INFO: Generating Feynman diagrams for Process: g s > e- ve~ u WEIGHTED<=5 $$ t t~ h @6 
INFO: Generating Feynman diagrams for Process: g u~ > e- ve~ d~ WEIGHTED<=5 $$ t t~ h @6 
INFO: Generating Feynman diagrams for Process: g u~ > e- ve~ s~ WEIGHTED<=5 $$ t t~ h @6 
INFO: Generating Feynman diagrams for Process: g u~ > e- ve~ b~ WEIGHTED<=5 $$ t t~ h @6 
INFO: Generating Feynman diagrams for Process: g c~ > e- ve~ d~ WEIGHTED<=5 $$ t t~ h @6 
INFO: Generating Feynman diagrams for Process: g c~ > e- ve~ b~ WEIGHTED<=5 $$ t t~ h @6 
INFO: Generating Feynman diagrams for Process: g b > e- ve~ u WEIGHTED<=5 $$ t t~ h @6 
INFO: Generating Feynman diagrams for Process: g b > e- ve~ c WEIGHTED<=5 $$ t t~ h @6 
INFO: Finding symmetric diagrams for subprocess group gq_lvlq 
INFO: Creating files in directory P6_gq_tamvlq 
INFO: Generating Feynman diagrams for Process: g d > ta- vt~ u WEIGHTED<=5 $$ t t~ h @6 
INFO: Generating Feynman diagrams for Process: g d > ta- vt~ c WEIGHTED<=5 $$ t t~ h @6 
INFO: Generating Feynman diagrams for Process: g s > ta- vt~ u WEIGHTED<=5 $$ t t~ h @6 
INFO: Generating Feynman diagrams for Process: g u~ > ta- vt~ d~ WEIGHTED<=5 $$ t t~ h @6 
INFO: Generating Feynman diagrams for Process: g u~ > ta- vt~ s~ WEIGHTED<=5 $$ t t~ h @6 
INFO: Generating Feynman diagrams for Process: g u~ > ta- vt~ b~ WEIGHTED<=5 $$ t t~ h @6 
INFO: Generating Feynman diagrams for Process: g c~ > ta- vt~ d~ WEIGHTED<=5 $$ t t~ h @6 
INFO: Generating Feynman diagrams for Process: g c~ > ta- vt~ b~ WEIGHTED<=5 $$ t t~ h @6 
INFO: Generating Feynman diagrams for Process: g b > ta- vt~ u WEIGHTED<=5 $$ t t~ h @6 
INFO: Generating Feynman diagrams for Process: g b > ta- vt~ c WEIGHTED<=5 $$ t t~ h @6 
INFO: Finding symmetric diagrams for subprocess group gq_tamvlq 
INFO: Creating files in directory P6_qq_lvlg 
INFO: Generating Feynman diagrams for Process: d u~ > e- ve~ g WEIGHTED<=5 $$ t t~ h @6 
INFO: Generating Feynman diagrams for Process: d c~ > e- ve~ g WEIGHTED<=5 $$ t t~ h @6 
INFO: Generating Feynman diagrams for Process: s u~ > e- ve~ g WEIGHTED<=5 $$ t t~ h @6 
INFO: Generating Feynman diagrams for Process: u~ b > e- ve~ g WEIGHTED<=5 $$ t t~ h @6 
INFO: Generating Feynman diagrams for Process: c~ b > e- ve~ g WEIGHTED<=5 $$ t t~ h @6 
INFO: Finding symmetric diagrams for subprocess group qq_lvlg 
INFO: Creating files in directory P6_qq_tamvlg 
INFO: Generating Feynman diagrams for Process: d u~ > ta- vt~ g WEIGHTED<=5 $$ t t~ h @6 
INFO: Generating Feynman diagrams for Process: d c~ > ta- vt~ g WEIGHTED<=5 $$ t t~ h @6 
INFO: Generating Feynman diagrams for Process: s u~ > ta- vt~ g WEIGHTED<=5 $$ t t~ h @6 
INFO: Generating Feynman diagrams for Process: u~ b > ta- vt~ g WEIGHTED<=5 $$ t t~ h @6 
INFO: Generating Feynman diagrams for Process: c~ b > ta- vt~ g WEIGHTED<=5 $$ t t~ h @6 
INFO: Finding symmetric diagrams for subprocess group qq_tamvlg 
INFO: Creating files in directory P0_qq_lvl 
INFO: Generating Feynman diagrams for Process: u d~ > e+ ve WEIGHTED<=4 $$ t t~ h 
INFO: Generating Feynman diagrams for Process: u s~ > e+ ve WEIGHTED<=4 $$ t t~ h 
INFO: Generating Feynman diagrams for Process: u b~ > e+ ve WEIGHTED<=4 $$ t t~ h 
INFO: Generating Feynman diagrams for Process: c d~ > e+ ve WEIGHTED<=4 $$ t t~ h 
INFO: Generating Feynman diagrams for Process: c b~ > e+ ve WEIGHTED<=4 $$ t t~ h 
INFO: Finding symmetric diagrams for subprocess group qq_lvl 
INFO: Creating files in directory P0_qq_tapvl 
INFO: Generating Feynman diagrams for Process: u d~ > ta+ vt WEIGHTED<=4 $$ t t~ h 
INFO: Generating Feynman diagrams for Process: u s~ > ta+ vt WEIGHTED<=4 $$ t t~ h 
INFO: Generating Feynman diagrams for Process: u b~ > ta+ vt WEIGHTED<=4 $$ t t~ h 
INFO: Generating Feynman diagrams for Process: c d~ > ta+ vt WEIGHTED<=4 $$ t t~ h 
INFO: Generating Feynman diagrams for Process: c b~ > ta+ vt WEIGHTED<=4 $$ t t~ h 
INFO: Finding symmetric diagrams for subprocess group qq_tapvl 
INFO: Creating files in directory P5_qq_lvl 
INFO: Generating Feynman diagrams for Process: d u~ > e- ve~ WEIGHTED<=4 $$ t t~ h @5 
INFO: Generating Feynman diagrams for Process: d c~ > e- ve~ WEIGHTED<=4 $$ t t~ h @5 
INFO: Generating Feynman diagrams for Process: s u~ > e- ve~ WEIGHTED<=4 $$ t t~ h @5 
INFO: Generating Feynman diagrams for Process: u~ b > e- ve~ WEIGHTED<=4 $$ t t~ h @5 
INFO: Generating Feynman diagrams for Process: c~ b > e- ve~ WEIGHTED<=4 $$ t t~ h @5 
INFO: Finding symmetric diagrams for subprocess group qq_lvl 
INFO: Creating files in directory P5_qq_tamvl 
INFO: Generating Feynman diagrams for Process: d u~ > ta- vt~ WEIGHTED<=4 $$ t t~ h @5 
INFO: Generating Feynman diagrams for Process: d c~ > ta- vt~ WEIGHTED<=4 $$ t t~ h @5 
INFO: Generating Feynman diagrams for Process: s u~ > ta- vt~ WEIGHTED<=4 $$ t t~ h @5 
INFO: Generating Feynman diagrams for Process: u~ b > ta- vt~ WEIGHTED<=4 $$ t t~ h @5 
INFO: Generating Feynman diagrams for Process: c~ b > ta- vt~ WEIGHTED<=4 $$ t t~ h @5 
INFO: Finding symmetric diagrams for subprocess group qq_tamvl 
Generated helas calls for 476 subprocesses (1732 diagrams) in 4.036 s
Wrote files for 7312 helas calls in 216.776 s
ALOHA: aloha starts to compute helicity amplitudes
ALOHA: aloha creates 3 routines in  1.094 s
save configuration file to /eos/project/f/foundational-model-dataset/samples/pu200_ryliu/WJetsToLNu_13TeV-madgraphMLM-pythia8-2000-50004/Cards/me5_configuration.txt
INFO: Use Fortran compiler /usr/bin/gfortran 
INFO: Use c++ compiler g++ 
INFO: Generate web pages 
Output to directory /eos/project/f/foundational-model-dataset/samples/pu200_ryliu/WJetsToLNu_13TeV-madgraphMLM-pythia8-2000-50004 done.
Type "launch" to generate events from this process, or see
/eos/project/f/foundational-model-dataset/samples/pu200_ryliu/WJetsToLNu_13TeV-madgraphMLM-pythia8-2000-50004/README
Run "open index.html" to see more information about this process.
quit
************************************************************
*                                                          *
*                      W E L C O M E to                    *
*             M A D G R A P H 5 _ a M C @ N L O            *
*                      M A D E V E N T                     *
*                                                          *
*                 *                       *                *
*                   *        * *        *                  *
*                     * * * * 5 * * * *                    *
*                   *        * *        *                  *
*                 *                       *                *
*                                                          *
*         VERSION 3.5.3                                    *
*                                                          *
*    The MadGraph5_aMC@NLO Development Team - Find us at   *
*    https://server06.fynu.ucl.ac.be/projects/madgraph     *
*                                                          *
*               Type 'help' for in-line help.              *
*                                                          *
************************************************************
INFO: load configuration from /eos/project/f/foundational-model-dataset/samples/pu200_ryliu/WJetsToLNu_13TeV-madgraphMLM-pythia8-2000-50004/Cards/me5_configuration.txt  
INFO: load configuration from /usr/local/MG5_aMC_v3_5_3/input/mg5_configuration.txt  
INFO: load configuration from /eos/project/f/foundational-model-dataset/samples/pu200_ryliu/WJetsToLNu_13TeV-madgraphMLM-pythia8-2000-50004/Cards/me5_configuration.txt  
No valid eps viewer found. Please set in ./input/mg5_configuration.txt
No valid web browser found. Please set in ./input/mg5_configuration.txt
import command /eos/project/f/foundational-model-dataset/samples/pu200_ryliu/WJetsToLNu_13TeV-madgraphMLM-pythia8-2000-50004/Cards/launchrun.dat
launch
The following switches determine which programs are run:
/===========================================================================\
| 1. Choose the shower/hadronization program   [1m  shower[0m = [31mOFF[0m               |
| 2. Choose the detector simulation program    [1mdetector[0m = [31mOFF[0m               |
| 3. Choose an analysis package (plot/convert) [1manalysis[0m = [01mNot Avail.[0m        |
| 4. Decay onshell particles                   [1m madspin[0m = [31mOFF[0m               |
| 5. Add weights to events for new hypp.       [1mreweight[0m = [31mOFF[0m               |
\===========================================================================/
Either type the switch number (1 to 5) to change its setting,
Set any switch explicitly (e.g. type 'shower=Pythia8' at the prompt)
Type 'help' for the list of all valid option
Type '0', 'auto', 'done' or just press enter when you are done.
The following switches determine which programs are run:
/===========================================================================\
| 1. Choose the shower/hadronization program   [1m  shower[0m = [31mOFF[0m               |
| 2. Choose the detector simulation program    [1mdetector[0m = [31mOFF[0m               |
| 3. Choose an analysis package (plot/convert) [1manalysis[0m = [01mNot Avail.[0m        |
| 4. Decay onshell particles                   [1m madspin[0m = [31mOFF[0m               |
| 5. Add weights to events for new hypp.       [1mreweight[0m = [31mOFF[0m               |
\===========================================================================/
Either type the switch number (1 to 5) to change its setting,
Set any switch explicitly (e.g. type 'shower=Pythia8' at the prompt)
Type 'help' for the list of all valid option
Type '0', 'auto', 'done' or just press enter when you are done.
unexpected indent (<unknown>, line 1)
[1;34mFound unexpected entry in run_card: "reweight_pdf" with value "     NNPDF31_nnlo_hessian_pdfas  ".
  The type was assigned to str. 
  The definition of that variable will be automatically added to fortran file 
  The value of that variable will be passed to the fortran code via fortran file [0m
[1;34mrun_card missed argument custom_fcts. Takes default: [][0m
set nevents 2000
[1mINFO: modify parameter nevents of the run_card.dat to 2000 [0m
[1;34mWARNING: Particle 15 with small width detected (2.27e-12): See https://answers.launchpad.net/mg5amcnlo/+faq/3053 to learn the special handling of that case [0m
INFO: Update the dependent parameter of the param_card.dat 
[1;34mWARNING: update the strong coupling value (alpha_s) to the value from the pdf selected: 0.11800215829284905 [0m
unexpected indent (<unknown>, line 1)
Generating 2000 events with run name run_01
survey  run_01 
unexpected indent (<unknown>, line 1)
INFO: compile directory 
[1;34mNot able to open file /eos/project/f/foundational-model-dataset/samples/pu200_ryliu/WJetsToLNu_13TeV-madgraphMLM-pythia8-2000-50004/crossx.html since no program configured.Please set one in ./input/mg5_configuration.txt[0m
INFO: Using LHAPDF v6.3.0 interface for PDFs 
compile Source Directory
Using random number seed offset = 50004
INFO: Running Survey 
Creating Jobs
Working on SubProcesses
INFO: Compiling for process 1/28. 
INFO:     P2_gg_lvlqq  
INFO: Compiling for process 2/28. 
INFO:     P2_gg_tapvlqq  
INFO: Compiling for process 3/28. 
INFO:     P2_gq_lvlgq  
INFO: Compiling for process 4/28. 
INFO:     P2_gq_tapvlgq  
INFO: Compiling for process 5/28. 
INFO:     P2_qq_lvlgg  
INFO: Compiling for process 6/28. 
INFO:     P2_qq_tapvlgg  
INFO: Compiling for process 7/28. 
INFO:     P7_gg_lvlqq  
INFO: Compiling for process 8/28. 
INFO:     P7_gg_tamvlqq  
INFO: Compiling for process 9/28. 
INFO:     P7_gq_lvlgq  
INFO: Compiling for process 10/28. 
INFO:     P7_gq_tamvlgq  
INFO: Compiling for process 11/28. 
INFO:     P7_qq_lvlgg  
INFO: Compiling for process 12/28. 
INFO:     P7_qq_tamvlgg  
INFO: Compiling for process 13/28. 
INFO:     P2_qq_lvlqq  
INFO: Compiling for process 14/28. 
INFO:     P2_qq_tapvlqq  
INFO: Compiling for process 15/28. 
INFO:     P7_qq_lvlqq  
INFO: Compiling for process 16/28. 
INFO:     P7_qq_tamvlqq  
INFO: Compiling for process 17/28. 
INFO:     P1_gq_lvlq  
INFO: Compiling for process 18/28. 
INFO:     P1_gq_tapvlq  
INFO: Compiling for process 19/28. 
INFO:     P1_qq_lvlg  
INFO: Compiling for process 20/28. 
INFO:     P1_qq_tapvlg  
INFO: Compiling for process 21/28. 
INFO:     P6_gq_lvlq  
INFO: Compiling for process 22/28. 
INFO:     P6_gq_tamvlq  
INFO: Compiling for process 23/28. 
INFO:     P6_qq_lvlg  
INFO: Compiling for process 24/28. 
INFO:     P6_qq_tamvlg  
INFO: Compiling for process 25/28. 
INFO:     P0_qq_lvl  
INFO: Compiling for process 26/28. 
INFO:     P0_qq_tapvl  
INFO: Compiling for process 27/28. 
INFO:     P5_qq_lvl  
INFO: Compiling for process 28/28. 
INFO:     P5_qq_tamvl  
INFO:     P2_gg_lvlqq  
INFO:     P2_gg_tapvlqq  
INFO:     P2_gq_lvlgq  
INFO:     P2_gq_tapvlgq  
INFO:     P2_qq_lvlgg  
INFO:     P2_qq_tapvlgg  
INFO:     P7_gg_lvlqq  
INFO:     P7_gg_tamvlqq  
INFO:     P7_gq_lvlgq  
INFO:     P7_gq_tamvlgq  
INFO:     P7_qq_lvlgg  
INFO:     P7_qq_tamvlgg  
INFO:     P2_qq_lvlqq  
INFO:     P2_qq_tapvlqq  
INFO:     P7_qq_lvlqq  
INFO:     P7_qq_tamvlqq  
INFO:     P1_gq_lvlq  
INFO:     P1_gq_tapvlq  
INFO:     P1_qq_lvlg  
INFO:     P1_qq_tapvlg  
INFO:     P6_gq_lvlq  
INFO:     P6_gq_tamvlq  
INFO:     P6_qq_lvlg  
INFO:     P6_qq_tamvlg  
INFO:     P0_qq_lvl  
INFO:     P0_qq_tapvl  
INFO:     P5_qq_lvl  
INFO:     P5_qq_tamvl  
INFO:  Idle: 1,  Running: 0,  Completed: 63 [ current time: 10h06 ] 
INFO:  Idle: 0,  Running: 1,  Completed: 63 [ current time: 10h06 ] 
INFO:  Idle: 0,  Running: 0,  Completed: 64 [  0.61s  ] 
INFO: End survey 
refine 2000
Creating Jobs
INFO: Refine results to 2000 
INFO: Generating 2000.0 unweighted events. 
sum of cpu time of last step: 2m44s
INFO: Effective Luminosity 0.021439925787383494 pb^-1 
INFO: need to improve 3 channels 
- Current estimate of cross-section: 111851.08766000002 +- 471.5558996052323
    P2_gg_lvlqq 
    P2_gg_tapvlqq 
    P2_gq_lvlgq 
    P2_gq_tapvlgq 
    P2_qq_lvlgg 
    P2_qq_tapvlgg 
    P7_gg_lvlqq 
    P7_gg_tamvlqq 
    P7_gq_lvlgq 
    P7_gq_tamvlgq 
    P7_qq_lvlgg 
    P7_qq_tamvlgg 
    P2_qq_lvlqq 
    P2_qq_tapvlqq 
    P7_qq_lvlqq 
    P7_qq_tamvlqq 
    P1_gq_lvlq 
    P1_gq_tapvlq 
    P1_qq_lvlg 
    P1_qq_tapvlg 
    P6_gq_lvlq 
    P6_gq_tamvlq 
    P6_qq_lvlg 
    P6_qq_tamvlg 
    P0_qq_lvl 
    P0_qq_tapvl 
    P5_qq_lvl 
    P5_qq_tamvl 
INFO:  Idle: 0,  Running: 3,  Completed: 0 [ current time: 10h06 ] 
INFO:  Idle: 0,  Running: 2,  Completed: 1 [  1.1s  ] 
INFO:  Idle: 0,  Running: 0,  Completed: 3 [  4.4s  ] 
INFO:  Idle: 0,  Running: 0,  Completed: 3 [  4.4s  ] 
INFO: Combining runs 
sum of cpu time of last step: 2m47s
INFO: finish refine 
refine 2000 --treshold=0.9
No need for second refine due to stability of cross-section
INFO: Combining Events 
unexpected indent (<unknown>, line 1)
combination of events done in 18.058351278305054 s 
  === Results Summary for run: run_01 tag: WJets ===

     Cross-section :   1.12e+05 +- 416.1 pb
     Nb of events :  2000
 
INFO: Running Systematics computation 
unexpected indent (<unknown>, line 1)
INFO: # Events generated with PDF: NNPDF31_nnlo_hessian_pdfas (306000) 
INFO: # Will Compute 147 weights per event. 
INFO: # Currently at event 0 [elapsed time: 0.012 s] 
INFO: #***************************************************************************
#
# original cross-section: 111930.8471099946
#     scale variation: +10.3% -11.3%
#     central scheme variation: +1.06% -14.3%
# PDF variation: +2.03% -2.03%
#
# dynamical scheme # 1 : 107389 +11.1% -12.1% # \sum ET
# dynamical scheme # 2 : 107398 +11.1% -12.1% # \sum\sqrt{m^2+pt^2}
# dynamical scheme # 3 : 95917.8 +14% -15.1% # 0.5 \sum\sqrt{m^2+pt^2}
# dynamical scheme # 4 : 113114 +9.8% -10.7% # \sqrt{\hat s}
#***************************************************************************
 
INFO: End of systematics computation 
store_events
INFO: Storing parton level results 
INFO: End Parton 
reweight -from_cards
decay_events -from_cards
INFO: [92mRunning Pythia8 [arXiv:1410.3012][0m 
No user-defined value for Pythia8 parameter 'JetMatching:nJetMax'. Setting it automatically to 2.
Splitting .lhe event file for PY8 parallelization...
Submitting Pythia8 jobs...
Pythia8 shower jobs: 1 Idle, 19 Running, 0 Done [7 seconds]
Pythia8 shower jobs: 0 Idle, 19 Running, 1 Done [2m11s]
Pythia8 shower jobs: 0 Idle, 18 Running, 2 Done [2m16s]
Pythia8 shower jobs: 0 Idle, 17 Running, 3 Done [2m22s]
Pythia8 shower jobs: 0 Idle, 16 Running, 4 Done [2m22s]
Pythia8 shower jobs: 0 Idle, 15 Running, 5 Done [2m24s]
Pythia8 shower jobs: 0 Idle, 14 Running, 6 Done [2m24s]
Pythia8 shower jobs: 0 Idle, 13 Running, 7 Done [2m24s]
Pythia8 shower jobs: 0 Idle, 12 Running, 8 Done [2m25s]
Pythia8 shower jobs: 0 Idle, 11 Running, 9 Done [2m26s]
Pythia8 shower jobs: 0 Idle, 10 Running, 10 Done [2m27s]
Pythia8 shower jobs: 0 Idle, 9 Running, 11 Done [2m29s]
Pythia8 shower jobs: 0 Idle, 8 Running, 12 Done [2m30s]
Pythia8 shower jobs: 0 Idle, 7 Running, 13 Done [2m30s]
Pythia8 shower jobs: 0 Idle, 6 Running, 14 Done [2m31s]
Pythia8 shower jobs: 0 Idle, 5 Running, 15 Done [2m31s]
Pythia8 shower jobs: 0 Idle, 4 Running, 16 Done [2m31s]
Pythia8 shower jobs: 0 Idle, 3 Running, 17 Done [2m32s]
Pythia8 shower jobs: 0 Idle, 2 Running, 18 Done [2m32s]
Pythia8 shower jobs: 0 Idle, 1 Running, 19 Done [2m35s]
Pythia8 shower jobs: 0 Idle, 0 Running, 20 Done [2m38s]
Merging results from the split PY8 runs...
INFO: Create matching plots for Pythia8 
[1;34mWARNING: Install gnuplot to be able to view the plots generated at :
   /eos/project/f/foundational-model-dataset/samples/pu200_ryliu/WJetsToLNu_13TeV-madgraphMLM-pythia8-2000-50004/HTML/run_01/WJets_PY8_plots/central_qCut_djr_plots.gnuplot.gnuplot
   /eos/project/f/foundational-model-dataset/samples/pu200_ryliu/WJetsToLNu_13TeV-madgraphMLM-pythia8-2000-50004/HTML/run_01/WJets_PY8_plots/central_qCut_pt_plots.gnuplot.gnuplot
   /eos/project/f/foundational-model-dataset/samples/pu200_ryliu/WJetsToLNu_13TeV-madgraphMLM-pythia8-2000-50004/HTML/run_01/WJets_PY8_plots/min_max_qCut_djr_comparison.gnuplot.gnuplot
   /eos/project/f/foundational-model-dataset/samples/pu200_ryliu/WJetsToLNu_13TeV-madgraphMLM-pythia8-2000-50004/HTML/run_01/WJets_PY8_plots/min_max_qCut_pt_comparison.gnuplot.gnuplot
   /eos/project/f/foundational-model-dataset/samples/pu200_ryliu/WJetsToLNu_13TeV-madgraphMLM-pythia8-2000-50004/HTML/run_01/WJets_PY8_plots/qCut_22.5_djr_plots.gnuplot.gnuplot
   /eos/project/f/foundational-model-dataset/samples/pu200_ryliu/WJetsToLNu_13TeV-madgraphMLM-pythia8-2000-50004/HTML/run_01/WJets_PY8_plots/qCut_22.5_pt_plots.gnuplot.gnuplot
   /eos/project/f/foundational-model-dataset/samples/pu200_ryliu/WJetsToLNu_13TeV-madgraphMLM-pythia8-2000-50004/HTML/run_01/WJets_PY8_plots/qCut_30_djr_plots.gnuplot.gnuplot
   /eos/project/f/foundational-model-dataset/samples/pu200_ryliu/WJetsToLNu_13TeV-madgraphMLM-pythia8-2000-50004/HTML/run_01/WJets_PY8_plots/qCut_30_pt_plots.gnuplot.gnuplot [0m
INFO: Pythia8 shower finished after 4m04s. 
INFO: prepare delphes run 
INFO: Running Delphes 
INFO: If you are interested in lhco output. please run root2lhco converter. 
INFO:  or edit bin/internal/run_delphes3 to run the converter automatically. 
INFO: delphes done 
  === Results Summary for run: run_01 tag: WJets ===

     Cross-section :   1.12e+05 +- 416.1 pb
     Nb of events :  2000
     Pythia8 merged cross-sections are:
      > Merging scale = 15     : 51708       +/- 85      [pb]
      > Merging scale = 22.5   : 57478       +/- 90      [pb]
      > Merging scale = 30     : 59607       +/- 91      [pb]
     Notice that because Systematics computation is turned on, the merging did not veto events but modified their weights instead.
     The resulting hepmc/stdhep file should therefore be use with those weights.
 
INFO: storing files of previous run 
INFO: Storing Pythia8 files of previous run 
INFO: Done 
quit
INFO:  
launch in debug mode
Found the following event record:  WJets_delphes_events.root
Done!
